{"type":"FeatureCollection", "features": [
{"type":"Feature","geometry":{"type":"Polygon","coordinates":[[[-97.6466,20.4087],[-97.6726,20.4181],[-97.6991,20.4346],[-97.7088,20.4548],[-97.7338,20.4521],[-97.7485,20.4217],[-97.7626,20.3979],[-97.7654,20.3811],[-97.7482,20.3785],[-97.7429,20.3518],[-97.7127,20.329],[-97.6901,20.3336],[-97.6768,20.3069],[-97.6644,20.2693],[-97.6797,20.2629],[-97.6724,20.2436],[-97.6486,20.2321],[-97.6354,20.209],[-97.6115,20.2203],[-97.6072,20.2355],[-97.5908,20.245],[-97.5751,20.2434],[-97.5819,20.2669],[-97.6013,20.2647],[-97.6022,20.2815],[-97.5828,20.2821],[-97.6048,20.3134],[-97.58,20.3235],[-97.5827,20.347],[-97.5741,20.3503],[-97.5945,20.3539],[-97.6145,20.3496],[-97.639,20.368],[-97.6549,20.388],[-97.6466,20.4087]]]},"properties":{"CVE_ENT":"30","CVE_MUN":"051","CVEGEO":"30051","NOMGEO":"Coyutla"}},
{"type":"Feature","geometry":{"type":"MultiPolygon","coordinates":[[[[-98.3407,21.1698],[-98.3458,21.1801],[-98.3786,21.1762],[-98.365,21.1617],[-98.342,21.161],[-98.3409,21.1648],[-98.3424,21.1672],[-98.3407,21.1698]]],[[[-98.4327,21.2561],[-98.4336,21.2566],[-98.4338,21.2604],[-98.4325,21.2657],[-98.444,21.2845],[-98.4576,21.2823],[-98.4588,21.3011],[-98.4779,21.3211],[-98.4978,21.3279],[-98.5412,21.2695],[-98.519,21.2477],[-98.4993,21.2522],[-98.4692,21.2495],[-98.4693,21.2342],[-98.4816,21.2296],[-98.4535,21.211],[-98.4464,21.1797],[-98.4299,21.1725],[-98.424,21.1673],[-98.4224,21.1815],[-98.4292,21.2147],[-98.4523,21.2393],[-98.4327,21.2561]]]]},"properties":{"CVE_ENT":"30","CVE_MUN":"056","CVEGEO":"30056","NOMGEO":"Chiconamel"}},
{"type":"Feature","geometry":{"type":"MultiPolygon","coordinates":[[[[-98.2537,21.2296],[-98.2879,21.2055],[-98.2791,21.1928],[-98.2781,21.1745],[-98.2955,21.1483],[-98.2647,21.1412],[-98.2491,21.1294],[-98.2118,21.1695],[-98.2268,21.1754],[-98.2166,21.2082],[-98.2516,21.216],[-98.2537,21.2296]]],[[[-98.3407,21.1698],[-98.338,21.1727],[-98.3327,21.1745],[-98.3276,21.1791],[-98.3211,21.1813],[-98.313,21.1901],[-98.3201,21.2002],[-98.3337,21.1995],[-98.3363,21.215],[-98.3553,21.2306],[-98.3681,21.233],[-98.3814,21.252],[-98.3975,21.2643],[-98.4088,21.2657],[-98.4144,21.2601],[-98.4219,21.2588],[-98.4301,21.2563],[-98.4327,21.2561],[-98.4523,21.2393],[-98.4292,21.2147],[-98.4224,21.1815],[-98.424,21.1673],[-98.4164,21.155],[-98.3919,21.1597],[-98.365,21.1617],[-98.3786,21.1762],[-98.3458,21.1801],[-98.3407,21.1698]]]]},"properties":{"CVE_ENT":"30","CVE_MUN":"055","CVEGEO":"30055","NOMGEO":"Chalma"}},
{"type":"Feature","geometry":{"type":"Polygon","coordinates":[[[-95.7665,18.3147],[-95.7769,18.3172],[-95.7912,18.3379],[-95.8022,18.3181],[-95.8124,18.3171],[-95.8301,18.3336],[-95.8462,18.3276],[-95.8507,18.3158],[-95.8454,18.2961],[-95.8563,18.2825],[-95.881,18.2751],[-95.9047,18.2769],[-95.9176,18.2663],[-95.912,18.2506],[-95.9015,18.2396],[-95.8884,18.2507],[-95.8466,18.2091],[-95.8487,18.1827],[-95.8714,18.1758],[-95.8675,18.1507],[-95.8498,18.1412],[-95.8515,18.1308],[-95.8332,18.129],[-95.8242,18.081],[-95.7809,18.093],[-95.7758,18.1245],[-95.7654,18.1506],[-95.7286,18.164],[-95.7262,18.1823],[-95.7077,18.1888],[-95.7183,18.2148],[-95.7326,18.2208],[-95.7383,18.2415],[-95.7546,18.2507],[-95.7638,18.2737],[-95.7789,18.2688],[-95.7841,18.291],[-95.7665,18.3147]]]},"properties":{"CVE_ENT":"30","CVE_MUN":"054","CVEGEO":"30054","NOMGEO":"Chacaltianguis"}},
{"type":"Feature","geometry":{"type":"Polygon","coordinates":[[[-96.689,18.8534],[-96.7117,18.8485],[-96.7352,18.8399],[-96.7477,18.8457],[-96.7666,18.8081],[-96.7667,18.7831],[-96.7774,18.7686],[-96.7263,18.7442],[-96.6895,18.7445],[-96.6548,18.7515],[-96.6485,18.7461],[-96.5936,18.7383],[-96.5768,18.7388],[-96.5445,18.7349],[-96.5183,18.7263],[-96.4897,18.7399],[-96.4755,18.7364],[-96.4738,18.7771],[-96.4974,18.7749],[-96.4992,18.7663],[-96.5233,18.754],[-96.5638,18.7619],[-96.5936,18.7602],[-96.613,18.7697],[-96.6391,18.7721],[-96.647,18.7665],[-96.6849,18.7773],[-96.689,18.8534]]]},"properties":{"CVE_ENT":"30","CVE_MUN":"053","CVEGEO":"30053","NOMGEO":"Cuitláhuac"}},
{"type":"Feature","geometry":{"type":"Polygon","coordinates":[[[-97.083,20.0516],[-97.1199,20.0866],[-97.1081,20.0996],[-97.1406,20.1198],[-97.1539,20.1129],[-97.1836,20.08],[-97.1855,20.0623],[-97.2062,20.0564],[-97.2107,20.0412],[-97.2072,20.0145],[-97.2246,20.0094],[-97.24,19.9873],[-97.261,19.9764],[-97.2688,19.9463],[-97.2558,19.9325],[-97.2417,19.9376],[-97.2228,19.9226],[-97.1844,19.9654],[-97.1726,19.9837],[-97.1492,19.9983],[-97.153,20.0133],[-97.0967,20.024],[-97.0925,20.0419],[-97.083,20.0516]]]},"properties":{"CVE_ENT":"30","CVE_MUN":"183","CVEGEO":"30183","NOMGEO":"Tlapacoyan"}},
{"type":"Feature","geometry":{"type":"Polygon","coordinates":[[[-96.9548,19.5673],[-96.9888,19.5791],[-96.996,19.5783],[-96.9984,19.5654],[-97.0048,19.5557],[-97.0183,19.5516],[-97.0148,19.542],[-97.0078,19.54],[-97.0106,19.5352],[-97.0091,19.5301],[-97.0142,19.5218],[-97.0025,19.5113],[-96.9804,19.5147],[-96.9686,19.5076],[-96.9477,19.5142],[-96.9512,19.5298],[-96.9678,19.5337],[-96.9573,19.5509],[-96.9548,19.5673]]]},"properties":{"CVE_ENT":"30","CVE_MUN":"182","CVEGEO":"30182","NOMGEO":"Tlalnelhuayocan"}},
{"type":"Feature","geometry":{"type":"Polygon","coordinates":[[[-96.022,18.9406],[-96.0375,18.9256],[-96.0716,18.9512],[-96.1016,18.8992],[-96.1204,18.897],[-96.1324,18.8595],[-96.146,18.8422],[-96.1651,18.8462],[-96.1839,18.8425],[-96.2001,18.8327],[-96.2412,18.8277],[-96.2691,18.8102],[-96.2714,18.7884],[-96.2846,18.7824],[-96.3055,18.7842],[-96.3314,18.7967],[-96.3399,18.7878],[-96.3588,18.7921],[-96.3677,18.7857],[-96.3916,18.7841],[-96.4163,18.7678],[-96.4055,18.7461],[-96.4348,18.7367],[-96.4361,18.6948],[-96.4252,18.6848],[-96.3897,18.6914],[-96.3764,18.6873],[-96.364,18.6955],[-96.3524,18.6913],[-96.3243,18.6672],[-96.2948,18.6618],[-96.2766,18.6662],[-96.2459,18.6548],[-96.2252,18.652],[-96.2079,18.6437],[-96.1791,18.6533],[-96.1677,18.6509],[-96.1414,18.6267],[-96.1342,18.607],[-96.0823,18.6123],[-96.0728,18.602],[-96.036,18.5954],[-96.0297,18.6166],[-96.0435,18.6417],[-96.0573,18.6556],[-96.0364,18.6896],[-96.044,18.7294],[-96.0367,18.7384],[-96.0193,18.7383],[-96.0139,18.7608],[-96,18.7538],[-95.9957,18.7761],[-95.9767,18.7931],[-95.996,18.8023],[-95.9985,18.8268],[-95.985,18.8365],[-95.9819,18.8547],[-95.9863,18.8851],[-96.0226,18.8856],[-96.0329,18.9],[-96.022,18.9406]]]},"properties":{"CVE_ENT":"30","CVE_MUN":"181","CVEGEO":"30181","NOMGEO":"Tlalixcoyan"}},
{"type":"Feature","geometry":{"type":"Polygon","coordinates":[[[-96.9744,18.5534],[-96.9549,18.5603],[-96.9324,18.574],[-96.9372,18.6129],[-96.9586,18.6499],[-96.9769,18.6422],[-96.9582,18.6338],[-96.9738,18.6292],[-97.0003,18.6085],[-97.018,18.6124],[-97.0187,18.5869],[-97.0415,18.5855],[-97.0218,18.5665],[-96.9901,18.5546],[-96.9744,18.5534]]]},"properties":{"CVE_ENT":"30","CVE_MUN":"110","CVEGEO":"30110","NOMGEO":"Mixtla de Altamirano"}},
{"type":"Feature","geometry":{"type":"Polygon","coordinates":[[[-94.2574,18.0698],[-94.2694,18.0762],[-94.2859,18.0735],[-94.3108,18.0973],[-94.3232,18.0758],[-94.3374,18.065],[-94.3191,18.0505],[-94.3368,18.0226],[-94.3332,18.0091],[-94.3507,18.0068],[-94.3641,17.9737],[-94.3526,17.9133],[-94.3332,17.9047],[-94.3035,17.911],[-94.2988,17.903],[-94.2672,17.8878],[-94.2585,17.8891],[-94.2347,17.9166],[-94.2228,17.9378],[-94.2113,17.9439],[-94.2178,17.9642],[-94.1973,17.9897],[-94.2203,18.0034],[-94.2174,18.0398],[-94.2352,18.0501],[-94.2721,18.0494],[-94.2818,18.0619],[-94.2574,18.0698]]]},"properties":{"CVE_ENT":"30","CVE_MUN":"111","CVEGEO":"30111","NOMGEO":"Moloacán"}},
{"type":"Feature","geometry":{"type":"Polygon","coordinates":[[[-98.1297,20.7288],[-98.1428,20.7428],[-98.1721,20.7358],[-98.1848,20.7392],[-98.1811,20.7165],[-98.201,20.6989],[-98.2099,20.6826],[-98.1994,20.6598],[-98.2221,20.6349],[-98.2314,20.6118],[-98.2372,20.5998],[-98.2422,20.565],[-98.2544,20.5356],[-98.287,20.5197],[-98.286,20.502],[-98.2637,20.4914],[-98.2399,20.5014],[-98.2287,20.5208],[-98.2121,20.5285],[-98.1725,20.5301],[-98.1496,20.5628],[-98.108,20.6121],[-98.1112,20.6162],[-98.1297,20.6393],[-98.1275,20.6659],[-98.12,20.678],[-98.1482,20.6986],[-98.1297,20.7288]]]},"properties":{"CVE_ENT":"30","CVE_MUN":"180","CVEGEO":"30180","NOMGEO":"Tlachichilco"}},
{"type":"Feature","geometry":{"type":"Polygon","coordinates":[[[-95.5506,18.653],[-95.5577,18.662],[-95.58,18.671],[-95.5943,18.692],[-95.6469,18.6959],[-95.6562,18.6869],[-95.6787,18.6833],[-95.696,18.6741],[-95.7115,18.676],[-95.7247,18.667],[-95.7252,18.6369],[-95.7215,18.6155],[-95.7346,18.6026],[-95.7513,18.5975],[-95.749,18.5795],[-95.7583,18.555],[-95.7544,18.5348],[-95.7289,18.5435],[-95.7166,18.5236],[-95.6991,18.5046],[-95.6831,18.4952],[-95.6623,18.4641],[-95.6464,18.4482],[-95.6459,18.4308],[-95.6312,18.4208],[-95.6316,18.3935],[-95.6173,18.3865],[-95.6101,18.3608],[-95.594,18.3549],[-95.5941,18.3544],[-95.5773,18.3632],[-95.5508,18.3619],[-95.5408,18.3366],[-95.527,18.3349],[-95.5245,18.3632],[-95.5135,18.3637],[-95.5102,18.4265],[-95.5204,18.4394],[-95.5179,18.4583],[-95.5419,18.4822],[-95.5342,18.4872],[-95.5441,18.5339],[-95.5733,18.5611],[-95.5668,18.5811],[-95.5802,18.5905],[-95.5818,18.605],[-95.5512,18.6214],[-95.5614,18.6408],[-95.5506,18.653]]]},"properties":{"CVE_ENT":"30","CVE_MUN":"178","CVEGEO":"30178","NOMGEO":"Tlacotalpan"}},
{"type":"Feature","geometry":{"type":"Polygon","coordinates":[[[-97.4059,20.7279],[-97.4424,20.7452],[-97.4589,20.7599],[-97.4609,20.772],[-97.4761,20.7869],[-97.4794,20.8202],[-97.4951,20.8319],[-97.4571,20.8478],[-97.47,20.8627],[-97.4918,20.8662],[-97.4913,20.8505],[-97.5076,20.8516],[-97.5303,20.8233],[-97.5568,20.8204],[-97.5877,20.812],[-97.577,20.7992],[-97.5912,20.7531],[-97.6005,20.7361],[-97.6025,20.7096],[-97.6096,20.6959],[-97.6084,20.6711],[-97.6319,20.656],[-97.6585,20.6566],[-97.6653,20.6414],[-97.6819,20.637],[-97.7023,20.6411],[-97.7048,20.6296],[-97.7105,20.6087],[-97.697,20.5968],[-97.7012,20.5742],[-97.6856,20.5729],[-97.6755,20.555],[-97.6577,20.5555],[-97.6101,20.5639],[-97.59,20.5561],[-97.5418,20.4885],[-97.531,20.4841],[-97.5201,20.4955],[-97.4881,20.5075],[-97.4783,20.5265],[-97.4822,20.5379],[-97.4548,20.5532],[-97.441,20.5763],[-97.4388,20.5901],[-97.4041,20.6224],[-97.4009,20.6341],[-97.3796,20.6548],[-97.3661,20.6782],[-97.3741,20.6936],[-97.3848,20.6898],[-97.4062,20.7105],[-97.4059,20.7279]]]},"properties":{"CVE_ENT":"30","CVE_MUN":"175","CVEGEO":"30175","NOMGEO":"Tihuatlán"}},
{"type":"Feature","geometry":{"type":"Polygon","coordinates":[[[-96.8849,18.7449],[-96.893,18.7421],[-96.9153,18.761],[-96.9375,18.7551],[-96.9281,18.7807],[-96.937,18.7816],[-96.9382,18.7817],[-96.9408,18.7783],[-96.9546,18.7772],[-96.9598,18.7739],[-96.9615,18.7716],[-96.9628,18.7707],[-96.9629,18.7701],[-96.9636,18.7662],[-96.9614,18.7613],[-96.9525,18.7542],[-96.9859,18.7271],[-96.9935,18.7039],[-97.0146,18.6954],[-97.0227,18.6774],[-97.024,18.6743],[-97.0243,18.6726],[-97.0275,18.6696],[-97.0215,18.668],[-97.0225,18.6644],[-97.022,18.6591],[-97.0211,18.6584],[-97.0218,18.6569],[-97.0242,18.6555],[-97.0228,18.6528],[-97.0206,18.6516],[-97.0203,18.6511],[-97.0202,18.6509],[-97.0202,18.6506],[-97.0199,18.6505],[-97.0195,18.6503],[-97.0197,18.6492],[-97.0204,18.6481],[-97.0173,18.6444],[-97.0149,18.6344],[-96.9951,18.626],[-96.9746,18.6348],[-96.9769,18.6422],[-96.9586,18.6499],[-96.9372,18.6129],[-96.9324,18.574],[-96.9549,18.5603],[-96.953,18.5539],[-96.9259,18.5349],[-96.8993,18.5486],[-96.8859,18.5335],[-96.8842,18.5342],[-96.8819,18.5347],[-96.8788,18.5375],[-96.8775,18.5317],[-96.8735,18.5232],[-96.8663,18.5259],[-96.8699,18.5389],[-96.8428,18.5531],[-96.8337,18.588],[-96.8444,18.5924],[-96.8642,18.6272],[-96.8803,18.6252],[-96.8792,18.6413],[-96.864,18.6596],[-96.8665,18.6757],[-96.8823,18.6938],[-96.8897,18.7254],[-96.8849,18.7449]]]},"properties":{"CVE_ENT":"30","CVE_MUN":"201","CVEGEO":"30201","NOMGEO":"Zongolica"}},
{"type":"Feature","geometry":{"type":"Polygon","coordinates":[[[-95.6397,18.3563],[-95.6522,18.3746],[-95.681,18.3873],[-95.7406,18.4193],[-95.7572,18.4388],[-95.7693,18.4389],[-95.7801,18.4179],[-95.7786,18.3999],[-95.7769,18.3598],[-95.7794,18.3418],[-95.7665,18.3147],[-95.7841,18.291],[-95.7789,18.2688],[-95.7638,18.2737],[-95.7546,18.2507],[-95.7383,18.2415],[-95.7326,18.2208],[-95.7183,18.2148],[-95.7002,18.2361],[-95.6825,18.2377],[-95.683,18.2507],[-95.654,18.262],[-95.6574,18.2768],[-95.6447,18.281],[-95.6424,18.3045],[-95.6615,18.3084],[-95.6556,18.3299],[-95.643,18.3404],[-95.6397,18.3563]]]},"properties":{"CVE_ENT":"30","CVE_MUN":"208","CVEGEO":"30208","NOMGEO":"Carlos A. Carrillo"}},
{"type":"Feature","geometry":{"type":"Polygon","coordinates":[[[-96.0159,18.3879],[-96.0427,18.4002],[-96.0626,18.4163],[-96.0739,18.4091],[-96.1037,18.4208],[-96.1203,18.423],[-96.1593,18.4017],[-96.1643,18.3886],[-96.1875,18.3933],[-96.2441,18.3969],[-96.264,18.4062],[-96.2993,18.363],[-96.2944,18.3124],[-96.2775,18.2937],[-96.2737,18.2757],[-96.2867,18.2641],[-96.2668,18.2457],[-96.2658,18.2431],[-96.2661,18.2385],[-96.2683,18.2255],[-96.231,18.1897],[-96.2175,18.162],[-96.2031,18.1749],[-96.1714,18.1864],[-96.1459,18.1919],[-96.1384,18.1848],[-96.1185,18.1917],[-96.0782,18.1998],[-96.0698,18.2197],[-96.0782,18.2325],[-96.0621,18.2397],[-96.0609,18.2613],[-96.0713,18.27],[-96.0698,18.2877],[-96.0566,18.3018],[-96.0698,18.3142],[-96.0835,18.3141],[-96.0901,18.3268],[-96.0496,18.3658],[-96.0363,18.3651],[-96.0331,18.3825],[-96.0159,18.3879]]]},"properties":{"CVE_ENT":"30","CVE_MUN":"207","CVEGEO":"30207","NOMGEO":"Tres Valles"}},
{"type":"Feature","geometry":{"type":"Polygon","coordinates":[[[-94.13,18.2129],[-94.2401,18.188],[-94.2404,18.1751],[-94.2235,18.1358],[-94.2414,18.118],[-94.2402,18.0869],[-94.2574,18.0698],[-94.2818,18.0619],[-94.2721,18.0494],[-94.2352,18.0501],[-94.2174,18.0398],[-94.2203,18.0034],[-94.1973,17.9897],[-94.1803,17.9892],[-94.1761,17.9787],[-94.1548,17.9839],[-94.1334,17.9787],[-94.118,17.9678],[-94.0902,17.9683],[-94.0711,17.9859],[-94.0642,18.0023],[-94.0836,18.0339],[-94.0744,18.0589],[-94.0972,18.0786],[-94.0831,18.0908],[-94.0834,18.1024],[-94.0961,18.1119],[-94.1011,18.1306],[-94.094,18.1585],[-94.1029,18.1734],[-94.1173,18.1661],[-94.1292,18.1751],[-94.1298,18.1987],[-94.13,18.2129]]]},"properties":{"CVE_ENT":"30","CVE_MUN":"204","CVEGEO":"30204","NOMGEO":"Agua Dulce"}},
{"type":"Feature","geometry":{"type":"Polygon","coordinates":[[[-98.248,20.7894],[-98.292,20.7855],[-98.3078,20.801],[-98.326,20.7842],[-98.3435,20.7979],[-98.3643,20.785],[-98.3981,20.7798],[-98.3935,20.7552],[-98.4255,20.7489],[-98.4215,20.7393],[-98.4292,20.7164],[-98.4031,20.7078],[-98.3882,20.6955],[-98.362,20.6866],[-98.3359,20.685],[-98.3169,20.698],[-98.2864,20.6709],[-98.2597,20.6826],[-98.2386,20.6759],[-98.2099,20.6826],[-98.201,20.6989],[-98.1811,20.7165],[-98.1848,20.7392],[-98.2304,20.7615],[-98.2331,20.7835],[-98.248,20.7894]]]},"properties":{"CVE_ENT":"30","CVE_MUN":"202","CVEGEO":"30202","NOMGEO":"Zontecomatlán de López y Fuentes"}},
{"type":"Feature","geometry":{"type":"Polygon","coordinates":[[[-96.6844,19.078],[-96.7397,19.077],[-96.7688,19.0914],[-96.7897,19.0961],[-96.7988,19.106],[-96.861,19.1346],[-96.88,19.1242],[-96.8724,19.1],[-96.8545,19.094],[-96.8456,19.0788],[-96.8043,19.0274],[-96.7817,19.0222],[-96.7546,19.0221],[-96.7427,19.0267],[-96.7077,19.0212],[-96.6762,19.0417],[-96.643,19.0479],[-96.5949,19.0471],[-96.5631,19.0542],[-96.5294,19.0438],[-96.5423,19.0571],[-96.5583,19.0581],[-96.5654,19.0844],[-96.5965,19.0838],[-96.6076,19.0903],[-96.6251,19.0885],[-96.6316,19.0794],[-96.6501,19.0741],[-96.6592,19.0797],[-96.6844,19.078]]]},"properties":{"CVE_ENT":"30","CVE_MUN":"200","CVEGEO":"30200","NOMGEO":"Zentla"}},
{"type":"Feature","geometry":{"type":"Polygon","coordinates":[[[-96.9643,19.0087],[-96.9754,19.0324],[-96.9863,19.0212],[-97.0002,19.0283],[-97.006,19.0513],[-97.0277,19.0335],[-97.0024,19.013],[-96.9894,18.9905],[-96.9643,19.0087]]]},"properties":{"CVE_ENT":"30","CVE_MUN":"186","CVEGEO":"30186","NOMGEO":"Tomatlán"}},
{"type":"Feature","geometry":{"type":"Polygon","coordinates":[[[-96.702,19.8841],[-96.7163,19.9025],[-96.7395,19.9084],[-96.7557,19.8889],[-96.771,19.9048],[-96.7934,19.8982],[-96.8078,19.8786],[-96.8077,19.8689],[-96.8272,19.8505],[-96.836,19.8333],[-96.836,19.8178],[-96.8219,19.7947],[-96.8075,19.8055],[-96.7964,19.7853],[-96.783,19.7947],[-96.7674,19.7881],[-96.7541,19.7921],[-96.7411,19.8167],[-96.7426,19.8245],[-96.7202,19.845],[-96.7241,19.8593],[-96.702,19.8841]]]},"properties":{"CVE_ENT":"30","CVE_MUN":"197","CVEGEO":"30197","NOMGEO":"Yecuatla"}},
{"type":"Feature","geometry":{"type":"Polygon","coordinates":[[[-96.7477,18.8457],[-96.7615,18.8513],[-96.7809,18.8738],[-96.8248,18.8822],[-96.8515,18.8645],[-96.8223,18.8434],[-96.8317,18.8244],[-96.848,18.807],[-96.8352,18.7991],[-96.8377,18.7859],[-96.8288,18.776],[-96.7985,18.7756],[-96.7774,18.7686],[-96.7667,18.7831],[-96.7666,18.8081],[-96.7477,18.8457]]]},"properties":{"CVE_ENT":"30","CVE_MUN":"196","CVEGEO":"30196","NOMGEO":"Yanga"}},
{"type":"Feature","geometry":{"type":"Polygon","coordinates":[[[-97.0139,18.7032],[-97.0345,18.7082],[-97.0696,18.7032],[-97.0556,18.6852],[-97.064,18.6639],[-97.0847,18.6412],[-97.0784,18.6294],[-97.0522,18.6447],[-97.0379,18.6456],[-97.0249,18.6487],[-97.0228,18.6503],[-97.0213,18.6509],[-97.0208,18.6511],[-97.0202,18.6509],[-97.0228,18.6528],[-97.0242,18.6555],[-97.0218,18.6569],[-97.0211,18.6584],[-97.022,18.6591],[-97.0225,18.6644],[-97.0215,18.668],[-97.0243,18.6726],[-97.0227,18.6774],[-97.0079,18.6866],[-97.0146,18.6954],[-97.0139,18.7032]]]},"properties":{"CVE_ENT":"30","CVE_MUN":"137","CVEGEO":"30137","NOMGEO":"Los Reyes"}},
{"type":"Feature","geometry":{"type":"Polygon","coordinates":[[[-97.0847,18.6412],[-97.1094,18.6554],[-97.1342,18.6481],[-97.1231,18.6357],[-97.1402,18.6176],[-97.1424,18.5933],[-97.1446,18.5709],[-97.1289,18.5758],[-97.0977,18.5777],[-97.0489,18.5884],[-97.0612,18.5983],[-97.0784,18.6294],[-97.0847,18.6412]]]},"properties":{"CVE_ENT":"30","CVE_MUN":"184","CVEGEO":"30184","NOMGEO":"Tlaquilpa"}},
{"type":"Feature","geometry":{"type":"Polygon","coordinates":[[[-96.1497,19.1095],[-96.1904,19.1027],[-96.2108,19.1242],[-96.2221,19.1192],[-96.244,19.1449],[-96.2636,19.1333],[-96.2563,19.0919],[-96.2644,19.0642],[-96.246,19.0458],[-96.2312,19.0484],[-96.2195,19.0392],[-96.2101,19.0479],[-96.1772,19.0502],[-96.1742,19.0381],[-96.1876,19.0243],[-96.1853,19.008],[-96.1926,18.9982],[-96.2172,18.9831],[-96.2332,18.9539],[-96.2537,18.945],[-96.2529,18.923],[-96.2635,18.9173],[-96.263,18.9073],[-96.2463,18.9025],[-96.2159,18.92],[-96.2115,18.8869],[-96.1934,18.9023],[-96.1839,18.8425],[-96.1651,18.8462],[-96.146,18.8422],[-96.1324,18.8595],[-96.1204,18.897],[-96.1016,18.8992],[-96.0716,18.9512],[-96.0375,18.9256],[-96.022,18.9406],[-96.0439,18.9866],[-96.0692,18.9888],[-96.0756,18.9976],[-96.092,18.9949],[-96.1111,19.0105],[-96.0966,19.0417],[-96.1172,19.0557],[-96.1432,19.0589],[-96.1394,19.095],[-96.1178,19.0921],[-96.1132,19.1071],[-96.1326,19.1179],[-96.1497,19.1095]]]},"properties":{"CVE_ENT":"30","CVE_MUN":"105","CVEGEO":"30105","NOMGEO":"Medellín de Bravo"}},
{"type":"Feature","geometry":{"type":"Polygon","coordinates":[[[-96.6242,19.2039],[-96.6503,19.1982],[-96.6509,19.209],[-96.6851,19.1932],[-96.713,19.1701],[-96.7319,19.1643],[-96.7464,19.168],[-96.7596,19.1616],[-96.7794,19.1642],[-96.819,19.1604],[-96.8604,19.1756],[-96.8871,19.187],[-96.9237,19.1934],[-96.9089,19.1662],[-96.886,19.1582],[-96.8733,19.1505],[-96.8235,19.1404],[-96.7976,19.1135],[-96.7609,19.0962],[-96.7041,19.0883],[-96.6844,19.078],[-96.6592,19.0797],[-96.6501,19.0741],[-96.6316,19.0794],[-96.6251,19.0885],[-96.6076,19.0903],[-96.5965,19.0838],[-96.5654,19.0844],[-96.5738,19.133],[-96.5445,19.1305],[-96.5334,19.1355],[-96.4931,19.1387],[-96.5003,19.1507],[-96.5159,19.1569],[-96.546,19.1599],[-96.5757,19.1742],[-96.5911,19.1748],[-96.6242,19.2039]]]},"properties":{"CVE_ENT":"30","CVE_MUN":"043","CVEGEO":"30043","NOMGEO":"Comapa"}},
{"type":"Feature","geometry":{"type":"Polygon","coordinates":[[[-96.6503,19.9027],[-96.6545,19.9156],[-96.6434,19.9248],[-96.6402,19.9462],[-96.6451,19.9908],[-96.6625,19.9985],[-96.6826,19.9787],[-96.7029,19.9702],[-96.7383,19.977],[-96.7504,19.9667],[-96.775,19.9385],[-96.7942,19.931],[-96.771,19.9048],[-96.7557,19.8889],[-96.7395,19.9084],[-96.7163,19.9025],[-96.702,19.8841],[-96.6923,19.8721],[-96.6743,19.8721],[-96.6503,19.9027]]]},"properties":{"CVE_ENT":"30","CVE_MUN":"042","CVEGEO":"30042","NOMGEO":"Colipa"}},
{"type":"Feature","geometry":{"type":"Polygon","coordinates":[[[-97.0481,18.5814],[-97.0489,18.5884],[-97.0977,18.5777],[-97.1289,18.5758],[-97.1446,18.5709],[-97.1137,18.5314],[-97.1127,18.5213],[-97.0794,18.5548],[-97.0711,18.5692],[-97.0481,18.5814]]]},"properties":{"CVE_ENT":"30","CVE_MUN":"019","CVEGEO":"30019","NOMGEO":"Astacinga"}},
{"type":"Feature","geometry":{"type":"Polygon","coordinates":[[[-96.8956,19.7676],[-96.8933,19.7841],[-96.9008,19.8199],[-96.9121,19.848],[-96.9307,19.8765],[-96.9563,19.8952],[-96.9563,19.893],[-96.9504,19.8677],[-96.9581,19.855],[-96.9819,19.838],[-96.96,19.8148],[-96.9754,19.7969],[-96.9941,19.785],[-96.9743,19.7848],[-96.9565,19.7634],[-96.9494,19.7647],[-96.9455,19.764],[-96.9323,19.7552],[-96.8956,19.7676]]]},"properties":{"CVE_ENT":"30","CVE_MUN":"163","CVEGEO":"30163","NOMGEO":"Tenochtitlán"}},
{"type":"Feature","geometry":{"type":"Polygon","coordinates":[[[-97.2183,18.911],[-97.2321,18.9036],[-97.2127,18.8796],[-97.2117,18.8686],[-97.2274,18.8599],[-97.2325,18.834],[-97.2229,18.808],[-97.2245,18.7917],[-97.2065,18.7804],[-97.1877,18.757],[-97.1617,18.7637],[-97.1593,18.7768],[-97.1978,18.7937],[-97.1947,18.8134],[-97.1667,18.8096],[-97.1528,18.8255],[-97.1707,18.8395],[-97.1805,18.8569],[-97.2029,18.8767],[-97.2179,18.9111],[-97.2183,18.911]]]},"properties":{"CVE_ENT":"30","CVE_MUN":"115","CVEGEO":"30115","NOMGEO":"Nogales"}},
{"type":"Feature","geometry":{"type":"Polygon","coordinates":[[[-96.7055,20.1569],[-96.7174,20.1732],[-96.7713,20.2247],[-96.7845,20.2435],[-96.7854,20.2418],[-96.7775,20.2284],[-96.779,20.2132],[-96.7996,20.2019],[-96.8137,20.2115],[-96.8243,20.1838],[-96.842,20.1839],[-96.859,20.1631],[-96.8716,20.1559],[-96.8838,20.1355],[-96.902,20.1223],[-96.9126,20.1042],[-96.8974,20.0987],[-96.8941,20.0799],[-96.8795,20.0735],[-96.8678,20.0575],[-96.8637,20.0351],[-96.8481,20.0177],[-96.8272,20.0144],[-96.8189,20.0023],[-96.7786,20.0087],[-96.764,20.0187],[-96.7429,20.0212],[-96.7282,20.0334],[-96.7119,20.0555],[-96.6807,20.0824],[-96.7089,20.0946],[-96.6937,20.1076],[-96.7157,20.1487],[-96.7055,20.1569]]]},"properties":{"CVE_ENT":"30","CVE_MUN":"114","CVEGEO":"30114","NOMGEO":"Nautla"}},
{"type":"Feature","geometry":{"type":"Polygon","coordinates":[[[-96.9264,18.8022],[-96.9491,18.804],[-96.9716,18.8254],[-96.9748,18.7988],[-96.9751,18.7797],[-96.9628,18.7707],[-96.9615,18.7716],[-96.9598,18.7739],[-96.9546,18.7772],[-96.9408,18.7783],[-96.9399,18.7797],[-96.9382,18.7817],[-96.937,18.7816],[-96.9324,18.7897],[-96.9242,18.7949],[-96.9264,18.8022]]]},"properties":{"CVE_ENT":"30","CVE_MUN":"113","CVEGEO":"30113","NOMGEO":"Naranjal"}},
{"type":"Feature","geometry":{"type":"Polygon","coordinates":[[[-96.9941,19.785],[-96.9754,19.7969],[-96.96,19.8148],[-96.9819,19.838],[-96.9581,19.855],[-96.9504,19.8677],[-96.9563,19.893],[-96.9745,19.8821],[-97.0036,19.8827],[-97.0175,19.8569],[-97.0324,19.8652],[-97.054,19.8519],[-97.068,19.8558],[-97.0816,19.8482],[-97.0964,19.8539],[-97.115,19.8451],[-97.1378,19.8155],[-97.1627,19.7929],[-97.1853,19.7869],[-97.1803,19.7726],[-97.1888,19.7569],[-97.1992,19.7624],[-97.2103,19.782],[-97.2288,19.7727],[-97.2503,19.7787],[-97.2604,19.7891],[-97.2598,19.7758],[-97.2804,19.7568],[-97.2831,19.7315],[-97.2714,19.7169],[-97.2702,19.6977],[-97.2809,19.6861],[-97.2679,19.638],[-97.2616,19.6456],[-97.238,19.6368],[-97.2364,19.657],[-97.2556,19.6779],[-97.2503,19.6879],[-97.2282,19.6786],[-97.2099,19.683],[-97.1957,19.6783],[-97.1822,19.6944],[-97.1791,19.7076],[-97.1532,19.7386],[-97.1439,19.7396],[-97.1274,19.7602],[-97.1113,19.7401],[-97.0779,19.7462],[-97.0711,19.7661],[-97.0366,19.7812],[-97.0259,19.78],[-97.0252,19.7808],[-97.0227,19.7825],[-97.0204,19.7879],[-97.0181,19.7874],[-97,19.7756],[-96.9941,19.785]]]},"properties":{"CVE_ENT":"30","CVE_MUN":"010","CVEGEO":"30010","NOMGEO":"Altotonga"}},
{"type":"Feature","geometry":{"type":"Polygon","coordinates":[[[-95.4371,18.7109],[-95.5253,18.7148],[-95.5099,18.689],[-95.5119,18.6649],[-95.5506,18.653],[-95.5614,18.6408],[-95.5512,18.6214],[-95.5443,18.6084],[-95.4929,18.6113],[-95.4681,18.6039],[-95.471,18.627],[-95.4672,18.6559],[-95.4585,18.6621],[-95.4751,18.684],[-95.4487,18.6972],[-95.4371,18.7109]]]},"properties":{"CVE_ENT":"30","CVE_MUN":"097","CVEGEO":"30097","NOMGEO":"Lerdo de Tejada"}},
{"type":"Feature","geometry":{"type":"Polygon","coordinates":[[[-96.8018,19.5755],[-96.8093,19.5871],[-96.8429,19.5995],[-96.8512,19.586],[-96.8683,19.5905],[-96.882,19.5787],[-96.8972,19.581],[-96.9394,19.5765],[-96.9548,19.5673],[-96.9573,19.5509],[-96.9678,19.5337],[-96.9512,19.5298],[-96.9477,19.5142],[-96.9353,19.4929],[-96.8999,19.4855],[-96.8767,19.494],[-96.8543,19.5209],[-96.8223,19.5144],[-96.8299,19.5421],[-96.8422,19.5469],[-96.8325,19.5631],[-96.81,19.5593],[-96.8018,19.5755]]]},"properties":{"CVE_ENT":"30","CVE_MUN":"087","CVEGEO":"30087","NOMGEO":"Xalapa"}},
{"type":"Feature","geometry":{"type":"Polygon","coordinates":[[[-94.8351,18.3242],[-94.8329,18.3506],[-94.8226,18.3723],[-94.8333,18.4039],[-94.8567,18.3997],[-94.8691,18.3897],[-94.8803,18.3718],[-94.9078,18.3599],[-94.9348,18.3559],[-94.9449,18.365],[-94.973,18.3639],[-94.9854,18.3468],[-94.9992,18.3477],[-95.026,18.3375],[-95.0179,18.32],[-95.0105,18.3241],[-94.9977,18.3268],[-95.0019,18.3064],[-94.9964,18.2683],[-94.978,18.229],[-94.964,18.2338],[-94.966,18.1495],[-94.9799,18.1421],[-94.9893,18.1307],[-94.9923,18.1298],[-94.9917,18.1289],[-94.9913,18.1281],[-94.9922,18.1269],[-94.9917,18.1262],[-94.9894,18.1261],[-94.9897,18.1195],[-94.9926,18.1104],[-94.9895,18.1064],[-94.9752,18.115],[-94.9437,18.1375],[-94.923,18.1346],[-94.9184,18.1187],[-94.8841,18.1071],[-94.8855,18.0976],[-94.8743,18.0654],[-94.8724,18.0658],[-94.8721,18.0633],[-94.8694,18.06],[-94.8599,18.0525],[-94.8598,18.0526],[-94.857,18.0549],[-94.8558,18.0559],[-94.8494,18.0537],[-94.8395,18.06],[-94.8205,18.0611],[-94.8162,18.0531],[-94.8152,18.0523],[-94.8143,18.0518],[-94.8122,18.0509],[-94.8122,18.0511],[-94.7952,18.0722],[-94.8042,18.0865],[-94.8425,18.086],[-94.8526,18.1016],[-94.8365,18.1145],[-94.8187,18.1171],[-94.8154,18.1292],[-94.7962,18.1266],[-94.7973,18.1552],[-94.8247,18.1563],[-94.8443,18.1642],[-94.8394,18.1786],[-94.8494,18.1941],[-94.8592,18.2427],[-94.8511,18.2595],[-94.8268,18.2622],[-94.8227,18.2836],[-94.8349,18.3071],[-94.8351,18.3242]]]},"properties":{"CVE_ENT":"30","CVE_MUN":"149","CVEGEO":"30149","NOMGEO":"Soteapan"}},
{"type":"Feature","geometry":{"type":"MultiPolygon","coordinates":[[[[-97.7866,21.3482],[-97.7747,21.3622],[-97.7959,21.3669],[-97.8189,21.3504],[-97.8213,21.3255],[-97.8085,21.3205],[-97.7946,21.3265],[-97.7923,21.3384],[-97.7866,21.3482]]],[[[-97.7485,21.4358],[-97.752,21.4456],[-97.7549,21.4381],[-97.7634,21.4341],[-97.7724,21.4397],[-97.7998,21.4236],[-97.7621,21.4065],[-97.7598,21.4234],[-97.7485,21.4358]]],[[[-97.5305,21.5809],[-97.6452,21.6276],[-97.667,21.6053],[-97.697,21.6183],[-97.7166,21.6054],[-97.7277,21.5894],[-97.7259,21.5736],[-97.7132,21.5654],[-97.7336,21.5445],[-97.7491,21.5365],[-97.7518,21.5001],[-97.7704,21.4959],[-97.7449,21.4731],[-97.7559,21.4658],[-97.7593,21.4488],[-97.741,21.4493],[-97.723,21.4655],[-97.7051,21.4694],[-97.6658,21.465],[-97.6458,21.4722],[-97.6465,21.4837],[-97.6236,21.4888],[-97.6117,21.4721],[-97.6064,21.4992],[-97.5692,21.4639],[-97.5643,21.4427],[-97.5715,21.4186],[-97.5856,21.3906],[-97.5601,21.3838],[-97.5539,21.3974],[-97.5284,21.4189],[-97.5199,21.4588],[-97.5131,21.467],[-97.5196,21.5006],[-97.5305,21.5809]]]]},"properties":{"CVE_ENT":"30","CVE_MUN":"150","CVEGEO":"30150","NOMGEO":"Tamalín"}},
{"type":"Feature","geometry":{"type":"Polygon","coordinates":[[[-96.4445,19.1863],[-96.4679,19.1779],[-96.4788,19.1814],[-96.4971,19.1668],[-96.5003,19.1507],[-96.4931,19.1387],[-96.5334,19.1355],[-96.5445,19.1305],[-96.5738,19.133],[-96.5654,19.0844],[-96.5583,19.0581],[-96.5423,19.0571],[-96.5294,19.0438],[-96.5064,19.0403],[-96.4852,19.0424],[-96.4919,19.0186],[-96.4896,18.9887],[-96.5052,18.9972],[-96.5264,18.9896],[-96.5268,18.9799],[-96.5514,18.9741],[-96.5399,18.9578],[-96.5168,18.9499],[-96.492,18.934],[-96.4666,18.9395],[-96.4587,18.9467],[-96.4265,18.9445],[-96.414,18.9373],[-96.3949,18.9364],[-96.3693,18.9481],[-96.3498,18.9713],[-96.3267,18.967],[-96.3144,18.9782],[-96.3199,18.9994],[-96.3522,19.0153],[-96.3992,19.0323],[-96.3731,19.076],[-96.3971,19.093],[-96.3952,19.1107],[-96.4074,19.1339],[-96.4156,19.1682],[-96.4377,19.1701],[-96.4445,19.1863]]]},"properties":{"CVE_ENT":"30","CVE_MUN":"148","CVEGEO":"30148","NOMGEO":"Soledad de Doblado"}},
{"type":"Feature","geometry":{"type":"Polygon","coordinates":[[[-97.1617,18.7637],[-97.1877,18.757],[-97.2065,18.7804],[-97.2253,18.7583],[-97.2118,18.7479],[-97.2237,18.7319],[-97.2163,18.719],[-97.2335,18.702],[-97.222,18.6887],[-97.2403,18.6663],[-97.2438,18.6469],[-97.2354,18.6436],[-97.2266,18.6388],[-97.1994,18.6381],[-97.1795,18.6527],[-97.1661,18.6526],[-97.1589,18.6642],[-97.1784,18.6598],[-97.1854,18.6678],[-97.1663,18.6868],[-97.1471,18.673],[-97.1359,18.6839],[-97.1373,18.7166],[-97.1322,18.7303],[-97.1355,18.737],[-97.1307,18.7663],[-97.1405,18.7673],[-97.1617,18.7637]]]},"properties":{"CVE_ENT":"30","CVE_MUN":"147","CVEGEO":"30147","NOMGEO":"Soledad Atzompa"}},
{"type":"Feature","geometry":{"type":"Polygon","coordinates":[[[-97.6029,20.1947],[-97.5794,20.1978],[-97.5685,20.2059],[-97.5696,20.2205],[-97.5576,20.2372],[-97.5751,20.2434],[-97.5908,20.245],[-97.6072,20.2355],[-97.6115,20.2203],[-97.6029,20.1947]]]},"properties":{"CVE_ENT":"30","CVE_MUN":"064","CVEGEO":"30064","NOMGEO":"Chumatlán"}},
{"type":"Feature","geometry":{"type":"Polygon","coordinates":[[[-97.1102,18.832],[-97.1348,18.8367],[-97.1528,18.8255],[-97.1667,18.8096],[-97.1403,18.796],[-97.1318,18.7964],[-97.0954,18.8257],[-97.0985,18.833],[-97.1102,18.832]]]},"properties":{"CVE_ENT":"30","CVE_MUN":"074","CVEGEO":"30074","NOMGEO":"Huiloapan de Cuauhtémoc"}},
{"type":"Feature","geometry":{"type":"Polygon","coordinates":[[[-96.9628,18.7707],[-96.9751,18.7797],[-96.9748,18.7988],[-96.9876,18.7941],[-96.9839,18.7791],[-96.9959,18.7699],[-97.0221,18.7626],[-97.0284,18.7532],[-97.0468,18.7475],[-97.0667,18.7591],[-97.1002,18.7483],[-97.1116,18.7569],[-97.1307,18.7663],[-97.1355,18.737],[-97.1322,18.7303],[-97.1212,18.7015],[-97.0864,18.7083],[-97.0696,18.7032],[-97.0345,18.7082],[-97.0139,18.7032],[-96.9935,18.7039],[-96.9859,18.7271],[-96.9525,18.7542],[-96.9614,18.7613],[-96.9636,18.7662],[-96.96,18.7676],[-96.9598,18.769],[-96.9629,18.7701],[-96.9628,18.7707]]]},"properties":{"CVE_ENT":"30","CVE_MUN":"168","CVEGEO":"30168","NOMGEO":"Tequila"}},
{"type":"Feature","geometry":{"type":"Polygon","coordinates":[[[-96.73,19.719],[-96.7413,19.709],[-96.7506,19.7265],[-96.7699,19.7354],[-96.792,19.7133],[-96.7963,19.6995],[-96.8136,19.6989],[-96.831,19.6729],[-96.8163,19.6542],[-96.7979,19.6449],[-96.7954,19.6216],[-96.8092,19.6125],[-96.7966,19.5929],[-96.7598,19.6116],[-96.7487,19.6181],[-96.7515,19.632],[-96.7438,19.6456],[-96.7445,19.6632],[-96.7277,19.6736],[-96.7174,19.7067],[-96.73,19.719]]]},"properties":{"CVE_ENT":"30","CVE_MUN":"166","CVEGEO":"30166","NOMGEO":"Tepetlán"}},
{"type":"Feature","geometry":{"type":"Polygon","coordinates":[[[-96.8456,19.0788],[-96.8829,19.094],[-96.8897,19.0911],[-96.8946,19.0646],[-96.8746,19.0453],[-96.8824,19.0397],[-96.8797,19.0191],[-96.858,19.0108],[-96.8472,19.004],[-96.8149,19.0089],[-96.8043,19.0274],[-96.8456,19.0788]]]},"properties":{"CVE_ENT":"30","CVE_MUN":"165","CVEGEO":"30165","NOMGEO":"Tepatlaxco"}},
{"type":"Feature","geometry":{"type":"Polygon","coordinates":[[[-96.8954,19.3756],[-96.9064,19.3743],[-96.9378,19.3924],[-96.9884,19.4035],[-97.0116,19.3933],[-97.0306,19.3916],[-97.0289,19.3909],[-97.028,19.3879],[-97.0278,19.3857],[-97.0209,19.3846],[-97.0145,19.3865],[-97.0102,19.3829],[-97.0022,19.3829],[-97.0028,19.3771],[-97.0152,19.3589],[-96.9714,19.3559],[-96.9442,19.3686],[-96.9169,19.352],[-96.8949,19.3442],[-96.8822,19.3444],[-96.8435,19.3714],[-96.848,19.3776],[-96.8885,19.3825],[-96.8954,19.3756]]]},"properties":{"CVE_ENT":"30","CVE_MUN":"164","CVEGEO":"30164","NOMGEO":"Teocelo"}},
{"type":"Feature","geometry":{"type":"Polygon","coordinates":[[[-96.3394,19.2419],[-96.325,19.2963],[-96.3458,19.3148],[-96.3529,19.3291],[-96.3494,19.3412],[-96.3739,19.3583],[-96.3848,19.3606],[-96.3931,19.3478],[-96.4122,19.355],[-96.4223,19.3516],[-96.4253,19.3351],[-96.4396,19.3316],[-96.4526,19.3182],[-96.4678,19.315],[-96.4943,19.2854],[-96.5076,19.2815],[-96.539,19.2577],[-96.5426,19.2499],[-96.5884,19.2295],[-96.5922,19.2323],[-96.6242,19.2039],[-96.5911,19.1748],[-96.5757,19.1742],[-96.546,19.1599],[-96.5159,19.1569],[-96.5003,19.1507],[-96.4971,19.1668],[-96.4788,19.1814],[-96.4679,19.1779],[-96.4445,19.1863],[-96.4209,19.1894],[-96.405,19.186],[-96.3642,19.191],[-96.3323,19.1988],[-96.3271,19.217],[-96.3395,19.2311],[-96.3394,19.2419]]]},"properties":{"CVE_ENT":"30","CVE_MUN":"126","CVEGEO":"30126","NOMGEO":"Paso de Ovejas"}},
{"type":"Feature","geometry":{"type":"Polygon","coordinates":[[[-97.5146,20.17],[-97.5059,20.2055],[-97.5234,20.2047],[-97.5387,20.2139],[-97.5174,20.2319],[-97.5167,20.2417],[-97.4872,20.2458],[-97.4828,20.2592],[-97.5046,20.2675],[-97.519,20.2642],[-97.5434,20.2734],[-97.558,20.2671],[-97.5819,20.2669],[-97.5751,20.2434],[-97.5576,20.2372],[-97.5696,20.2205],[-97.5685,20.2059],[-97.5794,20.1978],[-97.6029,20.1947],[-97.622,20.1744],[-97.6213,20.1721],[-97.6045,20.1669],[-97.605,20.1578],[-97.5707,20.1683],[-97.5146,20.17]]]},"properties":{"CVE_ENT":"30","CVE_MUN":"050","CVEGEO":"30050","NOMGEO":"Coxquihui"}},
{"type":"Feature","geometry":{"type":"Polygon","coordinates":[[[-96.8949,19.3442],[-96.9169,19.352],[-96.9442,19.3686],[-96.9714,19.3559],[-97.0152,19.3589],[-97.0254,19.3544],[-97.0355,19.3528],[-97.0345,19.3361],[-97.0242,19.3189],[-97.0072,19.3183],[-97.0003,19.3063],[-96.9807,19.2898],[-96.9715,19.2898],[-96.9468,19.2968],[-96.9265,19.3091],[-96.9182,19.3228],[-96.8957,19.336],[-96.8949,19.3442]]]},"properties":{"CVE_ENT":"30","CVE_MUN":"046","CVEGEO":"30046","NOMGEO":"Cosautlán de Carvajal"}},
{"type":"Feature","geometry":{"type":"Polygon","coordinates":[[[-96.4069,19.7051],[-96.4481,19.727],[-96.5037,19.7058],[-96.5007,19.6838],[-96.5219,19.6824],[-96.5265,19.6626],[-96.5596,19.6192],[-96.6185,19.6124],[-96.6146,19.5928],[-96.631,19.5783],[-96.6597,19.5896],[-96.6814,19.5818],[-96.6809,19.5578],[-96.6653,19.5386],[-96.6815,19.5335],[-96.7058,19.5617],[-96.7299,19.5711],[-96.7578,19.5753],[-96.7678,19.5653],[-96.7884,19.5459],[-96.7738,19.529],[-96.7396,19.521],[-96.707,19.4858],[-96.712,19.4743],[-96.6899,19.4575],[-96.655,19.4547],[-96.6378,19.4343],[-96.606,19.4203],[-96.5783,19.4218],[-96.5606,19.4176],[-96.5543,19.4003],[-96.5407,19.3976],[-96.5248,19.4033],[-96.5131,19.4179],[-96.4944,19.4194],[-96.4808,19.4383],[-96.4748,19.4522],[-96.4386,19.4616],[-96.3947,19.4566],[-96.3666,19.4848],[-96.3375,19.4901],[-96.3301,19.4975],[-96.3606,19.5369],[-96.3756,19.5664],[-96.3739,19.6083],[-96.3964,19.6478],[-96.395,19.6771],[-96.4069,19.7051]]]},"properties":{"CVE_ENT":"30","CVE_MUN":"004","CVEGEO":"30004","NOMGEO":"Actopan"}},
{"type":"Feature","geometry":{"type":"Polygon","coordinates":[[[-97.238,19.6368],[-97.2616,19.6456],[-97.2679,19.638],[-97.2851,19.6166],[-97.3002,19.6137],[-97.3108,19.6331],[-97.3484,19.6126],[-97.3579,19.6232],[-97.3804,19.634],[-97.4027,19.6153],[-97.4199,19.6241],[-97.428,19.6159],[-97.4341,19.5884],[-97.4269,19.5692],[-97.4249,19.5436],[-97.4055,19.5255],[-97.3949,19.4924],[-97.3707,19.495],[-97.3483,19.4846],[-97.3469,19.451],[-97.3573,19.4324],[-97.3901,19.4286],[-97.3941,19.4073],[-97.3717,19.4031],[-97.3604,19.376],[-97.3486,19.3785],[-97.3378,19.3925],[-97.2818,19.3873],[-97.2667,19.3825],[-97.2204,19.3858],[-97.2398,19.4073],[-97.2493,19.4285],[-97.2747,19.4531],[-97.2604,19.4676],[-97.2327,19.4752],[-97.1965,19.4773],[-97.1859,19.4842],[-97.1654,19.4828],[-97.1498,19.488],[-97.1385,19.5082],[-97.1229,19.5192],[-97.1059,19.5215],[-97.1045,19.5303],[-97.1004,19.5479],[-97.1284,19.5775],[-97.1255,19.5981],[-97.145,19.5997],[-97.1671,19.6159],[-97.1716,19.6323],[-97.2043,19.6142],[-97.2185,19.6337],[-97.238,19.6368]]]},"properties":{"CVE_ENT":"30","CVE_MUN":"128","CVEGEO":"30128","NOMGEO":"Perote"}},
{"type":"Feature","geometry":{"type":"Polygon","coordinates":[[[-94.7695,18.0265],[-94.7913,18.0251],[-94.8051,18.0423],[-94.8107,18.0441],[-94.8122,18.0509],[-94.8143,18.0518],[-94.8152,18.0523],[-94.8162,18.0531],[-94.8205,18.0611],[-94.8395,18.06],[-94.8494,18.0537],[-94.8598,18.0526],[-94.8595,18.0514],[-94.8597,18.0507],[-94.8573,18.0498],[-94.8576,18.0432],[-94.8682,18.0419],[-94.8712,18.0314],[-94.8495,17.9985],[-94.8716,17.9871],[-94.8845,17.9951],[-94.8972,17.988],[-94.9066,17.9594],[-94.8905,17.9525],[-94.8565,17.9552],[-94.8131,17.9684],[-94.7914,17.9801],[-94.7813,17.9996],[-94.765,18.0056],[-94.7695,18.0265]]]},"properties":{"CVE_ENT":"30","CVE_MUN":"145","CVEGEO":"30145","NOMGEO":"Soconusco"}},
{"type":"Feature","geometry":{"type":"Polygon","coordinates":[[[-96.9237,19.1934],[-96.9516,19.1974],[-96.9592,19.1853],[-96.9415,19.1814],[-96.9258,19.1594],[-96.8858,19.1439],[-96.886,19.1582],[-96.9089,19.1662],[-96.9237,19.1934]]]},"properties":{"CVE_ENT":"30","CVE_MUN":"146","CVEGEO":"30146","NOMGEO":"Sochiapa"}},
{"type":"Feature","geometry":{"type":"Polygon","coordinates":[[[-97.0221,18.7626],[-97.0412,18.7898],[-97.0613,18.7739],[-97.0705,18.7774],[-97.0667,18.7591],[-97.0468,18.7475],[-97.0284,18.7532],[-97.0221,18.7626]]]},"properties":{"CVE_ENT":"30","CVE_MUN":"098","CVEGEO":"30098","NOMGEO":"Magdalena"}},
{"type":"Feature","geometry":{"type":"Polygon","coordinates":[[[-97.1113,19.7401],[-97.1274,19.7602],[-97.1439,19.7396],[-97.1532,19.7386],[-97.1791,19.7076],[-97.1822,19.6944],[-97.1957,19.6783],[-97.151,19.6463],[-97.1402,19.6711],[-97.1475,19.6866],[-97.141,19.6966],[-97.1027,19.7267],[-97.1113,19.7401]]]},"properties":{"CVE_ENT":"30","CVE_MUN":"107","CVEGEO":"30107","NOMGEO":"Las Minas"}},
{"type":"Feature","geometry":{"type":"Polygon","coordinates":[[[-94.8933,17.8369],[-94.8936,17.8588],[-94.8682,17.8634],[-94.8529,17.8776],[-94.8553,17.9033],[-94.8465,17.9245],[-94.8567,17.9386],[-94.8565,17.9552],[-94.8905,17.9525],[-94.9303,17.9214],[-94.92,17.9023],[-94.932,17.8883],[-94.9297,17.8701],[-94.9,17.8518],[-94.8933,17.8369]]]},"properties":{"CVE_ENT":"30","CVE_MUN":"116","CVEGEO":"30116","NOMGEO":"Oluta"}},
{"type":"Feature","geometry":{"type":"Polygon","coordinates":[[[-97.404,20.4877],[-97.4,20.5034],[-97.4107,20.5537],[-97.4202,20.5796],[-97.4388,20.5901],[-97.441,20.5763],[-97.4548,20.5532],[-97.4822,20.5379],[-97.4783,20.5265],[-97.4881,20.5075],[-97.4484,20.4912],[-97.404,20.4877]]]},"properties":{"CVE_ENT":"30","CVE_MUN":"131","CVEGEO":"30131","NOMGEO":"Poza Rica de Hidalgo"}},
{"type":"Feature","geometry":{"type":"Polygon","coordinates":[[[-96.9684,19.5967],[-96.9744,19.6132],[-96.9875,19.6207],[-96.9966,19.6136],[-96.996,19.5783],[-96.9888,19.5791],[-96.9684,19.5967]]]},"properties":{"CVE_ENT":"30","CVE_MUN":"136","CVEGEO":"30136","NOMGEO":"Rafael Lucio"}},
{"type":"Feature","geometry":{"type":"Polygon","coordinates":[[[-97.1102,18.832],[-97.1318,18.8537],[-97.148,18.8533],[-97.1576,18.8656],[-97.1805,18.8569],[-97.1707,18.8395],[-97.1528,18.8255],[-97.1348,18.8367],[-97.1102,18.832]]]},"properties":{"CVE_ENT":"30","CVE_MUN":"138","CVEGEO":"30138","NOMGEO":"Río Blanco"}},
{"type":"Feature","geometry":{"type":"Polygon","coordinates":[[[-97.0705,18.7774],[-97.0677,18.7874],[-97.0873,18.796],[-97.111,18.7907],[-97.1217,18.7759],[-97.1116,18.7569],[-97.1002,18.7483],[-97.0667,18.7591],[-97.0705,18.7774]]]},"properties":{"CVE_ENT":"30","CVE_MUN":"140","CVEGEO":"30140","NOMGEO":"San Andrés Tenejapan"}},
{"type":"Feature","geometry":{"type":"Polygon","coordinates":[[[-97.0259,19.78],[-97.0366,19.7812],[-97.0711,19.7661],[-97.0779,19.7462],[-97.1113,19.7401],[-97.1027,19.7267],[-97.141,19.6966],[-97.1475,19.6866],[-97.1402,19.6711],[-97.151,19.6463],[-97.0911,19.6568],[-97.0683,19.685],[-97.0659,19.6938],[-97.0442,19.706],[-97.0309,19.7192],[-97.0342,19.7345],[-97.0223,19.7585],[-97.0297,19.7668],[-97.0233,19.7751],[-97.0248,19.7794],[-97.0253,19.7799],[-97.0259,19.78]]]},"properties":{"CVE_ENT":"30","CVE_MUN":"156","CVEGEO":"30156","NOMGEO":"Tatatila"}},
{"type":"Feature","geometry":{"type":"Polygon","coordinates":[[[-97.5877,20.812],[-97.6245,20.8286],[-97.6462,20.8104],[-97.6825,20.8148],[-97.6854,20.8069],[-97.7247,20.808],[-97.7503,20.8148],[-97.7389,20.8015],[-97.714,20.7996],[-97.7281,20.785],[-97.7199,20.7768],[-97.727,20.7432],[-97.749,20.733],[-97.7515,20.7016],[-97.7395,20.6872],[-97.7406,20.6601],[-97.7504,20.6528],[-97.726,20.6367],[-97.7048,20.6296],[-97.7023,20.6411],[-97.6819,20.637],[-97.6653,20.6414],[-97.6585,20.6566],[-97.6319,20.656],[-97.6084,20.6711],[-97.6096,20.6959],[-97.6025,20.7096],[-97.6005,20.7361],[-97.5912,20.7531],[-97.577,20.7992],[-97.5877,20.812]]]},"properties":{"CVE_ENT":"30","CVE_MUN":"157","CVEGEO":"30157","NOMGEO":"Castillo de Teayo"}},
{"type":"Feature","geometry":{"type":"Polygon","coordinates":[[[-96.7845,20.2435],[-96.8494,20.3063],[-96.9091,20.3662],[-96.9504,20.4112],[-96.9857,20.4638],[-97.0247,20.494],[-97.0575,20.5237],[-97.1316,20.5998],[-97.1587,20.5954],[-97.1926,20.5651],[-97.1889,20.5436],[-97.2106,20.5386],[-97.2074,20.5281],[-97.1819,20.5228],[-97.1689,20.5052],[-97.1513,20.507],[-97.1136,20.521],[-97.1042,20.5307],[-97.0639,20.4933],[-97.077,20.4823],[-97.0528,20.4674],[-97.0196,20.4731],[-97.0305,20.4498],[-97.0373,20.4099],[-97.0696,20.407],[-97.0961,20.3963],[-97.1114,20.3797],[-97.129,20.3721],[-97.1417,20.3761],[-97.1409,20.3449],[-97.1555,20.3291],[-97.1448,20.3134],[-97.1095,20.3014],[-97.103,20.2883],[-97.1038,20.2562],[-97.0864,20.2743],[-97.0596,20.26],[-97.0469,20.2622],[-97.0442,20.277],[-97.01,20.2754],[-97.0085,20.2896],[-96.9971,20.2962],[-96.9768,20.2842],[-96.9739,20.2738],[-96.9494,20.2818],[-96.9346,20.2978],[-96.9198,20.2975],[-96.888,20.2707],[-96.8731,20.2798],[-96.8539,20.2782],[-96.8436,20.2609],[-96.8306,20.2573],[-96.8158,20.2422],[-96.8037,20.2472],[-96.7854,20.2418],[-96.7845,20.2435]]]},"properties":{"CVE_ENT":"30","CVE_MUN":"158","CVEGEO":"30158","NOMGEO":"Tecolutla"}},
{"type":"Feature","geometry":{"type":"Polygon","coordinates":[[[-96.9744,18.5534],[-96.9901,18.5546],[-97.0218,18.5665],[-97.0415,18.5855],[-97.0481,18.5814],[-97.0711,18.5692],[-97.0794,18.5548],[-97.1127,18.5213],[-97.0835,18.4839],[-97.0811,18.4638],[-97.052,18.4857],[-97.0464,18.4996],[-96.9989,18.5319],[-96.9744,18.5534]]]},"properties":{"CVE_ENT":"30","CVE_MUN":"159","CVEGEO":"30159","NOMGEO":"Tehuipango"}},
{"type":"Feature","geometry":{"type":"Polygon","coordinates":[[[-97.5566,21.1054],[-97.5726,21.1078],[-97.5882,21.124],[-97.5938,21.1386],[-97.63,21.1589],[-97.637,21.1837],[-97.6718,21.1884],[-97.6852,21.1987],[-97.6973,21.1938],[-97.6998,21.1896],[-97.7028,21.1934],[-97.7054,21.1915],[-97.7084,21.1531],[-97.7199,21.1415],[-97.7552,21.1394],[-97.7577,21.1249],[-97.7503,21.0945],[-97.7655,21.0913],[-97.8012,21.1042],[-97.8167,21.1235],[-97.8278,21.1006],[-97.8514,21.0865],[-97.8578,21.0705],[-97.8747,21.0648],[-97.8899,21.0486],[-97.9125,21.0507],[-97.9211,21.0263],[-97.9058,21.0199],[-97.9068,21.0003],[-97.8998,20.9895],[-97.8776,20.9814],[-97.8655,20.989],[-97.8581,20.9715],[-97.8783,20.9364],[-97.8745,20.9036],[-97.8803,20.8933],[-97.8995,20.898],[-97.9159,20.8749],[-97.9017,20.8478],[-97.9202,20.8342],[-97.9218,20.8092],[-97.9285,20.7892],[-97.9137,20.7839],[-97.8948,20.7978],[-97.8791,20.8343],[-97.8558,20.8332],[-97.8499,20.8191],[-97.8303,20.808],[-97.8074,20.8215],[-97.7904,20.8168],[-97.7709,20.8261],[-97.7503,20.8148],[-97.7247,20.808],[-97.6854,20.8069],[-97.6825,20.8148],[-97.6462,20.8104],[-97.6245,20.8286],[-97.5877,20.812],[-97.5568,20.8204],[-97.5303,20.8233],[-97.5076,20.8516],[-97.5015,20.8804],[-97.4998,20.933],[-97.5192,20.9341],[-97.5264,20.9539],[-97.5717,20.9501],[-97.5927,20.9717],[-97.5892,20.9818],[-97.5918,21.0277],[-97.5764,21.0221],[-97.5617,21.0345],[-97.5488,21.055],[-97.5615,21.0663],[-97.5544,21.0843],[-97.5385,21.07],[-97.5169,21.0754],[-97.5087,21.1002],[-97.5566,21.1054]]]},"properties":{"CVE_ENT":"30","CVE_MUN":"160","CVEGEO":"30160","NOMGEO":"Álamo Temapache"}},
{"type":"Feature","geometry":{"type":"Polygon","coordinates":[[[-98.1595,21.7115],[-98.1904,21.715],[-98.2274,21.7036],[-98.2599,21.7013],[-98.313,21.6894],[-98.3257,21.6719],[-98.3667,21.6675],[-98.374,21.6618],[-98.4185,21.657],[-98.448,21.6778],[-98.481,21.67],[-98.4894,21.6586],[-98.5149,21.6478],[-98.5365,21.6463],[-98.5508,21.6915],[-98.5583,21.6877],[-98.5755,21.6745],[-98.597,21.6687],[-98.6192,21.6713],[-98.6174,21.6556],[-98.6332,21.6539],[-98.6359,21.6264],[-98.6211,21.6278],[-98.6182,21.5788],[-98.6095,21.5748],[-98.6001,21.5544],[-98.602,21.5434],[-98.5323,21.5011],[-98.5359,21.4939],[-98.5169,21.4607],[-98.5224,21.437],[-98.5209,21.4041],[-98.5043,21.3894],[-98.4798,21.3966],[-98.4674,21.3786],[-98.4475,21.3998],[-98.4137,21.3837],[-98.3952,21.4156],[-98.3766,21.4087],[-98.3517,21.3921],[-98.3292,21.4253],[-98.3459,21.459],[-98.3293,21.4765],[-98.2939,21.4804],[-98.27,21.5033],[-98.2595,21.4875],[-98.2576,21.4717],[-98.2377,21.4824],[-98.2551,21.5075],[-98.2524,21.5324],[-98.2422,21.5416],[-98.2321,21.5638],[-98.2027,21.5797],[-98.184,21.5807],[-98.1743,21.5724],[-98.1573,21.574],[-98.1245,21.5946],[-98.1093,21.5941],[-98.1076,21.6233],[-98.0879,21.6412],[-98.0995,21.6465],[-98.1277,21.6596],[-98.1485,21.679],[-98.1595,21.7115]]]},"properties":{"CVE_ENT":"30","CVE_MUN":"161","CVEGEO":"30161","NOMGEO":"Tempoal"}},
{"type":"Feature","geometry":{"type":"Polygon","coordinates":[[[-96.8258,19.2467],[-96.754,19.2733],[-96.77,19.2879],[-96.7927,19.2832],[-96.8318,19.2998],[-96.8534,19.2884],[-96.8795,19.2608],[-96.8983,19.251],[-96.9143,19.2331],[-96.887,19.217],[-96.8569,19.2266],[-96.8258,19.2467]]]},"properties":{"CVE_ENT":"30","CVE_MUN":"162","CVEGEO":"30162","NOMGEO":"Tenampa"}},
{"type":"Feature","geometry":{"type":"Polygon","coordinates":[[[-98.0468,21.3395],[-98.0686,21.3419],[-98.0615,21.3217],[-98.0699,21.3139],[-98.0637,21.2878],[-98.0693,21.2738],[-98.0885,21.2752],[-98.0997,21.243],[-98.0754,21.2424],[-98.067,21.2341],[-98.0704,21.2088],[-98.0442,21.1949],[-98.0353,21.1714],[-98.0434,21.1576],[-98.0142,21.1486],[-97.9664,21.1706],[-97.9639,21.1809],[-97.9612,21.1864],[-97.9612,21.211],[-97.9326,21.2047],[-97.929,21.2162],[-97.9372,21.2333],[-97.9585,21.2382],[-97.9792,21.256],[-97.9994,21.2486],[-98.0045,21.2611],[-98.0026,21.2915],[-98.0189,21.3279],[-98.0405,21.3246],[-98.0468,21.3395]]]},"properties":{"CVE_ENT":"30","CVE_MUN":"078","CVEGEO":"30078","NOMGEO":"Ixcatepec"}},
{"type":"Feature","geometry":{"type":"Polygon","coordinates":[[[-97.8292,21.2233],[-97.8575,21.2241],[-97.8709,21.2381],[-97.8876,21.2318],[-97.9153,21.1979],[-97.9366,21.1997],[-97.9612,21.1864],[-97.9639,21.1809],[-97.9416,21.1668],[-97.941,21.1504],[-97.9505,21.1153],[-97.938,21.1041],[-97.9237,21.1066],[-97.9039,21.0961],[-97.8938,21.0744],[-97.8747,21.0648],[-97.8578,21.0705],[-97.8514,21.0865],[-97.8278,21.1006],[-97.8167,21.1235],[-97.8012,21.1042],[-97.7655,21.0913],[-97.7503,21.0945],[-97.7577,21.1249],[-97.7552,21.1394],[-97.7769,21.1452],[-97.7801,21.1648],[-97.8069,21.1851],[-97.8327,21.1802],[-97.8442,21.1968],[-97.8292,21.2233]]]},"properties":{"CVE_ENT":"30","CVE_MUN":"167","CVEGEO":"30167","NOMGEO":"Tepetzintla"}},
{"type":"Feature","geometry":{"type":"Polygon","coordinates":[[[-95.5941,18.3544],[-95.594,18.3549],[-95.6375,18.3514],[-95.6397,18.3563],[-95.643,18.3404],[-95.6556,18.3299],[-95.6615,18.3084],[-95.6424,18.3045],[-95.6447,18.281],[-95.6574,18.2768],[-95.654,18.262],[-95.683,18.2507],[-95.6825,18.2377],[-95.7002,18.2361],[-95.7183,18.2148],[-95.7077,18.1888],[-95.7262,18.1823],[-95.7286,18.164],[-95.7654,18.1506],[-95.7758,18.1245],[-95.7809,18.093],[-95.8242,18.081],[-95.7999,17.95],[-95.8,17.9498],[-95.8,17.9495],[-95.8,17.9491],[-95.7999,17.9487],[-95.7986,17.9457],[-95.8001,17.9414],[-95.7955,17.9274],[-95.7897,17.9361],[-95.765,17.9259],[-95.7289,17.9203],[-95.7129,17.9478],[-95.7001,17.956],[-95.6998,17.9821],[-95.6843,17.9962],[-95.6616,17.9919],[-95.6576,18.0117],[-95.6472,18.0291],[-95.6497,18.0517],[-95.6456,18.0684],[-95.6299,18.0709],[-95.6255,18.0861],[-95.6619,18.0945],[-95.6648,18.1112],[-95.6499,18.1244],[-95.6537,18.1438],[-95.6394,18.1548],[-95.6542,18.1817],[-95.6446,18.2057],[-95.6141,18.2152],[-95.6069,18.2308],[-95.5811,18.2429],[-95.5788,18.2596],[-95.5588,18.2756],[-95.5972,18.3158],[-95.5861,18.3288],[-95.5941,18.3544]]]},"properties":{"CVE_ENT":"30","CVE_MUN":"169","CVEGEO":"30169","NOMGEO":"José Azueta"}},
{"type":"Feature","geometry":{"type":"Polygon","coordinates":[[[-97.0466,18.7986],[-97.0641,18.788],[-97.0756,18.8079],[-97.0956,18.8122],[-97.111,18.7907],[-97.0873,18.796],[-97.0677,18.7874],[-97.0705,18.7774],[-97.0613,18.7739],[-97.0412,18.7898],[-97.0466,18.7986]]]},"properties":{"CVE_ENT":"30","CVE_MUN":"185","CVEGEO":"30185","NOMGEO":"Tlilapan"}},
{"type":"Feature","geometry":{"type":"Polygon","coordinates":[[[-95.8515,18.1308],[-95.8498,18.1412],[-95.8675,18.1507],[-95.8714,18.1758],[-95.8487,18.1827],[-95.8466,18.2091],[-95.8884,18.2507],[-95.9015,18.2396],[-95.912,18.2506],[-95.9197,18.2468],[-95.9111,18.2406],[-95.9116,18.2219],[-95.8938,18.2236],[-95.8789,18.1978],[-95.89,18.1884],[-95.9108,18.1849],[-95.9124,18.1528],[-95.9027,18.1357],[-95.8515,18.1308]]]},"properties":{"CVE_ENT":"30","CVE_MUN":"190","CVEGEO":"30190","NOMGEO":"Tuxtilla"}},
{"type":"Feature","geometry":{"type":"Polygon","coordinates":[[[-94.9919,18.1274],[-94.9978,18.1385],[-95.0165,18.14],[-95.0206,18.1216],[-95.0418,18.1153],[-95.0596,18.1325],[-95.0869,18.1424],[-95.1028,18.1276],[-95.1205,18.1334],[-95.1388,18.1086],[-95.1597,18.0891],[-95.1599,18.0767],[-95.1828,18.0744],[-95.2044,18.0812],[-95.2258,18.0987],[-95.2251,18.1122],[-95.2434,18.1087],[-95.2599,18.1235],[-95.2493,18.1047],[-95.227,18.0853],[-95.2414,18.0519],[-95.2223,18.0507],[-95.1972,18.0343],[-95.2077,18.0194],[-95.1959,17.9854],[-95.1813,17.9858],[-95.1664,17.9777],[-95.1648,17.9549],[-95.1454,17.9435],[-95.1189,17.959],[-95.0967,17.9572],[-95.097,17.9728],[-95.0583,17.9743],[-95.0455,17.9599],[-95.0101,17.9643],[-95.0075,17.9299],[-94.9862,17.9258],[-94.9825,17.9077],[-94.9548,17.9285],[-94.9303,17.9214],[-94.8905,17.9525],[-94.9066,17.9594],[-94.8972,17.988],[-94.8845,17.9951],[-94.8716,17.9871],[-94.8495,17.9985],[-94.8712,18.0314],[-94.8682,18.0419],[-94.8576,18.0432],[-94.8573,18.0498],[-94.8597,18.0507],[-94.8595,18.0514],[-94.8598,18.0526],[-94.8694,18.06],[-94.8743,18.0654],[-94.8855,18.0976],[-94.8841,18.1071],[-94.9184,18.1187],[-94.923,18.1346],[-94.9437,18.1375],[-94.9752,18.115],[-94.9895,18.1064],[-94.9926,18.1104],[-94.9894,18.1261],[-94.9917,18.1262],[-94.9922,18.1269],[-94.9919,18.1274]]]},"properties":{"CVE_ENT":"30","CVE_MUN":"003","CVEGEO":"30003","NOMGEO":"Acayucan"}},
{"type":"Feature","geometry":{"type":"Polygon","coordinates":[[[-97.1957,19.6783],[-97.2099,19.683],[-97.2282,19.6786],[-97.2503,19.6879],[-97.2556,19.6779],[-97.2364,19.657],[-97.238,19.6368],[-97.2185,19.6337],[-97.2043,19.6142],[-97.1716,19.6323],[-97.1671,19.6159],[-97.1521,19.6216],[-97.151,19.6463],[-97.1957,19.6783]]]},"properties":{"CVE_ENT":"30","CVE_MUN":"194","CVEGEO":"30194","NOMGEO":"Villa Aldama"}},
{"type":"Feature","geometry":{"type":"Polygon","coordinates":[[[-94.6714,17.9557],[-94.6285,17.9247],[-94.6086,17.9346],[-94.6134,17.9646],[-94.647,17.9633],[-94.6543,17.9717],[-94.6763,17.9623],[-94.6714,17.9557]]]},"properties":{"CVE_ENT":"30","CVE_MUN":"199","CVEGEO":"30199","NOMGEO":"Zaragoza"}},
{"type":"Feature","geometry":{"type":"Polygon","coordinates":[[[-94.3445,18.061],[-94.3732,18.0806],[-94.3911,18.0725],[-94.4002,18.0909],[-94.4241,18.098],[-94.4143,18.0684],[-94.4186,18.0574],[-94.4209,18.0539],[-94.4221,18.0524],[-94.4127,18.0341],[-94.3752,18.0454],[-94.3445,18.061]]]},"properties":{"CVE_ENT":"30","CVE_MUN":"206","CVEGEO":"30206","NOMGEO":"Nanchital de Lázaro Cárdenas del Río"}},
{"type":"Feature","geometry":{"type":"Polygon","coordinates":[[[-95.5253,18.7148],[-95.5694,18.7192],[-95.6241,18.7298],[-95.67,18.7445],[-95.7202,18.7688],[-95.7409,18.7869],[-95.7834,18.8],[-95.8623,18.8325],[-95.9008,18.8594],[-95.9269,18.8852],[-95.9408,18.9051],[-95.9413,18.9254],[-95.9605,18.9653],[-95.9698,19.0502],[-95.9785,19.0623],[-96.017,19.0561],[-96.0347,19.0571],[-96.0626,19.0655],[-96.0879,19.0824],[-96.0985,19.1023],[-96.1137,19.0861],[-96.1172,19.0557],[-96.0966,19.0417],[-96.1111,19.0105],[-96.092,18.9949],[-96.0756,18.9976],[-96.0692,18.9888],[-96.0439,18.9866],[-96.022,18.9406],[-96.0329,18.9],[-96.0226,18.8856],[-95.9863,18.8851],[-95.9819,18.8547],[-95.985,18.8365],[-95.9985,18.8268],[-95.996,18.8023],[-95.9767,18.7931],[-95.9366,18.7941],[-95.9115,18.7779],[-95.9072,18.7534],[-95.8784,18.7486],[-95.8657,18.7522],[-95.871,18.7268],[-95.8824,18.721],[-95.8931,18.6224],[-95.8787,18.6295],[-95.8655,18.6447],[-95.8332,18.6546],[-95.8025,18.6396],[-95.8112,18.6174],[-95.7935,18.6154],[-95.7863,18.5827],[-95.766,18.5715],[-95.7583,18.555],[-95.749,18.5795],[-95.7513,18.5975],[-95.7346,18.6026],[-95.7215,18.6155],[-95.7252,18.6369],[-95.7247,18.667],[-95.7115,18.676],[-95.696,18.6741],[-95.6787,18.6833],[-95.6562,18.6869],[-95.6469,18.6959],[-95.5943,18.692],[-95.58,18.671],[-95.5577,18.662],[-95.5506,18.653],[-95.5119,18.6649],[-95.5099,18.689],[-95.5253,18.7148]]]},"properties":{"CVE_ENT":"30","CVE_MUN":"011","CVEGEO":"30011","NOMGEO":"Alvarado"}},
{"type":"Feature","geometry":{"type":"Polygon","coordinates":[[[-95.594,18.3549],[-95.6101,18.3608],[-95.6173,18.3865],[-95.6316,18.3935],[-95.6312,18.4208],[-95.6459,18.4308],[-95.6464,18.4482],[-95.6623,18.4641],[-95.6831,18.4952],[-95.6991,18.5046],[-95.7166,18.5236],[-95.7056,18.494],[-95.7207,18.4814],[-95.7461,18.4866],[-95.7547,18.4715],[-95.7782,18.4668],[-95.7693,18.4389],[-95.7572,18.4388],[-95.7406,18.4193],[-95.681,18.3873],[-95.6522,18.3746],[-95.6397,18.3563],[-95.6375,18.3514],[-95.594,18.3549]]]},"properties":{"CVE_ENT":"30","CVE_MUN":"012","CVEGEO":"30012","NOMGEO":"Amatitlán"}},
{"type":"Feature","geometry":{"type":"Polygon","coordinates":[[[-95.2873,18.7152],[-95.2956,18.7135],[-95.3927,18.7105],[-95.4371,18.7109],[-95.4487,18.6972],[-95.4751,18.684],[-95.4585,18.6621],[-95.4672,18.6559],[-95.471,18.627],[-95.4681,18.6039],[-95.469,18.556],[-95.4822,18.5555],[-95.4961,18.5385],[-95.5031,18.4764],[-95.4752,18.4692],[-95.4703,18.4798],[-95.4524,18.4835],[-95.4461,18.5017],[-95.4271,18.5013],[-95.4265,18.4911],[-95.4018,18.4951],[-95.3804,18.4892],[-95.3798,18.5023],[-95.3496,18.5067],[-95.329,18.5207],[-95.3142,18.5592],[-95.3243,18.573],[-95.2875,18.5939],[-95.2938,18.6165],[-95.2861,18.6641],[-95.2935,18.6706],[-95.299,18.6965],[-95.2873,18.7152]]]},"properties":{"CVE_ENT":"30","CVE_MUN":"015","CVEGEO":"30015","NOMGEO":"Angel R. Cabada"}},
{"type":"Feature","geometry":{"type":"Polygon","coordinates":[[[-96.3394,19.2419],[-96.3096,19.2349],[-96.2911,19.2435],[-96.2868,19.2599],[-96.2706,19.2629],[-96.2414,19.2255],[-96.2267,19.2209],[-96.2261,19.2672],[-96.2724,19.2985],[-96.2936,19.3213],[-96.3108,19.3585],[-96.3064,19.3721],[-96.3217,19.4143],[-96.3321,19.3959],[-96.3533,19.3955],[-96.3771,19.4007],[-96.3732,19.3806],[-96.3848,19.3606],[-96.3739,19.3583],[-96.3494,19.3412],[-96.3529,19.3291],[-96.3458,19.3148],[-96.325,19.2963],[-96.3394,19.2419]]]},"properties":{"CVE_ENT":"30","CVE_MUN":"016","CVEGEO":"30016","NOMGEO":"La Antigua"}},
{"type":"Feature","geometry":{"type":"Polygon","coordinates":[[[-96.5624,19.3419],[-96.6366,19.3486],[-96.6541,19.3378],[-96.6679,19.3646],[-96.689,19.375],[-96.7069,19.3578],[-96.7371,19.3724],[-96.7306,19.3352],[-96.7186,19.3154],[-96.7029,19.3118],[-96.678,19.3036],[-96.6657,19.3142],[-96.6317,19.3193],[-96.608,19.3363],[-96.5976,19.3211],[-96.5769,19.3254],[-96.5624,19.3419]]]},"properties":{"CVE_ENT":"30","CVE_MUN":"017","CVEGEO":"30017","NOMGEO":"Apazapan"}},
{"type":"Feature","geometry":{"type":"Polygon","coordinates":[[[-96.7263,18.7442],[-96.7323,18.7396],[-96.7803,18.7508],[-96.7994,18.7506],[-96.8228,18.7629],[-96.846,18.766],[-96.8538,18.7583],[-96.87,18.7626],[-96.8769,18.7732],[-96.9043,18.7861],[-96.9153,18.761],[-96.893,18.7421],[-96.8717,18.7523],[-96.8472,18.7439],[-96.8429,18.7526],[-96.7862,18.7122],[-96.7723,18.6939],[-96.7441,18.6925],[-96.7235,18.6796],[-96.7082,18.6582],[-96.6841,18.6443],[-96.6833,18.6693],[-96.6282,18.6319],[-96.6119,18.6546],[-96.6132,18.676],[-96.5918,18.6801],[-96.5986,18.6929],[-96.5914,18.7053],[-96.5669,18.7077],[-96.58,18.7246],[-96.5768,18.7388],[-96.5936,18.7383],[-96.6485,18.7461],[-96.6548,18.7515],[-96.6895,18.7445],[-96.7263,18.7442]]]},"properties":{"CVE_ENT":"30","CVE_MUN":"117","CVEGEO":"30117","NOMGEO":"Omealca"}},
{"type":"Feature","geometry":{"type":"Polygon","coordinates":[[[-96.8733,18.9573],[-96.8998,18.9644],[-96.9131,19.0062],[-96.9392,19.0105],[-96.9643,19.0087],[-96.9894,18.9905],[-96.9913,18.9791],[-97.0036,18.9529],[-96.9803,18.9324],[-96.9587,18.9083],[-96.9809,18.9029],[-96.9816,18.8829],[-96.97,18.8467],[-96.9566,18.8383],[-96.9483,18.852],[-96.9306,18.8548],[-96.9176,18.8638],[-96.8988,18.8644],[-96.8925,18.8872],[-96.9069,18.8967],[-96.8961,18.9069],[-96.8753,18.9112],[-96.8831,18.9266],[-96.8814,18.9494],[-96.8733,18.9573]]]},"properties":{"CVE_ENT":"30","CVE_MUN":"044","CVEGEO":"30044","NOMGEO":"Córdoba"}},
{"type":"Feature","geometry":{"type":"Polygon","coordinates":[[[-96.9997,19.0861],[-97.0256,19.1241],[-97.0381,19.1343],[-97.0529,19.1323],[-97.0665,19.1129],[-97.0697,19.0995],[-97.0893,19.0904],[-97.1148,19.0689],[-97.1421,19.0626],[-97.1745,19.0658],[-97.1948,19.0539],[-97.1651,19.0131],[-97.1038,18.9899],[-97.092,18.9838],[-97.0865,18.9967],[-97.0652,19.0027],[-97.0721,19.0227],[-97.0277,19.0335],[-97.006,19.0513],[-97.0179,19.0701],[-96.9997,19.0861]]]},"properties":{"CVE_ENT":"30","CVE_MUN":"047","CVEGEO":"30047","NOMGEO":"Coscomatepec"}},
{"type":"Feature","geometry":{"type":"Polygon","coordinates":[[[-96.3052,18.9741],[-96.3144,18.9782],[-96.3267,18.967],[-96.3498,18.9713],[-96.3693,18.9481],[-96.3949,18.9364],[-96.414,18.9373],[-96.4265,18.9445],[-96.4587,18.9467],[-96.4666,18.9395],[-96.4677,18.93],[-96.5,18.9286],[-96.5163,18.9125],[-96.5364,18.9021],[-96.5155,18.8712],[-96.5281,18.8646],[-96.4875,18.8371],[-96.4797,18.8209],[-96.4666,18.8141],[-96.4718,18.802],[-96.4658,18.786],[-96.4738,18.7771],[-96.4755,18.7364],[-96.4348,18.7367],[-96.4055,18.7461],[-96.4163,18.7678],[-96.3916,18.7841],[-96.3677,18.7857],[-96.3588,18.7921],[-96.3399,18.7878],[-96.3314,18.7967],[-96.3055,18.7842],[-96.2846,18.7824],[-96.2714,18.7884],[-96.2691,18.8102],[-96.2412,18.8277],[-96.2001,18.8327],[-96.1839,18.8425],[-96.1934,18.9023],[-96.2115,18.8869],[-96.2159,18.92],[-96.2463,18.9025],[-96.263,18.9073],[-96.2635,18.9173],[-96.2741,18.9165],[-96.2869,18.944],[-96.3009,18.9434],[-96.2967,18.9621],[-96.3052,18.9741]]]},"properties":{"CVE_ENT":"30","CVE_MUN":"049","CVEGEO":"30049","NOMGEO":"Cotaxtla"}},
{"type":"Feature","geometry":{"type":"Polygon","coordinates":[[[-96.8377,18.7859],[-96.8686,18.7834],[-96.8902,18.7934],[-96.9043,18.7861],[-96.8769,18.7732],[-96.87,18.7626],[-96.8538,18.7583],[-96.846,18.766],[-96.8228,18.7629],[-96.7994,18.7506],[-96.7803,18.7508],[-96.7323,18.7396],[-96.7263,18.7442],[-96.7774,18.7686],[-96.7985,18.7756],[-96.8288,18.776],[-96.8377,18.7859]]]},"properties":{"CVE_ENT":"30","CVE_MUN":"052","CVEGEO":"30052","NOMGEO":"Cuichapa"}},
{"type":"Feature","geometry":{"type":"Polygon","coordinates":[[[-97.2183,18.911],[-97.2472,18.9189],[-97.2458,18.8933],[-97.2744,18.8881],[-97.2973,18.8673],[-97.2984,18.8605],[-97.3088,18.8429],[-97.3245,18.8304],[-97.3258,18.813],[-97.312,18.8107],[-97.2922,18.7864],[-97.3254,18.7665],[-97.2789,18.7726],[-97.2489,18.7855],[-97.2245,18.7917],[-97.2229,18.808],[-97.2325,18.834],[-97.2274,18.8599],[-97.2117,18.8686],[-97.2127,18.8796],[-97.2321,18.9036],[-97.2183,18.911]]]},"properties":{"CVE_ENT":"30","CVE_MUN":"099","CVEGEO":"30099","NOMGEO":"Maltrata"}},
{"type":"Feature","geometry":{"type":"Polygon","coordinates":[[[-96.2636,19.1333],[-96.2929,19.1542],[-96.3138,19.1606],[-96.3061,19.1857],[-96.3197,19.1987],[-96.3323,19.1988],[-96.3642,19.191],[-96.405,19.186],[-96.4209,19.1894],[-96.4445,19.1863],[-96.4377,19.1701],[-96.4156,19.1682],[-96.4074,19.1339],[-96.3952,19.1107],[-96.3971,19.093],[-96.3731,19.076],[-96.3992,19.0323],[-96.3522,19.0153],[-96.3199,18.9994],[-96.3144,18.9782],[-96.3052,18.9741],[-96.3131,18.9938],[-96.2954,19.0076],[-96.3073,19.0227],[-96.2921,19.0522],[-96.2644,19.0642],[-96.2563,19.0919],[-96.2636,19.1333]]]},"properties":{"CVE_ENT":"30","CVE_MUN":"100","CVEGEO":"30100","NOMGEO":"Manlio Fabio Altamirano"}},
{"type":"Feature","geometry":{"type":"Polygon","coordinates":[[[-98.2314,20.6118],[-98.2491,20.6047],[-98.2723,20.5877],[-98.2844,20.5847],[-98.3168,20.5894],[-98.3231,20.5587],[-98.3466,20.5496],[-98.3697,20.5614],[-98.3986,20.5417],[-98.4045,20.5331],[-98.4241,20.5359],[-98.4304,20.513],[-98.4038,20.4822],[-98.4116,20.462],[-98.4467,20.4251],[-98.4446,20.3998],[-98.4294,20.4001],[-98.4013,20.4093],[-98.3862,20.4027],[-98.3553,20.4018],[-98.3372,20.4141],[-98.321,20.418],[-98.3173,20.4288],[-98.3157,20.4457],[-98.2774,20.4727],[-98.2637,20.4914],[-98.286,20.502],[-98.287,20.5197],[-98.2544,20.5356],[-98.2422,20.565],[-98.2372,20.5998],[-98.2314,20.6118]]]},"properties":{"CVE_ENT":"30","CVE_MUN":"198","CVEGEO":"30198","NOMGEO":"Zacualpan"}},
{"type":"Feature","geometry":{"type":"Polygon","coordinates":[[[-95.4681,18.6039],[-95.4929,18.6113],[-95.5443,18.6084],[-95.5512,18.6214],[-95.5818,18.605],[-95.5802,18.5905],[-95.5668,18.5811],[-95.5733,18.5611],[-95.5441,18.5339],[-95.5342,18.4872],[-95.5268,18.4893],[-95.5031,18.4764],[-95.4961,18.5385],[-95.4822,18.5555],[-95.469,18.556],[-95.4681,18.6039]]]},"properties":{"CVE_ENT":"30","CVE_MUN":"139","CVEGEO":"30139","NOMGEO":"Saltabarranca"}},
{"type":"Feature","geometry":{"type":"Polygon","coordinates":[[[-96.9043,18.7861],[-96.9242,18.7949],[-96.9324,18.7897],[-96.937,18.7816],[-96.9281,18.7807],[-96.9375,18.7551],[-96.9153,18.761],[-96.9043,18.7861]]]},"properties":{"CVE_ENT":"30","CVE_MUN":"041","CVEGEO":"30041","NOMGEO":"Coetzala"}},
{"type":"Feature","geometry":{"type":"Polygon","coordinates":[[[-97.8747,21.0648],[-97.8938,21.0744],[-97.9039,21.0961],[-97.9237,21.1066],[-97.938,21.1041],[-97.9505,21.1153],[-97.941,21.1504],[-97.9416,21.1668],[-97.9639,21.1809],[-97.9664,21.1706],[-98.0142,21.1486],[-98.0434,21.1576],[-98.0485,21.1651],[-98.0702,21.1595],[-98.0922,21.1648],[-98.1142,21.1586],[-98.1214,21.1449],[-98.1471,21.1368],[-98.1558,21.1392],[-98.1761,21.1109],[-98.1876,21.1108],[-98.1491,21.083],[-98.1545,21.0661],[-98.1508,21.0472],[-98.1557,21.0334],[-98.1726,21.0208],[-98.1909,21.0264],[-98.2027,21.0094],[-98.2017,20.9943],[-98.215,20.9896],[-98.2098,20.9707],[-98.2257,20.9594],[-98.2373,20.931],[-98.2394,20.923],[-98.2249,20.9066],[-98.1985,20.8856],[-98.1883,20.9042],[-98.1678,20.8968],[-98.1573,20.8838],[-98.1384,20.8848],[-98.1181,20.8781],[-98.1097,20.8632],[-98.0989,20.8726],[-98.0782,20.8709],[-98.0567,20.8777],[-98.0416,20.8954],[-98.0267,20.8827],[-97.9908,20.8776],[-97.9637,20.8532],[-97.9545,20.8318],[-97.9419,20.8369],[-97.9237,20.8555],[-97.9159,20.8749],[-97.8995,20.898],[-97.8803,20.8933],[-97.8745,20.9036],[-97.8783,20.9364],[-97.8581,20.9715],[-97.8655,20.989],[-97.8776,20.9814],[-97.8998,20.9895],[-97.9068,21.0003],[-97.9058,21.0199],[-97.9211,21.0263],[-97.9125,21.0507],[-97.8899,21.0486],[-97.8747,21.0648]]]},"properties":{"CVE_ENT":"30","CVE_MUN":"058","CVEGEO":"30058","NOMGEO":"Chicontepec"}},
{"type":"Feature","geometry":{"type":"Polygon","coordinates":[[[-97.0871,18.8329],[-97.0985,18.833],[-97.0954,18.8257],[-97.1318,18.7964],[-97.1405,18.7673],[-97.1307,18.7663],[-97.1116,18.7569],[-97.1217,18.7759],[-97.111,18.7907],[-97.0956,18.8122],[-97.0756,18.8079],[-97.0641,18.788],[-97.0466,18.7986],[-97.0628,18.8271],[-97.0871,18.8329]]]},"properties":{"CVE_ENT":"30","CVE_MUN":"135","CVEGEO":"30135","NOMGEO":"Rafael Delgado"}},
{"type":"Feature","geometry":{"type":"Polygon","coordinates":[[[-95.9197,18.2468],[-95.9502,18.2513],[-95.9561,18.235],[-95.9687,18.2369],[-95.9887,18.2245],[-95.9988,18.2069],[-95.9825,18.1893],[-96.007,18.1848],[-96.0158,18.1677],[-95.9928,18.1596],[-95.9906,18.1512],[-95.9793,18.1467],[-95.9775,18.1491],[-95.9742,18.1488],[-95.9702,18.1507],[-95.9626,18.1521],[-95.9591,18.1571],[-95.9525,18.1598],[-95.9374,18.1568],[-95.934,18.1452],[-95.9125,18.1506],[-95.9027,18.1357],[-95.9124,18.1528],[-95.9108,18.1849],[-95.89,18.1884],[-95.8789,18.1978],[-95.8938,18.2236],[-95.9116,18.2219],[-95.9111,18.2406],[-95.9197,18.2468]]]},"properties":{"CVE_ENT":"30","CVE_MUN":"176","CVEGEO":"30176","NOMGEO":"Tlacojalpan"}},
{"type":"Feature","geometry":{"type":"Polygon","coordinates":[[[-94.6543,17.9717],[-94.651,18.0175],[-94.684,18.0122],[-94.6922,18.0065],[-94.6933,17.9762],[-94.6963,17.9649],[-94.6884,17.9576],[-94.6727,17.9677],[-94.6543,17.9717]]]},"properties":{"CVE_ENT":"30","CVE_MUN":"120","CVEGEO":"30120","NOMGEO":"Oteapan"}},
{"type":"Feature","geometry":{"type":"Polygon","coordinates":[[[-97.0696,18.7032],[-97.0864,18.7083],[-97.1212,18.7015],[-97.1322,18.7303],[-97.1373,18.7166],[-97.1359,18.6839],[-97.1471,18.673],[-97.1663,18.6868],[-97.1854,18.6678],[-97.1784,18.6598],[-97.1589,18.6642],[-97.1433,18.6665],[-97.1342,18.6481],[-97.1094,18.6554],[-97.0847,18.6412],[-97.064,18.6639],[-97.0556,18.6852],[-97.0696,18.7032]]]},"properties":{"CVE_ENT":"30","CVE_MUN":"020","CVEGEO":"30020","NOMGEO":"Atlahuilco"}},
{"type":"Feature","geometry":{"type":"Polygon","coordinates":[[[-96.8149,19.0089],[-96.8472,19.004],[-96.858,19.0108],[-96.8675,19.0018],[-96.8537,18.9606],[-96.8447,18.9572],[-96.8294,18.9374],[-96.8364,18.9251],[-96.8239,18.9015],[-96.8248,18.8822],[-96.7809,18.8738],[-96.7615,18.8513],[-96.7477,18.8457],[-96.7352,18.8399],[-96.7117,18.8485],[-96.7331,18.8678],[-96.7451,18.8982],[-96.7509,18.8987],[-96.7682,18.9365],[-96.7786,18.9521],[-96.7942,18.995],[-96.8143,18.9987],[-96.8149,19.0089]]]},"properties":{"CVE_ENT":"30","CVE_MUN":"021","CVEGEO":"30021","NOMGEO":"Atoyac"}},
{"type":"Feature","geometry":{"type":"Polygon","coordinates":[[[-97.0329,18.9638],[-97.0457,18.9913],[-97.0713,18.9753],[-97.092,18.9838],[-97.1038,18.9899],[-97.1277,18.9708],[-97.1208,18.9486],[-97.0943,18.937],[-97.0871,18.9195],[-97.1063,18.9108],[-97.0988,18.9029],[-97.1057,18.8862],[-97.0844,18.8805],[-97.0659,18.8907],[-97.0619,18.9],[-97.0663,18.9228],[-97.0593,18.9459],[-97.0448,18.9453],[-97.0219,18.9321],[-97.0329,18.9638]]]},"properties":{"CVE_ENT":"30","CVE_MUN":"022","CVEGEO":"30022","NOMGEO":"Atzacan"}},
{"type":"Feature","geometry":{"type":"Polygon","coordinates":[[[-96.9879,19.9813],[-97.0071,19.9745],[-97.0334,19.9797],[-97.0529,19.991],[-97.0618,20.0335],[-97.0403,20.0337],[-97.0413,20.0481],[-97.083,20.0516],[-97.0925,20.0419],[-97.0967,20.024],[-97.153,20.0133],[-97.1492,19.9983],[-97.1726,19.9837],[-97.1844,19.9654],[-97.2228,19.9226],[-97.252,19.8843],[-97.2456,19.836],[-97.239,19.8159],[-97.2604,19.7891],[-97.2503,19.7787],[-97.2288,19.7727],[-97.2103,19.782],[-97.1992,19.7624],[-97.1888,19.7569],[-97.1803,19.7726],[-97.1853,19.7869],[-97.1627,19.7929],[-97.1378,19.8155],[-97.115,19.8451],[-97.0964,19.8539],[-97.0816,19.8482],[-97.068,19.8558],[-97.054,19.8519],[-97.0324,19.8652],[-97.0175,19.8569],[-97.0036,19.8827],[-96.9745,19.8821],[-96.9563,19.893],[-96.9563,19.8952],[-96.9549,19.9339],[-96.9636,19.9498],[-96.9617,19.9692],[-96.9795,19.9714],[-96.9879,19.9813]]]},"properties":{"CVE_ENT":"30","CVE_MUN":"023","CVEGEO":"30023","NOMGEO":"Atzalan"}},
{"type":"Feature","geometry":{"type":"Polygon","coordinates":[[[-96.8435,19.3714],[-96.8822,19.3444],[-96.8949,19.3442],[-96.8957,19.336],[-96.9182,19.3228],[-96.9265,19.3091],[-96.9468,19.2968],[-96.9715,19.2898],[-96.9857,19.28],[-97.0053,19.2495],[-97.0012,19.2365],[-97.0296,19.218],[-97.03,19.2087],[-97.0063,19.2098],[-96.993,19.2012],[-96.9668,19.1957],[-96.9797,19.2165],[-96.9686,19.2229],[-96.9146,19.2767],[-96.8737,19.2893],[-96.8534,19.2884],[-96.8318,19.2998],[-96.7927,19.2832],[-96.77,19.2879],[-96.754,19.2733],[-96.8258,19.2467],[-96.8073,19.2196],[-96.7679,19.2297],[-96.7237,19.2499],[-96.6952,19.2542],[-96.6753,19.271],[-96.6353,19.2776],[-96.6136,19.293],[-96.6136,19.3036],[-96.5976,19.3211],[-96.608,19.3363],[-96.6317,19.3193],[-96.6657,19.3142],[-96.678,19.3036],[-96.7029,19.3118],[-96.7088,19.286],[-96.7044,19.2685],[-96.7253,19.2691],[-96.7414,19.2964],[-96.7448,19.3136],[-96.7762,19.3096],[-96.7698,19.3276],[-96.8044,19.344],[-96.8045,19.3591],[-96.8435,19.3714]]]},"properties":{"CVE_ENT":"30","CVE_MUN":"024","CVEGEO":"30024","NOMGEO":"Tlaltetela"}},
{"type":"Feature","geometry":{"type":"MultiPolygon","coordinates":[[[[-97.0128,19.3853],[-97.0145,19.3865],[-97.0209,19.3846],[-97.0272,19.3864],[-97.0278,19.3857],[-97.0287,19.3857],[-97.0301,19.3849],[-97.035,19.3837],[-97.0375,19.3819],[-97.0418,19.3827],[-97.0479,19.3772],[-97.0468,19.3633],[-97.0353,19.3565],[-97.0254,19.3544],[-97.0152,19.3589],[-97.0028,19.3771],[-97.0022,19.3829],[-97.0128,19.3853]]],[[[-97.1499,19.4861],[-97.1654,19.4828],[-97.1859,19.4842],[-97.1965,19.4773],[-97.2327,19.4752],[-97.2604,19.4676],[-97.2747,19.4531],[-97.2493,19.4285],[-97.2398,19.4073],[-97.2204,19.3858],[-97.2315,19.3695],[-97.2234,19.3569],[-97.2109,19.358],[-97.2062,19.327],[-97.2106,19.317],[-97.1667,19.3291],[-97.1485,19.3203],[-97.1264,19.3756],[-97.1401,19.3846],[-97.1482,19.399],[-97.1674,19.4043],[-97.1749,19.4234],[-97.1696,19.4514],[-97.1544,19.4651],[-97.1499,19.4861]]]]},"properties":{"CVE_ENT":"30","CVE_MUN":"025","CVEGEO":"30025","NOMGEO":"Ayahualulco"}},
{"type":"Feature","geometry":{"type":"Polygon","coordinates":[[[-96.8972,19.581],[-96.928,19.5925],[-96.9418,19.6124],[-96.9581,19.595],[-96.9684,19.5967],[-96.9888,19.5791],[-96.9548,19.5673],[-96.9394,19.5765],[-96.8972,19.581]]]},"properties":{"CVE_ENT":"30","CVE_MUN":"026","CVEGEO":"30026","NOMGEO":"Banderilla"}},
{"type":"Feature","geometry":{"type":"Polygon","coordinates":[[[-98.1097,20.8632],[-98.1181,20.8781],[-98.1384,20.8848],[-98.1573,20.8838],[-98.1678,20.8968],[-98.1883,20.9042],[-98.1985,20.8856],[-98.2249,20.9066],[-98.251,20.8973],[-98.2608,20.8715],[-98.2623,20.8469],[-98.2538,20.8228],[-98.2269,20.8162],[-98.2363,20.7968],[-98.248,20.7894],[-98.2331,20.7835],[-98.2304,20.7615],[-98.1848,20.7392],[-98.1721,20.7358],[-98.1428,20.7428],[-98.1297,20.7288],[-98.1097,20.7274],[-98.1096,20.7616],[-98.0931,20.7602],[-98.088,20.7774],[-98.1076,20.7865],[-98.0999,20.7969],[-98.1263,20.8009],[-98.1347,20.8134],[-98.1211,20.8274],[-98.1097,20.8632]]]},"properties":{"CVE_ENT":"30","CVE_MUN":"027","CVEGEO":"30027","NOMGEO":"Benito Juárez"}},
{"type":"Feature","geometry":{"type":"Polygon","coordinates":[[[-96.0985,19.1023],[-96.1053,19.1259],[-96.0927,19.1515],[-96.1162,19.1695],[-96.1185,19.1687],[-96.1315,19.1652],[-96.1294,19.1462],[-96.1416,19.1376],[-96.1497,19.1095],[-96.1326,19.1179],[-96.1132,19.1071],[-96.1178,19.0921],[-96.1394,19.095],[-96.1432,19.0589],[-96.1172,19.0557],[-96.1137,19.0861],[-96.0985,19.1023]]]},"properties":{"CVE_ENT":"30","CVE_MUN":"028","CVEGEO":"30028","NOMGEO":"Boca del Río"}},
{"type":"Feature","geometry":{"type":"Polygon","coordinates":[[[-97.1442,19.1639],[-97.1704,19.1639],[-97.1946,19.1718],[-97.2081,19.16],[-97.1972,19.1466],[-97.2154,19.1385],[-97.2387,19.1088],[-97.2602,19.0986],[-97.2695,19.0639],[-97.2666,19.0303],[-97.2672,19.0298],[-97.2393,19.0457],[-97.2147,19.046],[-97.1948,19.0539],[-97.1745,19.0658],[-97.1971,19.077],[-97.2014,19.0997],[-97.1405,19.1287],[-97.1093,19.1339],[-97.0799,19.1162],[-97.0665,19.1129],[-97.0529,19.1323],[-97.0751,19.1579],[-97.109,19.1677],[-97.1442,19.1639]]]},"properties":{"CVE_ENT":"30","CVE_MUN":"029","CVEGEO":"30029","NOMGEO":"Calcahualco"}},
{"type":"Feature","geometry":{"type":"Polygon","coordinates":[[[-97.1667,18.8096],[-97.1947,18.8134],[-97.1978,18.7937],[-97.1593,18.7768],[-97.1617,18.7637],[-97.1405,18.7673],[-97.1318,18.7964],[-97.1403,18.796],[-97.1667,18.8096]]]},"properties":{"CVE_ENT":"30","CVE_MUN":"030","CVEGEO":"30030","NOMGEO":"Camerino Z. Mendoza"}},
{"type":"Feature","geometry":{"type":"Polygon","coordinates":[[[-97.2181,20.7959],[-97.2283,20.7861],[-97.2562,20.778],[-97.2675,20.7975],[-97.2861,20.801],[-97.313,20.794],[-97.3267,20.7676],[-97.337,20.7628],[-97.3452,20.7439],[-97.3654,20.7345],[-97.3904,20.7377],[-97.4059,20.7279],[-97.4062,20.7105],[-97.3848,20.6898],[-97.3741,20.6936],[-97.3661,20.6782],[-97.3796,20.6548],[-97.351,20.6492],[-97.3016,20.6596],[-97.295,20.6476],[-97.3054,20.6354],[-97.2937,20.6171],[-97.2792,20.617],[-97.2769,20.6341],[-97.2496,20.6594],[-97.2309,20.6603],[-97.2151,20.6534],[-97.2006,20.6731],[-97.1807,20.6707],[-97.1949,20.7037],[-97.1938,20.738],[-97.2045,20.7605],[-97.2052,20.7761],[-97.2181,20.7959]]]},"properties":{"CVE_ENT":"30","CVE_MUN":"033","CVEGEO":"30033","NOMGEO":"Cazones de Herrera"}},
{"type":"Feature","geometry":{"type":"Polygon","coordinates":[[[-97.713,21.2039],[-97.7474,21.2091],[-97.7883,21.2364],[-97.8024,21.2343],[-97.8203,21.2208],[-97.8292,21.2233],[-97.8442,21.1968],[-97.8327,21.1802],[-97.8069,21.1851],[-97.7801,21.1648],[-97.7769,21.1452],[-97.7552,21.1394],[-97.7199,21.1415],[-97.7084,21.1531],[-97.7054,21.1915],[-97.7074,21.1922],[-97.7122,21.1964],[-97.713,21.2039]]]},"properties":{"CVE_ENT":"30","CVE_MUN":"034","CVEGEO":"30034","NOMGEO":"Cerro Azul"}},
{"type":"Feature","geometry":{"type":"Polygon","coordinates":[[[-96.7678,19.5653],[-96.8018,19.5755],[-96.81,19.5593],[-96.8325,19.5631],[-96.8422,19.5469],[-96.8299,19.5421],[-96.8223,19.5144],[-96.8543,19.5209],[-96.8767,19.494],[-96.8999,19.4855],[-96.9034,19.4632],[-96.8867,19.4458],[-96.8396,19.438],[-96.8092,19.4243],[-96.8025,19.4126],[-96.8165,19.3953],[-96.7836,19.3742],[-96.7817,19.3928],[-96.7577,19.3954],[-96.7371,19.3724],[-96.7069,19.3578],[-96.689,19.375],[-96.6679,19.3646],[-96.6541,19.3378],[-96.6366,19.3486],[-96.5624,19.3419],[-96.5636,19.3606],[-96.543,19.3694],[-96.5407,19.3976],[-96.5543,19.4003],[-96.5606,19.4176],[-96.5783,19.4218],[-96.606,19.4203],[-96.6378,19.4343],[-96.655,19.4547],[-96.6899,19.4575],[-96.712,19.4743],[-96.707,19.4858],[-96.7396,19.521],[-96.7738,19.529],[-96.7884,19.5459],[-96.7678,19.5653]]]},"properties":{"CVE_ENT":"30","CVE_MUN":"065","CVEGEO":"30065","NOMGEO":"Emiliano Zapata"}},
{"type":"Feature","geometry":{"type":"Polygon","coordinates":[[[-97.5191,20.3671],[-97.5741,20.3503],[-97.5827,20.347],[-97.58,20.3235],[-97.6048,20.3134],[-97.5828,20.2821],[-97.6022,20.2815],[-97.6013,20.2647],[-97.5819,20.2669],[-97.558,20.2671],[-97.5434,20.2734],[-97.519,20.2642],[-97.5046,20.2675],[-97.4828,20.2592],[-97.4872,20.2458],[-97.5167,20.2417],[-97.5174,20.2319],[-97.5387,20.2139],[-97.5234,20.2047],[-97.5059,20.2055],[-97.5146,20.17],[-97.5187,20.1542],[-97.5035,20.1486],[-97.4874,20.1654],[-97.4865,20.1722],[-97.4625,20.1852],[-97.465,20.2212],[-97.4453,20.2462],[-97.4251,20.244],[-97.4064,20.2326],[-97.3793,20.2496],[-97.406,20.2903],[-97.4095,20.3091],[-97.4553,20.3325],[-97.4703,20.3275],[-97.5159,20.3395],[-97.5103,20.3531],[-97.5191,20.3671]]]},"properties":{"CVE_ENT":"30","CVE_MUN":"066","CVEGEO":"30066","NOMGEO":"Espinal"}},
{"type":"Feature","geometry":{"type":"Polygon","coordinates":[[[-97.6724,20.2436],[-97.6797,20.2629],[-97.698,20.2427],[-97.7052,20.2275],[-97.7261,20.2463],[-97.7365,20.2441],[-97.7308,20.2048],[-97.7414,20.1931],[-97.7315,20.1813],[-97.7202,20.1892],[-97.6987,20.1824],[-97.6896,20.1668],[-97.6587,20.1686],[-97.6456,20.1687],[-97.6354,20.1825],[-97.6678,20.1817],[-97.6847,20.1923],[-97.686,20.2037],[-97.7008,20.2193],[-97.6724,20.2436]]]},"properties":{"CVE_ENT":"30","CVE_MUN":"067","CVEGEO":"30067","NOMGEO":"Filomeno Mata"}},
{"type":"Feature","geometry":{"type":"Polygon","coordinates":[[[-96.9913,18.9791],[-97.0124,18.9869],[-97.0329,18.9638],[-97.0219,18.9321],[-97.0098,18.9153],[-97.0129,18.8943],[-97.0043,18.8685],[-96.9866,18.8643],[-96.9835,18.8422],[-96.9716,18.8254],[-96.9491,18.804],[-96.9264,18.8022],[-96.9342,18.8165],[-96.9558,18.8247],[-96.9566,18.8383],[-96.97,18.8467],[-96.9816,18.8829],[-96.9809,18.9029],[-96.9587,18.9083],[-96.9803,18.9324],[-97.0036,18.9529],[-96.9913,18.9791]]]},"properties":{"CVE_ENT":"30","CVE_MUN":"068","CVEGEO":"30068","NOMGEO":"Fortín"}},
{"type":"Feature","geometry":{"type":"Polygon","coordinates":[[[-94.4319,17.4519],[-94.4441,17.4803],[-94.4566,17.482],[-94.4711,17.5047],[-94.4723,17.5549],[-94.4513,17.5704],[-94.4358,17.5908],[-94.4396,17.6209],[-94.4608,17.6266],[-94.4722,17.6423],[-94.5075,17.6484],[-94.5174,17.6439],[-94.5394,17.647],[-94.5563,17.6554],[-94.5775,17.6474],[-94.5904,17.7111],[-94.5824,17.7196],[-94.5991,17.7398],[-94.607,17.763],[-94.5957,17.783],[-94.5875,17.7852],[-94.571,17.8075],[-94.5777,17.8163],[-94.6051,17.8075],[-94.6337,17.844],[-94.6265,17.8188],[-94.6462,17.815],[-94.6527,17.7731],[-94.6748,17.7679],[-94.6718,17.7506],[-94.685,17.7409],[-94.6759,17.7196],[-94.7037,17.7156],[-94.6989,17.7055],[-94.7177,17.6881],[-94.7252,17.6701],[-94.7187,17.6562],[-94.7471,17.6444],[-94.7496,17.6301],[-94.7295,17.6149],[-94.7314,17.6033],[-94.7562,17.5968],[-94.761,17.5843],[-94.7537,17.5711],[-94.7195,17.55],[-94.7094,17.5335],[-94.7257,17.5028],[-94.7457,17.4875],[-94.7571,17.4863],[-94.7667,17.4982],[-94.7805,17.4814],[-94.7946,17.4788],[-94.8125,17.4862],[-94.8243,17.5013],[-94.8427,17.4986],[-94.8516,17.4856],[-94.8525,17.4646],[-94.8103,17.43],[-94.7936,17.4417],[-94.7804,17.4586],[-94.7482,17.4607],[-94.7505,17.4417],[-94.7388,17.4237],[-94.7285,17.4281],[-94.7137,17.4133],[-94.7181,17.3943],[-94.7304,17.392],[-94.7307,17.3742],[-94.7176,17.3705],[-94.703,17.3841],[-94.652,17.3798],[-94.661,17.3566],[-94.6542,17.3317],[-94.6392,17.32],[-94.6367,17.3783],[-94.6081,17.3703],[-94.5964,17.4015],[-94.5853,17.4481],[-94.5701,17.4478],[-94.5697,17.4732],[-94.5509,17.464],[-94.4319,17.4519]]]},"properties":{"CVE_ENT":"30","CVE_MUN":"070","CVEGEO":"30070","NOMGEO":"Hidalgotitlán"}},
{"type":"Feature","geometry":{"type":"Polygon","coordinates":[[[-98.3359,20.685],[-98.362,20.6866],[-98.3882,20.6955],[-98.4031,20.7078],[-98.4292,20.7164],[-98.4599,20.6962],[-98.4604,20.6768],[-98.4674,20.6661],[-98.4948,20.6443],[-98.4952,20.6366],[-98.4785,20.5943],[-98.4963,20.5895],[-98.5059,20.5962],[-98.5211,20.5844],[-98.5245,20.5484],[-98.5347,20.5307],[-98.5581,20.5109],[-98.5841,20.5044],[-98.595,20.4911],[-98.5793,20.4787],[-98.5721,20.4639],[-98.5537,20.4464],[-98.5504,20.4325],[-98.5502,20.3957],[-98.5431,20.3756],[-98.5474,20.3612],[-98.5345,20.347],[-98.5059,20.3354],[-98.4696,20.3351],[-98.4585,20.3337],[-98.4183,20.38],[-98.3862,20.4027],[-98.4013,20.4093],[-98.4294,20.4001],[-98.4446,20.3998],[-98.4467,20.4251],[-98.4116,20.462],[-98.4038,20.4822],[-98.4304,20.513],[-98.4241,20.5359],[-98.4045,20.5331],[-98.3986,20.5417],[-98.4076,20.5631],[-98.3979,20.5716],[-98.4038,20.6041],[-98.3768,20.617],[-98.3641,20.6472],[-98.3412,20.6484],[-98.3549,20.6679],[-98.3359,20.685]]]},"properties":{"CVE_ENT":"30","CVE_MUN":"072","CVEGEO":"30072","NOMGEO":"Huayacocotla"}},
{"type":"Feature","geometry":{"type":"Polygon","coordinates":[[[-94.9919,18.1274],[-94.9923,18.1298],[-94.9893,18.1307],[-94.9799,18.1365],[-94.9799,18.1421],[-94.966,18.1495],[-94.964,18.2338],[-94.978,18.229],[-94.9964,18.2683],[-95.0019,18.3064],[-94.9904,18.3081],[-94.9977,18.3268],[-95.0032,18.3238],[-95.0105,18.3241],[-95.0211,18.3142],[-95.0303,18.3097],[-95.021,18.2844],[-95.0423,18.2712],[-95.0632,18.277],[-95.0787,18.3094],[-95.0981,18.3037],[-95.1153,18.3105],[-95.1224,18.2987],[-95.1431,18.2985],[-95.1544,18.3031],[-95.1614,18.3039],[-95.19,18.2942],[-95.1879,18.2863],[-95.2049,18.2564],[-95.2229,18.2586],[-95.2374,18.2793],[-95.2442,18.2637],[-95.2129,18.2506],[-95.2179,18.2375],[-95.2504,18.2322],[-95.263,18.2426],[-95.2919,18.2451],[-95.2839,18.2171],[-95.2959,18.2122],[-95.3301,18.2372],[-95.3817,18.2264],[-95.3929,18.2117],[-95.4122,18.2],[-95.3887,18.1779],[-95.3297,18.1476],[-95.3246,18.1325],[-95.2722,18.112],[-95.2599,18.1235],[-95.2434,18.1087],[-95.2251,18.1122],[-95.2258,18.0987],[-95.2044,18.0812],[-95.1828,18.0744],[-95.1599,18.0767],[-95.1597,18.0891],[-95.1388,18.1086],[-95.1205,18.1334],[-95.1028,18.1276],[-95.0869,18.1424],[-95.0596,18.1325],[-95.0418,18.1153],[-95.0206,18.1216],[-95.0165,18.14],[-94.9978,18.1385],[-94.9919,18.1274]]]},"properties":{"CVE_ENT":"30","CVE_MUN":"073","CVEGEO":"30073","NOMGEO":"Hueyapan de Ocampo"}},
{"type":"Feature","geometry":{"type":"Polygon","coordinates":[[[-95.8931,18.6224],[-95.8824,18.721],[-95.871,18.7268],[-95.8657,18.7522],[-95.8784,18.7486],[-95.9072,18.7534],[-95.9115,18.7779],[-95.9366,18.7941],[-95.9767,18.7931],[-95.9957,18.7761],[-96,18.7538],[-96.0139,18.7608],[-96.0193,18.7383],[-96.0367,18.7384],[-96.044,18.7294],[-96.0364,18.6896],[-96.0573,18.6556],[-96.0435,18.6417],[-96.0297,18.6166],[-96.036,18.5954],[-96.0278,18.5697],[-96.0144,18.5674],[-96.0048,18.5536],[-96.0121,18.5367],[-95.9768,18.5177],[-95.9577,18.5278],[-95.9408,18.554],[-95.9369,18.5674],[-95.9105,18.5653],[-95.8976,18.577],[-95.9011,18.5944],[-95.8931,18.6224]]]},"properties":{"CVE_ENT":"30","CVE_MUN":"075","CVEGEO":"30075","NOMGEO":"Ignacio de la Llave"}},
{"type":"Feature","geometry":{"type":"Polygon","coordinates":[[[-96.8644,19.69],[-96.8725,19.6989],[-96.8881,19.6932],[-96.9095,19.7077],[-96.9004,19.696],[-96.8926,19.6664],[-96.9141,19.6632],[-96.9171,19.6351],[-96.9031,19.6324],[-96.8429,19.5995],[-96.8093,19.5871],[-96.8018,19.5755],[-96.7678,19.5653],[-96.7578,19.5753],[-96.75,19.6016],[-96.7598,19.6116],[-96.7966,19.5929],[-96.8092,19.6125],[-96.7954,19.6216],[-96.7979,19.6449],[-96.8163,19.6542],[-96.831,19.6729],[-96.8498,19.6644],[-96.8644,19.69]]]},"properties":{"CVE_ENT":"30","CVE_MUN":"112","CVEGEO":"30112","NOMGEO":"Naolinco"}},
{"type":"Feature","geometry":{"type":"Polygon","coordinates":[[[-96.8838,20.1355],[-96.8903,20.1495],[-96.9216,20.1447],[-96.9346,20.1306],[-96.9431,20.1349],[-96.9746,20.1251],[-96.9927,20.08],[-96.9864,20.0568],[-96.9759,20.0503],[-96.9856,20.0285],[-96.98,20.0078],[-96.9577,20.0037],[-96.957,19.9927],[-96.9805,19.9912],[-96.9879,19.9813],[-96.9795,19.9714],[-96.9617,19.9692],[-96.9636,19.9498],[-96.9549,19.9339],[-96.9563,19.8952],[-96.9307,19.8765],[-96.9121,19.848],[-96.9008,19.8199],[-96.8933,19.7841],[-96.8956,19.7676],[-96.8763,19.7706],[-96.8723,19.7694],[-96.861,19.777],[-96.8399,19.7776],[-96.8373,19.7867],[-96.849,19.8078],[-96.836,19.8178],[-96.836,19.8333],[-96.8272,19.8505],[-96.8077,19.8689],[-96.8078,19.8786],[-96.7934,19.8982],[-96.771,19.9048],[-96.7942,19.931],[-96.775,19.9385],[-96.7504,19.9667],[-96.776,19.9838],[-96.7596,20.0121],[-96.764,20.0187],[-96.7786,20.0087],[-96.8189,20.0023],[-96.8272,20.0144],[-96.8481,20.0177],[-96.8637,20.0351],[-96.8678,20.0575],[-96.8795,20.0735],[-96.8941,20.0799],[-96.8974,20.0987],[-96.9126,20.1042],[-96.902,20.1223],[-96.8838,20.1355]]]},"properties":{"CVE_ENT":"30","CVE_MUN":"109","CVEGEO":"30109","NOMGEO":"Misantla"}},
{"type":"Feature","geometry":{"type":"Polygon","coordinates":[[[-95.1614,18.3039],[-95.1636,18.3053],[-95.1582,18.3158],[-95.1488,18.3186],[-95.1511,18.3695],[-95.1555,18.3901],[-95.134,18.4248],[-95.1302,18.4493],[-95.1371,18.4709],[-95.1514,18.4919],[-95.121,18.4958],[-95.1023,18.4889],[-95.0855,18.4908],[-95.0743,18.5035],[-95.0873,18.5285],[-95.1048,18.534],[-95.1175,18.53],[-95.1325,18.5415],[-95.1108,18.5507],[-95.1045,18.567],[-95.0802,18.5765],[-95.0552,18.5951],[-95.0618,18.6169],[-95.0811,18.6322],[-95.0795,18.6419],[-95.1216,18.6525],[-95.1302,18.6722],[-95.1664,18.6869],[-95.1819,18.7067],[-95.2131,18.7032],[-95.2632,18.7057],[-95.2873,18.7152],[-95.299,18.6965],[-95.2935,18.6706],[-95.2861,18.6641],[-95.2938,18.6165],[-95.2875,18.5939],[-95.3243,18.573],[-95.2842,18.5675],[-95.279,18.5478],[-95.2652,18.5304],[-95.2654,18.5208],[-95.2344,18.5175],[-95.2327,18.506],[-95.2672,18.4878],[-95.2717,18.4472],[-95.27,18.4301],[-95.2848,18.4018],[-95.2981,18.4029],[-95.3219,18.386],[-95.3254,18.3647],[-95.3442,18.321],[-95.3417,18.3012],[-95.3559,18.2779],[-95.3715,18.2677],[-95.3867,18.2692],[-95.3954,18.2562],[-95.429,18.2576],[-95.4343,18.2449],[-95.4457,18.2392],[-95.4456,18.2238],[-95.4301,18.2228],[-95.4035,18.2333],[-95.3817,18.2264],[-95.3301,18.2372],[-95.2959,18.2122],[-95.2839,18.2171],[-95.2919,18.2451],[-95.263,18.2426],[-95.2504,18.2322],[-95.2179,18.2375],[-95.2129,18.2506],[-95.2442,18.2637],[-95.2374,18.2793],[-95.2229,18.2586],[-95.2049,18.2564],[-95.1879,18.2863],[-95.19,18.2942],[-95.1614,18.3039]]]},"properties":{"CVE_ENT":"30","CVE_MUN":"141","CVEGEO":"30141","NOMGEO":"San Andrés Tuxtla"}},
{"type":"Feature","geometry":{"type":"Polygon","coordinates":[[[-95.0075,17.9299],[-95.0101,17.9643],[-95.0455,17.9599],[-95.0583,17.9743],[-95.097,17.9728],[-95.0967,17.9572],[-95.1189,17.959],[-95.1454,17.9435],[-95.1648,17.9549],[-95.1664,17.9777],[-95.1813,17.9858],[-95.1959,17.9854],[-95.2082,17.9859],[-95.2176,17.9712],[-95.2395,17.9686],[-95.2386,17.9355],[-95.2461,17.9014],[-95.2343,17.8886],[-95.237,17.8758],[-95.2599,17.8807],[-95.2792,17.8717],[-95.2832,17.8405],[-95.2793,17.8148],[-95.3016,17.7964],[-95.3058,17.8086],[-95.3286,17.8172],[-95.3477,17.817],[-95.3512,17.8028],[-95.4121,17.7834],[-95.4344,17.7531],[-95.4258,17.7262],[-95.4117,17.7122],[-95.4114,17.6942],[-95.3831,17.6905],[-95.3642,17.6759],[-95.3512,17.6782],[-95.3336,17.6756],[-95.3102,17.7074],[-95.2912,17.7163],[-95.265,17.718],[-95.2603,17.7301],[-95.2389,17.7393],[-95.1815,17.6858],[-95.1924,17.6549],[-95.2091,17.6525],[-95.2184,17.6393],[-95.253,17.6334],[-95.2713,17.6247],[-95.2675,17.6035],[-95.2532,17.6015],[-95.2046,17.5387],[-95.1978,17.5459],[-95.1763,17.546],[-95.1722,17.5569],[-95.1518,17.5627],[-95.1245,17.5595],[-95.0819,17.5732],[-95.0604,17.5717],[-95.0761,17.5785],[-95.0743,17.6075],[-95.0669,17.646],[-95.0527,17.6519],[-95.0117,17.6349],[-95.0066,17.6518],[-95.0463,17.6643],[-95.0486,17.683],[-95.0647,17.7013],[-95.0584,17.7198],[-95.0289,17.7158],[-95.0232,17.6856],[-94.9979,17.6582],[-94.9696,17.6547],[-94.9621,17.6352],[-94.9345,17.6312],[-94.9064,17.6141],[-94.9075,17.6056],[-94.8905,17.5937],[-94.8789,17.6145],[-94.889,17.6238],[-94.9116,17.627],[-94.9042,17.6813],[-94.9161,17.6895],[-94.9484,17.6784],[-94.9526,17.7084],[-94.9857,17.7215],[-95.0383,17.7515],[-95.0631,17.7726],[-95.0637,17.7864],[-95.0522,17.8037],[-95.0483,17.8206],[-95.0277,17.825],[-95.0368,17.8411],[-95.0268,17.8612],[-95.0341,17.8884],[-95.0075,17.9299]]]},"properties":{"CVE_ENT":"30","CVE_MUN":"142","CVEGEO":"30142","NOMGEO":"San Juan Evangelista"}},
{"type":"Feature","geometry":{"type":"Polygon","coordinates":[[[-95.3243,18.573],[-95.3142,18.5592],[-95.329,18.5207],[-95.3496,18.5067],[-95.3798,18.5023],[-95.3804,18.4892],[-95.4018,18.4951],[-95.4265,18.4911],[-95.4271,18.5013],[-95.4461,18.5017],[-95.4524,18.4835],[-95.4703,18.4798],[-95.4752,18.4692],[-95.5031,18.4764],[-95.5268,18.4893],[-95.5342,18.4872],[-95.5419,18.4822],[-95.5179,18.4583],[-95.5204,18.4394],[-95.5102,18.4265],[-95.5135,18.3637],[-95.5245,18.3632],[-95.527,18.3349],[-95.5408,18.3366],[-95.5328,18.3218],[-95.5056,18.3179],[-95.5053,18.2817],[-95.5152,18.2525],[-95.5051,18.2454],[-95.4716,18.2507],[-95.4626,18.2607],[-95.45,18.2461],[-95.4343,18.2449],[-95.429,18.2576],[-95.3954,18.2562],[-95.3867,18.2692],[-95.3715,18.2677],[-95.3559,18.2779],[-95.3417,18.3012],[-95.3442,18.321],[-95.3254,18.3647],[-95.3219,18.386],[-95.2981,18.4029],[-95.2848,18.4018],[-95.27,18.4301],[-95.2717,18.4472],[-95.2672,18.4878],[-95.2327,18.506],[-95.2344,18.5175],[-95.2654,18.5208],[-95.2652,18.5304],[-95.279,18.5478],[-95.2842,18.5675],[-95.3243,18.573]]]},"properties":{"CVE_ENT":"30","CVE_MUN":"143","CVEGEO":"30143","NOMGEO":"Santiago Tuxtla"}},
{"type":"Feature","geometry":{"type":"Polygon","coordinates":[[[-94.9303,17.9214],[-94.9548,17.9285],[-94.9825,17.9077],[-94.9862,17.9258],[-95.0075,17.9299],[-95.0341,17.8884],[-95.0268,17.8612],[-95.0368,17.8411],[-95.0277,17.825],[-95.0483,17.8206],[-95.0522,17.8037],[-95.0637,17.7864],[-95.0631,17.7726],[-95.0383,17.7515],[-94.9857,17.7215],[-94.9526,17.7084],[-94.9484,17.6784],[-94.9161,17.6895],[-94.9042,17.6813],[-94.9116,17.627],[-94.889,17.6238],[-94.8789,17.6145],[-94.8905,17.5937],[-94.9075,17.6056],[-94.9064,17.6141],[-94.9345,17.6312],[-94.9621,17.6352],[-94.9696,17.6547],[-94.9979,17.6582],[-95.0232,17.6856],[-95.0289,17.7158],[-95.0584,17.7198],[-95.0647,17.7013],[-95.0486,17.683],[-95.0463,17.6643],[-95.0066,17.6518],[-95.0117,17.6349],[-95.0527,17.6519],[-95.0669,17.646],[-95.0743,17.6075],[-95.0761,17.5785],[-95.0604,17.5717],[-95.0481,17.5743],[-95.024,17.5637],[-95.0002,17.5794],[-94.9639,17.5745],[-94.9395,17.5785],[-94.9236,17.5686],[-94.8909,17.5816],[-94.852,17.5846],[-94.8412,17.5904],[-94.811,17.5885],[-94.8049,17.5834],[-94.8004,17.618],[-94.8065,17.6187],[-94.8035,17.6634],[-94.8099,17.6855],[-94.8295,17.7062],[-94.8261,17.7236],[-94.8435,17.7379],[-94.8794,17.7499],[-94.8697,17.7649],[-94.8755,17.7803],[-94.891,17.798],[-94.8925,17.8161],[-94.884,17.8307],[-94.8933,17.8369],[-94.9,17.8518],[-94.9297,17.8701],[-94.932,17.8883],[-94.92,17.9023],[-94.9303,17.9214]]]},"properties":{"CVE_ENT":"30","CVE_MUN":"144","CVEGEO":"30144","NOMGEO":"Sayula de Alemán"}},
{"type":"Feature","geometry":{"type":"Polygon","coordinates":[[[-97.5601,21.3838],[-97.5587,21.3745],[-97.5847,21.3591],[-97.5867,21.3538],[-97.5871,21.3524],[-97.5859,21.3518],[-97.5855,21.3517],[-97.5843,21.3517],[-97.5835,21.3516],[-97.5829,21.3516],[-97.5845,21.3498],[-97.5852,21.3475],[-97.5831,21.3475],[-97.5826,21.3332],[-97.5923,21.3157],[-97.5984,21.2922],[-97.6268,21.2828],[-97.6538,21.2878],[-97.6636,21.2642],[-97.6966,21.2535],[-97.705,21.2322],[-97.695,21.2237],[-97.713,21.2047],[-97.7112,21.2008],[-97.711,21.1989],[-97.7122,21.1964],[-97.7074,21.1922],[-97.7028,21.1934],[-97.6998,21.1896],[-97.6973,21.1938],[-97.6852,21.1987],[-97.6845,21.194],[-97.6718,21.1884],[-97.637,21.1837],[-97.63,21.1589],[-97.5938,21.1386],[-97.5882,21.124],[-97.5726,21.1078],[-97.538,21.1236],[-97.5291,21.1206],[-97.4954,21.1272],[-97.4862,21.1375],[-97.4512,21.1366],[-97.4343,21.1175],[-97.409,21.1148],[-97.3932,21.1333],[-97.3918,21.1483],[-97.4122,21.2007],[-97.4202,21.2309],[-97.4204,21.2939],[-97.4112,21.3363],[-97.3987,21.363],[-97.3785,21.3934],[-97.3542,21.4477],[-97.3294,21.521],[-97.3313,21.5613],[-97.3874,21.5365],[-97.4881,21.5687],[-97.4887,21.5767],[-97.5305,21.5809],[-97.5196,21.5006],[-97.5131,21.467],[-97.5199,21.4588],[-97.5284,21.4189],[-97.5539,21.3974],[-97.5601,21.3838]]]},"properties":{"CVE_ENT":"30","CVE_MUN":"151","CVEGEO":"30151","NOMGEO":"Tamiahua"}},
{"type":"Feature","geometry":{"type":"Polygon","coordinates":[[[-97.3874,21.5365],[-97.3472,21.5549],[-97.3292,21.5687],[-97.3436,21.5877],[-97.4,21.6263],[-97.4522,21.6676],[-97.4801,21.696],[-97.5219,21.7294],[-97.5643,21.7708],[-97.6161,21.8349],[-97.6947,21.9513],[-97.7309,22.0153],[-97.7546,22.0685],[-97.7764,22.1328],[-97.7852,22.1663],[-97.8073,22.1533],[-97.837,22.1522],[-97.8444,22.1432],[-97.86,22.148],[-97.8965,22.1247],[-97.8935,22.0894],[-97.9061,22.0934],[-97.9279,22.0722],[-97.9529,22.0773],[-97.9329,22.1146],[-97.9369,22.1213],[-97.9731,22.1238],[-97.9813,22.1072],[-97.9781,22.0795],[-98.0066,22.0698],[-98.0149,22.0535],[-98.0261,22.0544],[-98.0218,22.0317],[-98.054,22.0145],[-98.0655,22.0238],[-98.081,22.0077],[-98.0722,21.9953],[-98.046,21.959],[-98.0346,21.9489],[-97.965,21.9411],[-97.9265,21.9389],[-97.9228,21.9166],[-97.8773,21.9083],[-97.8581,21.9302],[-97.8518,21.9463],[-97.825,21.9388],[-97.8185,21.923],[-97.7896,21.9314],[-97.7603,21.9315],[-97.7582,21.9215],[-97.72,21.9157],[-97.7166,21.907],[-97.6779,21.9215],[-97.6488,21.8564],[-97.6368,21.8424],[-97.6377,21.8222],[-97.628,21.8119],[-97.6207,21.7799],[-97.6074,21.7744],[-97.5899,21.7541],[-97.5611,21.73],[-97.5448,21.699],[-97.5206,21.6749],[-97.5063,21.6686],[-97.4934,21.6388],[-97.4604,21.5973],[-97.4466,21.5898],[-97.4272,21.5685],[-97.4046,21.556],[-97.3874,21.5365]]]},"properties":{"CVE_ENT":"30","CVE_MUN":"152","CVEGEO":"30152","NOMGEO":"Tampico Alto"}},
{"type":"Feature","geometry":{"type":"Polygon","coordinates":[[[-97.6596,21.28],[-97.6687,21.2993],[-97.6843,21.2933],[-97.6756,21.2726],[-97.7158,21.2531],[-97.7461,21.2807],[-97.7744,21.331],[-97.79,21.3323],[-97.7946,21.3265],[-97.8085,21.3205],[-97.8247,21.3143],[-97.8443,21.2975],[-97.8621,21.2849],[-97.872,21.2461],[-97.8709,21.2381],[-97.8575,21.2241],[-97.8292,21.2233],[-97.8203,21.2208],[-97.8024,21.2343],[-97.7883,21.2364],[-97.7474,21.2091],[-97.713,21.2039],[-97.713,21.2047],[-97.711,21.2053],[-97.7106,21.2064],[-97.7049,21.208],[-97.6988,21.2139],[-97.695,21.2237],[-97.705,21.2322],[-97.6966,21.2535],[-97.6636,21.2642],[-97.6596,21.28]]]},"properties":{"CVE_ENT":"30","CVE_MUN":"153","CVEGEO":"30153","NOMGEO":"Tancoco"}},
{"type":"Feature","geometry":{"type":"Polygon","coordinates":[[[-97.7503,21.5289],[-97.7736,21.5303],[-97.7962,21.5216],[-97.792,21.5028],[-97.8087,21.496],[-97.8137,21.4848],[-97.8339,21.47],[-97.8422,21.4343],[-97.8525,21.4302],[-97.8775,21.4438],[-97.8885,21.4346],[-97.9085,21.4425],[-97.9321,21.4276],[-97.9307,21.4186],[-97.9105,21.3885],[-97.8971,21.3764],[-97.889,21.3865],[-97.8902,21.4079],[-97.8519,21.3776],[-97.862,21.3596],[-97.858,21.3182],[-97.8418,21.3054],[-97.8443,21.2975],[-97.8247,21.3143],[-97.8085,21.3205],[-97.8213,21.3255],[-97.8189,21.3504],[-97.7959,21.3669],[-97.7747,21.3622],[-97.751,21.3862],[-97.7621,21.4065],[-97.7998,21.4236],[-97.7724,21.4397],[-97.7634,21.4341],[-97.7549,21.4381],[-97.752,21.4456],[-97.7478,21.4373],[-97.7485,21.4345],[-97.7549,21.4266],[-97.7598,21.4234],[-97.752,21.4148],[-97.7309,21.4148],[-97.7022,21.391],[-97.6843,21.3917],[-97.6785,21.4064],[-97.6638,21.4146],[-97.6503,21.4109],[-97.6412,21.424],[-97.6225,21.4159],[-97.5961,21.4131],[-97.581,21.4046],[-97.5715,21.4186],[-97.5643,21.4427],[-97.5692,21.4639],[-97.6064,21.4992],[-97.6117,21.4721],[-97.6236,21.4888],[-97.6465,21.4837],[-97.6458,21.4722],[-97.6658,21.465],[-97.7051,21.4694],[-97.723,21.4655],[-97.741,21.4493],[-97.7593,21.4488],[-97.7559,21.4658],[-97.7449,21.4731],[-97.7704,21.4959],[-97.7518,21.5001],[-97.7503,21.5289]]]},"properties":{"CVE_ENT":"30","CVE_MUN":"154","CVEGEO":"30154","NOMGEO":"Tantima"}},
{"type":"Feature","geometry":{"type":"Polygon","coordinates":[[[-98.0449,21.6651],[-98.0578,21.6702],[-98.091,21.6653],[-98.0995,21.6465],[-98.0879,21.6412],[-98.1076,21.6233],[-98.1093,21.5941],[-98.1245,21.5946],[-98.1573,21.574],[-98.1743,21.5724],[-98.184,21.5807],[-98.2027,21.5797],[-98.2321,21.5638],[-98.2422,21.5416],[-98.2524,21.5324],[-98.2551,21.5075],[-98.2377,21.4824],[-98.2576,21.4717],[-98.2595,21.4875],[-98.27,21.5033],[-98.2939,21.4804],[-98.3293,21.4765],[-98.3459,21.459],[-98.3292,21.4253],[-98.3517,21.3921],[-98.3766,21.4087],[-98.398,21.3806],[-98.3706,21.3646],[-98.3648,21.3351],[-98.3867,21.3141],[-98.3608,21.2955],[-98.3398,21.2883],[-98.2957,21.2901],[-98.2704,21.2742],[-98.2592,21.2762],[-98.2489,21.2441],[-98.2554,21.231],[-98.2485,21.2288],[-98.2516,21.216],[-98.2166,21.2082],[-98.2268,21.1754],[-98.2118,21.1695],[-98.2273,21.1504],[-98.2081,21.143],[-98.206,21.1268],[-98.1876,21.1108],[-98.1761,21.1109],[-98.1558,21.1392],[-98.1471,21.1368],[-98.1214,21.1449],[-98.1142,21.1586],[-98.0922,21.1648],[-98.0702,21.1595],[-98.0485,21.1651],[-98.0434,21.1576],[-98.0353,21.1714],[-98.0442,21.1949],[-98.0704,21.2088],[-98.067,21.2341],[-98.0754,21.2424],[-98.0997,21.243],[-98.0885,21.2752],[-98.0693,21.2738],[-98.0637,21.2878],[-98.0699,21.3139],[-98.0615,21.3217],[-98.0686,21.3419],[-98.0468,21.3395],[-98.0366,21.3506],[-98.042,21.392],[-98.0542,21.4256],[-98.066,21.4405],[-98.0625,21.465],[-98.0443,21.4855],[-98.0291,21.4903],[-98.0217,21.5118],[-98.0269,21.5544],[-98.0213,21.5743],[-98,21.5836],[-97.9881,21.6029],[-97.9873,21.6161],[-98.0139,21.6392],[-98.0302,21.6397],[-98.0449,21.6651]]]},"properties":{"CVE_ENT":"30","CVE_MUN":"155","CVEGEO":"30155","NOMGEO":"Tantoyuca"}},
{"type":"Feature","geometry":{"type":"Polygon","coordinates":[[[-96.8763,19.7706],[-96.8956,19.7676],[-96.9323,19.7552],[-96.9489,19.7435],[-96.9648,19.7456],[-96.9596,19.7224],[-96.9334,19.6968],[-96.9295,19.6762],[-96.9141,19.6632],[-96.8926,19.6664],[-96.9004,19.696],[-96.9095,19.7077],[-96.8897,19.7533],[-96.8763,19.7706]]]},"properties":{"CVE_ENT":"30","CVE_MUN":"187","CVEGEO":"30187","NOMGEO":"Tonayán"}},
{"type":"Feature","geometry":{"type":"Polygon","coordinates":[[[-96.8534,19.2884],[-96.8737,19.2893],[-96.9146,19.2767],[-96.9686,19.2229],[-96.9797,19.2165],[-96.9668,19.1957],[-96.9592,19.1853],[-96.9516,19.1974],[-96.9237,19.1934],[-96.8871,19.187],[-96.8604,19.1756],[-96.8479,19.2011],[-96.8189,19.2028],[-96.8073,19.2196],[-96.8258,19.2467],[-96.8569,19.2266],[-96.887,19.217],[-96.9143,19.2331],[-96.8983,19.251],[-96.8795,19.2608],[-96.8534,19.2884]]]},"properties":{"CVE_ENT":"30","CVE_MUN":"188","CVEGEO":"30188","NOMGEO":"Totutla"}},
{"type":"Feature","geometry":{"type":"Polygon","coordinates":[[[-97.2181,20.7959],[-97.228,20.8295],[-97.2559,20.8691],[-97.2971,20.9464],[-97.3059,20.972],[-97.3276,21.0088],[-97.365,21.0976],[-97.3932,21.1333],[-97.409,21.1148],[-97.4343,21.1175],[-97.4512,21.1366],[-97.4862,21.1375],[-97.4954,21.1272],[-97.5291,21.1206],[-97.538,21.1236],[-97.5566,21.1054],[-97.5087,21.1002],[-97.5169,21.0754],[-97.5385,21.07],[-97.5544,21.0843],[-97.5615,21.0663],[-97.5488,21.055],[-97.5617,21.0345],[-97.5764,21.0221],[-97.5918,21.0277],[-97.5892,20.9818],[-97.5927,20.9717],[-97.5717,20.9501],[-97.5264,20.9539],[-97.5192,20.9341],[-97.4998,20.933],[-97.5015,20.8804],[-97.5076,20.8516],[-97.4913,20.8505],[-97.4918,20.8662],[-97.47,20.8627],[-97.4571,20.8478],[-97.4951,20.8319],[-97.4794,20.8202],[-97.4761,20.7869],[-97.4609,20.772],[-97.4589,20.7599],[-97.4424,20.7452],[-97.4059,20.7279],[-97.3904,20.7377],[-97.3654,20.7345],[-97.3452,20.7439],[-97.337,20.7628],[-97.3267,20.7676],[-97.313,20.794],[-97.2861,20.801],[-97.2675,20.7975],[-97.2562,20.778],[-97.2283,20.7861],[-97.2181,20.7959]]]},"properties":{"CVE_ENT":"30","CVE_MUN":"189","CVEGEO":"30189","NOMGEO":"Tuxpan"}},
{"type":"Feature","geometry":{"type":"Polygon","coordinates":[[[-96.3217,19.4143],[-96.3197,19.4507],[-96.3091,19.4614],[-96.3145,19.4823],[-96.3301,19.4975],[-96.3375,19.4901],[-96.3666,19.4848],[-96.3947,19.4566],[-96.4386,19.4616],[-96.4748,19.4522],[-96.4808,19.4383],[-96.4658,19.3973],[-96.447,19.3944],[-96.4111,19.4116],[-96.4011,19.4017],[-96.3771,19.4007],[-96.3533,19.3955],[-96.3321,19.3959],[-96.3217,19.4143]]]},"properties":{"CVE_ENT":"30","CVE_MUN":"191","CVEGEO":"30191","NOMGEO":"Ursulo Galván"}},
{"type":"Feature","geometry":{"type":"Polygon","coordinates":[[[-96.5263,19.9248],[-96.561,19.9665],[-96.5787,20.0079],[-96.7055,20.1569],[-96.7157,20.1487],[-96.6937,20.1076],[-96.7089,20.0946],[-96.6807,20.0824],[-96.7119,20.0555],[-96.7282,20.0334],[-96.7429,20.0212],[-96.764,20.0187],[-96.7596,20.0121],[-96.776,19.9838],[-96.7504,19.9667],[-96.7383,19.977],[-96.7029,19.9702],[-96.6826,19.9787],[-96.6625,19.9985],[-96.6451,19.9908],[-96.6402,19.9462],[-96.6434,19.9248],[-96.6545,19.9156],[-96.6503,19.9027],[-96.6499,19.8924],[-96.6305,19.8791],[-96.6237,19.8641],[-96.599,19.8485],[-96.5792,19.8438],[-96.5717,19.8314],[-96.5578,19.8284],[-96.5492,19.8364],[-96.5366,19.8661],[-96.5442,19.8751],[-96.5259,19.9049],[-96.5263,19.9248]]]},"properties":{"CVE_ENT":"30","CVE_MUN":"192","CVEGEO":"30192","NOMGEO":"Vega de Alatorre"}},
{"type":"Feature","geometry":{"type":"Polygon","coordinates":[[[-97.1342,18.6481],[-97.1433,18.6665],[-97.1589,18.6642],[-97.1661,18.6526],[-97.1795,18.6527],[-97.1994,18.6381],[-97.2266,18.6388],[-97.2136,18.6252],[-97.1984,18.6297],[-97.1744,18.6067],[-97.1623,18.6059],[-97.1424,18.5933],[-97.1402,18.6176],[-97.1231,18.6357],[-97.1342,18.6481]]]},"properties":{"CVE_ENT":"30","CVE_MUN":"195","CVEGEO":"30195","NOMGEO":"Xoxocotla"}},
{"type":"Feature","geometry":{"type":"Polygon","coordinates":[[[-94.4319,17.4519],[-94.5509,17.464],[-94.5697,17.4732],[-94.5701,17.4478],[-94.5853,17.4481],[-94.5964,17.4015],[-94.6081,17.3703],[-94.6367,17.3783],[-94.6392,17.32],[-94.6542,17.3317],[-94.6649,17.3292],[-94.6964,17.3361],[-94.6997,17.2949],[-94.7259,17.2952],[-94.7541,17.2791],[-94.7443,17.2596],[-94.7564,17.2274],[-94.7566,17.2136],[-94.7436,17.1847],[-94.533,17.1737],[-94.2073,17.1561],[-94.0875,17.1494],[-94.0856,17.179],[-94.0901,17.1846],[-94.0016,17.1841],[-94.0019,17.1996],[-93.9317,17.2001],[-93.931,17.2815],[-93.9231,17.2978],[-93.9523,17.3068],[-93.9778,17.3248],[-94.0342,17.325],[-94.0444,17.3408],[-94.0872,17.3406],[-94.1279,17.3459],[-94.1783,17.3395],[-94.2082,17.3239],[-94.2163,17.3168],[-94.2557,17.4012],[-94.3495,17.3973],[-94.36,17.4033],[-94.3687,17.4272],[-94.3508,17.4365],[-94.3565,17.4513],[-94.4289,17.428],[-94.4319,17.4519]]]},"properties":{"CVE_ENT":"30","CVE_MUN":"210","CVEGEO":"30210","NOMGEO":"Uxpanapa"}},
{"type":"Feature","geometry":{"type":"Polygon","coordinates":[[[-96.7854,20.2418],[-96.8037,20.2472],[-96.8158,20.2422],[-96.8306,20.2573],[-96.8436,20.2609],[-96.8539,20.2782],[-96.8731,20.2798],[-96.888,20.2707],[-96.9198,20.2975],[-96.9346,20.2978],[-96.9494,20.2818],[-96.9739,20.2738],[-96.9768,20.2842],[-96.9971,20.2962],[-97.0085,20.2896],[-97.01,20.2754],[-97.0015,20.2483],[-97.0164,20.2287],[-97.0198,20.2093],[-97.0146,20.187],[-96.9936,20.1662],[-96.9857,20.1462],[-96.9494,20.1465],[-96.9431,20.1349],[-96.9346,20.1306],[-96.9216,20.1447],[-96.8903,20.1495],[-96.8838,20.1355],[-96.8716,20.1559],[-96.859,20.1631],[-96.842,20.1839],[-96.8243,20.1838],[-96.8137,20.2115],[-96.7996,20.2019],[-96.779,20.2132],[-96.7775,20.2284],[-96.7854,20.2418]]]},"properties":{"CVE_ENT":"30","CVE_MUN":"211","CVEGEO":"30211","NOMGEO":"San Rafael"}},
{"type":"Feature","geometry":{"type":"Polygon","coordinates":[[[-95.5301,17.571],[-95.5539,17.5671],[-95.5667,17.5974],[-95.5112,17.6283],[-95.5202,17.64],[-95.5481,17.6345],[-95.5513,17.6526],[-95.588,17.6413],[-95.6,17.6686],[-95.6023,17.6856],[-95.6264,17.6838],[-95.6515,17.6963],[-95.6607,17.7321],[-95.6746,17.7275],[-95.6866,17.7506],[-95.719,17.7216],[-95.733,17.7172],[-95.749,17.7227],[-95.7521,17.6969],[-95.7666,17.687],[-95.7734,17.6238],[-95.7697,17.5881],[-95.7501,17.5863],[-95.7296,17.5715],[-95.7212,17.5369],[-95.7088,17.5319],[-95.6488,17.5396],[-95.6377,17.5488],[-95.5996,17.5362],[-95.5777,17.5387],[-95.5726,17.5486],[-95.5561,17.5557],[-95.5254,17.5613],[-95.5301,17.571]]]},"properties":{"CVE_ENT":"30","CVE_MUN":"212","CVEGEO":"30212","NOMGEO":"Santiago Sochiapan"}},
{"type":"Feature","geometry":{"type":"Polygon","coordinates":[[[-94.6543,17.9717],[-94.647,17.9633],[-94.6134,17.9646],[-94.6086,17.9346],[-94.6285,17.9247],[-94.6663,17.9485],[-94.6741,17.9404],[-94.685,17.9359],[-94.6898,17.9181],[-94.6802,17.8993],[-94.6896,17.8867],[-94.6669,17.8724],[-94.6466,17.8699],[-94.6198,17.8853],[-94.6223,17.902],[-94.5889,17.8964],[-94.5765,17.9139],[-94.5657,17.9406],[-94.5643,17.9609],[-94.5775,17.9649],[-94.5946,17.9822],[-94.5847,18.0075],[-94.574,18.0103],[-94.5582,18.0018],[-94.5328,18.0284],[-94.5703,18.0221],[-94.5715,18.0533],[-94.5798,18.0819],[-94.5665,18.092],[-94.551,18.0708],[-94.516,18.0687],[-94.5033,18.0525],[-94.5032,18.0322],[-94.4861,18.0202],[-94.4601,18.0285],[-94.4569,18.0492],[-94.4449,18.0562],[-94.4233,18.0514],[-94.4186,18.0574],[-94.4143,18.0684],[-94.4241,18.098],[-94.437,18.096],[-94.4701,18.1119],[-94.5092,18.1011],[-94.5165,18.1292],[-94.5369,18.1419],[-94.5567,18.1362],[-94.5845,18.1227],[-94.5846,18.12],[-94.587,18.1167],[-94.5875,18.1129],[-94.5898,18.1083],[-94.5879,18.1047],[-94.5942,18.0963],[-94.5879,18.0907],[-94.6041,18.0598],[-94.6189,18.0387],[-94.651,18.0175],[-94.6543,17.9717]]]},"properties":{"CVE_ENT":"30","CVE_MUN":"048","CVEGEO":"30048","NOMGEO":"Cosoleacaque"}},
{"type":"Feature","geometry":{"type":"Polygon","coordinates":[[[-94.5942,18.0963],[-94.6267,18.0999],[-94.6526,18.0896],[-94.7389,18.1184],[-94.7365,18.1019],[-94.7441,18.0833],[-94.7886,18.0828],[-94.7952,18.0722],[-94.7992,18.0676],[-94.8033,18.0622],[-94.8045,18.0609],[-94.8092,18.0548],[-94.8122,18.0511],[-94.8122,18.0509],[-94.8126,18.0505],[-94.8144,18.0483],[-94.8178,18.0441],[-94.8051,18.0423],[-94.7913,18.0251],[-94.7719,18.0269],[-94.7053,18.017],[-94.6922,18.0065],[-94.684,18.0122],[-94.651,18.0175],[-94.6189,18.0387],[-94.6041,18.0598],[-94.5879,18.0907],[-94.5942,18.0963]]]},"properties":{"CVE_ENT":"30","CVE_MUN":"059","CVEGEO":"30059","NOMGEO":"Chinameca"}},
{"type":"Feature","geometry":{"type":"Polygon","coordinates":[[[-94.6832,18.3511],[-94.7101,18.37],[-94.7375,18.3952],[-94.7438,18.4217],[-94.7737,18.4492],[-94.7741,18.4627],[-94.7914,18.5088],[-94.808,18.4902],[-94.8432,18.4732],[-94.8493,18.4581],[-94.8641,18.4524],[-94.8826,18.4435],[-94.8967,18.4086],[-94.8691,18.3897],[-94.8567,18.3997],[-94.8333,18.4039],[-94.8226,18.3723],[-94.8329,18.3506],[-94.8351,18.3242],[-94.8268,18.3109],[-94.795,18.2883],[-94.813,18.2751],[-94.8044,18.2604],[-94.7883,18.2605],[-94.7869,18.2768],[-94.7704,18.2736],[-94.7669,18.2635],[-94.7813,18.2386],[-94.7765,18.2323],[-94.7838,18.1901],[-94.7679,18.1904],[-94.7675,18.2186],[-94.761,18.2338],[-94.7263,18.2419],[-94.7384,18.271],[-94.7301,18.2873],[-94.7343,18.3017],[-94.7207,18.3097],[-94.6893,18.3485],[-94.6832,18.3511]]]},"properties":{"CVE_ENT":"30","CVE_MUN":"209","CVEGEO":"30209","NOMGEO":"Tatahuicapan de Juárez"}},
{"type":"Feature","geometry":{"type":"Polygon","coordinates":[[[-96.8663,18.5259],[-96.8655,18.5246],[-96.8642,18.5235],[-96.8653,18.5158],[-96.8428,18.5017],[-96.8245,18.4988],[-96.8134,18.5176],[-96.797,18.5119],[-96.781,18.4291],[-96.7755,18.4262],[-96.7704,18.4293],[-96.7628,18.4254],[-96.7704,18.4216],[-96.7661,18.4125],[-96.7591,18.4083],[-96.7285,18.4091],[-96.7281,18.3966],[-96.7286,18.3957],[-96.7303,18.3941],[-96.7315,18.3933],[-96.7331,18.3921],[-96.7371,18.39],[-96.7415,18.3839],[-96.7292,18.3749],[-96.7173,18.3804],[-96.7109,18.3801],[-96.7002,18.3829],[-96.6972,18.3817],[-96.6896,18.381],[-96.681,18.4122],[-96.7059,18.4229],[-96.7044,18.4524],[-96.7039,18.4535],[-96.7026,18.4544],[-96.7025,18.4577],[-96.6997,18.4573],[-96.6951,18.4585],[-96.6908,18.4674],[-96.6841,18.4742],[-96.688,18.5126],[-96.7029,18.5103],[-96.7062,18.5263],[-96.7269,18.5298],[-96.7118,18.5481],[-96.7242,18.559],[-96.7156,18.5732],[-96.6996,18.5533],[-96.6909,18.568],[-96.6938,18.5912],[-96.6722,18.6186],[-96.6841,18.6443],[-96.7082,18.6582],[-96.7235,18.6796],[-96.7441,18.6925],[-96.7723,18.6939],[-96.7862,18.7122],[-96.8429,18.7526],[-96.8472,18.7439],[-96.8717,18.7523],[-96.8849,18.7449],[-96.8897,18.7254],[-96.8823,18.6938],[-96.8665,18.6757],[-96.864,18.6596],[-96.8792,18.6413],[-96.8803,18.6252],[-96.8642,18.6272],[-96.8444,18.5924],[-96.8337,18.588],[-96.8428,18.5531],[-96.8699,18.5389],[-96.8663,18.5259]]]},"properties":{"CVE_ENT":"30","CVE_MUN":"173","CVEGEO":"30173","NOMGEO":"Tezonapa"}},
{"type":"Feature","geometry":{"type":"Polygon","coordinates":[[[-98.313,21.6894],[-98.3217,21.7082],[-98.3173,21.7487],[-98.3054,21.8251],[-98.3907,21.8195],[-98.4059,21.842],[-98.4096,21.878],[-98.4383,21.8875],[-98.4709,21.8524],[-98.4847,21.8557],[-98.4882,21.8376],[-98.4935,21.8162],[-98.4775,21.8153],[-98.4739,21.7995],[-98.4617,21.7901],[-98.4547,21.7667],[-98.4807,21.7592],[-98.476,21.7466],[-98.5127,21.7266],[-98.5205,21.7092],[-98.5329,21.6976],[-98.5429,21.7228],[-98.5671,21.7176],[-98.5579,21.7009],[-98.5583,21.6877],[-98.5508,21.6915],[-98.5365,21.6463],[-98.5149,21.6478],[-98.4894,21.6586],[-98.481,21.67],[-98.448,21.6778],[-98.4185,21.657],[-98.374,21.6618],[-98.3667,21.6675],[-98.3257,21.6719],[-98.313,21.6894]]]},"properties":{"CVE_ENT":"30","CVE_MUN":"205","CVEGEO":"30205","NOMGEO":"El Higo"}},
{"type":"Feature","geometry":{"type":"Polygon","coordinates":[[[-97.5146,20.17],[-97.5707,20.1683],[-97.605,20.1578],[-97.6062,20.1439],[-97.6027,20.1193],[-97.5789,20.1032],[-97.5957,20.0969],[-97.586,20.0793],[-97.5699,20.0821],[-97.5569,20.1074],[-97.5445,20.1039],[-97.4947,20.1378],[-97.5035,20.1486],[-97.5187,20.1542],[-97.5146,20.17]]]},"properties":{"CVE_ENT":"30","CVE_MUN":"203","CVEGEO":"30203","NOMGEO":"Zozocolco de Hidalgo"}},
{"type":"Feature","geometry":{"type":"Polygon","coordinates":[[[-96.5281,18.8646],[-96.5581,18.8825],[-96.5909,18.8766],[-96.6006,18.8884],[-96.6174,18.8874],[-96.6446,18.8739],[-96.6456,18.8508],[-96.668,18.8476],[-96.689,18.8534],[-96.6849,18.7773],[-96.647,18.7665],[-96.6391,18.7721],[-96.613,18.7697],[-96.5936,18.7602],[-96.5638,18.7619],[-96.5233,18.754],[-96.4992,18.7663],[-96.4974,18.7749],[-96.4738,18.7771],[-96.4658,18.786],[-96.4718,18.802],[-96.4666,18.8141],[-96.4797,18.8209],[-96.4875,18.8371],[-96.5281,18.8646]]]},"properties":{"CVE_ENT":"30","CVE_MUN":"031","CVEGEO":"30031","NOMGEO":"Carrillo Puerto"}},
{"type":"Feature","geometry":{"type":"Polygon","coordinates":[[[-97.1478,19.4478],[-97.1544,19.4651],[-97.1696,19.4514],[-97.1749,19.4234],[-97.1674,19.4043],[-97.1482,19.399],[-97.1401,19.3846],[-97.1264,19.3756],[-97.1485,19.3203],[-97.1479,19.3202],[-97.1296,19.3092],[-97.098,19.3041],[-97.0679,19.3214],[-97.0466,19.3198],[-97.031,19.2973],[-97.0035,19.2964],[-96.9914,19.2858],[-96.9857,19.28],[-96.9715,19.2898],[-96.9807,19.2898],[-97.0003,19.3063],[-97.0072,19.3183],[-97.0242,19.3189],[-97.0345,19.3361],[-97.0355,19.3528],[-97.0468,19.3633],[-97.0421,19.3711],[-97.0479,19.3772],[-97.0418,19.3827],[-97.0375,19.3819],[-97.0278,19.3857],[-97.028,19.3879],[-97.0289,19.3909],[-97.0306,19.3916],[-97.0574,19.3949],[-97.0821,19.4156],[-97.0983,19.4227],[-97.1345,19.4227],[-97.1478,19.4478]]]},"properties":{"CVE_ENT":"30","CVE_MUN":"079","CVEGEO":"30079","NOMGEO":"Ixhuacán de los Reyes"}},
{"type":"Feature","geometry":{"type":"Polygon","coordinates":[[[-97.1417,20.3761],[-97.129,20.3721],[-97.1114,20.3797],[-97.0961,20.3963],[-97.0696,20.407],[-97.0373,20.4099],[-97.0305,20.4498],[-97.0196,20.4731],[-97.0528,20.4674],[-97.077,20.4823],[-97.0639,20.4933],[-97.1042,20.5307],[-97.1136,20.521],[-97.1513,20.507],[-97.1479,20.4884],[-97.1595,20.4799],[-97.1623,20.4616],[-97.1745,20.4625],[-97.1865,20.4147],[-97.1644,20.3889],[-97.1417,20.3761]]]},"properties":{"CVE_ENT":"30","CVE_MUN":"069","CVEGEO":"30069","NOMGEO":"Gutiérrez Zamora"}},
{"type":"Feature","geometry":{"type":"Polygon","coordinates":[[[-97.1063,18.9108],[-97.1146,18.9302],[-97.1341,18.921],[-97.1497,18.947],[-97.1681,18.9586],[-97.1817,18.9578],[-97.2018,18.9669],[-97.2172,18.9657],[-97.2297,18.9791],[-97.255,18.9438],[-97.2472,18.9189],[-97.2183,18.911],[-97.2179,18.9111],[-97.1773,18.9237],[-97.155,18.9116],[-97.1271,18.9055],[-97.1108,18.8714],[-97.1057,18.8862],[-97.0988,18.9029],[-97.1063,18.9108]]]},"properties":{"CVE_ENT":"30","CVE_MUN":"101","CVEGEO":"30101","NOMGEO":"Mariano Escobedo"}},
{"type":"Feature","geometry":{"type":"Polygon","coordinates":[[[-97.6115,20.2203],[-97.6354,20.209],[-97.6486,20.2321],[-97.6724,20.2436],[-97.7008,20.2193],[-97.686,20.2037],[-97.6847,20.1923],[-97.6678,20.1817],[-97.6354,20.1825],[-97.622,20.1744],[-97.6029,20.1947],[-97.6115,20.2203]]]},"properties":{"CVE_ENT":"30","CVE_MUN":"103","CVEGEO":"30103","NOMGEO":"Mecatlán"}},
{"type":"Feature","geometry":{"type":"MultiPolygon","coordinates":[[[[-94.8111,18.2998],[-94.8268,18.3109],[-94.8349,18.3071],[-94.8227,18.2836],[-94.8268,18.2622],[-94.8511,18.2595],[-94.8592,18.2427],[-94.8494,18.1941],[-94.8394,18.1786],[-94.8443,18.1642],[-94.8247,18.1563],[-94.7973,18.1552],[-94.7962,18.1266],[-94.8154,18.1292],[-94.8187,18.1171],[-94.8365,18.1145],[-94.8526,18.1016],[-94.8425,18.086],[-94.8042,18.0865],[-94.7886,18.0828],[-94.7441,18.0833],[-94.7365,18.1019],[-94.7437,18.1055],[-94.7418,18.1205],[-94.7588,18.1326],[-94.7654,18.1454],[-94.7534,18.1566],[-94.7594,18.1713],[-94.7459,18.1785],[-94.7502,18.1913],[-94.7318,18.193],[-94.7177,18.2026],[-94.723,18.2145],[-94.7084,18.221],[-94.727,18.2414],[-94.761,18.2338],[-94.7675,18.2186],[-94.7679,18.1904],[-94.7838,18.1901],[-94.7765,18.2323],[-94.7813,18.2386],[-94.7669,18.2635],[-94.7704,18.2736],[-94.7869,18.2768],[-94.7883,18.2605],[-94.8044,18.2604],[-94.813,18.2751],[-94.8104,18.2841],[-94.795,18.2883],[-94.8111,18.2998]]],[[[-94.8732,18.5486],[-94.8974,18.5432],[-94.907,18.5209],[-94.9124,18.4829],[-94.9059,18.4495],[-94.8857,18.4541],[-94.8641,18.4524],[-94.8493,18.4581],[-94.8432,18.4732],[-94.808,18.4902],[-94.7914,18.5088],[-94.8,18.5253],[-94.8166,18.5386],[-94.8732,18.5486]]]]},"properties":{"CVE_ENT":"30","CVE_MUN":"104","CVEGEO":"30104","NOMGEO":"Mecayapan"}},
{"type":"Feature","geometry":{"type":"Polygon","coordinates":[[[-96.8763,19.7706],[-96.8897,19.7533],[-96.9095,19.7077],[-96.8881,19.6932],[-96.8725,19.6989],[-96.8644,19.69],[-96.8558,19.7088],[-96.8554,19.7231],[-96.8735,19.7476],[-96.8723,19.7694],[-96.8763,19.7706]]]},"properties":{"CVE_ENT":"30","CVE_MUN":"106","CVEGEO":"30106","NOMGEO":"Miahuatlán"}},
{"type":"Feature","geometry":{"type":"Polygon","coordinates":[[[-97.01,20.2754],[-97.0442,20.277],[-97.0469,20.2622],[-97.0596,20.26],[-97.0864,20.2743],[-97.1038,20.2562],[-97.1251,20.2467],[-97.1323,20.23],[-97.1251,20.2161],[-97.136,20.2006],[-97.15,20.1606],[-97.1567,20.1469],[-97.1406,20.1198],[-97.1081,20.0996],[-97.1199,20.0866],[-97.083,20.0516],[-97.0413,20.0481],[-97.0403,20.0337],[-97.0618,20.0335],[-97.0529,19.991],[-97.0334,19.9797],[-97.0071,19.9745],[-96.9879,19.9813],[-96.9805,19.9912],[-96.957,19.9927],[-96.9577,20.0037],[-96.98,20.0078],[-96.9856,20.0285],[-96.9759,20.0503],[-96.9864,20.0568],[-96.9927,20.08],[-96.9746,20.1251],[-96.9431,20.1349],[-96.9494,20.1465],[-96.9857,20.1462],[-96.9936,20.1662],[-97.0146,20.187],[-97.0198,20.2093],[-97.0164,20.2287],[-97.0015,20.2483],[-97.01,20.2754]]]},"properties":{"CVE_ENT":"30","CVE_MUN":"102","CVEGEO":"30102","NOMGEO":"Martínez de la Torre"}},
{"type":"Feature","geometry":{"type":"Polygon","coordinates":[[[-94.4601,18.0285],[-94.4861,18.0202],[-94.5032,18.0322],[-94.5033,18.0525],[-94.516,18.0687],[-94.551,18.0708],[-94.5665,18.092],[-94.5798,18.0819],[-94.5715,18.0533],[-94.5703,18.0221],[-94.5328,18.0284],[-94.5582,18.0018],[-94.574,18.0103],[-94.5847,18.0075],[-94.5946,17.9822],[-94.5775,17.9649],[-94.5643,17.9609],[-94.5657,17.9406],[-94.5765,17.9139],[-94.5889,17.8964],[-94.6223,17.902],[-94.6198,17.8853],[-94.6466,17.8699],[-94.6337,17.844],[-94.6051,17.8075],[-94.5777,17.8163],[-94.571,17.8075],[-94.5875,17.7852],[-94.5957,17.783],[-94.607,17.763],[-94.5991,17.7398],[-94.5824,17.7196],[-94.5904,17.7111],[-94.5775,17.6474],[-94.5563,17.6554],[-94.5394,17.647],[-94.5174,17.6439],[-94.5075,17.6484],[-94.4722,17.6423],[-94.4608,17.6266],[-94.4396,17.6209],[-94.4358,17.5908],[-94.4513,17.5704],[-94.4723,17.5549],[-94.4711,17.5047],[-94.4566,17.482],[-94.4441,17.4803],[-94.4319,17.4519],[-94.4289,17.428],[-94.3565,17.4513],[-94.3508,17.4365],[-94.3687,17.4272],[-94.36,17.4033],[-94.3495,17.3973],[-94.2557,17.4012],[-94.2163,17.3168],[-94.2082,17.3239],[-94.2165,17.3574],[-94.1857,17.3906],[-94.1854,17.411],[-94.2013,17.4191],[-94.2254,17.4483],[-94.2313,17.4694],[-94.2281,17.4909],[-94.2099,17.5087],[-94.2293,17.5107],[-94.2344,17.5373],[-94.2204,17.5549],[-94.2201,17.5815],[-94.1941,17.5809],[-94.1906,17.5649],[-94.152,17.5818],[-94.1436,17.5748],[-94.126,17.5853],[-94.1278,17.5954],[-94.1521,17.6069],[-94.169,17.6045],[-94.1583,17.6273],[-94.1466,17.632],[-94.1691,17.6497],[-94.2015,17.6565],[-94.1787,17.6756],[-94.1903,17.6924],[-94.1832,17.705],[-94.1983,17.7251],[-94.2109,17.733],[-94.2255,17.7616],[-94.2099,17.7821],[-94.2076,17.7989],[-94.2176,17.8121],[-94.1998,17.8419],[-94.2157,17.8579],[-94.241,17.8409],[-94.2722,17.85],[-94.2943,17.852],[-94.3023,17.8639],[-94.2719,17.8624],[-94.2672,17.8878],[-94.2988,17.903],[-94.3035,17.911],[-94.3332,17.9047],[-94.3526,17.9133],[-94.3705,17.8984],[-94.3791,17.9116],[-94.3939,17.9056],[-94.4127,17.9125],[-94.4345,17.9097],[-94.4492,17.9333],[-94.4498,17.9505],[-94.4278,17.9807],[-94.4306,17.9971],[-94.4601,18.0285]]]},"properties":{"CVE_ENT":"30","CVE_MUN":"108","CVEGEO":"30108","NOMGEO":"Minatitlán"}},
{"type":"Feature","geometry":{"type":"Polygon","coordinates":[[[-96.2124,19.2614],[-96.2258,19.2524],[-96.2267,19.2209],[-96.2414,19.2255],[-96.2706,19.2629],[-96.2868,19.2599],[-96.2911,19.2435],[-96.3096,19.2349],[-96.3394,19.2419],[-96.3395,19.2311],[-96.3271,19.217],[-96.3197,19.1987],[-96.3061,19.1857],[-96.3138,19.1606],[-96.2929,19.1542],[-96.2666,19.1374],[-96.244,19.1449],[-96.2221,19.1192],[-96.2108,19.1242],[-96.1904,19.1027],[-96.1497,19.1095],[-96.1416,19.1376],[-96.1294,19.1462],[-96.1315,19.1652],[-96.1185,19.1687],[-96.1185,19.1732],[-96.1236,19.1796],[-96.1234,19.1946],[-96.1355,19.2016],[-96.1326,19.218],[-96.165,19.2194],[-96.1716,19.2469],[-96.2124,19.2614]]]},"properties":{"CVE_ENT":"30","CVE_MUN":"193","CVEGEO":"30193","NOMGEO":"Veracruz"}},
{"type":"Feature","geometry":{"type":"Polygon","coordinates":[[[-97.0025,19.617],[-96.9875,19.6207],[-96.9855,19.6293],[-96.9739,19.6365],[-96.9666,19.6498],[-96.9729,19.6648],[-96.9703,19.6849],[-96.9759,19.7051],[-96.9667,19.7191],[-96.9648,19.7456],[-96.9489,19.7435],[-96.9368,19.7531],[-96.9455,19.764],[-96.9565,19.7634],[-96.9743,19.7848],[-96.994,19.7846],[-97,19.7756],[-97.0181,19.7874],[-97.0204,19.7879],[-97.0227,19.7825],[-97.0252,19.7808],[-97.0259,19.78],[-97.0248,19.7794],[-97.0244,19.7765],[-97.0233,19.7751],[-97.0297,19.7668],[-97.0223,19.7585],[-97.0342,19.7345],[-97.0309,19.7192],[-97.0442,19.706],[-97.0659,19.6938],[-97.0569,19.6705],[-97.0641,19.6563],[-97.0365,19.6556],[-97.0258,19.6396],[-97.0343,19.6256],[-97.0025,19.617]]]},"properties":{"CVE_ENT":"30","CVE_MUN":"177","CVEGEO":"30177","NOMGEO":"Tlacolulan"}},
{"type":"Feature","geometry":{"type":"Polygon","coordinates":[[[-96.6851,19.1932],[-96.6961,19.2016],[-96.7389,19.2042],[-96.7701,19.1968],[-96.7937,19.2042],[-96.8189,19.2028],[-96.8479,19.2011],[-96.8604,19.1756],[-96.819,19.1604],[-96.7794,19.1642],[-96.7596,19.1616],[-96.7464,19.168],[-96.7319,19.1643],[-96.713,19.1701],[-96.6851,19.1932]]]},"properties":{"CVE_ENT":"30","CVE_MUN":"179","CVEGEO":"30179","NOMGEO":"Tlacotepec de Mejía"}},
{"type":"Feature","geometry":{"type":"Polygon","coordinates":[[[-96.4348,18.7367],[-96.4755,18.7364],[-96.4897,18.7399],[-96.5183,18.7263],[-96.5445,18.7349],[-96.5768,18.7388],[-96.58,18.7246],[-96.5669,18.7077],[-96.5914,18.7053],[-96.5986,18.6929],[-96.5918,18.6801],[-96.6132,18.676],[-96.6119,18.6546],[-96.6282,18.6319],[-96.5842,18.6021],[-96.5612,18.5878],[-96.5088,18.5894],[-96.4572,18.5703],[-96.4551,18.5495],[-96.4203,18.5079],[-96.4002,18.4445],[-96.3838,18.4241],[-96.3522,18.4066],[-96.3473,18.3823],[-96.3214,18.3679],[-96.3196,18.3583],[-96.3135,18.3281],[-96.3018,18.318],[-96.2944,18.3124],[-96.2993,18.363],[-96.264,18.4062],[-96.2441,18.3969],[-96.1875,18.3933],[-96.1643,18.3886],[-96.1593,18.4017],[-96.1203,18.423],[-96.1037,18.4208],[-96.0739,18.4091],[-96.0626,18.4163],[-96.0427,18.4002],[-96.0159,18.3879],[-96.0002,18.3969],[-95.9849,18.415],[-95.9851,18.4269],[-95.999,18.4328],[-95.9991,18.4579],[-95.9913,18.478],[-96.0124,18.4894],[-95.9864,18.5062],[-95.9768,18.5177],[-96.0121,18.5367],[-96.0048,18.5536],[-96.0144,18.5674],[-96.0278,18.5697],[-96.036,18.5954],[-96.0728,18.602],[-96.0823,18.6123],[-96.1342,18.607],[-96.1414,18.6267],[-96.1677,18.6509],[-96.1791,18.6533],[-96.2079,18.6437],[-96.2252,18.652],[-96.2459,18.6548],[-96.2766,18.6662],[-96.2948,18.6618],[-96.3243,18.6672],[-96.3524,18.6913],[-96.364,18.6955],[-96.3764,18.6873],[-96.3897,18.6914],[-96.4252,18.6848],[-96.4361,18.6948],[-96.4348,18.7367]]]},"properties":{"CVE_ENT":"30","CVE_MUN":"174","CVEGEO":"30174","NOMGEO":"Tierra Blanca"}},
{"type":"Feature","geometry":{"type":"Polygon","coordinates":[[[-94.7037,17.7156],[-94.7178,17.7416],[-94.7321,17.7384],[-94.7384,17.7514],[-94.7543,17.7515],[-94.756,17.7746],[-94.7739,17.7785],[-94.7779,17.793],[-94.7597,17.829],[-94.7389,17.8346],[-94.7133,17.8613],[-94.7347,17.8825],[-94.7664,17.8851],[-94.7702,17.9105],[-94.7823,17.9141],[-94.7808,17.9296],[-94.7914,17.9801],[-94.8131,17.9684],[-94.8565,17.9552],[-94.8567,17.9386],[-94.8465,17.9245],[-94.8553,17.9033],[-94.8529,17.8776],[-94.8682,17.8634],[-94.8936,17.8588],[-94.8933,17.8369],[-94.884,17.8307],[-94.8925,17.8161],[-94.891,17.798],[-94.8755,17.7803],[-94.8697,17.7649],[-94.8794,17.7499],[-94.8435,17.7379],[-94.8261,17.7236],[-94.8295,17.7062],[-94.8099,17.6855],[-94.8035,17.6634],[-94.8065,17.6187],[-94.8004,17.618],[-94.8049,17.5834],[-94.7859,17.5766],[-94.761,17.5843],[-94.7562,17.5968],[-94.7314,17.6033],[-94.7295,17.6149],[-94.7496,17.6301],[-94.7471,17.6444],[-94.7187,17.6562],[-94.7252,17.6701],[-94.7177,17.6881],[-94.6989,17.7055],[-94.7037,17.7156]]]},"properties":{"CVE_ENT":"30","CVE_MUN":"172","CVEGEO":"30172","NOMGEO":"Texistepec"}},
{"type":"Feature","geometry":{"type":"Polygon","coordinates":[[[-97.0202,18.6509],[-97.0208,18.6511],[-97.0213,18.6509],[-97.0228,18.6503],[-97.0249,18.6487],[-97.0379,18.6456],[-97.0522,18.6447],[-97.0784,18.6294],[-97.0612,18.5983],[-97.0489,18.5884],[-97.0481,18.5814],[-97.0415,18.5855],[-97.0187,18.5869],[-97.018,18.6124],[-97.0003,18.6085],[-96.9738,18.6292],[-96.9951,18.626],[-97.0083,18.6364],[-97.0149,18.6344],[-97.0173,18.6444],[-97.0204,18.6481],[-97.0195,18.6503],[-97.0202,18.6509]]]},"properties":{"CVE_ENT":"30","CVE_MUN":"171","CVEGEO":"30171","NOMGEO":"Texhuacán"}},
{"type":"Feature","geometry":{"type":"Polygon","coordinates":[[[-98.2099,20.6826],[-98.2386,20.6759],[-98.2597,20.6826],[-98.2864,20.6709],[-98.3169,20.698],[-98.3359,20.685],[-98.3549,20.6679],[-98.3412,20.6484],[-98.3641,20.6472],[-98.3768,20.617],[-98.4038,20.6041],[-98.3979,20.5716],[-98.4076,20.5631],[-98.3986,20.5417],[-98.3697,20.5614],[-98.3466,20.5496],[-98.3231,20.5587],[-98.3168,20.5894],[-98.2844,20.5847],[-98.2723,20.5877],[-98.2491,20.6047],[-98.2314,20.6118],[-98.2221,20.6349],[-98.1994,20.6598],[-98.2099,20.6826]]]},"properties":{"CVE_ENT":"30","CVE_MUN":"170","CVEGEO":"30170","NOMGEO":"Texcatepec"}},
{"type":"Feature","geometry":{"type":"Polygon","coordinates":[[[-96.3771,19.4007],[-96.4011,19.4017],[-96.4111,19.4116],[-96.447,19.3944],[-96.4658,19.3973],[-96.4808,19.4383],[-96.4944,19.4194],[-96.5131,19.4179],[-96.5248,19.4033],[-96.5407,19.3976],[-96.543,19.3694],[-96.5636,19.3606],[-96.5624,19.3419],[-96.5769,19.3254],[-96.5976,19.3211],[-96.6136,19.3036],[-96.6136,19.293],[-96.6353,19.2776],[-96.6753,19.271],[-96.6952,19.2542],[-96.7237,19.2499],[-96.7679,19.2297],[-96.8073,19.2196],[-96.8189,19.2028],[-96.7937,19.2042],[-96.7701,19.1968],[-96.7389,19.2042],[-96.6961,19.2016],[-96.6851,19.1932],[-96.6509,19.209],[-96.6503,19.1982],[-96.6242,19.2039],[-96.5922,19.2323],[-96.5884,19.2295],[-96.5426,19.2499],[-96.539,19.2577],[-96.5076,19.2815],[-96.4943,19.2854],[-96.4678,19.315],[-96.4526,19.3182],[-96.4396,19.3316],[-96.4253,19.3351],[-96.4223,19.3516],[-96.4122,19.355],[-96.3931,19.3478],[-96.3848,19.3606],[-96.3732,19.3806],[-96.3771,19.4007]]]},"properties":{"CVE_ENT":"30","CVE_MUN":"134","CVEGEO":"30134","NOMGEO":"Puente Nacional"}},
{"type":"Feature","geometry":{"type":"Polygon","coordinates":[[[-97.0343,19.6256],[-97.041,19.6152],[-97.0907,19.5862],[-97.0989,19.5473],[-97.0944,19.5323],[-97.0796,19.5202],[-97.051,19.5114],[-97.0292,19.5085],[-97.0196,19.5123],[-97.0153,19.5246],[-97.0091,19.5301],[-97.0106,19.5352],[-97.0078,19.54],[-97.0148,19.542],[-97.0183,19.5516],[-97.0048,19.5557],[-96.9984,19.5654],[-96.9966,19.6136],[-97.0025,19.617],[-97.0343,19.6256]]]},"properties":{"CVE_ENT":"30","CVE_MUN":"001","CVEGEO":"30001","NOMGEO":"Acajete"}},
{"type":"Feature","geometry":{"type":"Polygon","coordinates":[[[-97.7852,22.1663],[-97.7928,22.212],[-97.7927,22.2575],[-97.7846,22.2624],[-97.8116,22.2518],[-97.8364,22.2301],[-97.8377,22.2124],[-97.8513,22.2075],[-97.895,22.2224],[-97.9213,22.2173],[-97.9351,22.2082],[-97.9593,22.2062],[-97.9822,22.2129],[-97.9966,22.207],[-98.0116,22.1917],[-98.0158,22.1788],[-98.0004,22.1513],[-98.021,22.1436],[-98.0297,22.1321],[-98.0431,22.135],[-98.0438,22.1483],[-98.0658,22.1413],[-98.063,22.131],[-98.0425,22.1247],[-98.0435,22.1024],[-98.0792,22.1108],[-98.0818,22.0968],[-98.0373,22.0863],[-98.031,22.0676],[-98.0066,22.0698],[-97.9781,22.0795],[-97.9813,22.1072],[-97.9731,22.1238],[-97.9369,22.1213],[-97.9329,22.1146],[-97.9529,22.0773],[-97.9279,22.0722],[-97.9061,22.0934],[-97.8935,22.0894],[-97.8965,22.1247],[-97.86,22.148],[-97.8444,22.1432],[-97.837,22.1522],[-97.8073,22.1533],[-97.7852,22.1663]]]},"properties":{"CVE_ENT":"30","CVE_MUN":"133","CVEGEO":"30133","NOMGEO":"Pueblo Viejo"}},
{"type":"Feature","geometry":{"type":"Polygon","coordinates":[[[-97.0683,19.685],[-97.0911,19.6568],[-97.151,19.6463],[-97.1521,19.6216],[-97.1671,19.6159],[-97.145,19.5997],[-97.1255,19.5981],[-97.1284,19.5775],[-97.1004,19.5479],[-97.0907,19.5862],[-97.041,19.6152],[-97.0385,19.6327],[-97.0258,19.6396],[-97.0365,19.6556],[-97.0641,19.6563],[-97.0569,19.6705],[-97.0683,19.685]]]},"properties":{"CVE_ENT":"30","CVE_MUN":"132","CVEGEO":"30132","NOMGEO":"Las Vigas de Ramírez"}},
{"type":"Feature","geometry":{"type":"Polygon","coordinates":[[[-94.7263,18.2419],[-94.7084,18.221],[-94.723,18.2145],[-94.7177,18.2026],[-94.7318,18.193],[-94.7502,18.1913],[-94.7459,18.1785],[-94.7594,18.1713],[-94.7534,18.1566],[-94.7654,18.1454],[-94.7588,18.1326],[-94.7457,18.1249],[-94.7389,18.1184],[-94.6526,18.0896],[-94.6267,18.0999],[-94.595,18.0965],[-94.5879,18.1047],[-94.5898,18.1083],[-94.5875,18.1129],[-94.587,18.1167],[-94.5861,18.1188],[-94.5846,18.12],[-94.5849,18.1216],[-94.5957,18.1264],[-94.6016,18.1316],[-94.5971,18.138],[-94.6063,18.1549],[-94.6326,18.1591],[-94.6385,18.1795],[-94.6262,18.2113],[-94.6112,18.2194],[-94.6244,18.2535],[-94.6234,18.2874],[-94.6556,18.31],[-94.6662,18.3371],[-94.6832,18.3511],[-94.6893,18.3485],[-94.7207,18.3097],[-94.7343,18.3017],[-94.7301,18.2873],[-94.7384,18.271],[-94.7263,18.2419]]]},"properties":{"CVE_ENT":"30","CVE_MUN":"122","CVEGEO":"30122","NOMGEO":"Pajapan"}},
{"type":"Feature","geometry":{"type":"Polygon","coordinates":[[[-95.7289,17.9203],[-95.765,17.9259],[-95.7897,17.9361],[-95.7955,17.9274],[-95.8001,17.9414],[-95.7986,17.9457],[-95.7999,17.9487],[-95.8,17.9491],[-95.8,17.9495],[-95.8,17.9498],[-95.8485,17.8481],[-95.8589,17.8445],[-95.8492,17.8276],[-95.8549,17.8071],[-95.8668,17.7996],[-95.8672,17.7732],[-95.8911,17.7668],[-95.899,17.7543],[-95.9011,17.7287],[-95.8911,17.7124],[-95.8953,17.7045],[-95.871,17.7022],[-95.8675,17.6848],[-95.8438,17.6727],[-95.8312,17.653],[-95.808,17.6468],[-95.8033,17.6294],[-95.7856,17.6334],[-95.7734,17.6238],[-95.7666,17.687],[-95.7521,17.6969],[-95.749,17.7227],[-95.733,17.7172],[-95.719,17.7216],[-95.6866,17.7506],[-95.6746,17.7275],[-95.6607,17.7321],[-95.6515,17.6963],[-95.6264,17.6838],[-95.6023,17.6856],[-95.6,17.6686],[-95.588,17.6413],[-95.5513,17.6526],[-95.5481,17.6345],[-95.5202,17.64],[-95.5112,17.6283],[-95.5667,17.5974],[-95.5539,17.5671],[-95.5301,17.571],[-95.5172,17.571],[-95.514,17.5855],[-95.4832,17.6012],[-95.4769,17.5884],[-95.438,17.6317],[-95.4107,17.6497],[-95.3953,17.6518],[-95.3876,17.6633],[-95.3517,17.6718],[-95.3512,17.6782],[-95.3642,17.6759],[-95.3831,17.6905],[-95.4114,17.6942],[-95.4117,17.7122],[-95.4258,17.7262],[-95.4344,17.7531],[-95.4459,17.7735],[-95.4686,17.7736],[-95.475,17.802],[-95.4724,17.8177],[-95.4811,17.8353],[-95.4775,17.8575],[-95.4889,17.8726],[-95.5132,17.8771],[-95.5229,17.8984],[-95.5314,17.9058],[-95.552,17.8993],[-95.5627,17.8833],[-95.6317,17.8915],[-95.6515,17.9097],[-95.6562,17.8928],[-95.6708,17.8853],[-95.7003,17.8908],[-95.7009,17.9089],[-95.7289,17.9203]]]},"properties":{"CVE_ENT":"30","CVE_MUN":"130","CVEGEO":"30130","NOMGEO":"Playa Vicente"}},
{"type":"Feature","geometry":{"type":"Polygon","coordinates":[[[-98.3766,21.4087],[-98.3952,21.4156],[-98.4137,21.3837],[-98.4475,21.3998],[-98.4674,21.3786],[-98.4656,21.3471],[-98.4852,21.3501],[-98.4978,21.3279],[-98.4779,21.3211],[-98.4588,21.3011],[-98.4576,21.2823],[-98.444,21.2845],[-98.4336,21.2566],[-98.4319,21.2561],[-98.4312,21.257],[-98.4301,21.2563],[-98.4144,21.2601],[-98.4088,21.2657],[-98.3975,21.2643],[-98.3814,21.252],[-98.3681,21.233],[-98.3553,21.2306],[-98.3363,21.215],[-98.3337,21.1995],[-98.3201,21.2002],[-98.3136,21.1958],[-98.3094,21.185],[-98.2962,21.188],[-98.2879,21.2055],[-98.2554,21.231],[-98.2489,21.2441],[-98.2592,21.2762],[-98.2704,21.2742],[-98.2957,21.2901],[-98.3398,21.2883],[-98.3608,21.2955],[-98.3867,21.3141],[-98.3648,21.3351],[-98.3706,21.3646],[-98.398,21.3806],[-98.3766,21.4087]]]},"properties":{"CVE_ENT":"30","CVE_MUN":"129","CVEGEO":"30129","NOMGEO":"Platón Sánchez"}},
{"type":"Feature","geometry":{"type":"Polygon","coordinates":[[[-96.5399,18.9578],[-96.5783,18.9605],[-96.6133,18.9503],[-96.6168,18.9781],[-96.6104,18.9876],[-96.612,19.0163],[-96.6199,19.0219],[-96.6419,19.0136],[-96.6678,19.0199],[-96.6626,19.0353],[-96.643,19.0479],[-96.6762,19.0417],[-96.7077,19.0212],[-96.7427,19.0267],[-96.7546,19.0221],[-96.7817,19.0222],[-96.8043,19.0274],[-96.8149,19.0089],[-96.8143,18.9987],[-96.7942,18.995],[-96.7786,18.9521],[-96.7682,18.9365],[-96.7509,18.8987],[-96.7451,18.8982],[-96.7331,18.8678],[-96.7117,18.8485],[-96.689,18.8534],[-96.668,18.8476],[-96.6456,18.8508],[-96.6446,18.8739],[-96.6174,18.8874],[-96.6006,18.8884],[-96.5909,18.8766],[-96.5581,18.8825],[-96.5281,18.8646],[-96.5155,18.8712],[-96.5364,18.9021],[-96.5163,18.9125],[-96.5,18.9286],[-96.4677,18.93],[-96.4666,18.9395],[-96.492,18.934],[-96.5168,18.9499],[-96.5399,18.9578]]]},"properties":{"CVE_ENT":"30","CVE_MUN":"125","CVEGEO":"30125","NOMGEO":"Paso del Macho"}},
{"type":"Feature","geometry":{"type":"Polygon","coordinates":[[[-97.1807,20.6707],[-97.2006,20.6731],[-97.2151,20.6534],[-97.2309,20.6603],[-97.2496,20.6594],[-97.2769,20.6341],[-97.2792,20.617],[-97.2937,20.6171],[-97.3054,20.6354],[-97.295,20.6476],[-97.3016,20.6596],[-97.351,20.6492],[-97.3796,20.6548],[-97.4009,20.6341],[-97.4041,20.6224],[-97.4388,20.5901],[-97.4202,20.5796],[-97.4107,20.5537],[-97.4,20.5034],[-97.404,20.4877],[-97.3993,20.4696],[-97.4179,20.461],[-97.4477,20.4565],[-97.4498,20.4195],[-97.4774,20.4109],[-97.4631,20.4002],[-97.4741,20.3829],[-97.4685,20.3683],[-97.4787,20.3565],[-97.5021,20.3751],[-97.5191,20.3671],[-97.5103,20.3531],[-97.5159,20.3395],[-97.4703,20.3275],[-97.4553,20.3325],[-97.4095,20.3091],[-97.406,20.2903],[-97.3793,20.2496],[-97.3781,20.2262],[-97.3639,20.2161],[-97.3155,20.2006],[-97.2868,20.1912],[-97.2636,20.1781],[-97.2443,20.1812],[-97.2285,20.1726],[-97.1644,20.1518],[-97.15,20.1606],[-97.136,20.2006],[-97.1251,20.2161],[-97.1323,20.23],[-97.1251,20.2467],[-97.1038,20.2562],[-97.103,20.2883],[-97.1095,20.3014],[-97.1448,20.3134],[-97.1555,20.3291],[-97.1409,20.3449],[-97.1417,20.3761],[-97.1644,20.3889],[-97.1865,20.4147],[-97.1745,20.4625],[-97.1623,20.4616],[-97.1595,20.4799],[-97.1479,20.4884],[-97.1513,20.507],[-97.1689,20.5052],[-97.1819,20.5228],[-97.2074,20.5281],[-97.2106,20.5386],[-97.1889,20.5436],[-97.1926,20.5651],[-97.1587,20.5954],[-97.1316,20.5998],[-97.1651,20.6415],[-97.1807,20.6707]]]},"properties":{"CVE_ENT":"30","CVE_MUN":"124","CVEGEO":"30124","NOMGEO":"Papantla"}},
{"type":"Feature","geometry":{"type":"Polygon","coordinates":[[[-97.1038,18.9899],[-97.1651,19.0131],[-97.1948,19.0539],[-97.2147,19.046],[-97.2393,19.0457],[-97.2672,19.0298],[-97.2689,19.0283],[-97.2789,18.9967],[-97.2613,18.9813],[-97.255,18.9438],[-97.2297,18.9791],[-97.2172,18.9657],[-97.2018,18.9669],[-97.1817,18.9578],[-97.1681,18.9586],[-97.1497,18.947],[-97.1341,18.921],[-97.1146,18.9302],[-97.1063,18.9108],[-97.0871,18.9195],[-97.0943,18.937],[-97.1208,18.9486],[-97.1277,18.9708],[-97.1038,18.9899]]]},"properties":{"CVE_ENT":"30","CVE_MUN":"127","CVEGEO":"30127","NOMGEO":"La Perla"}},
{"type":"Feature","geometry":{"type":"Polygon","coordinates":[[[-97.9704,22.3329],[-98.0285,22.3584],[-98.0771,22.3516],[-98.0847,22.3687],[-98.1119,22.3782],[-98.112,22.3938],[-98.1516,22.4129],[-98.166,22.4111],[-98.189,22.4253],[-98.1891,22.44],[-98.2088,22.4648],[-98.2297,22.4621],[-98.252,22.4692],[-98.2555,22.4553],[-98.2776,22.4489],[-98.2917,22.4678],[-98.3193,22.4652],[-98.3119,22.4474],[-98.3268,22.4291],[-98.3132,22.411],[-98.3277,22.3987],[-98.3541,22.3896],[-98.3878,22.3893],[-98.3833,22.4203],[-98.4095,22.3999],[-98.419,22.4127],[-98.4325,22.4129],[-98.432,22.4316],[-98.4437,22.4313],[-98.461,22.4122],[-98.4688,22.4289],[-98.4906,22.4275],[-98.5044,22.4295],[-98.5096,22.4164],[-98.5461,22.4002],[-98.5673,22.4014],[-98.5895,22.3947],[-98.6361,22.4137],[-98.6709,22.4057],[-98.6815,22.3716],[-98.6761,22.3732],[-98.5829,22.3731],[-98.5793,22.3486],[-98.5548,22.338],[-98.5352,22.3379],[-98.5256,22.3188],[-98.5061,22.316],[-98.496,22.3037],[-98.467,22.2958],[-98.4467,22.3056],[-98.4279,22.2838],[-98.408,22.2841],[-98.4011,22.2722],[-98.4051,22.2561],[-98.3681,22.2554],[-98.3696,22.2381],[-98.326,22.2431],[-98.3446,22.2221],[-98.3352,22.21],[-98.3365,22.1877],[-98.3553,22.1803],[-98.4167,22.1412],[-98.4382,22.1148],[-98.4195,22.1009],[-98.4332,22.0887],[-98.4413,22.0639],[-98.4344,22.0569],[-98.4464,22.0422],[-98.4435,22.033],[-98.4636,21.991],[-98.482,21.983],[-98.4686,21.9662],[-98.4951,21.9611],[-98.5204,21.9789],[-98.552,21.9609],[-98.5622,21.9676],[-98.579,21.9599],[-98.5736,21.943],[-98.5533,21.9334],[-98.5291,21.9506],[-98.5123,21.9495],[-98.4988,21.9274],[-98.5311,21.9344],[-98.5466,21.9193],[-98.5109,21.9072],[-98.5224,21.8976],[-98.5347,21.9064],[-98.5448,21.8899],[-98.5404,21.8735],[-98.5275,21.8614],[-98.5185,21.8314],[-98.5093,21.8244],[-98.4882,21.8376],[-98.4847,21.8557],[-98.4709,21.8524],[-98.4383,21.8875],[-98.4096,21.878],[-98.4059,21.842],[-98.3907,21.8195],[-98.3054,21.8251],[-98.3173,21.7487],[-98.3217,21.7082],[-98.313,21.6894],[-98.2599,21.7013],[-98.2274,21.7036],[-98.1904,21.715],[-98.1595,21.7115],[-98.1424,21.7284],[-98.1438,21.7746],[-98.1204,21.7954],[-98.1198,21.8129],[-98.1295,21.8318],[-98.1226,21.8446],[-98.1013,21.8479],[-98.0899,21.8671],[-98.1008,21.8809],[-98.1004,21.8969],[-98.122,21.9212],[-98.1226,21.9372],[-98.1024,21.947],[-98.0965,21.9653],[-98.1067,21.977],[-98.0887,21.9828],[-98.0722,21.9953],[-98.081,22.0077],[-98.0655,22.0238],[-98.054,22.0145],[-98.0218,22.0317],[-98.0261,22.0544],[-98.0149,22.0535],[-98.0066,22.0698],[-98.031,22.0676],[-98.0373,22.0863],[-98.0818,22.0968],[-98.0792,22.1108],[-98.0435,22.1024],[-98.0425,22.1247],[-98.063,22.131],[-98.0658,22.1413],[-98.0438,22.1483],[-98.0431,22.135],[-98.0297,22.1321],[-98.021,22.1436],[-98.0004,22.1513],[-98.0158,22.1788],[-98.0116,22.1917],[-97.9966,22.207],[-97.9822,22.2129],[-97.9593,22.2062],[-97.9351,22.2082],[-97.9213,22.2173],[-97.895,22.2224],[-97.9172,22.248],[-97.9342,22.2542],[-97.9312,22.2696],[-97.9567,22.2939],[-97.9869,22.3016],[-97.9704,22.3329]]]},"properties":{"CVE_ENT":"30","CVE_MUN":"123","CVEGEO":"30123","NOMGEO":"Pánuco"}},
{"type":"Feature","geometry":{"type":"Polygon","coordinates":[[[-96.8345,19.7146],[-96.8558,19.7088],[-96.8644,19.69],[-96.8498,19.6644],[-96.831,19.6729],[-96.8136,19.6989],[-96.8202,19.711],[-96.8345,19.7146]]]},"properties":{"CVE_ENT":"30","CVE_MUN":"002","CVEGEO":"30002","NOMGEO":"Acatlán"}},
{"type":"Feature","geometry":{"type":"Polygon","coordinates":[[[-95.7583,18.555],[-95.766,18.5715],[-95.7863,18.5827],[-95.7935,18.6154],[-95.8112,18.6174],[-95.8025,18.6396],[-95.8332,18.6546],[-95.8655,18.6447],[-95.8787,18.6295],[-95.8921,18.6113],[-95.8767,18.5945],[-95.8803,18.5801],[-95.8498,18.5655],[-95.8266,18.5395],[-95.8334,18.5037],[-95.8435,18.489],[-95.7995,18.468],[-95.7782,18.4668],[-95.7547,18.4715],[-95.7461,18.4866],[-95.7207,18.4814],[-95.7056,18.494],[-95.7166,18.5236],[-95.7289,18.5435],[-95.7544,18.5348],[-95.7583,18.555]]]},"properties":{"CVE_ENT":"30","CVE_MUN":"005","CVEGEO":"30005","NOMGEO":"Acula"}},
{"type":"Feature","geometry":{"type":"Polygon","coordinates":[[[-97.3874,21.5365],[-97.4046,21.556],[-97.4272,21.5685],[-97.4466,21.5898],[-97.4604,21.5973],[-97.4934,21.6388],[-97.5063,21.6686],[-97.5206,21.6749],[-97.5448,21.699],[-97.5611,21.73],[-97.5899,21.7541],[-97.6074,21.7744],[-97.6207,21.7799],[-97.628,21.8119],[-97.6377,21.8222],[-97.6368,21.8424],[-97.6488,21.8564],[-97.6779,21.9215],[-97.7166,21.907],[-97.72,21.9157],[-97.7582,21.9215],[-97.7603,21.9315],[-97.7896,21.9314],[-97.8185,21.923],[-97.825,21.9388],[-97.8518,21.9463],[-97.8581,21.9302],[-97.8773,21.9083],[-97.9228,21.9166],[-97.9265,21.9389],[-97.965,21.9411],[-98.0346,21.9489],[-98.046,21.959],[-98.0722,21.9953],[-98.0887,21.9828],[-98.1067,21.977],[-98.0965,21.9653],[-98.1024,21.947],[-98.1226,21.9372],[-98.122,21.9212],[-98.1004,21.8969],[-98.1008,21.8809],[-98.0899,21.8671],[-98.1013,21.8479],[-98.1226,21.8446],[-98.1295,21.8318],[-98.1198,21.8129],[-98.1204,21.7954],[-98.1438,21.7746],[-98.1424,21.7284],[-98.1595,21.7115],[-98.1485,21.679],[-98.1277,21.6596],[-98.0995,21.6465],[-98.091,21.6653],[-98.0578,21.6702],[-98.0449,21.6651],[-98.0292,21.6673],[-98.0125,21.6598],[-97.9943,21.6641],[-97.986,21.6334],[-97.9879,21.6203],[-97.9716,21.5984],[-97.9712,21.5881],[-97.9831,21.5417],[-97.9784,21.5078],[-97.9908,21.4846],[-97.9884,21.4657],[-97.9751,21.4516],[-97.9701,21.4163],[-97.9536,21.402],[-97.957,21.4146],[-97.9321,21.4276],[-97.9085,21.4425],[-97.8885,21.4346],[-97.8775,21.4438],[-97.8525,21.4302],[-97.8422,21.4343],[-97.8339,21.47],[-97.8137,21.4848],[-97.8087,21.496],[-97.792,21.5028],[-97.7962,21.5216],[-97.7736,21.5303],[-97.7503,21.5289],[-97.7491,21.5365],[-97.7336,21.5445],[-97.7132,21.5654],[-97.7259,21.5736],[-97.7277,21.5894],[-97.7166,21.6054],[-97.697,21.6183],[-97.667,21.6053],[-97.6452,21.6276],[-97.5305,21.5809],[-97.4887,21.5767],[-97.4881,21.5687],[-97.3874,21.5365]]]},"properties":{"CVE_ENT":"30","CVE_MUN":"121","CVEGEO":"30121","NOMGEO":"Ozuluama de Mascareñas"}},
{"type":"Feature","geometry":{"type":"Polygon","coordinates":[[[-96.007,18.1848],[-96.0083,18.2058],[-96.0249,18.2177],[-96.0438,18.2056],[-96.0445,18.1795],[-96.0628,18.176],[-96.0839,18.1618],[-96.0664,18.1316],[-96.0411,18.1385],[-96.0277,18.1334],[-95.9906,18.1512],[-95.9928,18.1596],[-96.0158,18.1677],[-96.007,18.1848]]]},"properties":{"CVE_ENT":"30","CVE_MUN":"119","CVEGEO":"30119","NOMGEO":"Otatitlán"}},
{"type":"Feature","geometry":{"type":"Polygon","coordinates":[[[-97.2065,18.7804],[-97.2245,18.7917],[-97.2489,18.7855],[-97.2789,18.7726],[-97.3254,18.7665],[-97.3308,18.7639],[-97.3397,18.759],[-97.349,18.7161],[-97.3422,18.7059],[-97.344,18.6858],[-97.3227,18.6642],[-97.3032,18.6743],[-97.2912,18.6555],[-97.2821,18.6522],[-97.2736,18.6331],[-97.2594,18.6243],[-97.2354,18.6436],[-97.2438,18.6469],[-97.2403,18.6663],[-97.222,18.6887],[-97.2335,18.702],[-97.2163,18.719],[-97.2237,18.7319],[-97.2118,18.7479],[-97.2253,18.7583],[-97.2065,18.7804]]]},"properties":{"CVE_ENT":"30","CVE_MUN":"006","CVEGEO":"30006","NOMGEO":"Acultzingo"}},
{"type":"Feature","geometry":{"type":"Polygon","coordinates":[[[-97.0844,18.8805],[-97.1057,18.8862],[-97.1108,18.8714],[-97.1293,18.8644],[-97.1576,18.8656],[-97.148,18.8533],[-97.1318,18.8537],[-97.1102,18.832],[-97.0985,18.833],[-97.0871,18.8329],[-97.0702,18.8507],[-97.0844,18.8805]]]},"properties":{"CVE_ENT":"30","CVE_MUN":"118","CVEGEO":"30118","NOMGEO":"Orizaba"}},
{"type":"Feature","geometry":{"type":"Polygon","coordinates":[[[-96.8345,19.7146],[-96.8431,19.7424],[-96.8409,19.7637],[-96.861,19.777],[-96.8723,19.7694],[-96.8735,19.7476],[-96.8554,19.7231],[-96.8558,19.7088],[-96.8345,19.7146]]]},"properties":{"CVE_ENT":"30","CVE_MUN":"096","CVEGEO":"30096","NOMGEO":"Landero y Coss"}},
{"type":"Feature","geometry":{"type":"Polygon","coordinates":[[[-96.5578,19.8284],[-96.5717,19.8314],[-96.5792,19.8438],[-96.599,19.8485],[-96.6237,19.8641],[-96.6305,19.8791],[-96.6499,19.8924],[-96.6503,19.9027],[-96.6743,19.8721],[-96.6923,19.8721],[-96.702,19.8841],[-96.7241,19.8593],[-96.7202,19.845],[-96.7426,19.8245],[-96.7411,19.8167],[-96.7361,19.8113],[-96.7469,19.7887],[-96.7191,19.7768],[-96.7042,19.7553],[-96.6756,19.7473],[-96.6486,19.7558],[-96.6468,19.7743],[-96.6259,19.7839],[-96.6153,19.7812],[-96.5814,19.7919],[-96.5578,19.8284]]]},"properties":{"CVE_ENT":"30","CVE_MUN":"095","CVEGEO":"30095","NOMGEO":"Juchique de Ferrer"}},
{"type":"Feature","geometry":{"type":"Polygon","coordinates":[[[-95.3887,18.1779],[-95.4467,18.1559],[-95.4583,18.1739],[-95.48,18.1933],[-95.4954,18.166],[-95.506,18.1591],[-95.5181,18.1177],[-95.5006,18.1016],[-95.4986,18.0904],[-95.4693,18.0587],[-95.4466,18.0278],[-95.4307,18.0204],[-95.4414,17.9933],[-95.4349,17.9843],[-95.434,17.9572],[-95.4671,17.9288],[-95.479,17.908],[-95.4915,17.9101],[-95.5229,17.8984],[-95.5132,17.8771],[-95.4889,17.8726],[-95.4775,17.8575],[-95.4811,17.8353],[-95.4724,17.8177],[-95.475,17.802],[-95.4686,17.7736],[-95.4459,17.7735],[-95.4344,17.7531],[-95.4121,17.7834],[-95.3512,17.8028],[-95.3477,17.817],[-95.3286,17.8172],[-95.3058,17.8086],[-95.3016,17.7964],[-95.2793,17.8148],[-95.2832,17.8405],[-95.2792,17.8717],[-95.2599,17.8807],[-95.237,17.8758],[-95.2343,17.8886],[-95.2461,17.9014],[-95.2386,17.9355],[-95.2395,17.9686],[-95.2176,17.9712],[-95.2082,17.9859],[-95.1959,17.9854],[-95.2077,18.0194],[-95.1972,18.0343],[-95.2223,18.0507],[-95.2414,18.0519],[-95.227,18.0853],[-95.2493,18.1047],[-95.2599,18.1235],[-95.2722,18.112],[-95.3246,18.1325],[-95.3297,18.1476],[-95.3887,18.1779]]]},"properties":{"CVE_ENT":"30","CVE_MUN":"094","CVEGEO":"30094","NOMGEO":"Juan Rodríguez Clara"}},
{"type":"Feature","geometry":{"type":"Polygon","coordinates":[[[-96.9171,19.6351],[-96.9685,19.6437],[-96.9739,19.6365],[-96.9855,19.6293],[-96.9875,19.6207],[-96.9744,19.6132],[-96.9684,19.5967],[-96.9581,19.595],[-96.9418,19.6124],[-96.928,19.5925],[-96.8972,19.581],[-96.882,19.5787],[-96.8683,19.5905],[-96.8512,19.586],[-96.8429,19.5995],[-96.9031,19.6324],[-96.9171,19.6351]]]},"properties":{"CVE_ENT":"30","CVE_MUN":"093","CVEGEO":"30093","NOMGEO":"Jilotepec"}},
{"type":"Feature","geometry":{"type":"Polygon","coordinates":[[[-96.5294,19.0438],[-96.5631,19.0542],[-96.5949,19.0471],[-96.643,19.0479],[-96.6626,19.0353],[-96.6678,19.0199],[-96.6419,19.0136],[-96.6199,19.0219],[-96.612,19.0163],[-96.6104,18.9876],[-96.6168,18.9781],[-96.6133,18.9503],[-96.5783,18.9605],[-96.5399,18.9578],[-96.5514,18.9741],[-96.5268,18.9799],[-96.5264,18.9896],[-96.5052,18.9972],[-96.4896,18.9887],[-96.4919,19.0186],[-96.4852,19.0424],[-96.5064,19.0403],[-96.5294,19.0438]]]},"properties":{"CVE_ENT":"30","CVE_MUN":"007","CVEGEO":"30007","NOMGEO":"Camarón de Tejeda"}},
{"type":"Feature","geometry":{"type":"Polygon","coordinates":[[[-97.0665,19.1129],[-97.0799,19.1162],[-97.1093,19.1339],[-97.1405,19.1287],[-97.2014,19.0997],[-97.1971,19.077],[-97.1745,19.0658],[-97.1421,19.0626],[-97.1148,19.0689],[-97.0893,19.0904],[-97.0697,19.0995],[-97.0665,19.1129]]]},"properties":{"CVE_ENT":"30","CVE_MUN":"008","CVEGEO":"30008","NOMGEO":"Alpatláhuac"}},
{"type":"Feature","geometry":{"type":"Polygon","coordinates":[[[-96.4069,19.7051],[-96.401,19.7235],[-96.447,19.8302],[-96.4472,19.8444],[-96.4604,19.8612],[-96.4766,19.8716],[-96.5263,19.9248],[-96.5259,19.9049],[-96.5442,19.8751],[-96.5366,19.8661],[-96.5492,19.8364],[-96.5578,19.8284],[-96.5814,19.7919],[-96.6153,19.7812],[-96.6259,19.7839],[-96.6468,19.7743],[-96.6486,19.7558],[-96.6756,19.7473],[-96.6729,19.7371],[-96.6997,19.7237],[-96.7059,19.7279],[-96.73,19.719],[-96.7174,19.7067],[-96.7277,19.6736],[-96.7445,19.6632],[-96.7438,19.6456],[-96.7515,19.632],[-96.7487,19.6181],[-96.7598,19.6116],[-96.75,19.6016],[-96.7578,19.5753],[-96.7299,19.5711],[-96.7058,19.5617],[-96.6815,19.5335],[-96.6653,19.5386],[-96.6809,19.5578],[-96.6814,19.5818],[-96.6597,19.5896],[-96.631,19.5783],[-96.6146,19.5928],[-96.6185,19.6124],[-96.5596,19.6192],[-96.5265,19.6626],[-96.5219,19.6824],[-96.5007,19.6838],[-96.5037,19.7058],[-96.4481,19.727],[-96.4069,19.7051]]]},"properties":{"CVE_ENT":"30","CVE_MUN":"009","CVEGEO":"30009","NOMGEO":"Alto Lucero de Gutiérrez Barrios"}},
{"type":"Feature","geometry":{"type":"Polygon","coordinates":[[[-97.0296,19.218],[-97.056,19.198],[-97.0413,19.1739],[-97.0381,19.1343],[-97.0256,19.1241],[-96.9997,19.0861],[-96.9824,19.096],[-96.9717,19.0858],[-96.9239,19.0855],[-96.9036,19.095],[-96.8897,19.0911],[-96.8829,19.094],[-96.8456,19.0788],[-96.8545,19.094],[-96.8724,19.1],[-96.88,19.1242],[-96.861,19.1346],[-96.7988,19.106],[-96.7897,19.0961],[-96.7688,19.0914],[-96.7397,19.077],[-96.6844,19.078],[-96.7041,19.0883],[-96.7609,19.0962],[-96.7976,19.1135],[-96.8235,19.1404],[-96.8733,19.1505],[-96.886,19.1582],[-96.8858,19.1439],[-96.9258,19.1594],[-96.9415,19.1814],[-96.9592,19.1853],[-96.9668,19.1957],[-96.993,19.2012],[-97.0063,19.2098],[-97.03,19.2087],[-97.0296,19.218]]]},"properties":{"CVE_ENT":"30","CVE_MUN":"071","CVEGEO":"30071","NOMGEO":"Huatusco"}},
{"type":"Feature","geometry":{"type":"Polygon","coordinates":[[[-97.1059,19.5215],[-97.1229,19.5192],[-97.1385,19.5082],[-97.1498,19.488],[-97.1438,19.4588],[-97.1478,19.4478],[-97.1345,19.4227],[-97.0983,19.4227],[-97.0821,19.4156],[-97.0574,19.3949],[-97.0306,19.3916],[-97.0116,19.3933],[-96.9884,19.4035],[-96.9378,19.3924],[-96.9064,19.3743],[-96.8954,19.3756],[-96.9224,19.3931],[-96.95,19.4225],[-96.9645,19.4267],[-96.9983,19.4497],[-96.999,19.4623],[-97.0274,19.468],[-97.0431,19.4759],[-97.0568,19.4967],[-97.0717,19.5095],[-97.1059,19.5215]]]},"properties":{"CVE_ENT":"30","CVE_MUN":"092","CVEGEO":"30092","NOMGEO":"Xico"}},
{"type":"Feature","geometry":{"type":"Polygon","coordinates":[[[-94.8049,17.5834],[-94.811,17.5885],[-94.8412,17.5904],[-94.852,17.5846],[-94.8909,17.5816],[-94.9236,17.5686],[-94.9395,17.5785],[-94.9639,17.5745],[-95.0002,17.5794],[-95.024,17.5637],[-95.0481,17.5743],[-95.0604,17.5717],[-95.0819,17.5732],[-95.1245,17.5595],[-95.1518,17.5627],[-95.1722,17.5569],[-95.1763,17.546],[-95.1978,17.5459],[-95.2046,17.5387],[-95.1221,17.432],[-95.0766,17.3729],[-94.9712,17.331],[-94.9458,17.3141],[-94.9289,17.3247],[-94.9083,17.3138],[-94.8908,17.3111],[-94.8896,17.2998],[-94.9148,17.2926],[-94.9097,17.268],[-94.8954,17.2564],[-94.915,17.2066],[-94.9228,17.1938],[-94.8236,17.1888],[-94.7436,17.1847],[-94.7566,17.2136],[-94.7564,17.2274],[-94.7443,17.2596],[-94.7541,17.2791],[-94.7259,17.2952],[-94.6997,17.2949],[-94.6964,17.3361],[-94.6649,17.3292],[-94.6542,17.3317],[-94.661,17.3566],[-94.652,17.3798],[-94.703,17.3841],[-94.7176,17.3705],[-94.7307,17.3742],[-94.7304,17.392],[-94.7181,17.3943],[-94.7137,17.4133],[-94.7285,17.4281],[-94.7388,17.4237],[-94.7505,17.4417],[-94.7482,17.4607],[-94.7804,17.4586],[-94.7936,17.4417],[-94.8103,17.43],[-94.8525,17.4646],[-94.8516,17.4856],[-94.8427,17.4986],[-94.8243,17.5013],[-94.8125,17.4862],[-94.7946,17.4788],[-94.7805,17.4814],[-94.7667,17.4982],[-94.7571,17.4863],[-94.7457,17.4875],[-94.7257,17.5028],[-94.7094,17.5335],[-94.7195,17.55],[-94.7537,17.5711],[-94.761,17.5843],[-94.7859,17.5766],[-94.8049,17.5834]]]},"properties":{"CVE_ENT":"30","CVE_MUN":"091","CVEGEO":"30091","NOMGEO":"Jesús Carranza"}},
{"type":"Feature","geometry":{"type":"Polygon","coordinates":[[[-96.2644,19.0642],[-96.2921,19.0522],[-96.3073,19.0227],[-96.2954,19.0076],[-96.3131,18.9938],[-96.3052,18.9741],[-96.2967,18.9621],[-96.3009,18.9434],[-96.2869,18.944],[-96.2741,18.9165],[-96.2635,18.9173],[-96.2529,18.923],[-96.2537,18.945],[-96.2332,18.9539],[-96.2172,18.9831],[-96.1926,18.9982],[-96.1853,19.008],[-96.1876,19.0243],[-96.1742,19.0381],[-96.1772,19.0502],[-96.2101,19.0479],[-96.2195,19.0392],[-96.2312,19.0484],[-96.246,19.0458],[-96.2644,19.0642]]]},"properties":{"CVE_ENT":"30","CVE_MUN":"090","CVEGEO":"30090","NOMGEO":"Jamapa"}},
{"type":"Feature","geometry":{"type":"Polygon","coordinates":[[[-94.6763,17.9623],[-94.6884,17.9576],[-94.6933,17.9762],[-94.6935,18.0057],[-94.7053,18.017],[-94.7695,18.0265],[-94.765,18.0056],[-94.7813,17.9996],[-94.7914,17.9801],[-94.7808,17.9296],[-94.7823,17.9141],[-94.7702,17.9105],[-94.7664,17.8851],[-94.7347,17.8825],[-94.7133,17.8613],[-94.7389,17.8346],[-94.7597,17.829],[-94.7779,17.793],[-94.7739,17.7785],[-94.756,17.7746],[-94.7543,17.7515],[-94.7384,17.7514],[-94.7321,17.7384],[-94.7178,17.7416],[-94.7037,17.7156],[-94.6759,17.7196],[-94.685,17.7409],[-94.6718,17.7506],[-94.6748,17.7679],[-94.6527,17.7731],[-94.6462,17.815],[-94.6265,17.8188],[-94.6337,17.844],[-94.6466,17.8699],[-94.6669,17.8724],[-94.6896,17.8867],[-94.6802,17.8993],[-94.6898,17.9181],[-94.685,17.9359],[-94.6741,17.9404],[-94.6714,17.9557],[-94.6763,17.9623]]]},"properties":{"CVE_ENT":"30","CVE_MUN":"089","CVEGEO":"30089","NOMGEO":"Jáltipan"}},
{"type":"Feature","geometry":{"type":"Polygon","coordinates":[[[-96.7371,19.3724],[-96.7577,19.3954],[-96.7817,19.3928],[-96.7836,19.3742],[-96.8165,19.3953],[-96.8252,19.379],[-96.8045,19.3591],[-96.8044,19.344],[-96.7698,19.3276],[-96.7762,19.3096],[-96.7448,19.3136],[-96.7414,19.2964],[-96.7253,19.2691],[-96.7044,19.2685],[-96.7088,19.286],[-96.7029,19.3118],[-96.7186,19.3154],[-96.7306,19.3352],[-96.7371,19.3724]]]},"properties":{"CVE_ENT":"30","CVE_MUN":"088","CVEGEO":"30088","NOMGEO":"Jalcomulco"}},
{"type":"Feature","geometry":{"type":"Polygon","coordinates":[[[-97.2228,19.9226],[-97.2417,19.9376],[-97.2558,19.9325],[-97.281,19.9123],[-97.3019,19.8767],[-97.3086,19.8585],[-97.3082,19.8344],[-97.3156,19.8249],[-97.3131,19.7915],[-97.3197,19.7739],[-97.3152,19.73],[-97.3331,19.7168],[-97.3074,19.6845],[-97.3429,19.6686],[-97.3804,19.634],[-97.3579,19.6232],[-97.3484,19.6126],[-97.3108,19.6331],[-97.3002,19.6137],[-97.2851,19.6166],[-97.2679,19.638],[-97.2809,19.6861],[-97.2702,19.6977],[-97.2714,19.7169],[-97.2831,19.7315],[-97.2804,19.7568],[-97.2598,19.7758],[-97.2604,19.7891],[-97.239,19.8159],[-97.2456,19.836],[-97.252,19.8843],[-97.2228,19.9226]]]},"properties":{"CVE_ENT":"30","CVE_MUN":"086","CVEGEO":"30086","NOMGEO":"Jalacingo"}},
{"type":"Feature","geometry":{"type":"Polygon","coordinates":[[[-97.3254,18.7665],[-97.2922,18.7864],[-97.312,18.8107],[-97.3258,18.813],[-97.3263,18.8116],[-97.352,18.7929],[-97.3308,18.7639],[-97.3254,18.7665]]]},"properties":{"CVE_ENT":"30","CVE_MUN":"018","CVEGEO":"30018","NOMGEO":"Aquila"}},
{"type":"Feature","geometry":{"type":"Polygon","coordinates":[[[-97.8443,21.2975],[-97.8418,21.3054],[-97.858,21.3182],[-97.862,21.3596],[-97.8519,21.3776],[-97.8902,21.4079],[-97.889,21.3865],[-97.8971,21.3764],[-97.9105,21.3885],[-97.9307,21.4186],[-97.9321,21.4276],[-97.957,21.4146],[-97.9536,21.402],[-97.9423,21.3887],[-97.904,21.3719],[-97.9104,21.3438],[-97.9033,21.2984],[-97.8954,21.2958],[-97.8794,21.2506],[-97.872,21.2461],[-97.8621,21.2849],[-97.8443,21.2975]]]},"properties":{"CVE_ENT":"30","CVE_MUN":"035","CVEGEO":"30035","NOMGEO":"Citlaltépetl"}},
{"type":"Feature","geometry":{"type":"Polygon","coordinates":[[[-96.9596,19.7224],[-96.9759,19.7051],[-96.9703,19.6849],[-96.9729,19.6648],[-96.9666,19.6498],[-96.9685,19.6437],[-96.9171,19.6351],[-96.9141,19.6632],[-96.9295,19.6762],[-96.9334,19.6968],[-96.9596,19.7224]]]},"properties":{"CVE_ENT":"30","CVE_MUN":"036","CVEGEO":"30036","NOMGEO":"Coacoatzintla"}},
{"type":"Feature","geometry":{"type":"Polygon","coordinates":[[[-97.6797,20.2629],[-97.6644,20.2693],[-97.6768,20.3069],[-97.707,20.2992],[-97.7084,20.2853],[-97.7409,20.2746],[-97.7572,20.2792],[-97.7512,20.2601],[-97.7365,20.2441],[-97.7261,20.2463],[-97.7052,20.2275],[-97.698,20.2427],[-97.6797,20.2629]]]},"properties":{"CVE_ENT":"30","CVE_MUN":"037","CVEGEO":"30037","NOMGEO":"Coahuitlán"}},
{"type":"Feature","geometry":{"type":"Polygon","coordinates":[[[-97.0219,18.9321],[-97.0448,18.9453],[-97.0593,18.9459],[-97.0663,18.9228],[-97.0619,18.9],[-97.0659,18.8907],[-97.0844,18.8805],[-97.0702,18.8507],[-97.0871,18.8329],[-97.0628,18.8271],[-97.0466,18.7986],[-97.0412,18.7898],[-97.0221,18.7626],[-96.9959,18.7699],[-96.9839,18.7791],[-96.9876,18.7941],[-96.9748,18.7988],[-96.9716,18.8254],[-96.9835,18.8422],[-96.9866,18.8643],[-97.0043,18.8685],[-97.0129,18.8943],[-97.0098,18.9153],[-97.0219,18.9321]]]},"properties":{"CVE_ENT":"30","CVE_MUN":"085","CVEGEO":"30085","NOMGEO":"Ixtaczoquitlán"}},
{"type":"Feature","geometry":{"type":"Polygon","coordinates":[[[-95.7782,18.4668],[-95.7995,18.468],[-95.8435,18.489],[-95.8334,18.5037],[-95.8266,18.5395],[-95.8498,18.5655],[-95.8803,18.5801],[-95.8767,18.5945],[-95.8921,18.6113],[-95.8787,18.6295],[-95.8931,18.6224],[-95.9011,18.5944],[-95.8976,18.577],[-95.9105,18.5653],[-95.9369,18.5674],[-95.9408,18.554],[-95.9577,18.5278],[-95.9768,18.5177],[-95.9864,18.5062],[-96.0124,18.4894],[-95.9913,18.478],[-95.9991,18.4579],[-95.999,18.4328],[-95.9851,18.4269],[-95.9328,18.4173],[-95.93,18.432],[-95.9036,18.4257],[-95.9062,18.4008],[-95.8883,18.4017],[-95.8964,18.3787],[-95.8589,18.372],[-95.8281,18.3793],[-95.818,18.392],[-95.7993,18.3823],[-95.787,18.3844],[-95.7786,18.3999],[-95.7801,18.4179],[-95.7693,18.4389],[-95.7782,18.4668]]]},"properties":{"CVE_ENT":"30","CVE_MUN":"084","CVEGEO":"30084","NOMGEO":"Ixmatlahuacan"}},
{"type":"Feature","geometry":{"type":"Polygon","coordinates":[[[-97.9159,20.8749],[-97.9237,20.8555],[-97.9419,20.8369],[-97.9545,20.8318],[-97.9637,20.8532],[-97.9908,20.8776],[-98.0267,20.8827],[-98.0416,20.8954],[-98.0567,20.8777],[-98.0782,20.8709],[-98.0989,20.8726],[-98.1097,20.8632],[-98.1211,20.8274],[-98.1347,20.8134],[-98.1263,20.8009],[-98.0999,20.7969],[-98.1076,20.7865],[-98.088,20.7774],[-98.0931,20.7602],[-98.1096,20.7616],[-98.1097,20.7274],[-98.1297,20.7288],[-98.1482,20.6986],[-98.12,20.678],[-98.1275,20.6659],[-98.1297,20.6393],[-98.1112,20.6162],[-98.1005,20.614],[-98.0875,20.6225],[-98.0828,20.6421],[-98.0668,20.6739],[-98.04,20.6319],[-98.021,20.6268],[-98.0177,20.6017],[-98.0287,20.5897],[-98.0042,20.5249],[-97.985,20.517],[-97.9808,20.5407],[-97.9273,20.5719],[-97.9095,20.5878],[-97.9052,20.6094],[-97.8952,20.6225],[-97.9068,20.6436],[-97.9133,20.672],[-97.9144,20.6872],[-97.8974,20.7032],[-97.9224,20.7165],[-97.8948,20.7978],[-97.9137,20.7839],[-97.9285,20.7892],[-97.9218,20.8092],[-97.9202,20.8342],[-97.9017,20.8478],[-97.9159,20.8749]]]},"properties":{"CVE_ENT":"30","CVE_MUN":"083","CVEGEO":"30083","NOMGEO":"Ixhuatlán de Madero"}},
{"type":"Feature","geometry":{"type":"Polygon","coordinates":[[[-94.3374,18.065],[-94.3445,18.061],[-94.3752,18.0454],[-94.4127,18.0341],[-94.4221,18.0524],[-94.4233,18.0514],[-94.4276,18.0503],[-94.4449,18.0562],[-94.4569,18.0492],[-94.4601,18.0285],[-94.4306,17.9971],[-94.4278,17.9807],[-94.4498,17.9505],[-94.4492,17.9333],[-94.4345,17.9097],[-94.4127,17.9125],[-94.3939,17.9056],[-94.3791,17.9116],[-94.3705,17.8984],[-94.3526,17.9133],[-94.3641,17.9737],[-94.3507,18.0068],[-94.3332,18.0091],[-94.3368,18.0226],[-94.3191,18.0505],[-94.3374,18.065]]]},"properties":{"CVE_ENT":"30","CVE_MUN":"082","CVEGEO":"30082","NOMGEO":"Ixhuatlán del Sureste"}},
{"type":"Feature","geometry":{"type":"Polygon","coordinates":[[[-97.1108,18.8714],[-97.1271,18.9055],[-97.155,18.9116],[-97.1773,18.9237],[-97.2179,18.9111],[-97.2029,18.8767],[-97.1805,18.8569],[-97.1576,18.8656],[-97.1293,18.8644],[-97.1108,18.8714]]]},"properties":{"CVE_ENT":"30","CVE_MUN":"081","CVEGEO":"30081","NOMGEO":"Ixhuatlancillo"}},
{"type":"Feature","geometry":{"type":"Polygon","coordinates":[[[-97.0142,19.5218],[-97.0179,19.5168],[-97.0196,19.5123],[-97.0292,19.5085],[-97.051,19.5114],[-97.0796,19.5202],[-97.0944,19.5323],[-97.1045,19.5303],[-97.1059,19.5215],[-97.0717,19.5095],[-97.0568,19.4967],[-97.0431,19.4759],[-97.0274,19.468],[-96.999,19.4623],[-96.9983,19.4497],[-96.9645,19.4267],[-96.95,19.4225],[-96.9224,19.3931],[-96.8954,19.3756],[-96.8885,19.3825],[-96.848,19.3776],[-96.8435,19.3714],[-96.8045,19.3591],[-96.8252,19.379],[-96.8165,19.3953],[-96.8025,19.4126],[-96.8092,19.4243],[-96.8396,19.438],[-96.8867,19.4458],[-96.9034,19.4632],[-96.8999,19.4855],[-96.9353,19.4929],[-96.9477,19.5142],[-96.9686,19.5076],[-96.9804,19.5147],[-97.0025,19.5113],[-97.0142,19.5218]]]},"properties":{"CVE_ENT":"30","CVE_MUN":"038","CVEGEO":"30038","NOMGEO":"Coatepec"}},
{"type":"Feature","geometry":{"type":"Polygon","coordinates":[[[-94.2401,18.188],[-94.2932,18.1754],[-94.3542,18.1641],[-94.4074,18.1597],[-94.457,18.1515],[-94.5074,18.1533],[-94.531,18.1585],[-94.5634,18.1711],[-94.6073,18.197],[-94.6134,18.2097],[-94.6262,18.2113],[-94.6385,18.1795],[-94.6326,18.1591],[-94.6063,18.1549],[-94.5971,18.138],[-94.6016,18.1316],[-94.5957,18.1264],[-94.5849,18.1216],[-94.5845,18.1227],[-94.5827,18.1223],[-94.5802,18.123],[-94.5775,18.1228],[-94.5668,18.1278],[-94.5567,18.1362],[-94.5369,18.1419],[-94.5165,18.1292],[-94.5092,18.1011],[-94.4701,18.1119],[-94.437,18.096],[-94.4241,18.098],[-94.4002,18.0909],[-94.3911,18.0725],[-94.3732,18.0806],[-94.3445,18.061],[-94.3374,18.065],[-94.3232,18.0758],[-94.3108,18.0973],[-94.2859,18.0735],[-94.2694,18.0762],[-94.2574,18.0698],[-94.2402,18.0869],[-94.2414,18.118],[-94.2235,18.1358],[-94.2404,18.1751],[-94.2401,18.188]]]},"properties":{"CVE_ENT":"30","CVE_MUN":"039","CVEGEO":"30039","NOMGEO":"Coatzacoalcos"}},
{"type":"Feature","geometry":{"type":"Polygon","coordinates":[[[-97.404,20.4877],[-97.4484,20.4912],[-97.4881,20.5075],[-97.5201,20.4955],[-97.531,20.4841],[-97.5418,20.4885],[-97.5561,20.4847],[-97.576,20.4909],[-97.5861,20.4729],[-97.6407,20.4423],[-97.6376,20.4179],[-97.6466,20.4087],[-97.6549,20.388],[-97.639,20.368],[-97.6145,20.3496],[-97.5945,20.3539],[-97.5741,20.3503],[-97.5191,20.3671],[-97.5021,20.3751],[-97.4787,20.3565],[-97.4685,20.3683],[-97.4741,20.3829],[-97.4631,20.4002],[-97.4774,20.4109],[-97.4498,20.4195],[-97.4477,20.4565],[-97.4179,20.461],[-97.3993,20.4696],[-97.404,20.4877]]]},"properties":{"CVE_ENT":"30","CVE_MUN":"040","CVEGEO":"30040","NOMGEO":"Coatzintla"}},
{"type":"Feature","geometry":{"type":"Polygon","coordinates":[[[-94.8641,18.4524],[-94.8857,18.4541],[-94.9059,18.4495],[-94.9124,18.4829],[-94.907,18.5209],[-94.8974,18.5432],[-94.9076,18.5474],[-94.9511,18.5505],[-95.0112,18.5636],[-95.044,18.5778],[-95.0552,18.5951],[-95.0802,18.5765],[-95.1045,18.567],[-95.1108,18.5507],[-95.1325,18.5415],[-95.1175,18.53],[-95.1048,18.534],[-95.0873,18.5285],[-95.0743,18.5035],[-95.0855,18.4908],[-95.1023,18.4889],[-95.121,18.4958],[-95.1514,18.4919],[-95.1371,18.4709],[-95.1302,18.4493],[-95.134,18.4248],[-95.1555,18.3901],[-95.1511,18.3695],[-95.1488,18.3186],[-95.1582,18.3158],[-95.1636,18.3053],[-95.1614,18.3039],[-95.1561,18.3017],[-95.1431,18.2985],[-95.1224,18.2987],[-95.1153,18.3105],[-95.0981,18.3037],[-95.0787,18.3094],[-95.0632,18.277],[-95.0423,18.2712],[-95.021,18.2844],[-95.0303,18.3097],[-95.0179,18.32],[-95.026,18.3375],[-94.9992,18.3477],[-94.9854,18.3468],[-94.973,18.3639],[-94.9449,18.365],[-94.9348,18.3559],[-94.9078,18.3599],[-94.8803,18.3718],[-94.8691,18.3897],[-94.8967,18.4086],[-94.8826,18.4435],[-94.8641,18.4524]]]},"properties":{"CVE_ENT":"30","CVE_MUN":"032","CVEGEO":"30032","NOMGEO":"Catemaco"}},
{"type":"Feature","geometry":{"type":"Polygon","coordinates":[[[-96.8897,19.0911],[-96.9036,19.095],[-96.9239,19.0855],[-96.9717,19.0858],[-96.9824,19.096],[-96.9997,19.0861],[-97.0179,19.0701],[-97.006,19.0513],[-97.0002,19.0283],[-96.9863,19.0212],[-96.9754,19.0324],[-96.9643,19.0087],[-96.9392,19.0105],[-96.9131,19.0062],[-96.8998,18.9644],[-96.8733,18.9573],[-96.8537,18.9606],[-96.8675,19.0018],[-96.858,19.0108],[-96.8797,19.0191],[-96.8824,19.0397],[-96.8746,19.0453],[-96.8946,19.0646],[-96.8897,19.0911]]]},"properties":{"CVE_ENT":"30","CVE_MUN":"080","CVEGEO":"30080","NOMGEO":"Ixhuatlán del Café"}},
{"type":"Feature","geometry":{"type":"Polygon","coordinates":[[[-95.5408,18.3366],[-95.5508,18.3619],[-95.5773,18.3632],[-95.5941,18.3544],[-95.5861,18.3288],[-95.5972,18.3158],[-95.5588,18.2756],[-95.5788,18.2596],[-95.5811,18.2429],[-95.6069,18.2308],[-95.6141,18.2152],[-95.6446,18.2057],[-95.6542,18.1817],[-95.6394,18.1548],[-95.6537,18.1438],[-95.6499,18.1244],[-95.6648,18.1112],[-95.6619,18.0945],[-95.6255,18.0861],[-95.6299,18.0709],[-95.6456,18.0684],[-95.6497,18.0517],[-95.6472,18.0291],[-95.6576,18.0117],[-95.6616,17.9919],[-95.6843,17.9962],[-95.6998,17.9821],[-95.7001,17.956],[-95.7129,17.9478],[-95.7289,17.9203],[-95.7009,17.9089],[-95.7003,17.8908],[-95.6708,17.8853],[-95.6562,17.8928],[-95.6515,17.9097],[-95.6317,17.8915],[-95.5627,17.8833],[-95.552,17.8993],[-95.5314,17.9058],[-95.5229,17.8984],[-95.4915,17.9101],[-95.479,17.908],[-95.4671,17.9288],[-95.434,17.9572],[-95.4349,17.9843],[-95.4414,17.9933],[-95.4307,18.0204],[-95.4466,18.0278],[-95.4693,18.0587],[-95.4986,18.0904],[-95.5006,18.1016],[-95.5181,18.1177],[-95.506,18.1591],[-95.4954,18.166],[-95.48,18.1933],[-95.4583,18.1739],[-95.4467,18.1559],[-95.3887,18.1779],[-95.4122,18.2],[-95.3929,18.2117],[-95.3817,18.2264],[-95.4035,18.2333],[-95.4301,18.2228],[-95.4456,18.2238],[-95.4457,18.2392],[-95.4343,18.2449],[-95.45,18.2461],[-95.4626,18.2607],[-95.4716,18.2507],[-95.5051,18.2454],[-95.5152,18.2525],[-95.5053,18.2817],[-95.5056,18.3179],[-95.5328,18.3218],[-95.5408,18.3366]]]},"properties":{"CVE_ENT":"30","CVE_MUN":"077","CVEGEO":"30077","NOMGEO":"Isla"}},
{"type":"Feature","geometry":{"type":"Polygon","coordinates":[[[-98.3451,20.8649],[-98.3649,20.8634],[-98.3819,20.8535],[-98.3982,20.8587],[-98.4251,20.8496],[-98.4437,20.8343],[-98.4496,20.8061],[-98.4643,20.7719],[-98.456,20.7556],[-98.4756,20.7392],[-98.5128,20.7332],[-98.532,20.7133],[-98.5291,20.704],[-98.5502,20.6894],[-98.5361,20.6634],[-98.5251,20.6818],[-98.4972,20.6999],[-98.4665,20.7103],[-98.4255,20.7489],[-98.3935,20.7552],[-98.3981,20.7798],[-98.3643,20.785],[-98.3435,20.7979],[-98.3148,20.8098],[-98.3272,20.828],[-98.3529,20.836],[-98.3451,20.8649]]]},"properties":{"CVE_ENT":"30","CVE_MUN":"076","CVEGEO":"30076","NOMGEO":"Ilamatlán"}},
{"type":"Feature","geometry":{"type":"Polygon","coordinates":[[[-97.9536,21.402],[-97.9701,21.4163],[-97.9751,21.4516],[-97.9884,21.4657],[-97.9908,21.4846],[-97.9784,21.5078],[-97.9831,21.5417],[-97.9712,21.5881],[-97.9716,21.5984],[-97.9879,21.6203],[-97.986,21.6334],[-97.9943,21.6641],[-98.0125,21.6598],[-98.0292,21.6673],[-98.0449,21.6651],[-98.0302,21.6397],[-98.0139,21.6392],[-97.9873,21.6161],[-97.9881,21.6029],[-98,21.5836],[-98.0213,21.5743],[-98.0269,21.5544],[-98.0217,21.5118],[-98.0291,21.4903],[-98.0443,21.4855],[-98.0625,21.465],[-98.066,21.4405],[-98.0542,21.4256],[-98.042,21.392],[-98.0366,21.3506],[-98.0468,21.3395],[-98.0405,21.3246],[-98.0189,21.3279],[-98.0026,21.2915],[-98.0045,21.2611],[-97.9994,21.2486],[-97.9792,21.256],[-97.9585,21.2382],[-97.9372,21.2333],[-97.929,21.2162],[-97.9326,21.2047],[-97.9612,21.211],[-97.9612,21.1864],[-97.9366,21.1997],[-97.9153,21.1979],[-97.8876,21.2318],[-97.8709,21.2381],[-97.872,21.2461],[-97.8794,21.2506],[-97.8954,21.2958],[-97.9033,21.2984],[-97.9104,21.3438],[-97.904,21.3719],[-97.9423,21.3887],[-97.9536,21.402]]]},"properties":{"CVE_ENT":"30","CVE_MUN":"063","CVEGEO":"30063","NOMGEO":"Chontla"}},
{"type":"Feature","geometry":{"type":"Polygon","coordinates":[[[-97.0277,19.0335],[-97.0721,19.0227],[-97.0652,19.0027],[-97.0865,18.9967],[-97.092,18.9838],[-97.0713,18.9753],[-97.0457,18.9913],[-97.0329,18.9638],[-97.0124,18.9869],[-96.9913,18.9791],[-96.9894,18.9905],[-97.0024,19.013],[-97.0277,19.0335]]]},"properties":{"CVE_ENT":"30","CVE_MUN":"062","CVEGEO":"30062","NOMGEO":"Chocamán"}},
{"type":"Feature","geometry":{"type":"Polygon","coordinates":[[[-94.0902,17.9683],[-94.118,17.9678],[-94.1334,17.9787],[-94.1548,17.9839],[-94.1761,17.9787],[-94.1803,17.9892],[-94.1973,17.9897],[-94.2178,17.9642],[-94.2113,17.9439],[-94.2228,17.9378],[-94.2347,17.9166],[-94.2585,17.8891],[-94.2672,17.8878],[-94.2719,17.8624],[-94.3023,17.8639],[-94.2943,17.852],[-94.2722,17.85],[-94.241,17.8409],[-94.2157,17.8579],[-94.1998,17.8419],[-94.2176,17.8121],[-94.2076,17.7989],[-94.2099,17.7821],[-94.2255,17.7616],[-94.2109,17.733],[-94.1983,17.7251],[-94.1832,17.705],[-94.1903,17.6924],[-94.1787,17.6756],[-94.2015,17.6565],[-94.1691,17.6497],[-94.1466,17.632],[-94.1583,17.6273],[-94.169,17.6045],[-94.1521,17.6069],[-94.1278,17.5954],[-94.126,17.5853],[-94.1436,17.5748],[-94.152,17.5818],[-94.1906,17.5649],[-94.1941,17.5809],[-94.2201,17.5815],[-94.2204,17.5549],[-94.2344,17.5373],[-94.2293,17.5107],[-94.2099,17.5087],[-94.2281,17.4909],[-94.2313,17.4694],[-94.2254,17.4483],[-94.2013,17.4191],[-94.1854,17.411],[-94.1857,17.3906],[-94.2165,17.3574],[-94.2082,17.3239],[-94.1783,17.3395],[-94.1279,17.3459],[-94.0872,17.3406],[-94.0444,17.3408],[-94.0342,17.325],[-93.9778,17.3248],[-93.9523,17.3068],[-93.9231,17.2978],[-93.931,17.2815],[-93.9317,17.2001],[-94.0019,17.1996],[-94.0016,17.1841],[-94.0901,17.1846],[-94.0856,17.179],[-94.0875,17.1494],[-93.8674,17.137],[-93.8609,17.1637],[-93.8271,17.1725],[-93.8267,17.1893],[-93.8038,17.2249],[-93.7725,17.2458],[-93.7636,17.2394],[-93.7368,17.2475],[-93.6957,17.2472],[-93.6899,17.2553],[-93.6627,17.2563],[-93.6644,17.2862],[-93.6381,17.2909],[-93.6079,17.3149],[-93.6244,17.3225],[-93.6413,17.3179],[-93.6357,17.3384],[-93.6857,17.3724],[-93.6918,17.3905],[-93.669,17.4202],[-93.654,17.4196],[-93.6351,17.4512],[-93.6404,17.4588],[-93.6312,17.4869],[-93.6244,17.4932],[-93.6309,17.5104],[-93.6215,17.5447],[-93.6311,17.5567],[-93.6485,17.5553],[-93.6872,17.5937],[-93.6997,17.5964],[-93.7007,17.6106],[-93.7379,17.6319],[-93.7471,17.6684],[-93.768,17.6873],[-93.8342,17.7166],[-93.8651,17.7211],[-93.8735,17.7349],[-93.8715,17.753],[-93.9101,17.7547],[-93.9384,17.7525],[-93.9411,17.7655],[-93.9561,17.7817],[-93.9531,17.7921],[-93.9639,17.8306],[-93.9785,17.8517],[-94.0078,17.8403],[-94.0298,17.8466],[-94.0388,17.8723],[-94.0649,17.8646],[-94.0834,17.8699],[-94.0798,17.8921],[-94.0913,17.9366],[-94.0902,17.9683]]]},"properties":{"CVE_ENT":"30","CVE_MUN":"061","CVEGEO":"30061","NOMGEO":"Las Choapas"}},
{"type":"Feature","geometry":{"type":"Polygon","coordinates":[[[-97.5855,21.3517],[-97.5862,21.3498],[-97.5889,21.3471],[-97.601,21.3439],[-97.6012,21.3296],[-97.6169,21.332],[-97.6437,21.3479],[-97.6515,21.3433],[-97.6849,21.3621],[-97.6974,21.3575],[-97.7033,21.342],[-97.7221,21.343],[-97.7317,21.3336],[-97.7556,21.3442],[-97.7768,21.3468],[-97.7747,21.3622],[-97.7882,21.3465],[-97.7923,21.3384],[-97.79,21.3323],[-97.7744,21.331],[-97.7461,21.2807],[-97.7158,21.2531],[-97.6756,21.2726],[-97.6843,21.2933],[-97.6687,21.2993],[-97.6596,21.28],[-97.6538,21.2878],[-97.6268,21.2828],[-97.5984,21.2922],[-97.5888,21.3096],[-97.5923,21.3157],[-97.5863,21.3329],[-97.5826,21.3332],[-97.5831,21.3475],[-97.5852,21.3475],[-97.5845,21.3498],[-97.5855,21.3517]]]},"properties":{"CVE_ENT":"30","CVE_MUN":"013","CVEGEO":"30013","NOMGEO":"Naranjos Amatlán"}},
{"type":"Feature","geometry":{"type":"Polygon","coordinates":[[[-96.8537,18.9606],[-96.8733,18.9573],[-96.8814,18.9494],[-96.8831,18.9266],[-96.8753,18.9112],[-96.8961,18.9069],[-96.9069,18.8967],[-96.8925,18.8872],[-96.8988,18.8644],[-96.9176,18.8638],[-96.9306,18.8548],[-96.9483,18.852],[-96.9566,18.8383],[-96.9558,18.8247],[-96.9342,18.8165],[-96.9264,18.8022],[-96.9242,18.7949],[-96.9043,18.7861],[-96.8902,18.7934],[-96.8686,18.7834],[-96.8377,18.7859],[-96.8352,18.7991],[-96.848,18.807],[-96.8317,18.8244],[-96.8223,18.8434],[-96.8515,18.8645],[-96.8248,18.8822],[-96.8239,18.9015],[-96.8364,18.9251],[-96.8294,18.9374],[-96.8447,18.9572],[-96.8537,18.9606]]]},"properties":{"CVE_ENT":"30","CVE_MUN":"014","CVEGEO":"30014","NOMGEO":"Amatlán de los Reyes"}},
{"type":"Feature","geometry":{"type":"Polygon","coordinates":[[[-97.5961,21.4131],[-97.6225,21.4159],[-97.6412,21.424],[-97.6503,21.4109],[-97.6638,21.4146],[-97.6785,21.4064],[-97.6843,21.3917],[-97.7022,21.391],[-97.7309,21.4148],[-97.752,21.4148],[-97.7621,21.4065],[-97.751,21.3862],[-97.7747,21.3622],[-97.7768,21.3468],[-97.7556,21.3442],[-97.7317,21.3336],[-97.7221,21.343],[-97.7033,21.342],[-97.6974,21.3575],[-97.6849,21.3621],[-97.6515,21.3433],[-97.6437,21.3479],[-97.6169,21.332],[-97.6012,21.3296],[-97.601,21.3439],[-97.5889,21.3471],[-97.5862,21.3498],[-97.5855,21.3517],[-97.5859,21.3518],[-97.5867,21.352],[-97.5871,21.3524],[-97.5867,21.3538],[-97.5852,21.3554],[-97.5847,21.3591],[-97.5763,21.3599],[-97.5587,21.3745],[-97.5856,21.3906],[-97.5961,21.4131]]]},"properties":{"CVE_ENT":"30","CVE_MUN":"060","CVEGEO":"30060","NOMGEO":"Chinampa de Gorostiza"}},
{"type":"Feature","geometry":{"type":"Polygon","coordinates":[[[-95.7786,18.3999],[-95.787,18.3844],[-95.7993,18.3823],[-95.818,18.392],[-95.8281,18.3793],[-95.8589,18.372],[-95.8964,18.3787],[-95.8883,18.4017],[-95.9062,18.4008],[-95.9036,18.4257],[-95.93,18.432],[-95.9328,18.4173],[-95.9851,18.4269],[-95.9849,18.415],[-96.0002,18.3969],[-96.0159,18.3879],[-96.0331,18.3825],[-96.0363,18.3651],[-96.0496,18.3658],[-96.0901,18.3268],[-96.0835,18.3141],[-96.0698,18.3142],[-96.0566,18.3018],[-96.0698,18.2877],[-96.0713,18.27],[-96.0609,18.2613],[-96.0621,18.2397],[-96.0782,18.2325],[-96.0698,18.2197],[-96.0782,18.1998],[-96.1185,18.1917],[-96.1384,18.1848],[-96.1459,18.1919],[-96.1714,18.1864],[-96.1691,18.1721],[-96.1864,18.1672],[-96.1883,18.1513],[-96.1797,18.1406],[-96.1497,18.1316],[-96.1241,18.1404],[-96.1143,18.1641],[-96.0839,18.1618],[-96.0628,18.176],[-96.0445,18.1795],[-96.0438,18.2056],[-96.0249,18.2177],[-96.0083,18.2058],[-96.007,18.1848],[-95.9825,18.1893],[-95.9988,18.2069],[-95.9887,18.2245],[-95.9687,18.2369],[-95.9561,18.235],[-95.9502,18.2513],[-95.9197,18.2468],[-95.912,18.2506],[-95.9176,18.2663],[-95.9047,18.2769],[-95.881,18.2751],[-95.8563,18.2825],[-95.8454,18.2961],[-95.8507,18.3158],[-95.8462,18.3276],[-95.8301,18.3336],[-95.8124,18.3171],[-95.8022,18.3181],[-95.7912,18.3379],[-95.7769,18.3172],[-95.7665,18.3147],[-95.7794,18.3418],[-95.7769,18.3598],[-95.7786,18.3999]]]},"properties":{"CVE_ENT":"30","CVE_MUN":"045","CVEGEO":"30045","NOMGEO":"Cosamaloapan de Carpio"}},
{"type":"Feature","geometry":{"type":"Polygon","coordinates":[[[-96.7411,19.8167],[-96.7541,19.7921],[-96.7674,19.7881],[-96.783,19.7947],[-96.7964,19.7853],[-96.8075,19.8055],[-96.8219,19.7947],[-96.836,19.8178],[-96.849,19.8078],[-96.8373,19.7867],[-96.8399,19.7776],[-96.861,19.777],[-96.8409,19.7637],[-96.8431,19.7424],[-96.8345,19.7146],[-96.8202,19.711],[-96.8136,19.6989],[-96.7963,19.6995],[-96.792,19.7133],[-96.7699,19.7354],[-96.7506,19.7265],[-96.7413,19.709],[-96.73,19.719],[-96.7059,19.7279],[-96.6997,19.7237],[-96.6729,19.7371],[-96.6756,19.7473],[-96.7042,19.7553],[-96.7191,19.7768],[-96.7469,19.7887],[-96.7361,19.8113],[-96.7411,19.8167]]]},"properties":{"CVE_ENT":"30","CVE_MUN":"057","CVEGEO":"30057","NOMGEO":"Chiconquiaco"}}
]}