{"type":"FeatureCollection", "features": [
{"type":"Feature","geometry":{"type":"Polygon","coordinates":[[[-97.968,19.8448],[-97.9695,19.8516],[-98.0255,19.8714],[-98.023,19.8961],[-98.0384,19.9019],[-98.0538,19.8994],[-98.0823,19.9526],[-98.1041,19.9636],[-98.1338,19.9652],[-98.1529,19.9531],[-98.167,19.9718],[-98.1807,19.9598],[-98.1978,19.9598],[-98.2191,19.9672],[-98.2302,19.9494],[-98.251,19.9349],[-98.2563,19.915],[-98.2678,19.9161],[-98.2694,19.8957],[-98.2866,19.8873],[-98.3145,19.8545],[-98.3006,19.8453],[-98.2835,19.847],[-98.2671,19.8433],[-98.265,19.8251],[-98.2509,19.8128],[-98.2497,19.7988],[-98.2352,19.7775],[-98.2162,19.7784],[-98.2026,19.768],[-98.1967,19.7427],[-98.2151,19.7413],[-98.2382,19.7223],[-98.2553,19.7188],[-98.255,19.7082],[-98.2524,19.6931],[-98.2408,19.6759],[-98.1905,19.6763],[-98.1597,19.6694],[-98.1437,19.6836],[-98.1104,19.6858],[-98.0988,19.6697],[-98.0942,19.6732],[-98.0929,19.6745],[-98.0905,19.6786],[-98.0918,19.681],[-98.0927,19.6829],[-98.0927,19.6833],[-98.0927,19.6834],[-98.0926,19.6837],[-98.0925,19.6838],[-98.0904,19.6895],[-98.0843,19.6934],[-98.0828,19.7008],[-98.0796,19.7012],[-98.0796,19.7011],[-98.0743,19.7007],[-98.0688,19.7034],[-98.066,19.7281],[-98.056,19.7259],[-98.0401,19.6996],[-98.0399,19.6996],[-98.0391,19.6989],[-98.0363,19.6993],[-98.0346,19.6984],[-98.024,19.7077],[-98.0088,19.7268],[-98.0123,19.7442],[-97.9842,19.7416],[-97.9913,19.7838],[-97.9784,19.8135],[-97.962,19.8322],[-97.968,19.8448]]]},"properties":{"CVE_ENT":"21","CVE_MUN":"053","CVEGEO":"21053","NOMGEO":"Chignahuapan"}},
{"type":"Feature","geometry":{"type":"Polygon","coordinates":[[[-97.5629,19.7869],[-97.5812,19.7788],[-97.5929,19.7202],[-97.5703,19.7013],[-97.556,19.7009],[-97.5592,19.7441],[-97.5419,19.7624],[-97.5447,19.7815],[-97.5629,19.7869]]]},"properties":{"CVE_ENT":"21","CVE_MUN":"211","CVEGEO":"21211","NOMGEO":"Zaragoza"}},
{"type":"Feature","geometry":{"type":"Polygon","coordinates":[[[-97.9234,18.6101],[-97.929,18.6192],[-97.9218,18.6437],[-97.9043,18.6711],[-97.9053,18.6915],[-97.949,18.7235],[-97.9586,18.7176],[-97.9476,18.6978],[-97.9583,18.6832],[-97.9754,18.6799],[-97.9896,18.6501],[-98.0042,18.6566],[-98.0213,18.6418],[-98.0193,18.6268],[-98.0515,18.6025],[-98.0663,18.6033],[-98.0871,18.5858],[-98.0841,18.5682],[-98.1168,18.5382],[-98.1294,18.5451],[-98.1392,18.5285],[-98.1664,18.5241],[-98.1879,18.5422],[-98.2106,18.5389],[-98.2198,18.5104],[-98.2465,18.5179],[-98.2645,18.517],[-98.2703,18.5027],[-98.2513,18.4987],[-98.2492,18.4691],[-98.2264,18.4967],[-98.201,18.4908],[-98.1932,18.498],[-98.1691,18.4982],[-98.1663,18.4891],[-98.1368,18.4987],[-98.1263,18.4957],[-98.1102,18.5091],[-98.0767,18.4944],[-98.0617,18.5001],[-98.044,18.4975],[-98.04,18.5195],[-98.05,18.5479],[-98.0438,18.5538],[-98.0168,18.5452],[-98.0271,18.5691],[-98.0189,18.5764],[-98.0166,18.5988],[-98.0011,18.6037],[-97.9685,18.5945],[-97.9475,18.5959],[-97.9234,18.6101]]]},"properties":{"CVE_ENT":"21","CVE_MUN":"206","CVEGEO":"21206","NOMGEO":"Zacapala"}},
{"type":"Feature","geometry":{"type":"Polygon","coordinates":[[[-97.6861,19.0904],[-97.6931,19.1049],[-97.7108,19.1123],[-97.691,19.1285],[-97.6871,19.1402],[-97.7076,19.1829],[-97.7188,19.1584],[-97.7469,19.1855],[-97.765,19.158],[-97.7953,19.1634],[-97.8119,19.1496],[-97.8053,19.1127],[-97.7964,19.1092],[-97.7843,19.0865],[-97.7619,19.066],[-97.7434,19.0603],[-97.7101,19.0713],[-97.6861,19.0904]]]},"properties":{"CVE_ENT":"21","CVE_MUN":"152","CVEGEO":"21152","NOMGEO":"Soltepec"}},
{"type":"Feature","geometry":{"type":"MultiPolygon","coordinates":[[[[-97.6346,18.187],[-97.6354,18.1872],[-97.6368,18.186],[-97.6421,18.1871],[-97.6438,18.1853],[-97.6532,18.1753],[-97.6377,18.1656],[-97.6206,18.1561],[-97.6187,18.1552],[-97.618,18.1537],[-97.6164,18.1527],[-97.6157,18.1533],[-97.6142,18.1536],[-97.6124,18.1555],[-97.6116,18.1571],[-97.611,18.1594],[-97.6056,18.1643],[-97.6016,18.1703],[-97.6227,18.184],[-97.6289,18.1839],[-97.6346,18.187]]],[[[-97.5916,18.2646],[-97.5994,18.2527],[-97.5913,18.2418],[-97.6044,18.2206],[-97.6293,18.2277],[-97.6286,18.2131],[-97.6145,18.1891],[-97.599,18.1878],[-97.5831,18.1954],[-97.5771,18.1705],[-97.544,18.1964],[-97.5135,18.1689],[-97.5175,18.1553],[-97.5318,18.1384],[-97.5461,18.1399],[-97.5717,18.1298],[-97.5738,18.1105],[-97.5696,18.1034],[-97.5674,18.0898],[-97.5668,18.0816],[-97.5617,18.073],[-97.5638,18.0626],[-97.5576,18.0469],[-97.5439,18.0334],[-97.534,18.0463],[-97.5224,18.0446],[-97.5059,18.0278],[-97.4669,18.027],[-97.4532,18.0437],[-97.4414,18.0719],[-97.4256,18.0693],[-97.4144,18.0967],[-97.4023,18.1072],[-97.3949,18.1003],[-97.3891,18.1021],[-97.3827,18.0972],[-97.3763,18.097],[-97.372,18.1025],[-97.364,18.1068],[-97.3604,18.1128],[-97.3551,18.1168],[-97.3546,18.125],[-97.3633,18.1325],[-97.3693,18.1556],[-97.3759,18.165],[-97.3837,18.2077],[-97.3761,18.2128],[-97.3825,18.2317],[-97.3878,18.2342],[-97.396,18.2318],[-97.4018,18.234],[-97.406,18.2339],[-97.407,18.2362],[-97.4091,18.2346],[-97.4107,18.2343],[-97.4122,18.2349],[-97.4135,18.236],[-97.4136,18.2362],[-97.4137,18.2364],[-97.4143,18.2367],[-97.4172,18.235],[-97.4194,18.2348],[-97.4133,18.2234],[-97.4197,18.2115],[-97.4357,18.216],[-97.4478,18.2078],[-97.4618,18.2124],[-97.4761,18.2019],[-97.5068,18.2088],[-97.5211,18.2201],[-97.5185,18.2339],[-97.5442,18.23],[-97.5574,18.2471],[-97.5778,18.2502],[-97.5783,18.2548],[-97.5871,18.2636],[-97.5916,18.2646]]]]},"properties":{"CVE_ENT":"21","CVE_MUN":"027","CVEGEO":"21027","NOMGEO":"Caltepec"}},
{"type":"Feature","geometry":{"type":"Polygon","coordinates":[[[-98.4558,19.121],[-98.5082,19.1272],[-98.5683,19.1444],[-98.5743,19.1413],[-98.5723,19.1314],[-98.5502,19.1152],[-98.5125,19.0937],[-98.4875,19.0941],[-98.4723,19.085],[-98.4522,19.0817],[-98.4215,19.0625],[-98.4172,19.0862],[-98.3941,19.0754],[-98.3965,19.0934],[-98.4123,19.1167],[-98.4225,19.1126],[-98.4558,19.121]]]},"properties":{"CVE_ENT":"21","CVE_MUN":"026","CVEGEO":"21026","NOMGEO":"Calpan"}},
{"type":"Feature","geometry":{"type":"Polygon","coordinates":[[[-98.0057,19.0693],[-98.0074,19.0952],[-98.0161,19.1106],[-98.0224,19.1454],[-98.0287,19.1458],[-98.052,19.117],[-98.0774,19.0752],[-98.0954,19.081],[-98.1159,19.0595],[-98.1198,19.0253],[-98.1287,19.018],[-98.1367,18.9937],[-98.1179,18.9991],[-98.09,18.9919],[-98.0792,18.9998],[-98.0651,18.9953],[-98.0416,19.0039],[-98.0203,18.9863],[-98.0001,19.0139],[-97.9911,19.0098],[-97.9765,19.0269],[-97.9965,19.0395],[-98.0058,19.0365],[-98.0163,19.0612],[-98.0057,19.0693]]]},"properties":{"CVE_ENT":"21","CVE_MUN":"015","CVEGEO":"21015","NOMGEO":"Amozoc"}},
{"type":"Feature","geometry":{"type":"Polygon","coordinates":[[[-97.7731,20.0811],[-97.7998,20.0742],[-97.8254,20.0867],[-97.845,20.0433],[-97.8256,20.0378],[-97.8119,20.0262],[-97.7893,20.0253],[-97.7673,20.0392],[-97.7625,20.0531],[-97.7458,20.0595],[-97.7432,20.0689],[-97.7677,20.0737],[-97.7731,20.0811]]]},"properties":{"CVE_ENT":"21","CVE_MUN":"014","CVEGEO":"21014","NOMGEO":"Amixtlán"}},
{"type":"Feature","geometry":{"type":"Polygon","coordinates":[[[-96.9962,18.5285],[-96.9989,18.5319],[-97.0464,18.4996],[-97.052,18.4857],[-97.0811,18.4638],[-97.0965,18.4382],[-97.1156,18.4428],[-97.1217,18.4611],[-97.148,18.4499],[-97.1674,18.4341],[-97.188,18.4363],[-97.1923,18.4567],[-97.244,18.4541],[-97.2575,18.4684],[-97.2693,18.4655],[-97.315,18.4355],[-97.3187,18.4146],[-97.2983,18.3975],[-97.2925,18.3758],[-97.267,18.375],[-97.2587,18.3521],[-97.2382,18.3601],[-97.2142,18.3515],[-97.196,18.3634],[-97.1837,18.3629],[-97.1763,18.3415],[-97.168,18.3381],[-97.1574,18.351],[-97.1359,18.3712],[-97.0942,18.3652],[-97.0737,18.3546],[-97.053,18.3733],[-97.0518,18.3882],[-97.0089,18.4072],[-96.9956,18.3951],[-96.9605,18.4153],[-96.9447,18.4424],[-96.9275,18.4432],[-96.9259,18.4646],[-96.9484,18.4514],[-96.9922,18.5059],[-96.9962,18.5285]]]},"properties":{"CVE_ENT":"21","CVE_MUN":"010","CVEGEO":"21010","NOMGEO":"Ajalpan"}},
{"type":"Feature","geometry":{"type":"Polygon","coordinates":[[[-97.4013,18.5767],[-97.4305,18.586],[-97.4244,18.5985],[-97.4357,18.6058],[-97.4661,18.5935],[-97.4915,18.5938],[-97.4829,18.5716],[-97.4889,18.5619],[-97.4537,18.5327],[-97.4542,18.503],[-97.4325,18.4927],[-97.4205,18.5173],[-97.3942,18.5042],[-97.3929,18.5377],[-97.373,18.5519],[-97.3564,18.5511],[-97.3544,18.5653],[-97.3417,18.5882],[-97.3637,18.5876],[-97.3799,18.5743],[-97.4013,18.5767]]]},"properties":{"CVE_ENT":"21","CVE_MUN":"149","CVEGEO":"21149","NOMGEO":"Santiago Miahuatlán"}},
{"type":"Feature","geometry":{"type":"Polygon","coordinates":[[[-97.6861,19.0904],[-97.7101,19.0713],[-97.7434,19.0603],[-97.7619,19.066],[-97.7843,19.0865],[-97.7964,19.1092],[-97.8053,19.1127],[-97.8196,19.1041],[-97.8072,19.0813],[-97.8163,19.0402],[-97.8278,19.0153],[-97.8105,19.0039],[-97.8158,18.9813],[-97.8049,18.9563],[-97.7834,18.9502],[-97.7614,18.9578],[-97.7461,18.953],[-97.7463,18.9551],[-97.7278,18.9895],[-97.7278,18.9992],[-97.7043,19.0454],[-97.6902,19.0525],[-97.6765,19.0713],[-97.6798,19.0856],[-97.6861,19.0904]]]},"properties":{"CVE_ENT":"21","CVE_MUN":"004","CVEGEO":"21004","NOMGEO":"Acatzingo"}},
{"type":"Feature","geometry":{"type":"Polygon","coordinates":[[[-98.6496,18.7832],[-98.6502,18.8042],[-98.6652,18.8152],[-98.7012,18.8159],[-98.7061,18.7881],[-98.7267,18.7668],[-98.7235,18.7556],[-98.6886,18.7421],[-98.6976,18.7145],[-98.6948,18.6987],[-98.676,18.6906],[-98.6681,18.686],[-98.6564,18.7126],[-98.6553,18.7329],[-98.6424,18.7417],[-98.6514,18.7595],[-98.6496,18.7832]]]},"properties":{"CVE_ENT":"21","CVE_MUN":"005","CVEGEO":"21005","NOMGEO":"Acteopan"}},
{"type":"Feature","geometry":{"type":"Polygon","coordinates":[[[-97.8254,20.0867],[-97.8397,20.0913],[-97.863,20.0829],[-97.8799,20.0898],[-97.8924,20.0907],[-97.9057,20.0793],[-97.9041,20.0569],[-97.8804,20.044],[-97.8976,20.0242],[-97.9184,19.9864],[-97.9016,19.9649],[-97.8805,19.9725],[-97.8648,19.97],[-97.848,19.9757],[-97.83,19.9903],[-97.8295,19.9911],[-97.8301,20.0084],[-97.8119,20.0262],[-97.8256,20.0378],[-97.845,20.0433],[-97.8254,20.0867]]]},"properties":{"CVE_ENT":"21","CVE_MUN":"006","CVEGEO":"21006","NOMGEO":"Ahuacatlán"}},
{"type":"Feature","geometry":{"type":"Polygon","coordinates":[[[-98.1283,20.1072],[-98.1592,20.0931],[-98.1577,20.0842],[-98.1681,20.0573],[-98.1809,20.047],[-98.1736,20.0338],[-98.1584,20.0324],[-98.1482,20.0112],[-98.1254,20.0289],[-98.1095,20.0306],[-98.0986,20.0806],[-98.0877,20.0921],[-98.0964,20.1025],[-98.117,20.0972],[-98.1283,20.1072]]]},"properties":{"CVE_ENT":"21","CVE_MUN":"008","CVEGEO":"21008","NOMGEO":"Ahuazotepec"}},
{"type":"Feature","geometry":{"type":"Polygon","coordinates":[[[-98.0213,18.6418],[-98.0511,18.6451],[-98.062,18.6333],[-98.0764,18.6345],[-98.0995,18.626],[-98.113,18.6357],[-98.1268,18.6212],[-98.1434,18.6126],[-98.1263,18.5955],[-98.1056,18.5835],[-98.0871,18.5858],[-98.0663,18.6033],[-98.0515,18.6025],[-98.0193,18.6268],[-98.0213,18.6418]]]},"properties":{"CVE_ENT":"21","CVE_MUN":"146","CVEGEO":"21146","NOMGEO":"Santa Catarina Tlaltempan"}},
{"type":"Feature","geometry":{"type":"Polygon","coordinates":[[[-96.7286,18.3957],[-96.7281,18.3966],[-96.7286,18.3979],[-96.7313,18.4014],[-96.7285,18.4091],[-96.7591,18.4083],[-96.7704,18.4216],[-96.7628,18.4254],[-96.7704,18.4293],[-96.7755,18.4262],[-96.781,18.4291],[-96.797,18.5119],[-96.8134,18.5176],[-96.8245,18.4988],[-96.8424,18.4934],[-96.8626,18.4829],[-96.8536,18.4402],[-96.8603,18.4158],[-96.8755,18.4074],[-96.8867,18.3812],[-96.8624,18.3606],[-96.8466,18.3319],[-96.8629,18.3115],[-96.8564,18.2962],[-96.8754,18.2946],[-96.8881,18.3042],[-96.9056,18.2904],[-96.9001,18.2736],[-96.912,18.2683],[-96.9039,18.2525],[-96.9107,18.2388],[-96.9047,18.2376],[-96.8663,18.242],[-96.8553,18.2413],[-96.8462,18.2469],[-96.8427,18.265],[-96.8181,18.3062],[-96.8214,18.3213],[-96.7842,18.3383],[-96.786,18.3535],[-96.7533,18.3929],[-96.7327,18.3982],[-96.7293,18.3973],[-96.7286,18.3957]]]},"properties":{"CVE_ENT":"21","CVE_MUN":"145","CVEGEO":"21145","NOMGEO":"San Sebastián Tlacotepec"}},
{"type":"Feature","geometry":{"type":"MultiPolygon","coordinates":[[[[-98.2627,17.927],[-98.2701,17.9153],[-98.2465,17.8784],[-98.2097,17.8798],[-98.2071,17.887],[-98.202,17.8918],[-98.192,17.8958],[-98.1769,17.8974],[-98.1651,17.9185],[-98.166,17.9193],[-98.1669,17.9199],[-98.1707,17.9209],[-98.172,17.9226],[-98.1697,17.9526],[-98.1624,17.9625],[-98.1849,17.9733],[-98.2023,17.972],[-98.2012,17.9887],[-98.1893,17.9886],[-98.1845,18.0161],[-98.1882,18.0298],[-98.2042,18.0444],[-98.2081,18.0381],[-98.2162,18.0348],[-98.2195,18.0312],[-98.2381,18.0386],[-98.2444,18.027],[-98.2602,18.0413],[-98.3001,18.0393],[-98.2917,18.0053],[-98.2937,17.9786],[-98.2854,17.9725],[-98.2748,17.9735],[-98.2784,17.9607],[-98.2817,17.9596],[-98.2768,17.9565],[-98.2676,17.9601],[-98.2498,17.9416],[-98.2627,17.927]]],[[[-98.1163,18.3691],[-98.1183,18.3587],[-98.1351,18.3567],[-98.1397,18.3306],[-98.1453,18.3159],[-98.1642,18.305],[-98.1678,18.2979],[-98.1603,18.2923],[-98.1539,18.269],[-98.167,18.2511],[-98.1671,18.2317],[-98.1606,18.2144],[-98.1581,18.1976],[-98.1601,18.1792],[-98.1451,18.1724],[-98.0997,18.17],[-98.079,18.1557],[-98.0601,18.1485],[-98.0497,18.1338],[-98.0308,18.1288],[-98.0387,18.1052],[-98.0508,18.0973],[-98.0133,18.0774],[-98.0042,18.0863],[-97.9877,18.0833],[-97.9842,18.0995],[-97.9609,18.1086],[-97.9734,18.1276],[-97.9971,18.1371],[-97.9773,18.1481],[-97.977,18.1628],[-97.9892,18.1667],[-97.9795,18.1933],[-97.9681,18.1967],[-97.973,18.2194],[-97.9917,18.2253],[-97.9968,18.2392],[-97.9851,18.2561],[-97.9685,18.2622],[-97.9729,18.2776],[-97.9595,18.3016],[-97.9427,18.3128],[-97.9384,18.3205],[-97.9298,18.3242],[-97.9375,18.3287],[-97.95,18.3321],[-97.9536,18.3335],[-97.9616,18.3259],[-97.9944,18.3345],[-98.0203,18.3181],[-98.026,18.3408],[-98.0622,18.3351],[-98.0692,18.3442],[-98.0971,18.3427],[-98.1163,18.3691]]]]},"properties":{"CVE_ENT":"21","CVE_MUN":"003","CVEGEO":"21003","NOMGEO":"Acatlán"}},
{"type":"Feature","geometry":{"type":"Polygon","coordinates":[[[-97.8171,19.2595],[-97.8134,19.2596],[-97.8144,19.2615],[-97.8269,19.273],[-97.8384,19.2672],[-97.8312,19.2595],[-97.8171,19.2595]]]},"properties":{"CVE_ENT":"21","CVE_MUN":"117","CVEGEO":"21117","NOMGEO":"Rafael Lara Grajales"}},
{"type":"Feature","geometry":{"type":"Polygon","coordinates":[[[-98.6119,18.7589],[-98.6223,18.7721],[-98.6496,18.7832],[-98.6514,18.7595],[-98.6424,18.7417],[-98.6553,18.7329],[-98.6564,18.7126],[-98.6552,18.6977],[-98.6342,18.711],[-98.6109,18.7112],[-98.623,18.7399],[-98.6119,18.7589]]]},"properties":{"CVE_ENT":"21","CVE_MUN":"165","CVEGEO":"21165","NOMGEO":"Tepemaxalco"}},
{"type":"Feature","geometry":{"type":"Polygon","coordinates":[[[-97.992,19.1958],[-97.9986,19.1983],[-98.0014,19.2037],[-98.0317,19.2309],[-98.0205,19.2095],[-98.0367,19.1847],[-98.0287,19.1458],[-98.0224,19.1454],[-98.0161,19.1106],[-98.0074,19.0952],[-98.0057,19.0693],[-97.9889,19.0768],[-97.954,19.0708],[-97.9659,19.0964],[-97.9779,19.0873],[-97.998,19.0979],[-98.0036,19.1137],[-97.9988,19.1278],[-97.9863,19.1305],[-97.9867,19.1483],[-97.9777,19.1535],[-97.9822,19.1757],[-97.992,19.1958]]]},"properties":{"CVE_ENT":"21","CVE_MUN":"163","CVEGEO":"21163","NOMGEO":"Tepatlaxco de Hidalgo"}},
{"type":"Feature","geometry":{"type":"Polygon","coordinates":[[[-98.2446,18.2162],[-98.2675,18.1986],[-98.2757,18.1796],[-98.2942,18.1826],[-98.31,18.1972],[-98.3271,18.2034],[-98.3367,18.2029],[-98.3599,18.1765],[-98.3525,18.1435],[-98.3441,18.1315],[-98.3276,18.121],[-98.3031,18.1284],[-98.2927,18.1193],[-98.2709,18.1175],[-98.2386,18.0944],[-98.2447,18.0669],[-98.2562,18.0592],[-98.2966,18.0589],[-98.3075,18.0488],[-98.3242,18.0084],[-98.3231,17.9854],[-98.3166,17.9673],[-98.3013,17.9601],[-98.2989,17.9605],[-98.2938,17.9565],[-98.2878,17.9556],[-98.2881,17.9567],[-98.2882,17.9571],[-98.2885,17.9575],[-98.2884,17.9578],[-98.2853,17.9574],[-98.2816,17.9597],[-98.2784,17.9607],[-98.2937,17.9786],[-98.2917,18.0053],[-98.3001,18.0393],[-98.2602,18.0413],[-98.2444,18.027],[-98.2381,18.0386],[-98.2195,18.0312],[-98.2081,18.0381],[-98.2084,18.0436],[-98.2108,18.0615],[-98.1987,18.083],[-98.2097,18.0967],[-98.2012,18.1278],[-98.2146,18.1439],[-98.1941,18.1482],[-98.1943,18.1663],[-98.1993,18.1834],[-98.2181,18.1914],[-98.2344,18.2142],[-98.2446,18.2162]]]},"properties":{"CVE_ENT":"21","CVE_MUN":"113","CVEGEO":"21113","NOMGEO":"Piaxtla"}},
{"type":"Feature","geometry":{"type":"Polygon","coordinates":[[[-98.164,18.1862],[-98.1606,18.2144],[-98.1671,18.2317],[-98.167,18.2511],[-98.1539,18.269],[-98.1603,18.2923],[-98.1678,18.2979],[-98.2029,18.2816],[-98.199,18.2743],[-98.2224,18.2463],[-98.2193,18.231],[-98.2446,18.2162],[-98.2344,18.2142],[-98.2181,18.1914],[-98.1993,18.1834],[-98.1943,18.1663],[-98.1864,18.1779],[-98.164,18.1862]]]},"properties":{"CVE_ENT":"21","CVE_MUN":"009","CVEGEO":"21009","NOMGEO":"Ahuehuetitla"}},
{"type":"Feature","geometry":{"type":"Polygon","coordinates":[[[-97.7617,19.9463],[-97.7573,19.9634],[-97.7636,19.9743],[-97.7812,19.9599],[-97.7957,19.9568],[-97.8157,19.9416],[-97.8236,19.9218],[-97.8208,19.9154],[-97.8323,19.8839],[-97.8219,19.8635],[-97.7932,19.8652],[-97.7919,19.8824],[-97.7697,19.8801],[-97.7503,19.8977],[-97.7642,19.9091],[-97.7617,19.9463]]]},"properties":{"CVE_ENT":"21","CVE_MUN":"039","CVEGEO":"21039","NOMGEO":"Cuautempan"}},
{"type":"Feature","geometry":{"type":"Polygon","coordinates":[[[-97.9765,19.0269],[-97.9911,19.0098],[-98.0001,19.0139],[-98.0203,18.9863],[-98.0416,19.0039],[-98.0651,18.9953],[-98.0792,18.9998],[-98.09,18.9919],[-98.1179,18.9991],[-98.1367,18.9937],[-98.1366,18.9553],[-98.1197,18.9438],[-98.1149,18.9282],[-98.0956,18.9129],[-98.0748,18.9012],[-98.0526,18.9047],[-98.0362,18.9182],[-97.9845,18.934],[-97.9877,18.9463],[-97.9583,18.9466],[-97.9555,18.9661],[-97.9668,18.9711],[-97.9663,18.988],[-97.9536,19.0065],[-97.9409,19.0049],[-97.9765,19.0269]]]},"properties":{"CVE_ENT":"21","CVE_MUN":"040","CVEGEO":"21040","NOMGEO":"Cuautinchán"}},
{"type":"Feature","geometry":{"type":"Polygon","coordinates":[[[-98.2367,19.1573],[-98.2622,19.1608],[-98.2702,19.1457],[-98.26,19.1383],[-98.2612,19.1241],[-98.2826,19.0985],[-98.2958,19.0983],[-98.2869,19.0875],[-98.2621,19.0782],[-98.2369,19.0945],[-98.2245,19.1379],[-98.2246,19.1381],[-98.2367,19.1573]]]},"properties":{"CVE_ENT":"21","CVE_MUN":"041","CVEGEO":"21041","NOMGEO":"Cuautlancingo"}},
{"type":"Feature","geometry":{"type":"Polygon","coordinates":[[[-97.9114,19.8466],[-97.9376,19.829],[-97.9548,19.8564],[-97.968,19.8448],[-97.962,19.8322],[-97.9784,19.8135],[-97.9913,19.7838],[-97.9842,19.7416],[-98.0123,19.7442],[-98.0088,19.7268],[-97.9665,19.7025],[-97.961,19.7102],[-97.9401,19.7123],[-97.9218,19.7245],[-97.8791,19.7232],[-97.8572,19.7414],[-97.8504,19.7385],[-97.8463,19.7694],[-97.8619,19.7913],[-97.8844,19.799],[-97.8993,19.8218],[-97.8957,19.8328],[-97.9114,19.8466]]]},"properties":{"CVE_ENT":"21","CVE_MUN":"016","CVEGEO":"21016","NOMGEO":"Aquixtla"}},
{"type":"Feature","geometry":{"type":"Polygon","coordinates":[[[-98.7951,18.3922],[-98.7964,18.39],[-98.8062,18.3815],[-98.8264,18.3749],[-98.8152,18.401],[-98.8153,18.4166],[-98.8409,18.431],[-98.8674,18.4159],[-98.89,18.4121],[-98.9073,18.4023],[-98.9264,18.4073],[-98.9392,18.422],[-98.974,18.4171],[-98.9875,18.3996],[-99.0159,18.3863],[-99.0314,18.3649],[-99.066,18.3326],[-99.0601,18.2967],[-99.0658,18.2804],[-99.0548,18.2714],[-99.054,18.2523],[-99.0317,18.2723],[-99.0147,18.2633],[-99.0218,18.2499],[-98.995,18.2374],[-98.9941,18.2129],[-99.0001,18.1902],[-98.9572,18.1887],[-98.8848,18.167],[-98.8731,18.1881],[-98.842,18.1841],[-98.851,18.2017],[-98.8443,18.2441],[-98.8466,18.2604],[-98.8284,18.2623],[-98.8069,18.2577],[-98.8029,18.2709],[-98.7908,18.2774],[-98.7898,18.2794],[-98.7891,18.2805],[-98.7814,18.2944],[-98.7771,18.2963],[-98.7652,18.2908],[-98.7721,18.303],[-98.7617,18.3237],[-98.7707,18.3419],[-98.7841,18.3498],[-98.7793,18.3704],[-98.787,18.3924],[-98.7951,18.3922]]]},"properties":{"CVE_ENT":"21","CVE_MUN":"087","CVEGEO":"21087","NOMGEO":"Jolalpan"}},
{"type":"Feature","geometry":{"type":"Polygon","coordinates":[[[-97.7812,19.9599],[-97.7987,19.9793],[-97.83,19.9903],[-97.848,19.9757],[-97.8648,19.97],[-97.8805,19.9725],[-97.9016,19.9649],[-97.9193,19.9543],[-97.9149,19.9351],[-97.8922,19.9295],[-97.8831,19.9198],[-97.8666,19.9175],[-97.8563,19.8945],[-97.8469,19.9034],[-97.8422,19.926],[-97.8236,19.9218],[-97.8157,19.9416],[-97.7957,19.9568],[-97.7812,19.9599]]]},"properties":{"CVE_ENT":"21","CVE_MUN":"167","CVEGEO":"21167","NOMGEO":"Tepetzintla"}},
{"type":"Feature","geometry":{"type":"Polygon","coordinates":[[[-98.3924,18.7913],[-98.4185,18.7882],[-98.4464,18.7683],[-98.4727,18.7539],[-98.4798,18.7399],[-98.4964,18.7269],[-98.5028,18.7034],[-98.4843,18.6868],[-98.4774,18.669],[-98.4692,18.6684],[-98.4523,18.6835],[-98.4397,18.6753],[-98.4227,18.6536],[-98.4153,18.6531],[-98.3919,18.6676],[-98.3807,18.6595],[-98.378,18.6836],[-98.3842,18.6916],[-98.3893,18.7053],[-98.3816,18.7247],[-98.3907,18.7452],[-98.3894,18.7601],[-98.3784,18.7709],[-98.3924,18.7913]]]},"properties":{"CVE_ENT":"21","CVE_MUN":"166","CVEGEO":"21166","NOMGEO":"Tepeojuma"}},
{"type":"Feature","geometry":{"type":"Polygon","coordinates":[[[-97.6162,18.4709],[-97.644,18.4607],[-97.6575,18.4753],[-97.6716,18.4641],[-97.7023,18.4689],[-97.7529,18.4616],[-97.7451,18.4152],[-97.7462,18.3969],[-97.7612,18.3954],[-97.7668,18.4058],[-97.7911,18.4125],[-97.7814,18.3922],[-97.7695,18.3518],[-97.7808,18.3417],[-97.7802,18.315],[-97.7758,18.3062],[-97.7832,18.2863],[-97.7497,18.2758],[-97.7213,18.276],[-97.7109,18.2853],[-97.6634,18.2918],[-97.6645,18.3124],[-97.6191,18.3158],[-97.587,18.3297],[-97.5853,18.3485],[-97.5985,18.3659],[-97.6108,18.3912],[-97.6085,18.4044],[-97.6259,18.4281],[-97.6014,18.4451],[-97.5896,18.4716],[-97.6162,18.4709]]]},"properties":{"CVE_ENT":"21","CVE_MUN":"018","CVEGEO":"21018","NOMGEO":"Atexcal"}},
{"type":"Feature","geometry":{"type":"Polygon","coordinates":[[[-97.3881,19.774],[-97.3778,19.7927],[-97.3811,19.8165],[-97.3696,19.8424],[-97.3921,19.8557],[-97.3989,19.8729],[-97.4197,19.8623],[-97.4202,19.8509],[-97.406,19.8502],[-97.3973,19.84],[-97.4217,19.7994],[-97.4365,19.7844],[-97.4425,19.7572],[-97.4621,19.7501],[-97.4779,19.7433],[-97.5012,19.7184],[-97.5017,19.7018],[-97.5034,19.6899],[-97.4972,19.6599],[-97.475,19.6409],[-97.4581,19.6481],[-97.4487,19.6613],[-97.4281,19.6726],[-97.4057,19.6786],[-97.3979,19.6948],[-97.4057,19.7084],[-97.3996,19.75],[-97.3881,19.774]]]},"properties":{"CVE_ENT":"21","CVE_MUN":"054","CVEGEO":"21054","NOMGEO":"Chignautla"}},
{"type":"Feature","geometry":{"type":"Polygon","coordinates":[[[-97.9109,18.2857],[-97.9397,18.2856],[-97.9372,18.271],[-97.9255,18.2671],[-97.9324,18.2486],[-97.9728,18.222],[-97.9681,18.1967],[-97.9795,18.1933],[-97.9892,18.1667],[-97.977,18.1628],[-97.9773,18.1481],[-97.9971,18.1371],[-97.9734,18.1276],[-97.9627,18.1448],[-97.9442,18.1244],[-97.9421,18.1468],[-97.933,18.1567],[-97.9169,18.1499],[-97.8997,18.162],[-97.8828,18.1594],[-97.8639,18.148],[-97.8536,18.1679],[-97.8395,18.1712],[-97.8499,18.1885],[-97.8779,18.197],[-97.8666,18.21],[-97.8733,18.2295],[-97.9109,18.2857]]]},"properties":{"CVE_ENT":"21","CVE_MUN":"127","CVEGEO":"21127","NOMGEO":"San Jerónimo Xayacatlán"}},
{"type":"Feature","geometry":{"type":"Polygon","coordinates":[[[-97.2067,18.2889],[-97.2369,18.2994],[-97.2569,18.3236],[-97.2822,18.3067],[-97.2956,18.3121],[-97.3248,18.3232],[-97.3141,18.3027],[-97.338,18.3082],[-97.3643,18.2979],[-97.3904,18.2495],[-97.414,18.237],[-97.414,18.2366],[-97.4137,18.2364],[-97.4135,18.236],[-97.4128,18.2354],[-97.4122,18.2349],[-97.4116,18.2346],[-97.4107,18.2343],[-97.396,18.2318],[-97.3825,18.2317],[-97.3761,18.2128],[-97.3837,18.2077],[-97.3759,18.165],[-97.3633,18.1325],[-97.3575,18.1282],[-97.3528,18.1233],[-97.3397,18.1302],[-97.3324,18.1452],[-97.3184,18.1458],[-97.3085,18.1561],[-97.2746,18.1571],[-97.225,18.1742],[-97.2143,18.1637],[-97.1872,18.1752],[-97.1924,18.1924],[-97.1674,18.2009],[-97.1699,18.2178],[-97.1893,18.2399],[-97.1871,18.2523],[-97.2047,18.2717],[-97.2067,18.2889]]]},"properties":{"CVE_ENT":"21","CVE_MUN":"129","CVEGEO":"21129","NOMGEO":"San José Miahuatlán"}},
{"type":"Feature","geometry":{"type":"Polygon","coordinates":[[[-97.5686,19.111],[-97.5857,19.0894],[-97.5841,19.0615],[-97.6072,19.0357],[-97.6139,19.0362],[-97.62,19.0077],[-97.5919,19.0181],[-97.5879,19.0021],[-97.5704,19.0025],[-97.5606,19.017],[-97.5444,18.9986],[-97.5286,18.9836],[-97.5192,18.9853],[-97.5169,19.0061],[-97.5278,19.0184],[-97.5095,19.04],[-97.4921,19.039],[-97.474,19.0479],[-97.479,19.0604],[-97.4904,19.0589],[-97.5398,19.0869],[-97.5381,19.0992],[-97.5686,19.111]]]},"properties":{"CVE_ENT":"21","CVE_MUN":"130","CVEGEO":"21130","NOMGEO":"San Juan Atenco"}},
{"type":"Feature","geometry":{"type":"Polygon","coordinates":[[[-97.6768,20.3069],[-97.6901,20.3336],[-97.7127,20.329],[-97.7429,20.3518],[-97.7482,20.3785],[-97.7654,20.3811],[-97.8006,20.3527],[-97.8147,20.334],[-97.8396,20.3384],[-97.84,20.3136],[-97.867,20.2959],[-97.8777,20.2682],[-97.907,20.2372],[-97.9249,20.2298],[-97.9565,20.2292],[-97.9585,20.2201],[-97.9547,20.2147],[-97.9359,20.2136],[-97.9099,20.2054],[-97.9018,20.2292],[-97.8776,20.24],[-97.8652,20.2334],[-97.8532,20.2443],[-97.8601,20.2587],[-97.8308,20.2687],[-97.7834,20.2603],[-97.7827,20.2685],[-97.7572,20.2792],[-97.7409,20.2746],[-97.7084,20.2853],[-97.707,20.2992],[-97.6768,20.3069]]]},"properties":{"CVE_ENT":"21","CVE_MUN":"213","CVEGEO":"21213","NOMGEO":"Zihuateutla"}},
{"type":"Feature","geometry":{"type":"Polygon","coordinates":[[[-97.3273,18.3617],[-97.3457,18.3562],[-97.3536,18.3665],[-97.3667,18.3577],[-97.3938,18.3669],[-97.4028,18.3837],[-97.4285,18.3831],[-97.4267,18.3491],[-97.4136,18.3334],[-97.4313,18.2897],[-97.4298,18.271],[-97.414,18.237],[-97.3904,18.2495],[-97.3643,18.2979],[-97.338,18.3082],[-97.3141,18.3027],[-97.3248,18.3232],[-97.3211,18.3446],[-97.3273,18.3617]]]},"properties":{"CVE_ENT":"21","CVE_MUN":"124","CVEGEO":"21124","NOMGEO":"San Gabriel Chilac"}},
{"type":"Feature","geometry":{"type":"Polygon","coordinates":[[[-97.842,18.5958],[-97.8616,18.609],[-97.909,18.6182],[-97.9234,18.6101],[-97.9475,18.5959],[-97.9685,18.5945],[-98.0011,18.6037],[-98.0166,18.5988],[-98.0189,18.5764],[-98.0271,18.5691],[-98.0168,18.5452],[-98.0438,18.5538],[-98.05,18.5479],[-98.04,18.5195],[-98.044,18.4975],[-98.0258,18.4809],[-97.9956,18.4787],[-97.9919,18.4558],[-97.9736,18.4387],[-97.9627,18.4098],[-97.9502,18.4027],[-97.9565,18.3795],[-97.956,18.3595],[-97.9663,18.349],[-97.9577,18.3302],[-97.9536,18.3335],[-97.9477,18.333],[-97.9269,18.3412],[-97.9067,18.34],[-97.8845,18.3421],[-97.8583,18.3531],[-97.8782,18.3549],[-97.8958,18.365],[-97.8841,18.3986],[-97.8654,18.415],[-97.8893,18.4175],[-97.8683,18.4325],[-97.8898,18.4456],[-97.8974,18.4561],[-97.8638,18.5252],[-97.8456,18.5303],[-97.8522,18.5695],[-97.842,18.5958]]]},"properties":{"CVE_ENT":"21","CVE_MUN":"169","CVEGEO":"21169","NOMGEO":"Tepexi de Rodríguez"}},
{"type":"Feature","geometry":{"type":"Polygon","coordinates":[[[-97.8236,19.9218],[-97.8422,19.926],[-97.8469,19.9034],[-97.8563,19.8945],[-97.8713,19.863],[-97.9114,19.8466],[-97.8957,19.8328],[-97.8993,19.8218],[-97.8844,19.799],[-97.8619,19.7913],[-97.8463,19.7694],[-97.8504,19.7385],[-97.8399,19.736],[-97.8364,19.7168],[-97.7971,19.6953],[-97.783,19.7086],[-97.765,19.7109],[-97.7531,19.7347],[-97.7666,19.75],[-97.7435,19.7724],[-97.7215,19.7819],[-97.7292,19.7965],[-97.6822,19.8091],[-97.674,19.8152],[-97.6715,19.8448],[-97.6767,19.8582],[-97.6649,19.8658],[-97.6656,19.878],[-97.6436,19.9046],[-97.6663,19.9063],[-97.6782,19.8881],[-97.716,19.8833],[-97.731,19.8923],[-97.7503,19.8977],[-97.7697,19.8801],[-97.7919,19.8824],[-97.7932,19.8652],[-97.8219,19.8635],[-97.8323,19.8839],[-97.8208,19.9154],[-97.8236,19.9218]]]},"properties":{"CVE_ENT":"21","CVE_MUN":"172","CVEGEO":"21172","NOMGEO":"Tetela de Ocampo"}},
{"type":"Feature","geometry":{"type":"Polygon","coordinates":[[[-97.3794,19.2343],[-97.4076,19.2221],[-97.4111,19.2332],[-97.3882,19.2415],[-97.3995,19.2638],[-97.4209,19.2591],[-97.4242,19.2429],[-97.4386,19.2159],[-97.4421,19.1941],[-97.4681,19.1704],[-97.4616,19.1665],[-97.4787,19.1439],[-97.4838,19.127],[-97.4814,19.1004],[-97.4513,19.0921],[-97.4609,19.0822],[-97.4405,19.0739],[-97.4381,19.0623],[-97.4191,19.0565],[-97.3689,19.0573],[-97.3454,19.0434],[-97.3205,19.0432],[-97.3111,19.0353],[-97.2666,19.0303],[-97.2695,19.0639],[-97.2602,19.0986],[-97.2387,19.1088],[-97.2154,19.1385],[-97.1972,19.1466],[-97.2081,19.16],[-97.1946,19.1718],[-97.2162,19.1923],[-97.2378,19.186],[-97.2504,19.176],[-97.2768,19.1846],[-97.3136,19.203],[-97.3207,19.1894],[-97.349,19.1895],[-97.3786,19.2103],[-97.3631,19.2228],[-97.3794,19.2343]]]},"properties":{"CVE_ENT":"21","CVE_MUN":"179","CVEGEO":"21179","NOMGEO":"Tlachichuca"}},
{"type":"Feature","geometry":{"type":"Polygon","coordinates":[[[-97.6079,19.9834],[-97.6108,19.986],[-97.6117,19.9883],[-97.6137,19.9904],[-97.6191,19.995],[-97.6385,19.9904],[-97.6579,19.9937],[-97.6604,19.9742],[-97.6873,19.9525],[-97.6903,19.9428],[-97.6861,19.9146],[-97.6999,19.9108],[-97.7175,19.8936],[-97.731,19.8923],[-97.716,19.8833],[-97.6782,19.8881],[-97.6663,19.9063],[-97.6436,19.9046],[-97.6157,19.9164],[-97.6049,19.9253],[-97.6169,19.9461],[-97.6005,19.9669],[-97.6079,19.9834]]]},"properties":{"CVE_ENT":"21","CVE_MUN":"202","CVEGEO":"21202","NOMGEO":"Xochitlán de Vicente Suárez"}},
{"type":"Feature","geometry":{"type":"Polygon","coordinates":[[[-97.7401,18.7687],[-97.7542,18.7815],[-97.7837,18.7823],[-97.7966,18.7598],[-97.8001,18.7416],[-97.8171,18.7313],[-97.8364,18.7241],[-97.8552,18.6742],[-97.853,18.6632],[-97.8249,18.6646],[-97.8035,18.651],[-97.8243,18.6408],[-97.8073,18.6215],[-97.7867,18.6141],[-97.7665,18.6132],[-97.7599,18.6039],[-97.7579,18.622],[-97.7383,18.6628],[-97.7254,18.6592],[-97.7249,18.6805],[-97.7082,18.7086],[-97.7111,18.7167],[-97.7124,18.7242],[-97.7396,18.7382],[-97.7529,18.7396],[-97.7401,18.7687]]]},"properties":{"CVE_ENT":"21","CVE_MUN":"203","CVEGEO":"21203","NOMGEO":"Xochitlán Todos Santos"}},
{"type":"Feature","geometry":{"type":"Polygon","coordinates":[[[-98.0767,18.4944],[-98.1102,18.5091],[-98.1263,18.4957],[-98.1368,18.4987],[-98.1663,18.4891],[-98.1691,18.4982],[-98.1932,18.498],[-98.201,18.4908],[-98.2264,18.4967],[-98.2492,18.4691],[-98.2513,18.4987],[-98.2703,18.5027],[-98.2823,18.4832],[-98.2692,18.4243],[-98.2845,18.4027],[-98.2421,18.3931],[-98.2023,18.3937],[-98.1839,18.3656],[-98.1593,18.3575],[-98.1585,18.3849],[-98.1504,18.4136],[-98.1244,18.4176],[-98.1236,18.4357],[-98.1132,18.4582],[-98.094,18.461],[-98.1003,18.4829],[-98.0767,18.4944]]]},"properties":{"CVE_ENT":"21","CVE_MUN":"042","CVEGEO":"21042","NOMGEO":"Cuayuca de Andrade"}},
{"type":"Feature","geometry":{"type":"Polygon","coordinates":[[[-97.4944,20.1043],[-97.5157,20.0952],[-97.5323,20.0977],[-97.5426,20.0731],[-97.5411,20.072],[-97.5425,20.0664],[-97.5493,20.0569],[-97.5538,20.0366],[-97.5643,20.0314],[-97.5701,20.0219],[-97.5728,20.0237],[-97.5779,20.0131],[-97.5771,20.0082],[-97.5794,20.0059],[-97.5796,19.9979],[-97.5692,19.9928],[-97.5687,19.9499],[-97.5377,19.9632],[-97.5274,19.959],[-97.4954,19.9626],[-97.4879,19.9858],[-97.4561,19.9787],[-97.4343,19.9933],[-97.4418,20.0141],[-97.4222,20.026],[-97.4153,20.0412],[-97.425,20.0554],[-97.4465,20.065],[-97.4505,20.0928],[-97.4568,20.0971],[-97.4739,20.1004],[-97.4907,20.0954],[-97.4919,20.1027],[-97.4944,20.1043]]]},"properties":{"CVE_ENT":"21","CVE_MUN":"043","CVEGEO":"21043","NOMGEO":"Cuetzalan del Progreso"}},
{"type":"Feature","geometry":{"type":"Polygon","coordinates":[[[-96.8626,18.4829],[-96.8827,18.4787],[-96.9114,18.4901],[-96.9259,18.4646],[-96.9275,18.4432],[-96.9447,18.4424],[-96.9605,18.4153],[-96.9956,18.3951],[-97.0089,18.4072],[-97.0518,18.3882],[-97.053,18.3733],[-97.0737,18.3546],[-97.0942,18.3652],[-97.1359,18.3712],[-97.1574,18.351],[-97.148,18.3333],[-97.1275,18.3256],[-97.0634,18.3486],[-97.0566,18.3208],[-97.0668,18.306],[-97.052,18.2859],[-97.036,18.2776],[-97.021,18.2778],[-97.0035,18.2925],[-96.9827,18.3211],[-96.9617,18.3115],[-96.9394,18.3283],[-96.9333,18.3435],[-96.9221,18.3505],[-96.9258,18.3657],[-96.904,18.3705],[-96.8867,18.3812],[-96.8755,18.4074],[-96.8603,18.4158],[-96.8536,18.4402],[-96.8626,18.4829]]]},"properties":{"CVE_ENT":"21","CVE_MUN":"217","CVEGEO":"21217","NOMGEO":"Zoquitlán"}},
{"type":"Feature","geometry":{"type":"Polygon","coordinates":[[[-97.5796,19.9979],[-97.5891,19.9978],[-97.5927,19.9917],[-97.6032,19.9897],[-97.6024,19.9856],[-97.6058,19.986],[-97.6079,19.9834],[-97.6005,19.9669],[-97.6169,19.9461],[-97.6049,19.9253],[-97.5805,19.9351],[-97.5687,19.9499],[-97.5692,19.9928],[-97.5796,19.9979]]]},"properties":{"CVE_ENT":"21","CVE_MUN":"101","CVEGEO":"21101","NOMGEO":"Nauzontla"}},
{"type":"Feature","geometry":{"type":"Polygon","coordinates":[[[-98.0704,20.3033],[-98.0902,20.3055],[-98.1022,20.3001],[-98.1046,20.2763],[-98.1192,20.2508],[-98.1317,20.2428],[-98.147,20.2206],[-98.15,20.2058],[-98.1276,20.1824],[-98.1298,20.1766],[-98.1127,20.1824],[-98.099,20.202],[-98.1039,20.2229],[-98.1004,20.2369],[-98.0733,20.2526],[-98.0601,20.2703],[-98.0513,20.2944],[-98.0704,20.3033]]]},"properties":{"CVE_ENT":"21","CVE_MUN":"100","CVEGEO":"21100","NOMGEO":"Naupan"}},
{"type":"Feature","geometry":{"type":"Polygon","coordinates":[[[-97.3802,18.8129],[-97.4082,18.8181],[-97.4088,18.8027],[-97.4265,18.8077],[-97.4478,18.8016],[-97.4543,18.776],[-97.4655,18.7615],[-97.5025,18.7812],[-97.5145,18.7629],[-97.5083,18.7515],[-97.5088,18.7155],[-97.4894,18.699],[-97.4938,18.6829],[-97.5086,18.6627],[-97.4892,18.6558],[-97.4733,18.6321],[-97.4666,18.6316],[-97.4502,18.6554],[-97.4333,18.639],[-97.4147,18.6403],[-97.4181,18.6588],[-97.4011,18.6722],[-97.4001,18.6929],[-97.3898,18.7153],[-97.3774,18.7084],[-97.349,18.7161],[-97.3397,18.759],[-97.3308,18.7639],[-97.352,18.7929],[-97.3263,18.8116],[-97.3417,18.8174],[-97.3802,18.8129]]]},"properties":{"CVE_ENT":"21","CVE_MUN":"099","CVEGEO":"21099","NOMGEO":"Cañada Morelos"}},
{"type":"Feature","geometry":{"type":"Polygon","coordinates":[[[-97.8364,18.7241],[-97.8517,18.7448],[-97.8706,18.7344],[-97.8856,18.7405],[-97.8945,18.7575],[-97.9067,18.7632],[-97.9165,18.764],[-97.9166,18.7472],[-97.9247,18.7352],[-97.949,18.7235],[-97.9053,18.6915],[-97.9043,18.6711],[-97.9218,18.6437],[-97.929,18.6192],[-97.9234,18.6101],[-97.909,18.6182],[-97.8616,18.609],[-97.842,18.5958],[-97.8383,18.603],[-97.812,18.5809],[-97.7867,18.6141],[-97.8073,18.6215],[-97.8243,18.6408],[-97.8035,18.651],[-97.8249,18.6646],[-97.853,18.6632],[-97.8552,18.6742],[-97.8364,18.7241]]]},"properties":{"CVE_ENT":"21","CVE_MUN":"098","CVEGEO":"21098","NOMGEO":"Molcaxac"}},
{"type":"Feature","geometry":{"type":"Polygon","coordinates":[[[-97.6852,19.1926],[-97.7156,19.1977],[-97.7469,19.1855],[-97.7188,19.1584],[-97.7076,19.1829],[-97.6871,19.1402],[-97.691,19.1285],[-97.7108,19.1123],[-97.6931,19.1049],[-97.6861,19.0904],[-97.6798,19.0856],[-97.6612,19.0807],[-97.6666,19.104],[-97.656,19.1237],[-97.6635,19.1459],[-97.6796,19.1532],[-97.6579,19.1768],[-97.6645,19.1868],[-97.6852,19.1926]]]},"properties":{"CVE_ENT":"21","CVE_MUN":"096","CVEGEO":"21096","NOMGEO":"Mazapiltepec de Juárez"}},
{"type":"Feature","geometry":{"type":"Polygon","coordinates":[[[-97.7212,19.5372],[-97.7246,19.5295],[-97.7554,19.5425],[-97.787,19.5312],[-97.7945,19.4984],[-97.7969,19.4724],[-97.774,19.4692],[-97.7736,19.4588],[-97.7548,19.4575],[-97.7473,19.4363],[-97.7245,19.4316],[-97.7211,19.4186],[-97.704,19.393],[-97.6791,19.3848],[-97.6739,19.3675],[-97.6642,19.3651],[-97.6646,19.3931],[-97.6603,19.4251],[-97.649,19.4292],[-97.6194,19.3973],[-97.6142,19.3984],[-97.6007,19.4171],[-97.5796,19.4336],[-97.5626,19.4384],[-97.539,19.4543],[-97.5533,19.4703],[-97.5671,19.4936],[-97.5815,19.494],[-97.578,19.5102],[-97.6094,19.5187],[-97.6234,19.5068],[-97.6345,19.4987],[-97.648,19.5217],[-97.6656,19.5346],[-97.6809,19.5349],[-97.6986,19.5205],[-97.7212,19.5372]]]},"properties":{"CVE_ENT":"21","CVE_MUN":"094","CVEGEO":"21094","NOMGEO":"Libres"}},
{"type":"Feature","geometry":{"type":"Polygon","coordinates":[[[-97.2667,19.3825],[-97.2818,19.3873],[-97.2814,19.3698],[-97.3177,19.3775],[-97.3212,19.368],[-97.2887,19.3637],[-97.2942,19.3498],[-97.2874,19.3349],[-97.2954,19.3205],[-97.3204,19.3366],[-97.3347,19.3106],[-97.3206,19.2911],[-97.3211,19.2704],[-97.294,19.2623],[-97.2842,19.2427],[-97.2927,19.2329],[-97.3164,19.2447],[-97.3266,19.2612],[-97.3387,19.2554],[-97.3653,19.2646],[-97.3794,19.2343],[-97.3631,19.2228],[-97.3786,19.2103],[-97.349,19.1895],[-97.3207,19.1894],[-97.3136,19.203],[-97.2768,19.1846],[-97.2668,19.1863],[-97.2698,19.2255],[-97.2604,19.2536],[-97.2472,19.2684],[-97.2454,19.2856],[-97.2576,19.2868],[-97.2546,19.3154],[-97.2448,19.3357],[-97.2156,19.3231],[-97.2062,19.327],[-97.2109,19.358],[-97.2234,19.3569],[-97.2315,19.3695],[-97.2667,19.3825]]]},"properties":{"CVE_ENT":"21","CVE_MUN":"093","CVEGEO":"21093","NOMGEO":"Lafragua"}},
{"type":"Feature","geometry":{"type":"Polygon","coordinates":[[[-97.7599,18.6039],[-97.7665,18.6132],[-97.7867,18.6141],[-97.812,18.5809],[-97.8383,18.603],[-97.842,18.5958],[-97.8522,18.5695],[-97.8456,18.5303],[-97.817,18.5354],[-97.8124,18.514],[-97.8035,18.5101],[-97.7846,18.5282],[-97.7751,18.5305],[-97.7811,18.4975],[-97.7692,18.4766],[-97.7529,18.4616],[-97.7023,18.4689],[-97.6716,18.4641],[-97.6575,18.4753],[-97.644,18.4607],[-97.6162,18.4709],[-97.6339,18.485],[-97.6368,18.5031],[-97.6399,18.5035],[-97.6503,18.5029],[-97.6574,18.5188],[-97.6496,18.5396],[-97.6593,18.5441],[-97.6738,18.5721],[-97.6911,18.5625],[-97.7154,18.5719],[-97.7258,18.5672],[-97.7491,18.578],[-97.7397,18.5888],[-97.7599,18.6039]]]},"properties":{"CVE_ENT":"21","CVE_MUN":"092","CVEGEO":"21092","NOMGEO":"Juan N. Méndez"}},
{"type":"Feature","geometry":{"type":"Polygon","coordinates":[[[-97.4814,19.1004],[-97.5054,19.1198],[-97.543,19.1331],[-97.5404,19.1485],[-97.5526,19.1523],[-97.5704,19.1323],[-97.5686,19.111],[-97.5381,19.0992],[-97.5398,19.0869],[-97.4904,19.0589],[-97.479,19.0604],[-97.4776,19.0718],[-97.4609,19.0822],[-97.4513,19.0921],[-97.4814,19.1004]]]},"properties":{"CVE_ENT":"21","CVE_MUN":"012","CVEGEO":"21012","NOMGEO":"Aljojuca"}},
{"type":"Feature","geometry":{"type":"Polygon","coordinates":[[[-97.2983,18.3975],[-97.3313,18.3892],[-97.3273,18.3617],[-97.3211,18.3446],[-97.3248,18.3232],[-97.2956,18.3121],[-97.2898,18.323],[-97.2681,18.3346],[-97.2587,18.3521],[-97.267,18.375],[-97.2925,18.3758],[-97.2983,18.3975]]]},"properties":{"CVE_ENT":"21","CVE_MUN":"013","CVEGEO":"21013","NOMGEO":"Altepexi"}},
{"type":"Feature","geometry":{"type":"Polygon","coordinates":[[[-98.2161,18.6094],[-98.2378,18.6151],[-98.2451,18.6424],[-98.2645,18.6429],[-98.2844,18.6605],[-98.3082,18.6514],[-98.3186,18.6145],[-98.3374,18.5988],[-98.3635,18.5733],[-98.3593,18.5624],[-98.375,18.5489],[-98.3452,18.5341],[-98.3284,18.5356],[-98.3222,18.522],[-98.3035,18.519],[-98.3081,18.5026],[-98.2955,18.4859],[-98.2823,18.4832],[-98.2703,18.5027],[-98.2645,18.517],[-98.2465,18.5179],[-98.2331,18.5434],[-98.2148,18.5588],[-98.2123,18.5804],[-98.2011,18.59],[-98.2161,18.6094]]]},"properties":{"CVE_ENT":"21","CVE_MUN":"007","CVEGEO":"21007","NOMGEO":"Ahuatlán"}},
{"type":"Feature","geometry":{"type":"Polygon","coordinates":[[[-98.5013,18.0477],[-98.5136,18.0443],[-98.5409,18.0526],[-98.555,18.0492],[-98.5561,18.0249],[-98.5799,18.0245],[-98.5895,18.0095],[-98.6106,18.0297],[-98.627,18.0226],[-98.625,18.0077],[-98.5912,17.9929],[-98.5849,17.9739],[-98.5296,17.9758],[-98.5237,17.9942],[-98.5005,17.9956],[-98.4868,17.9908],[-98.4807,18.0031],[-98.4907,18.0211],[-98.4915,18.0381],[-98.5013,18.0477]]]},"properties":{"CVE_ENT":"21","CVE_MUN":"011","CVEGEO":"21011","NOMGEO":"Albino Zertuche"}},
{"type":"Feature","geometry":{"type":"Polygon","coordinates":[[[-98.5097,18.842],[-98.5227,18.8472],[-98.5198,18.8706],[-98.5272,18.8885],[-98.5402,18.8871],[-98.5561,18.877],[-98.5421,18.8508],[-98.574,18.8318],[-98.6272,18.8261],[-98.6191,18.8387],[-98.6227,18.852],[-98.6374,18.8615],[-98.6392,18.8759],[-98.6526,18.8818],[-98.6572,18.8671],[-98.6677,18.8581],[-98.6685,18.8698],[-98.6721,18.88],[-98.6721,18.8794],[-98.6737,18.8787],[-98.6756,18.8788],[-98.6801,18.8776],[-98.6792,18.8761],[-98.695,18.8452],[-98.7012,18.8159],[-98.6652,18.8152],[-98.6502,18.8042],[-98.6496,18.7832],[-98.6223,18.7721],[-98.6119,18.7589],[-98.5894,18.7426],[-98.5876,18.7574],[-98.575,18.7873],[-98.5744,18.8045],[-98.5552,18.8156],[-98.5388,18.8133],[-98.5316,18.8284],[-98.5024,18.8229],[-98.5097,18.842]]]},"properties":{"CVE_ENT":"21","CVE_MUN":"022","CVEGEO":"21022","NOMGEO":"Atzitzihuacán"}},
{"type":"Feature","geometry":{"type":"Polygon","coordinates":[[[-97.3824,20.1398],[-97.4633,20.15],[-97.4606,20.1232],[-97.4477,20.1153],[-97.4568,20.0971],[-97.4505,20.0928],[-97.4465,20.065],[-97.425,20.0554],[-97.4153,20.0412],[-97.4086,20.0189],[-97.3962,19.9987],[-97.3715,19.9949],[-97.3658,20.0272],[-97.3766,20.058],[-97.3752,20.0908],[-97.3694,20.1073],[-97.3824,20.1398]]]},"properties":{"CVE_ENT":"21","CVE_MUN":"025","CVEGEO":"21025","NOMGEO":"Ayotoxco de Guerrero"}},
{"type":"Feature","geometry":{"type":"Polygon","coordinates":[[[-97.7529,18.4616],[-97.7692,18.4766],[-97.7864,18.4654],[-97.8006,18.438],[-97.8342,18.4413],[-97.831,18.4202],[-97.8563,18.4417],[-97.8683,18.4325],[-97.8893,18.4175],[-97.8654,18.415],[-97.8841,18.3986],[-97.8958,18.365],[-97.8782,18.3549],[-97.8583,18.3531],[-97.8502,18.3626],[-97.8313,18.368],[-97.816,18.3547],[-97.7965,18.3293],[-97.7802,18.315],[-97.7808,18.3417],[-97.7695,18.3518],[-97.7814,18.3922],[-97.7911,18.4125],[-97.7668,18.4058],[-97.7612,18.3954],[-97.7462,18.3969],[-97.7451,18.4152],[-97.7529,18.4616]]]},"properties":{"CVE_ENT":"21","CVE_MUN":"037","CVEGEO":"21037","NOMGEO":"Coyotepec"}},
{"type":"Feature","geometry":{"type":"Polygon","coordinates":[[[-97.0668,18.306],[-97.0566,18.3208],[-97.0634,18.3486],[-97.1275,18.3256],[-97.148,18.3333],[-97.1574,18.351],[-97.168,18.3381],[-97.1751,18.3154],[-97.1875,18.2996],[-97.2067,18.2889],[-97.2047,18.2717],[-97.1871,18.2523],[-97.1893,18.2399],[-97.1699,18.2178],[-97.1674,18.2009],[-97.162,18.1865],[-97.1339,18.1577],[-97.1239,18.1625],[-97.1057,18.1481],[-97.0887,18.1492],[-97.0421,18.1566],[-97.0384,18.1763],[-97.025,18.1898],[-97.0162,18.2077],[-97.0221,18.2185],[-97.0455,18.2124],[-97.0671,18.2337],[-97.0833,18.2399],[-97.1004,18.257],[-97.0854,18.2839],[-97.0662,18.2975],[-97.0668,18.306]]]},"properties":{"CVE_ENT":"21","CVE_MUN":"035","CVEGEO":"21035","NOMGEO":"Coxcatlán"}},
{"type":"Feature","geometry":{"type":"Polygon","coordinates":[[[-98.7012,18.8159],[-98.695,18.8452],[-98.7082,18.8213],[-98.7279,18.8055],[-98.7302,18.7907],[-98.7337,18.7789],[-98.7397,18.7669],[-98.7451,18.7596],[-98.7474,18.7584],[-98.7534,18.7429],[-98.7186,18.7366],[-98.724,18.7191],[-98.7418,18.7029],[-98.7275,18.6696],[-98.7044,18.689],[-98.709,18.7083],[-98.6976,18.7145],[-98.6886,18.7421],[-98.7235,18.7556],[-98.7267,18.7668],[-98.7061,18.7881],[-98.7012,18.8159]]]},"properties":{"CVE_ENT":"21","CVE_MUN":"033","CVEGEO":"21033","NOMGEO":"Cohuecan"}},
{"type":"Feature","geometry":{"type":"Polygon","coordinates":[[[-98.7014,18.1535],[-98.7324,18.1563],[-98.7447,18.1748],[-98.7367,18.1966],[-98.7541,18.2063],[-98.7639,18.2302],[-98.7607,18.2371],[-98.7347,18.2405],[-98.7189,18.2509],[-98.7162,18.2896],[-98.7324,18.311],[-98.7521,18.3138],[-98.7617,18.3237],[-98.7721,18.303],[-98.7652,18.2908],[-98.7508,18.2888],[-98.7404,18.2858],[-98.7394,18.2824],[-98.7504,18.2691],[-98.7518,18.2625],[-98.794,18.2583],[-98.8036,18.2535],[-98.8069,18.2577],[-98.8284,18.2623],[-98.8466,18.2604],[-98.8443,18.2441],[-98.851,18.2017],[-98.842,18.1841],[-98.8731,18.1881],[-98.8848,18.167],[-98.8592,18.1288],[-98.8524,18.1176],[-98.8602,18.0923],[-98.8286,18.1167],[-98.8062,18.1225],[-98.7804,18.1106],[-98.7553,18.123],[-98.7418,18.113],[-98.7154,18.1139],[-98.6881,18.1313],[-98.6858,18.1398],[-98.7014,18.1535]]]},"properties":{"CVE_ENT":"21","CVE_MUN":"032","CVEGEO":"21032","NOMGEO":"Cohetzala"}},
{"type":"Feature","geometry":{"type":"Polygon","coordinates":[[[-98.1434,18.6126],[-98.1542,18.6122],[-98.1779,18.6388],[-98.1931,18.6168],[-98.2094,18.6192],[-98.2161,18.6094],[-98.2011,18.59],[-98.2123,18.5804],[-98.2148,18.5588],[-98.2331,18.5434],[-98.2465,18.5179],[-98.2198,18.5104],[-98.2106,18.5389],[-98.1879,18.5422],[-98.1664,18.5241],[-98.1392,18.5285],[-98.1294,18.5451],[-98.1168,18.5382],[-98.0841,18.5682],[-98.0871,18.5858],[-98.1056,18.5835],[-98.1263,18.5955],[-98.1434,18.6126]]]},"properties":{"CVE_ENT":"21","CVE_MUN":"031","CVEGEO":"21031","NOMGEO":"Coatzingo"}},
{"type":"Feature","geometry":{"type":"Polygon","coordinates":[[[-97.5957,20.0969],[-97.6126,20.0918],[-97.6277,20.0765],[-97.6264,20.0634],[-97.6061,20.0568],[-97.5938,20.0508],[-97.5931,20.0713],[-97.586,20.0793],[-97.5957,20.0969]]]},"properties":{"CVE_ENT":"21","CVE_MUN":"029","CVEGEO":"21029","NOMGEO":"Caxhuacan"}},
{"type":"Feature","geometry":{"type":"Polygon","coordinates":[[[-97.4609,19.0822],[-97.4776,19.0718],[-97.479,19.0604],[-97.474,19.0479],[-97.4921,19.039],[-97.5095,19.04],[-97.5278,19.0184],[-97.5169,19.0061],[-97.5192,18.9853],[-97.5286,18.9836],[-97.5444,18.9986],[-97.5597,18.989],[-97.555,18.9732],[-97.5417,18.9654],[-97.5239,18.9189],[-97.502,18.881],[-97.4828,18.881],[-97.4721,18.8702],[-97.4456,18.8813],[-97.4086,18.8741],[-97.3886,18.9037],[-97.3839,18.8936],[-97.3585,18.8998],[-97.3615,18.9482],[-97.3503,18.9762],[-97.3254,18.9804],[-97.3033,18.9918],[-97.287,19.0145],[-97.2689,19.0283],[-97.2672,19.0298],[-97.2666,19.0303],[-97.3111,19.0353],[-97.3205,19.0432],[-97.3454,19.0434],[-97.3689,19.0573],[-97.4191,19.0565],[-97.4381,19.0623],[-97.4405,19.0739],[-97.4609,19.0822]]]},"properties":{"CVE_ENT":"21","CVE_MUN":"045","CVEGEO":"21045","NOMGEO":"Chalchicomula de Sesma"}},
{"type":"Feature","geometry":{"type":"Polygon","coordinates":[[[-97.349,18.7161],[-97.3774,18.7084],[-97.3898,18.7153],[-97.4001,18.6929],[-97.4011,18.6722],[-97.4181,18.6588],[-97.4147,18.6403],[-97.4333,18.639],[-97.4502,18.6554],[-97.4666,18.6316],[-97.4737,18.6134],[-97.4661,18.5935],[-97.4357,18.6058],[-97.4244,18.5985],[-97.4305,18.586],[-97.4013,18.5767],[-97.3799,18.5853],[-97.3618,18.6037],[-97.3736,18.6239],[-97.3899,18.6319],[-97.409,18.633],[-97.4022,18.6579],[-97.3765,18.6621],[-97.3713,18.6697],[-97.344,18.6858],[-97.3422,18.7059],[-97.349,18.7161]]]},"properties":{"CVE_ENT":"21","CVE_MUN":"046","CVEGEO":"21046","NOMGEO":"Chapulco"}},
{"type":"Feature","geometry":{"type":"Polygon","coordinates":[[[-97.15,20.1606],[-97.1644,20.1518],[-97.2285,20.1726],[-97.2443,20.1812],[-97.2636,20.1781],[-97.2868,20.1912],[-97.2895,20.1462],[-97.2856,20.1238],[-97.2758,20.1184],[-97.2635,20.0943],[-97.2765,20.0833],[-97.3033,20.0732],[-97.3018,20.0538],[-97.3103,20.0348],[-97.3073,20.0188],[-97.2747,20.0392],[-97.264,20.0584],[-97.2287,20.0438],[-97.2107,20.0412],[-97.2062,20.0564],[-97.1855,20.0623],[-97.1836,20.08],[-97.1539,20.1129],[-97.1406,20.1198],[-97.1567,20.1469],[-97.15,20.1606]]]},"properties":{"CVE_ENT":"21","CVE_MUN":"002","CVEGEO":"21002","NOMGEO":"Acateno"}},
{"type":"Feature","geometry":{"type":"Polygon","coordinates":[[[-97.6822,19.8091],[-97.7292,19.7965],[-97.7215,19.7819],[-97.7435,19.7724],[-97.7666,19.75],[-97.7531,19.7347],[-97.765,19.7109],[-97.783,19.7086],[-97.7671,19.6907],[-97.7613,19.6608],[-97.7473,19.6578],[-97.7244,19.6338],[-97.7058,19.6354],[-97.6962,19.6217],[-97.689,19.6214],[-97.6705,19.6536],[-97.6553,19.6409],[-97.6268,19.6408],[-97.6193,19.6552],[-97.6213,19.6761],[-97.6064,19.6784],[-97.5999,19.6888],[-97.5787,19.6904],[-97.5703,19.7013],[-97.5929,19.7202],[-97.5985,19.7353],[-97.6172,19.7441],[-97.6128,19.7639],[-97.628,19.7739],[-97.6448,19.7936],[-97.6669,19.7896],[-97.6808,19.7958],[-97.6822,19.8091]]]},"properties":{"CVE_ENT":"21","CVE_MUN":"212","CVEGEO":"21212","NOMGEO":"Zautla"}},
{"type":"Feature","geometry":{"type":"Polygon","coordinates":[[[-97.3019,19.8767],[-97.3156,19.8718],[-97.3205,19.8624],[-97.318,19.8391],[-97.3252,19.8154],[-97.3452,19.8022],[-97.3646,19.7765],[-97.3881,19.774],[-97.3996,19.75],[-97.4057,19.7084],[-97.3979,19.6948],[-97.3967,19.6667],[-97.427,19.6415],[-97.4199,19.6241],[-97.4027,19.6153],[-97.3804,19.634],[-97.3429,19.6686],[-97.3074,19.6845],[-97.3331,19.7168],[-97.3152,19.73],[-97.3197,19.7739],[-97.3131,19.7915],[-97.3156,19.8249],[-97.3082,19.8344],[-97.3086,19.8585],[-97.3019,19.8767]]]},"properties":{"CVE_ENT":"21","CVE_MUN":"199","CVEGEO":"21199","NOMGEO":"Xiutetelco"}},
{"type":"Feature","geometry":{"type":"Polygon","coordinates":[[[-97.5978,18.7627],[-97.6035,18.7777],[-97.6172,18.7752],[-97.6394,18.7902],[-97.6417,18.8179],[-97.6558,18.8292],[-97.6784,18.8203],[-97.69,18.8253],[-97.7077,18.8215],[-97.7308,18.7925],[-97.7401,18.7687],[-97.7529,18.7396],[-97.7396,18.7382],[-97.7124,18.7242],[-97.7111,18.7167],[-97.6804,18.7054],[-97.6757,18.724],[-97.6602,18.733],[-97.6557,18.7182],[-97.6209,18.7414],[-97.6067,18.7651],[-97.5978,18.7627]]]},"properties":{"CVE_ENT":"21","CVE_MUN":"205","CVEGEO":"21205","NOMGEO":"Yehualtepec"}},
{"type":"Feature","geometry":{"type":"Polygon","coordinates":[[[-98.3082,18.6514],[-98.316,18.6769],[-98.2982,18.6885],[-98.3145,18.7078],[-98.3206,18.6969],[-98.3581,18.6896],[-98.3688,18.6823],[-98.3842,18.6916],[-98.378,18.6836],[-98.3807,18.6595],[-98.3722,18.6523],[-98.3644,18.6668],[-98.3483,18.6695],[-98.3455,18.6496],[-98.3612,18.6411],[-98.3487,18.633],[-98.3537,18.6146],[-98.3374,18.5988],[-98.3186,18.6145],[-98.3082,18.6514]]]},"properties":{"CVE_ENT":"21","CVE_MUN":"201","CVEGEO":"21201","NOMGEO":"Xochiltepec"}},
{"type":"Feature","geometry":{"type":"Polygon","coordinates":[[[-97.7485,20.4217],[-97.7662,20.4338],[-97.7981,20.4283],[-97.809,20.4162],[-97.8414,20.4046],[-97.8457,20.3948],[-97.8672,20.3898],[-97.885,20.4023],[-97.9072,20.3917],[-97.9278,20.3892],[-97.9397,20.3647],[-97.9593,20.3528],[-97.9577,20.3418],[-97.9765,20.3269],[-97.9823,20.3084],[-98.0007,20.327],[-98.0319,20.3277],[-98.0444,20.3221],[-98.0406,20.3014],[-98.017,20.2762],[-98.0307,20.2633],[-98.0199,20.2369],[-97.9956,20.2474],[-97.9843,20.2464],[-97.9779,20.2324],[-97.9565,20.2292],[-97.9249,20.2298],[-97.907,20.2372],[-97.8777,20.2682],[-97.867,20.2959],[-97.84,20.3136],[-97.8396,20.3384],[-97.8147,20.334],[-97.8006,20.3527],[-97.7654,20.3811],[-97.7626,20.3979],[-97.7485,20.4217]]]},"properties":{"CVE_ENT":"21","CVE_MUN":"197","CVEGEO":"21197","NOMGEO":"Xicotepec"}},
{"type":"Feature","geometry":{"type":"Polygon","coordinates":[[[-97.2354,18.6436],[-97.2594,18.6243],[-97.2736,18.6331],[-97.2697,18.6105],[-97.2788,18.5964],[-97.2614,18.5873],[-97.2492,18.5901],[-97.2374,18.6077],[-97.2252,18.5931],[-97.237,18.5704],[-97.2663,18.5654],[-97.2692,18.5543],[-97.2582,18.5496],[-97.2536,18.5314],[-97.2411,18.526],[-97.2278,18.5347],[-97.2204,18.5244],[-97.2297,18.503],[-97.2166,18.4828],[-97.2231,18.4729],[-97.242,18.4764],[-97.2575,18.4684],[-97.244,18.4541],[-97.1923,18.4567],[-97.188,18.4363],[-97.1674,18.4341],[-97.148,18.4499],[-97.1217,18.4611],[-97.1156,18.4428],[-97.0965,18.4382],[-97.0811,18.4638],[-97.0835,18.4839],[-97.1127,18.5213],[-97.1137,18.5314],[-97.1446,18.5709],[-97.1424,18.5933],[-97.1623,18.6059],[-97.1744,18.6067],[-97.1984,18.6297],[-97.2136,18.6252],[-97.2266,18.6388],[-97.2354,18.6436]]]},"properties":{"CVE_ENT":"21","CVE_MUN":"195","CVEGEO":"21195","NOMGEO":"Vicente Guerrero"}},
{"type":"Feature","geometry":{"type":"Polygon","coordinates":[[[-97.3962,19.9987],[-97.4086,20.0189],[-97.4153,20.0412],[-97.4222,20.026],[-97.4418,20.0141],[-97.4343,19.9933],[-97.4561,19.9787],[-97.4879,19.9858],[-97.4954,19.9626],[-97.5274,19.959],[-97.5277,19.9326],[-97.5381,19.8939],[-97.5268,19.8616],[-97.5378,19.8333],[-97.5612,19.8147],[-97.5629,19.7869],[-97.5447,19.7815],[-97.5419,19.7624],[-97.5592,19.7441],[-97.556,19.7009],[-97.5703,19.7013],[-97.5787,19.6904],[-97.5999,19.6888],[-97.5986,19.6374],[-97.5773,19.6594],[-97.55,19.6814],[-97.5176,19.6886],[-97.5017,19.7018],[-97.5012,19.7184],[-97.4779,19.7433],[-97.4621,19.7501],[-97.46,19.7748],[-97.4654,19.7894],[-97.4603,19.8007],[-97.472,19.8132],[-97.4672,19.8322],[-97.4733,19.839],[-97.4689,19.8596],[-97.474,19.8649],[-97.472,19.899],[-97.4559,19.9067],[-97.4595,19.9211],[-97.4425,19.9402],[-97.4375,19.9662],[-97.4174,19.9694],[-97.4054,19.9485],[-97.392,19.9596],[-97.3979,19.9836],[-97.3962,19.9987]]]},"properties":{"CVE_ENT":"21","CVE_MUN":"186","CVEGEO":"21186","NOMGEO":"Tlatlauquitepec"}},
{"type":"Feature","geometry":{"type":"Polygon","coordinates":[[[-98.4964,18.7269],[-98.5197,18.7168],[-98.5276,18.7289],[-98.564,18.745],[-98.5801,18.7246],[-98.5752,18.7089],[-98.5837,18.6954],[-98.5813,18.6794],[-98.5666,18.6448],[-98.5546,18.6408],[-98.5131,18.6463],[-98.4886,18.6546],[-98.4774,18.669],[-98.4843,18.6868],[-98.5028,18.7034],[-98.4964,18.7269]]]},"properties":{"CVE_ENT":"21","CVE_MUN":"185","CVEGEO":"21185","NOMGEO":"Tlapanalá"}},
{"type":"Feature","geometry":{"type":"Polygon","coordinates":[[[-97.7866,20.1454],[-97.8162,20.1764],[-97.8316,20.1827],[-97.8335,20.1628],[-97.859,20.148],[-97.858,20.1371],[-97.8909,20.1174],[-97.8902,20.0993],[-97.8799,20.0898],[-97.863,20.0829],[-97.8397,20.0913],[-97.8371,20.1019],[-97.8146,20.1046],[-97.8043,20.1285],[-97.7866,20.1454]]]},"properties":{"CVE_ENT":"21","CVE_MUN":"184","CVEGEO":"21184","NOMGEO":"Tlapacoya"}},
{"type":"Feature","geometry":{"type":"Polygon","coordinates":[[[-97.3793,20.2496],[-97.4064,20.2326],[-97.4251,20.244],[-97.4453,20.2462],[-97.465,20.2212],[-97.4625,20.1852],[-97.4865,20.1722],[-97.4874,20.1654],[-97.472,20.1513],[-97.4633,20.15],[-97.3824,20.1398],[-97.3696,20.1512],[-97.348,20.1437],[-97.3271,20.1569],[-97.3155,20.2006],[-97.3639,20.2161],[-97.3781,20.2262],[-97.3793,20.2496]]]},"properties":{"CVE_ENT":"21","CVE_MUN":"158","CVEGEO":"21158","NOMGEO":"Tenampulco"}},
{"type":"Feature","geometry":{"type":"Polygon","coordinates":[[[-97.8384,19.2873],[-97.8597,19.2872],[-97.8703,19.2706],[-97.8651,19.2539],[-97.851,19.2229],[-97.8621,19.2138],[-97.8906,19.202],[-97.8898,19.187],[-97.9151,19.1733],[-97.9045,19.1623],[-97.9074,19.1413],[-97.8576,19.1356],[-97.8567,19.1275],[-97.836,19.1221],[-97.8196,19.1041],[-97.8053,19.1127],[-97.8119,19.1496],[-97.7953,19.1634],[-97.765,19.158],[-97.7469,19.1855],[-97.7981,19.2255],[-97.7903,19.2302],[-97.7859,19.247],[-97.8091,19.2596],[-97.8178,19.2595],[-97.8312,19.2595],[-97.8269,19.273],[-97.8384,19.2873]]]},"properties":{"CVE_ENT":"21","CVE_MUN":"104","CVEGEO":"21104","NOMGEO":"Nopalucan"}},
{"type":"Feature","geometry":{"type":"Polygon","coordinates":[[[-97.7424,20.1459],[-97.7654,20.1475],[-97.7691,20.1633],[-97.7866,20.1454],[-97.8043,20.1285],[-97.8146,20.1046],[-97.8371,20.1019],[-97.8397,20.0913],[-97.8254,20.0867],[-97.7998,20.0742],[-97.7731,20.0811],[-97.753,20.1002],[-97.7621,20.1116],[-97.7616,20.1267],[-97.7424,20.1459]]]},"properties":{"CVE_ENT":"21","CVE_MUN":"123","CVEGEO":"21123","NOMGEO":"San Felipe Tepatlán"}},
{"type":"Feature","geometry":{"type":"Polygon","coordinates":[[[-97.6461,19.3064],[-97.658,19.3107],[-97.6665,19.2947],[-97.6909,19.2859],[-97.7196,19.3048],[-97.7293,19.2931],[-97.7451,19.3053],[-97.7714,19.2838],[-97.8005,19.3016],[-97.8209,19.3047],[-97.8387,19.3016],[-97.8384,19.2873],[-97.8269,19.273],[-97.8091,19.2596],[-97.7859,19.247],[-97.7903,19.2302],[-97.7981,19.2255],[-97.7469,19.1855],[-97.7156,19.1977],[-97.6852,19.1926],[-97.6503,19.2501],[-97.6246,19.2987],[-97.6461,19.3064]]]},"properties":{"CVE_ENT":"21","CVE_MUN":"128","CVEGEO":"21128","NOMGEO":"San José Chiapa"}},
{"type":"Feature","geometry":{"type":"Polygon","coordinates":[[[-98.3941,19.0754],[-98.4172,19.0862],[-98.4215,19.0625],[-98.4234,19.0341],[-98.4191,19.0165],[-98.426,18.994],[-98.4062,18.9915],[-98.4062,19.0121],[-98.3837,18.9973],[-98.3693,18.9968],[-98.3456,19.033],[-98.3582,19.0424],[-98.3843,19.026],[-98.3956,19.0296],[-98.4027,19.0527],[-98.3855,19.054],[-98.38,19.065],[-98.3941,19.0754]]]},"properties":{"CVE_ENT":"21","CVE_MUN":"126","CVEGEO":"21126","NOMGEO":"San Jerónimo Tecuanipan"}},
{"type":"Feature","geometry":{"type":"Polygon","coordinates":[[[-97.4666,18.6316],[-97.4733,18.6321],[-97.4892,18.6558],[-97.5086,18.6627],[-97.532,18.6256],[-97.5487,18.6234],[-97.5716,18.5996],[-97.6031,18.5908],[-97.6242,18.599],[-97.639,18.5938],[-97.63,18.5682],[-97.6428,18.5586],[-97.6471,18.5384],[-97.6399,18.5035],[-97.6368,18.5031],[-97.6201,18.5122],[-97.5954,18.5126],[-97.578,18.5313],[-97.561,18.5401],[-97.5421,18.5425],[-97.5194,18.5278],[-97.5418,18.4989],[-97.5522,18.4699],[-97.5318,18.4471],[-97.5168,18.4417],[-97.4983,18.4496],[-97.468,18.4925],[-97.4785,18.515],[-97.4987,18.527],[-97.506,18.5551],[-97.4889,18.5619],[-97.4829,18.5716],[-97.4915,18.5938],[-97.4661,18.5935],[-97.4737,18.6134],[-97.4666,18.6316]]]},"properties":{"CVE_ENT":"21","CVE_MUN":"161","CVEGEO":"21161","NOMGEO":"Tepanco de López"}},
{"type":"Feature","geometry":{"type":"Polygon","coordinates":[[[-97.8812,18.8434],[-97.8947,18.8371],[-97.8964,18.8223],[-97.8897,18.8017],[-97.8926,18.7755],[-97.9067,18.7632],[-97.8945,18.7575],[-97.8856,18.7405],[-97.8706,18.7344],[-97.8517,18.7448],[-97.8364,18.7241],[-97.8171,18.7313],[-97.8124,18.7546],[-97.8289,18.7828],[-97.8562,18.7841],[-97.8848,18.7959],[-97.889,18.8075],[-97.8786,18.8343],[-97.8812,18.8434]]]},"properties":{"CVE_ENT":"21","CVE_MUN":"079","CVEGEO":"21079","NOMGEO":"Huitziltepec"}},
{"type":"Feature","geometry":{"type":"Polygon","coordinates":[[[-97.7012,20.5742],[-97.7304,20.578],[-97.7419,20.6017],[-97.7826,20.5837],[-97.7875,20.5595],[-97.7784,20.5364],[-97.7958,20.5273],[-97.8185,20.5271],[-97.8251,20.5186],[-97.8101,20.5066],[-97.8134,20.4915],[-97.7936,20.4734],[-97.7837,20.4708],[-97.7657,20.4806],[-97.7468,20.4676],[-97.7338,20.4521],[-97.7088,20.4548],[-97.6991,20.4346],[-97.6726,20.4181],[-97.6466,20.4087],[-97.6376,20.4179],[-97.6407,20.4423],[-97.5861,20.4729],[-97.576,20.4909],[-97.5561,20.4847],[-97.5418,20.4885],[-97.59,20.5561],[-97.6101,20.5639],[-97.6577,20.5555],[-97.6755,20.555],[-97.6856,20.5729],[-97.7012,20.5742]]]},"properties":{"CVE_ENT":"21","CVE_MUN":"194","CVEGEO":"21194","NOMGEO":"Venustiano Carranza"}},
{"type":"Feature","geometry":{"type":"Polygon","coordinates":[[[-97.7802,18.315],[-97.7965,18.3293],[-97.816,18.3547],[-97.8313,18.368],[-97.8502,18.3626],[-97.8583,18.3531],[-97.8845,18.3421],[-97.9067,18.34],[-97.9078,18.3138],[-97.8962,18.3036],[-97.9109,18.2857],[-97.8733,18.2295],[-97.8666,18.21],[-97.8779,18.197],[-97.8499,18.1885],[-97.8592,18.1923],[-97.8441,18.2162],[-97.823,18.2234],[-97.8276,18.2366],[-97.8155,18.262],[-97.7973,18.2832],[-97.7832,18.2863],[-97.7758,18.3062],[-97.7802,18.315]]]},"properties":{"CVE_ENT":"21","CVE_MUN":"190","CVEGEO":"21190","NOMGEO":"Totoltepec de Guerrero"}},
{"type":"Feature","geometry":{"type":"Polygon","coordinates":[[[-97.7878,18.8964],[-97.8242,18.9077],[-97.8404,18.9011],[-97.8491,18.8702],[-97.8581,18.8686],[-97.8698,18.8385],[-97.8812,18.8434],[-97.8786,18.8343],[-97.8527,18.8217],[-97.8437,18.794],[-97.8562,18.7841],[-97.8289,18.7828],[-97.8124,18.7546],[-97.8171,18.7313],[-97.8001,18.7416],[-97.7966,18.7598],[-97.7837,18.7823],[-97.7714,18.8065],[-97.7864,18.8132],[-97.802,18.8284],[-97.7937,18.8427],[-97.8037,18.8516],[-97.7877,18.8958],[-97.7878,18.8964]]]},"properties":{"CVE_ENT":"21","CVE_MUN":"189","CVEGEO":"21189","NOMGEO":"Tochtepec"}},
{"type":"Feature","geometry":{"type":"Polygon","coordinates":[[[-98.5749,19.0209],[-98.6104,19.028],[-98.6275,19.0224],[-98.6329,19.0155],[-98.6503,18.9981],[-98.6633,18.9625],[-98.6736,18.9517],[-98.6781,18.9237],[-98.7073,18.9029],[-98.7029,18.8897],[-98.6729,18.9094],[-98.6633,18.8983],[-98.6687,18.8848],[-98.6721,18.88],[-98.6685,18.8698],[-98.6677,18.8581],[-98.6572,18.8671],[-98.6526,18.8818],[-98.6392,18.8759],[-98.6374,18.8615],[-98.6227,18.852],[-98.6191,18.8387],[-98.6272,18.8261],[-98.574,18.8318],[-98.5421,18.8508],[-98.5561,18.877],[-98.5402,18.8871],[-98.5436,18.8985],[-98.5606,18.9158],[-98.5537,18.9336],[-98.5778,18.9659],[-98.5912,18.9761],[-98.5722,19.0005],[-98.5749,19.0209]]]},"properties":{"CVE_ENT":"21","CVE_MUN":"188","CVEGEO":"21188","NOMGEO":"Tochimilco"}},
{"type":"Feature","geometry":{"type":"Polygon","coordinates":[[[-98.0997,20.3824],[-98.0806,20.3784],[-98.0596,20.3563],[-98.0294,20.3686],[-98.0127,20.3887],[-98.0136,20.4171],[-98.0287,20.4382],[-98.0256,20.4486],[-98.0632,20.436],[-98.0939,20.3866],[-98.0997,20.3824]]]},"properties":{"CVE_ENT":"21","CVE_MUN":"187","CVEGEO":"21187","NOMGEO":"Tlaxco"}},
{"type":"Feature","geometry":{"type":"Polygon","coordinates":[[[-97.5978,18.7627],[-97.6067,18.7651],[-97.6209,18.7414],[-97.6557,18.7182],[-97.6602,18.733],[-97.6757,18.724],[-97.6804,18.7054],[-97.7111,18.7167],[-97.7082,18.7086],[-97.7249,18.6805],[-97.7254,18.6592],[-97.7383,18.6628],[-97.7579,18.622],[-97.7599,18.6039],[-97.7397,18.5888],[-97.7491,18.578],[-97.7258,18.5672],[-97.7154,18.5719],[-97.6911,18.5625],[-97.6738,18.5721],[-97.6593,18.5441],[-97.6496,18.5396],[-97.6574,18.5188],[-97.6503,18.5029],[-97.6399,18.5035],[-97.6471,18.5384],[-97.6428,18.5586],[-97.63,18.5682],[-97.639,18.5938],[-97.6242,18.599],[-97.6031,18.5908],[-97.5716,18.5996],[-97.5487,18.6234],[-97.532,18.6256],[-97.5086,18.6627],[-97.4938,18.6829],[-97.4894,18.699],[-97.5088,18.7155],[-97.5233,18.7097],[-97.5253,18.7435],[-97.5424,18.7477],[-97.5579,18.7423],[-97.5785,18.7589],[-97.5978,18.7627]]]},"properties":{"CVE_ENT":"21","CVE_MUN":"177","CVEGEO":"21177","NOMGEO":"Tlacotepec de Benito Juárez"}},
{"type":"Feature","geometry":{"type":"Polygon","coordinates":[[[-97.2692,18.5543],[-97.2663,18.5654],[-97.237,18.5704],[-97.2252,18.5931],[-97.2374,18.6077],[-97.2492,18.5901],[-97.2614,18.5873],[-97.2788,18.5964],[-97.3124,18.5728],[-97.3417,18.5882],[-97.3544,18.5653],[-97.3564,18.5511],[-97.373,18.5519],[-97.3929,18.5377],[-97.3942,18.5042],[-97.4205,18.5173],[-97.4325,18.4927],[-97.4542,18.503],[-97.4537,18.5327],[-97.4889,18.5619],[-97.506,18.5551],[-97.4987,18.527],[-97.4785,18.515],[-97.468,18.4925],[-97.4983,18.4496],[-97.5168,18.4417],[-97.5318,18.4471],[-97.5522,18.4699],[-97.5418,18.4989],[-97.5194,18.5278],[-97.5421,18.5425],[-97.561,18.5401],[-97.578,18.5313],[-97.5954,18.5126],[-97.6201,18.5122],[-97.6368,18.5031],[-97.6339,18.485],[-97.6162,18.4709],[-97.5896,18.4716],[-97.6014,18.4451],[-97.6259,18.4281],[-97.6085,18.4044],[-97.6108,18.3912],[-97.5985,18.3659],[-97.5853,18.3485],[-97.587,18.3297],[-97.5629,18.3241],[-97.5493,18.3451],[-97.5198,18.3532],[-97.5107,18.3782],[-97.4921,18.3915],[-97.4908,18.41],[-97.4665,18.4184],[-97.432,18.4183],[-97.4256,18.4014],[-97.4285,18.3831],[-97.4028,18.3837],[-97.3938,18.3669],[-97.3667,18.3577],[-97.3536,18.3665],[-97.3457,18.3562],[-97.3273,18.3617],[-97.3313,18.3892],[-97.2983,18.3975],[-97.3187,18.4146],[-97.315,18.4355],[-97.324,18.4415],[-97.3109,18.4571],[-97.3141,18.4808],[-97.3222,18.5013],[-97.3086,18.5227],[-97.2723,18.5477],[-97.2692,18.5543]]]},"properties":{"CVE_ENT":"21","CVE_MUN":"156","CVEGEO":"21156","NOMGEO":"Tehuacán"}},
{"type":"Feature","geometry":{"type":"MultiPolygon","coordinates":[[[[-98.2627,17.927],[-98.2498,17.9416],[-98.2676,17.9601],[-98.2768,17.9565],[-98.2817,17.9596],[-98.2878,17.9556],[-98.2906,17.9551],[-98.2938,17.9565],[-98.2971,17.9589],[-98.3057,17.9554],[-98.3101,17.949],[-98.3117,17.9332],[-98.3039,17.9168],[-98.3003,17.9163],[-98.2987,17.9124],[-98.2966,17.9113],[-98.2867,17.9307],[-98.2823,17.9347],[-98.2627,17.927]]],[[[-98.2941,18.1299],[-98.314,18.1285],[-98.3276,18.121],[-98.34,18.1235],[-98.3485,18.1296],[-98.3646,18.0976],[-98.3743,18.0924],[-98.3845,18.0894],[-98.3865,18.0871],[-98.3842,18.0872],[-98.3824,18.0819],[-98.382,18.0754],[-98.3663,18.0587],[-98.3739,18.0271],[-98.3646,17.9994],[-98.3477,17.9863],[-98.3231,17.9854],[-98.3242,18.0084],[-98.3075,18.0488],[-98.2966,18.0589],[-98.2562,18.0592],[-98.2447,18.0669],[-98.2386,18.0944],[-98.2709,18.1175],[-98.2927,18.1193],[-98.2941,18.1299]]]]},"properties":{"CVE_ENT":"21","CVE_MUN":"155","CVEGEO":"21155","NOMGEO":"Tecomatlán"}},
{"type":"Feature","geometry":{"type":"Polygon","coordinates":[[[-97.6697,18.8935],[-97.67,18.9079],[-97.6934,18.9077],[-97.7259,18.9332],[-97.7213,18.9464],[-97.7463,18.9551],[-97.7461,18.953],[-97.7523,18.9237],[-97.7779,18.888],[-97.7877,18.8958],[-97.8037,18.8516],[-97.7937,18.8427],[-97.802,18.8284],[-97.7864,18.8132],[-97.7714,18.8065],[-97.7837,18.7823],[-97.7542,18.7815],[-97.7401,18.7687],[-97.7308,18.7925],[-97.7077,18.8215],[-97.69,18.8253],[-97.6784,18.8203],[-97.6558,18.8292],[-97.645,18.8496],[-97.6652,18.8677],[-97.6697,18.8935]]]},"properties":{"CVE_ENT":"21","CVE_MUN":"154","CVEGEO":"21154","NOMGEO":"Tecamachalco"}},
{"type":"Feature","geometry":{"type":"Polygon","coordinates":[[[-97.9083,18.9198],[-97.9296,18.9277],[-97.9285,18.9389],[-97.9379,18.9659],[-97.9663,18.988],[-97.9668,18.9711],[-97.9555,18.9661],[-97.9583,18.9466],[-97.9877,18.9463],[-97.9845,18.934],[-98.0362,18.9182],[-98.0526,18.9047],[-98.0748,18.9012],[-98.0653,18.8877],[-98.0459,18.8856],[-98.0219,18.8752],[-98.0159,18.8592],[-98.0308,18.8491],[-98.0051,18.8252],[-97.9833,18.8295],[-97.9659,18.8246],[-97.9313,18.8078],[-97.9274,18.8122],[-97.9182,18.843],[-97.9015,18.8462],[-97.9115,18.8629],[-97.895,18.8782],[-97.8918,18.8869],[-97.9116,18.9114],[-97.9083,18.9198]]]},"properties":{"CVE_ENT":"21","CVE_MUN":"153","CVEGEO":"21153","NOMGEO":"Tecali de Herrera"}},
{"type":"Feature","geometry":{"type":"Polygon","coordinates":[[[-97.8158,18.9813],[-97.838,18.9949],[-97.8592,19.0154],[-97.8715,18.9969],[-97.8406,18.9754],[-97.84,18.9626],[-97.8219,18.9518],[-97.8388,18.9383],[-97.8019,18.9205],[-97.7834,18.9502],[-97.8049,18.9563],[-97.8158,18.9813]]]},"properties":{"CVE_ENT":"21","CVE_MUN":"118","CVEGEO":"21118","NOMGEO":"Los Reyes de Juárez"}},
{"type":"Feature","geometry":{"type":"Polygon","coordinates":[[[-98.2742,19.0597],[-98.293,19.0645],[-98.3148,19.0504],[-98.3582,19.0424],[-98.3456,19.033],[-98.3311,19.0222],[-98.3234,19.0079],[-98.3101,18.9982],[-98.3014,18.9814],[-98.2825,18.9757],[-98.28,18.9843],[-98.257,18.9942],[-98.2471,19.0198],[-98.2375,19.0254],[-98.2578,19.0518],[-98.2742,19.0597]]]},"properties":{"CVE_ENT":"21","CVE_MUN":"119","CVEGEO":"21119","NOMGEO":"San Andrés Cholula"}},
{"type":"Feature","geometry":{"type":"Polygon","coordinates":[[[-97.2575,18.4684],[-97.242,18.4764],[-97.2231,18.4729],[-97.2166,18.4828],[-97.2297,18.503],[-97.2204,18.5244],[-97.2278,18.5347],[-97.2411,18.526],[-97.2536,18.5314],[-97.2582,18.5496],[-97.2692,18.5543],[-97.2723,18.5477],[-97.3086,18.5227],[-97.3222,18.5013],[-97.3141,18.4808],[-97.3109,18.4571],[-97.324,18.4415],[-97.315,18.4355],[-97.2693,18.4655],[-97.2575,18.4684]]]},"properties":{"CVE_ENT":"21","CVE_MUN":"120","CVEGEO":"21120","NOMGEO":"San Antonio Cañada"}},
{"type":"Feature","geometry":{"type":"Polygon","coordinates":[[[-98.3234,19.0079],[-98.3311,19.0222],[-98.3456,19.033],[-98.3693,18.9968],[-98.3542,18.9927],[-98.3234,19.0079]]]},"properties":{"CVE_ENT":"21","CVE_MUN":"125","CVEGEO":"21125","NOMGEO":"San Gregorio Atzompa"}},
{"type":"Feature","geometry":{"type":"Polygon","coordinates":[[[-97.6234,19.5068],[-97.6321,19.5314],[-97.62,19.538],[-97.6286,19.5624],[-97.6449,19.5614],[-97.6476,19.5805],[-97.6568,19.591],[-97.6762,19.5892],[-97.6941,19.6029],[-97.7159,19.5836],[-97.7152,19.5463],[-97.7212,19.5372],[-97.6986,19.5205],[-97.6809,19.5349],[-97.6656,19.5346],[-97.648,19.5217],[-97.6345,19.4987],[-97.6234,19.5068]]]},"properties":{"CVE_ENT":"21","CVE_MUN":"105","CVEGEO":"21105","NOMGEO":"Ocotepec"}},
{"type":"Feature","geometry":{"type":"Polygon","coordinates":[[[-98.4769,19.0632],[-98.4858,19.0633],[-98.5003,19.0267],[-98.5308,19.0226],[-98.5801,19.0388],[-98.5749,19.0209],[-98.5722,19.0005],[-98.5431,18.9802],[-98.4827,18.9711],[-98.4655,18.9346],[-98.4195,18.9536],[-98.405,18.9523],[-98.4093,18.971],[-98.4062,18.9915],[-98.426,18.994],[-98.4191,19.0165],[-98.4234,19.0341],[-98.435,19.0457],[-98.4512,19.0446],[-98.4769,19.0632]]]},"properties":{"CVE_ENT":"21","CVE_MUN":"175","CVEGEO":"21175","NOMGEO":"Tianguismanalco"}},
{"type":"Feature","geometry":{"type":"Polygon","coordinates":[[[-98.4153,18.6531],[-98.4227,18.6536],[-98.4397,18.6753],[-98.4523,18.6835],[-98.4692,18.6684],[-98.5095,18.5919],[-98.5116,18.5774],[-98.5291,18.579],[-98.5599,18.5746],[-98.5592,18.5622],[-98.5196,18.553],[-98.5216,18.5388],[-98.5414,18.5416],[-98.5486,18.5263],[-98.5378,18.5106],[-98.5356,18.4684],[-98.5237,18.4528],[-98.5361,18.4286],[-98.552,18.4157],[-98.5654,18.4208],[-98.5522,18.3991],[-98.5283,18.408],[-98.5051,18.401],[-98.5121,18.3875],[-98.5313,18.3934],[-98.5056,18.3599],[-98.4871,18.3563],[-98.4772,18.3382],[-98.4676,18.3339],[-98.4327,18.3329],[-98.4398,18.3615],[-98.4359,18.3753],[-98.4122,18.3763],[-98.4185,18.405],[-98.3883,18.4286],[-98.3881,18.4409],[-98.3595,18.4668],[-98.3406,18.4666],[-98.316,18.481],[-98.2955,18.4859],[-98.3081,18.5026],[-98.3035,18.519],[-98.3222,18.522],[-98.3284,18.5356],[-98.3452,18.5341],[-98.375,18.5489],[-98.3593,18.5624],[-98.3635,18.5733],[-98.3835,18.565],[-98.3848,18.5807],[-98.3998,18.5905],[-98.4102,18.6055],[-98.3957,18.637],[-98.4145,18.6447],[-98.4153,18.6531]]]},"properties":{"CVE_ENT":"21","CVE_MUN":"085","CVEGEO":"21085","NOMGEO":"Izúcar de Matamoros"}},
{"type":"Feature","geometry":{"type":"Polygon","coordinates":[[[-97.8196,19.1041],[-97.836,19.1221],[-97.8464,19.1111],[-97.8689,19.1008],[-97.8791,19.0862],[-97.8971,19.0762],[-97.9244,19.0483],[-97.9443,19.0162],[-97.9409,19.0049],[-97.9536,19.0065],[-97.9663,18.988],[-97.9379,18.9659],[-97.9285,18.9389],[-97.9296,18.9277],[-97.9083,18.9198],[-97.8767,18.9193],[-97.872,18.9073],[-97.8569,18.9127],[-97.8448,18.9335],[-97.84,18.9626],[-97.8406,18.9754],[-97.8715,18.9969],[-97.8592,19.0154],[-97.838,18.9949],[-97.8158,18.9813],[-97.8105,19.0039],[-97.8278,19.0153],[-97.8163,19.0402],[-97.8072,19.0813],[-97.8196,19.1041]]]},"properties":{"CVE_ENT":"21","CVE_MUN":"164","CVEGEO":"21164","NOMGEO":"Tepeaca"}},
{"type":"Feature","geometry":{"type":"Polygon","coordinates":[[[-98.5568,18.1532],[-98.5668,18.1438],[-98.5948,18.1456],[-98.5983,18.1282],[-98.5914,18.12],[-98.6153,18.1099],[-98.6405,18.1205],[-98.6535,18.1186],[-98.6719,18.1309],[-98.6526,18.1499],[-98.6492,18.1706],[-98.6656,18.1649],[-98.6728,18.1792],[-98.7005,18.1869],[-98.6916,18.1661],[-98.7014,18.1535],[-98.6858,18.1398],[-98.6881,18.1313],[-98.7154,18.1139],[-98.704,18.1132],[-98.6856,18.0721],[-98.6658,18.0636],[-98.6616,18.0444],[-98.6355,18.0372],[-98.6317,18.051],[-98.6066,18.0383],[-98.5798,18.0458],[-98.575,18.0529],[-98.555,18.0492],[-98.5409,18.0526],[-98.5136,18.0443],[-98.5013,18.0477],[-98.4958,18.0701],[-98.5004,18.0899],[-98.4883,18.093],[-98.5031,18.1195],[-98.5167,18.1231],[-98.5484,18.1409],[-98.5568,18.1532]]]},"properties":{"CVE_ENT":"21","CVE_MUN":"198","CVEGEO":"21198","NOMGEO":"Xicotlán"}},
{"type":"Feature","geometry":{"type":"Polygon","coordinates":[[[-98.3612,18.6411],[-98.3455,18.6496],[-98.3483,18.6695],[-98.3644,18.6668],[-98.3722,18.6523],[-98.3612,18.6411]]]},"properties":{"CVE_ENT":"21","CVE_MUN":"133","CVEGEO":"21133","NOMGEO":"San Martín Totoltepec"}},
{"type":"Feature","geometry":{"type":"Polygon","coordinates":[[[-97.3156,19.8718],[-97.336,19.8705],[-97.349,19.8769],[-97.3539,19.89],[-97.3316,19.9262],[-97.3444,19.9349],[-97.3357,19.9585],[-97.3614,19.9727],[-97.3648,19.9497],[-97.3601,19.9153],[-97.3857,19.8963],[-97.3989,19.8729],[-97.3921,19.8557],[-97.3696,19.8424],[-97.3811,19.8165],[-97.3778,19.7927],[-97.3881,19.774],[-97.3646,19.7765],[-97.3452,19.8022],[-97.3252,19.8154],[-97.318,19.8391],[-97.3205,19.8624],[-97.3156,19.8718]]]},"properties":{"CVE_ENT":"21","CVE_MUN":"174","CVEGEO":"21174","NOMGEO":"Teziutlán"}},
{"type":"Feature","geometry":{"type":"Polygon","coordinates":[[[-98.4692,18.6684],[-98.4774,18.669],[-98.4886,18.6546],[-98.5131,18.6463],[-98.5546,18.6408],[-98.5666,18.6448],[-98.5623,18.6283],[-98.5961,18.6249],[-98.6112,18.5984],[-98.5827,18.5767],[-98.5599,18.5746],[-98.5291,18.579],[-98.5116,18.5774],[-98.5095,18.5919],[-98.4692,18.6684]]]},"properties":{"CVE_ENT":"21","CVE_MUN":"176","CVEGEO":"21176","NOMGEO":"Tilapa"}},
{"type":"Feature","geometry":{"type":"Polygon","coordinates":[[[-98.0128,20.4667],[-98.0256,20.4486],[-98.0287,20.4382],[-98.0136,20.4171],[-98.0127,20.3887],[-98.0294,20.3686],[-98.0596,20.3563],[-98.0806,20.3784],[-98.0997,20.3824],[-98.1125,20.3543],[-98.0985,20.3403],[-98.0808,20.3347],[-98.0704,20.3033],[-98.0513,20.2944],[-98.0406,20.3014],[-98.0444,20.3221],[-98.0319,20.3277],[-98.0007,20.327],[-97.9823,20.3084],[-97.9765,20.3269],[-97.9577,20.3418],[-97.9593,20.3528],[-97.9397,20.3647],[-97.9278,20.3892],[-97.9072,20.3917],[-97.885,20.4023],[-97.8766,20.4143],[-97.8972,20.4347],[-97.9384,20.4346],[-97.9472,20.4392],[-97.9714,20.4234],[-97.9912,20.4215],[-97.9853,20.4487],[-98.0128,20.4667]]]},"properties":{"CVE_ENT":"21","CVE_MUN":"178","CVEGEO":"21178","NOMGEO":"Tlacuilotepec"}},
{"type":"Feature","geometry":{"type":"Polygon","coordinates":[[[-98.487,19.3896],[-98.4997,19.3944],[-98.515,19.3774],[-98.5315,19.3725],[-98.5297,19.3414],[-98.5488,19.3373],[-98.538,19.3228],[-98.5015,19.3095],[-98.4759,19.3144],[-98.478,19.3363],[-98.4666,19.3495],[-98.4549,19.3455],[-98.4703,19.3608],[-98.487,19.3896]]]},"properties":{"CVE_ENT":"21","CVE_MUN":"134","CVEGEO":"21134","NOMGEO":"San Matías Tlalancaleca"}},
{"type":"Feature","geometry":{"type":"Polygon","coordinates":[[[-97.6988,18.0217],[-97.7299,18.0373],[-97.7425,18.0555],[-97.7717,18.0684],[-97.7985,18.0358],[-97.7968,18.0162],[-97.7909,18.0042],[-97.8099,17.9983],[-97.8214,17.9882],[-97.8263,17.9727],[-97.8269,17.9629],[-97.813,17.9451],[-97.8107,17.9499],[-97.8035,17.9538],[-97.8043,17.9578],[-97.7896,17.9618],[-97.7745,17.971],[-97.7744,17.9747],[-97.7724,17.9773],[-97.7679,17.9767],[-97.7664,18.0059],[-97.7535,18.0047],[-97.7285,18.0122],[-97.7187,18.0038],[-97.6997,18.0016],[-97.6988,18.0217]]]},"properties":{"CVE_ENT":"21","CVE_MUN":"135","CVEGEO":"21135","NOMGEO":"San Miguel Ixitlán"}},
{"type":"Feature","geometry":{"type":"Polygon","coordinates":[[[-98.0194,20.0798],[-98.042,20.0556],[-98.0839,20.0591],[-98.0807,20.0782],[-98.0877,20.0921],[-98.0986,20.0806],[-98.1095,20.0306],[-98.1254,20.0289],[-98.1482,20.0112],[-98.1584,20.0324],[-98.1736,20.0338],[-98.164,20.0225],[-98.1742,19.9974],[-98.1604,19.9781],[-98.167,19.9718],[-98.1529,19.9531],[-98.1338,19.9652],[-98.1041,19.9636],[-98.0823,19.9526],[-98.0538,19.8994],[-98.0384,19.9019],[-98.023,19.8961],[-98.0255,19.8714],[-97.9695,19.8516],[-97.968,19.8448],[-97.9548,19.8564],[-97.9376,19.829],[-97.9114,19.8466],[-97.8713,19.863],[-97.8563,19.8945],[-97.8666,19.9175],[-97.8831,19.9198],[-97.8922,19.9295],[-97.9149,19.9351],[-97.9193,19.9543],[-97.9016,19.9649],[-97.9184,19.9864],[-97.8976,20.0242],[-97.8804,20.044],[-97.9041,20.0569],[-97.9057,20.0793],[-97.9163,20.0674],[-97.9566,20.058],[-97.9879,20.0348],[-98.0034,20.0338],[-98.0098,20.0557],[-98.0221,20.0663],[-98.0194,20.0798]]]},"properties":{"CVE_ENT":"21","CVE_MUN":"208","CVEGEO":"21208","NOMGEO":"Zacatlán"}},
{"type":"Feature","geometry":{"type":"Polygon","coordinates":[[[-97.5274,19.959],[-97.5377,19.9632],[-97.5687,19.9499],[-97.5805,19.9351],[-97.6049,19.9253],[-97.6157,19.9164],[-97.6202,19.8773],[-97.6164,19.8562],[-97.6262,19.8236],[-97.6242,19.8159],[-97.6443,19.8035],[-97.6448,19.7936],[-97.628,19.7739],[-97.6128,19.7639],[-97.6172,19.7441],[-97.5985,19.7353],[-97.5929,19.7202],[-97.5812,19.7788],[-97.5629,19.7869],[-97.5612,19.8147],[-97.5378,19.8333],[-97.5268,19.8616],[-97.5381,19.8939],[-97.5277,19.9326],[-97.5274,19.959]]]},"properties":{"CVE_ENT":"21","CVE_MUN":"207","CVEGEO":"21207","NOMGEO":"Zacapoaxtla"}},
{"type":"Feature","geometry":{"type":"Polygon","coordinates":[[[-98.5415,19.4608],[-98.5703,19.4668],[-98.5913,19.4492],[-98.6294,19.457],[-98.6341,19.4678],[-98.6532,19.466],[-98.6614,19.4581],[-98.6348,19.4312],[-98.6563,19.4221],[-98.6571,19.3971],[-98.6581,19.3827],[-98.6445,19.352],[-98.6605,19.3513],[-98.6635,19.3248],[-98.6319,19.2639],[-98.6275,19.2578],[-98.6173,19.2587],[-98.6035,19.2386],[-98.5789,19.2397],[-98.5846,19.2551],[-98.5258,19.2771],[-98.5245,19.2886],[-98.5055,19.2901],[-98.5015,19.3095],[-98.538,19.3228],[-98.5488,19.3373],[-98.5297,19.3414],[-98.5315,19.3725],[-98.515,19.3774],[-98.4997,19.3944],[-98.487,19.3896],[-98.4872,19.3922],[-98.5083,19.4269],[-98.5103,19.428],[-98.513,19.436],[-98.5163,19.4392],[-98.5232,19.4609],[-98.5415,19.4608]]]},"properties":{"CVE_ENT":"21","CVE_MUN":"180","CVEGEO":"21180","NOMGEO":"Tlahuapan"}},
{"type":"Feature","geometry":{"type":"Polygon","coordinates":[[[-97.4209,19.2591],[-97.447,19.2646],[-97.4632,19.2748],[-97.4717,19.3186],[-97.4784,19.3315],[-97.4705,19.3425],[-97.4791,19.3385],[-97.532,19.3156],[-97.557,19.3131],[-97.5328,19.2705],[-97.5426,19.2514],[-97.5281,19.2424],[-97.5363,19.2295],[-97.5261,19.2128],[-97.5606,19.1925],[-97.5681,19.1661],[-97.5526,19.1523],[-97.5404,19.1485],[-97.543,19.1331],[-97.5054,19.1198],[-97.4814,19.1004],[-97.4838,19.127],[-97.4787,19.1439],[-97.4616,19.1665],[-97.4681,19.1704],[-97.4421,19.1941],[-97.4386,19.2159],[-97.4242,19.2429],[-97.4209,19.2591]]]},"properties":{"CVE_ENT":"21","CVE_MUN":"137","CVEGEO":"21137","NOMGEO":"San Nicolás Buenos Aires"}},
{"type":"Feature","geometry":{"type":"Polygon","coordinates":[[[-97.979,19.1926],[-97.992,19.1958],[-97.9822,19.1757],[-97.9777,19.1535],[-97.9867,19.1483],[-97.9863,19.1305],[-97.9988,19.1278],[-98.0036,19.1137],[-97.998,19.0979],[-97.9779,19.0873],[-97.9659,19.0964],[-97.954,19.0708],[-97.9889,19.0768],[-98.0057,19.0693],[-98.0163,19.0612],[-98.0058,19.0365],[-97.9965,19.0395],[-97.9765,19.0269],[-97.9409,19.0049],[-97.9443,19.0162],[-97.9244,19.0483],[-97.8971,19.0762],[-97.8791,19.0862],[-97.8689,19.1008],[-97.8464,19.1111],[-97.836,19.1221],[-97.8567,19.1275],[-97.8576,19.1356],[-97.9074,19.1413],[-97.9045,19.1623],[-97.9151,19.1733],[-97.9282,19.1642],[-97.979,19.1926]]]},"properties":{"CVE_ENT":"21","CVE_MUN":"001","CVEGEO":"21001","NOMGEO":"Acajete"}},
{"type":"Feature","geometry":{"type":"Polygon","coordinates":[[[-98.5743,19.1413],[-98.5881,19.1465],[-98.6034,19.1403],[-98.6362,19.1536],[-98.6407,19.1255],[-98.627,19.1248],[-98.6393,19.0774],[-98.6302,19.0678],[-98.6199,19.0351],[-98.6275,19.0224],[-98.6104,19.028],[-98.5749,19.0209],[-98.5801,19.0388],[-98.5308,19.0226],[-98.5003,19.0267],[-98.4858,19.0633],[-98.4769,19.0632],[-98.4802,19.0755],[-98.4522,19.0817],[-98.4723,19.085],[-98.4875,19.0941],[-98.5125,19.0937],[-98.5502,19.1152],[-98.5723,19.1314],[-98.5743,19.1413]]]},"properties":{"CVE_ENT":"21","CVE_MUN":"138","CVEGEO":"21138","NOMGEO":"San Nicolás de los Ranchos"}},
{"type":"Feature","geometry":{"type":"Polygon","coordinates":[[[-98.0636,18.1372],[-98.0601,18.1485],[-98.079,18.1557],[-98.0997,18.17],[-98.1451,18.1724],[-98.1601,18.1792],[-98.164,18.1862],[-98.1864,18.1779],[-98.1943,18.1663],[-98.1941,18.1482],[-98.2146,18.1439],[-98.2012,18.1278],[-98.2097,18.0967],[-98.175,18.1031],[-98.1654,18.1316],[-98.1278,18.1233],[-98.1037,18.0957],[-98.0903,18.0957],[-98.0845,18.1211],[-98.0636,18.1372]]]},"properties":{"CVE_ENT":"21","CVE_MUN":"139","CVEGEO":"21139","NOMGEO":"San Pablo Anicano"}},
{"type":"Feature","geometry":{"type":"Polygon","coordinates":[[[-97.9067,18.34],[-97.9269,18.3412],[-97.9477,18.333],[-97.9457,18.3311],[-97.9375,18.3287],[-97.9298,18.3242],[-97.9427,18.3128],[-97.9595,18.3016],[-97.9729,18.2776],[-97.9685,18.2622],[-97.9851,18.2561],[-97.9968,18.2392],[-97.9917,18.2253],[-97.9728,18.222],[-97.9324,18.2486],[-97.9255,18.2671],[-97.9372,18.271],[-97.9397,18.2856],[-97.9109,18.2857],[-97.8962,18.3036],[-97.9078,18.3138],[-97.9067,18.34]]]},"properties":{"CVE_ENT":"21","CVE_MUN":"196","CVEGEO":"21196","NOMGEO":"Xayacatlán de Bravo"}},
{"type":"Feature","geometry":{"type":"Polygon","coordinates":[[[-98.3083,19.1064],[-98.37,19.1033],[-98.3826,19.1187],[-98.3965,19.0934],[-98.3941,19.0754],[-98.38,19.065],[-98.3855,19.054],[-98.4027,19.0527],[-98.3956,19.0296],[-98.3843,19.026],[-98.3582,19.0424],[-98.3148,19.0504],[-98.293,19.0645],[-98.2742,19.0597],[-98.2621,19.0782],[-98.2869,19.0875],[-98.2958,19.0983],[-98.3083,19.1064]]]},"properties":{"CVE_ENT":"21","CVE_MUN":"140","CVEGEO":"21140","NOMGEO":"San Pedro Cholula"}},
{"type":"Feature","geometry":{"type":"Polygon","coordinates":[[[-96.9914,19.2858],[-97.0035,19.2964],[-97.031,19.2973],[-97.0466,19.3198],[-97.0679,19.3214],[-97.098,19.3041],[-97.1296,19.3092],[-97.1479,19.3202],[-97.163,19.3049],[-97.1455,19.2737],[-97.165,19.2595],[-97.1755,19.2335],[-97.1771,19.2009],[-97.1951,19.2047],[-97.2162,19.1923],[-97.1946,19.1718],[-97.1704,19.1639],[-97.1442,19.1639],[-97.1353,19.1865],[-97.132,19.2149],[-97.0871,19.2436],[-97.0491,19.258],[-97.0181,19.2599],[-96.9914,19.2858]]]},"properties":{"CVE_ENT":"21","CVE_MUN":"116","CVEGEO":"21116","NOMGEO":"Quimixtlán"}},
{"type":"Feature","geometry":{"type":"Polygon","coordinates":[[[-98.0008,18.0849],[-98.0133,18.0774],[-98.0508,18.0973],[-98.0387,18.1052],[-98.0308,18.1288],[-98.0636,18.1372],[-98.0845,18.1211],[-98.0903,18.0957],[-98.1037,18.0957],[-98.0943,18.0821],[-98.1046,18.0544],[-98.1002,18.0265],[-98.1073,17.9828],[-98.0516,17.9822],[-98.0298,17.9918],[-98.0152,17.9806],[-97.9945,17.9747],[-97.9794,17.9644],[-97.9676,17.9707],[-97.9729,17.98],[-97.9669,18.0173],[-97.9793,18.0466],[-98.0058,18.0595],[-98.0008,18.0849]]]},"properties":{"CVE_ENT":"21","CVE_MUN":"141","CVEGEO":"21141","NOMGEO":"San Pedro Yeloixtlahuaca"}},
{"type":"Feature","geometry":{"type":"Polygon","coordinates":[[[-97.4199,19.6241],[-97.427,19.6415],[-97.3967,19.6667],[-97.3979,19.6948],[-97.4057,19.6786],[-97.4281,19.6726],[-97.4487,19.6613],[-97.4581,19.6481],[-97.475,19.6409],[-97.4998,19.5865],[-97.4983,19.5525],[-97.5025,19.5198],[-97.5295,19.5204],[-97.5366,19.5298],[-97.5624,19.4964],[-97.5507,19.4841],[-97.5533,19.4703],[-97.539,19.4543],[-97.5626,19.4384],[-97.5796,19.4336],[-97.6007,19.4171],[-97.6142,19.3984],[-97.6057,19.3857],[-97.5772,19.4147],[-97.563,19.4191],[-97.558,19.3938],[-97.5423,19.3832],[-97.5101,19.3794],[-97.4957,19.365],[-97.4791,19.3385],[-97.4705,19.3425],[-97.45,19.3522],[-97.4473,19.3656],[-97.423,19.384],[-97.4075,19.3747],[-97.3604,19.376],[-97.3717,19.4031],[-97.3941,19.4073],[-97.3901,19.4286],[-97.3573,19.4324],[-97.3469,19.451],[-97.3483,19.4846],[-97.3707,19.495],[-97.3949,19.4924],[-97.4055,19.5255],[-97.4249,19.5436],[-97.4269,19.5692],[-97.4341,19.5884],[-97.428,19.6159],[-97.4199,19.6241]]]},"properties":{"CVE_ENT":"21","CVE_MUN":"170","CVEGEO":"21170","NOMGEO":"Tepeyahualco"}},
{"type":"Feature","geometry":{"type":"Polygon","coordinates":[[[-98.0042,18.6566],[-98.0242,18.6695],[-98.0809,18.6573],[-98.113,18.6357],[-98.0995,18.626],[-98.0764,18.6345],[-98.062,18.6333],[-98.0511,18.6451],[-98.0213,18.6418],[-98.0042,18.6566]]]},"properties":{"CVE_ENT":"21","CVE_MUN":"052","CVEGEO":"21052","NOMGEO":"Chigmecatitlán"}},
{"type":"Feature","geometry":{"type":"Polygon","coordinates":[[[-98.6976,18.7145],[-98.709,18.7083],[-98.7044,18.689],[-98.7275,18.6696],[-98.721,18.6577],[-98.7167,18.6253],[-98.7193,18.605],[-98.7125,18.5854],[-98.6989,18.5891],[-98.7058,18.6086],[-98.6486,18.6114],[-98.6112,18.5984],[-98.5961,18.6249],[-98.5623,18.6283],[-98.5666,18.6448],[-98.5813,18.6794],[-98.6031,18.6725],[-98.6199,18.6536],[-98.631,18.6822],[-98.6645,18.6708],[-98.676,18.6906],[-98.6948,18.6987],[-98.6976,18.7145]]]},"properties":{"CVE_ENT":"21","CVE_MUN":"168","CVEGEO":"21168","NOMGEO":"Tepexco"}},
{"type":"Feature","geometry":{"type":"Polygon","coordinates":[[[-98.4549,19.3455],[-98.4666,19.3495],[-98.478,19.3363],[-98.4759,19.3144],[-98.5015,19.3095],[-98.5055,19.2901],[-98.5245,19.2886],[-98.5258,19.2771],[-98.5846,19.2551],[-98.5789,19.2397],[-98.6035,19.2386],[-98.6173,19.2587],[-98.6275,19.2578],[-98.6436,19.2387],[-98.647,19.1848],[-98.6403,19.1672],[-98.5882,19.1717],[-98.5741,19.1823],[-98.5918,19.1926],[-98.5802,19.2087],[-98.5848,19.2238],[-98.5227,19.2502],[-98.5009,19.2526],[-98.4684,19.2619],[-98.4757,19.2742],[-98.4757,19.2945],[-98.4653,19.3128],[-98.4421,19.3276],[-98.4549,19.3455]]]},"properties":{"CVE_ENT":"21","CVE_MUN":"143","CVEGEO":"21143","NOMGEO":"San Salvador el Verde"}},
{"type":"Feature","geometry":{"type":"Polygon","coordinates":[[[-97.5363,19.2295],[-97.5476,19.2385],[-97.5713,19.2355],[-97.5785,19.2263],[-97.5986,19.2359],[-97.6471,19.2444],[-97.6503,19.2501],[-97.6852,19.1926],[-97.6645,19.1868],[-97.6579,19.1768],[-97.6796,19.1532],[-97.6635,19.1459],[-97.656,19.1237],[-97.6666,19.104],[-97.6612,19.0807],[-97.6606,19.0682],[-97.6463,19.0509],[-97.6177,19.0544],[-97.6139,19.0362],[-97.6072,19.0357],[-97.5841,19.0615],[-97.5857,19.0894],[-97.5686,19.111],[-97.5704,19.1323],[-97.5526,19.1523],[-97.5681,19.1661],[-97.5606,19.1925],[-97.5261,19.2128],[-97.5363,19.2295]]]},"properties":{"CVE_ENT":"21","CVE_MUN":"142","CVEGEO":"21142","NOMGEO":"San Salvador el Seco"}},
{"type":"Feature","geometry":{"type":"Polygon","coordinates":[[[-97.255,18.9438],[-97.2613,18.9813],[-97.2789,18.9967],[-97.2689,19.0283],[-97.287,19.0145],[-97.3033,18.9918],[-97.3254,18.9804],[-97.3503,18.9762],[-97.3615,18.9482],[-97.3585,18.8998],[-97.3511,18.8906],[-97.3334,18.8886],[-97.3278,18.866],[-97.3016,18.877],[-97.2984,18.8605],[-97.2973,18.8673],[-97.2744,18.8881],[-97.2458,18.8933],[-97.2472,18.9189],[-97.255,18.9438]]]},"properties":{"CVE_ENT":"21","CVE_MUN":"023","CVEGEO":"21023","NOMGEO":"Atzitzintla"}},
{"type":"Feature","geometry":{"type":"Polygon","coordinates":[[[-97.5444,18.9986],[-97.5606,19.017],[-97.5704,19.0025],[-97.5879,19.0021],[-97.5919,19.0181],[-97.62,19.0077],[-97.6194,18.9839],[-97.6506,18.9723],[-97.6557,18.9918],[-97.6925,18.9795],[-97.7203,18.983],[-97.7278,18.9895],[-97.7463,18.9551],[-97.7213,18.9464],[-97.7259,18.9332],[-97.6934,18.9077],[-97.67,18.9079],[-97.6697,18.8935],[-97.6014,18.8907],[-97.5855,18.8806],[-97.5728,18.8989],[-97.5625,18.9289],[-97.5629,18.9569],[-97.5417,18.9654],[-97.555,18.9732],[-97.5597,18.989],[-97.5444,18.9986]]]},"properties":{"CVE_ENT":"21","CVE_MUN":"115","CVEGEO":"21115","NOMGEO":"Quecholac"}},
{"type":"Feature","geometry":{"type":"Polygon","coordinates":[[[-98.0287,19.1458],[-98.0367,19.1847],[-98.0205,19.2095],[-98.0317,19.2309],[-98.0415,19.2102],[-98.0593,19.2012],[-98.0696,19.1852],[-98.0936,19.1662],[-98.097,19.165],[-98.0973,19.1647],[-98.0976,19.1646],[-98.0987,19.1637],[-98.0996,19.1632],[-98.0998,19.1632],[-98.1,19.1633],[-98.1003,19.1634],[-98.1032,19.1526],[-98.1194,19.1353],[-98.1474,19.1144],[-98.1662,19.1051],[-98.1971,19.1275],[-98.1882,19.1355],[-98.208,19.1327],[-98.2245,19.1379],[-98.2369,19.0945],[-98.2621,19.0782],[-98.2742,19.0597],[-98.2578,19.0518],[-98.2375,19.0254],[-98.2471,19.0198],[-98.257,18.9942],[-98.28,18.9843],[-98.2825,18.9757],[-98.2772,18.9709],[-98.278,18.9232],[-98.2854,18.9103],[-98.2685,18.8989],[-98.2839,18.8757],[-98.2868,18.8581],[-98.2804,18.85],[-98.241,18.8497],[-98.2073,18.8417],[-98.1502,18.8439],[-98.1593,18.8672],[-98.1464,18.8946],[-98.1508,18.9062],[-98.1339,18.9141],[-98.1238,18.9105],[-98.0956,18.9129],[-98.1149,18.9282],[-98.1197,18.9438],[-98.1366,18.9553],[-98.1367,18.9937],[-98.1287,19.018],[-98.1198,19.0253],[-98.1159,19.0595],[-98.0954,19.081],[-98.0774,19.0752],[-98.052,19.117],[-98.0287,19.1458]]]},"properties":{"CVE_ENT":"21","CVE_MUN":"114","CVEGEO":"21114","NOMGEO":"Puebla"}},
{"type":"Feature","geometry":{"type":"Polygon","coordinates":[[[-97.6142,19.3984],[-97.6194,19.3973],[-97.649,19.4292],[-97.6603,19.4251],[-97.6646,19.3931],[-97.6642,19.3651],[-97.6314,19.3554],[-97.6387,19.3383],[-97.6257,19.3314],[-97.6461,19.3064],[-97.6246,19.2987],[-97.6503,19.2501],[-97.6471,19.2444],[-97.5986,19.2359],[-97.5785,19.2263],[-97.5713,19.2355],[-97.5476,19.2385],[-97.5363,19.2295],[-97.5281,19.2424],[-97.5426,19.2514],[-97.5328,19.2705],[-97.557,19.3131],[-97.532,19.3156],[-97.4791,19.3385],[-97.4957,19.365],[-97.5101,19.3794],[-97.5423,19.3832],[-97.558,19.3938],[-97.563,19.4191],[-97.5772,19.4147],[-97.6057,19.3857],[-97.6142,19.3984]]]},"properties":{"CVE_ENT":"21","CVE_MUN":"108","CVEGEO":"21108","NOMGEO":"Oriental"}},
{"type":"Feature","geometry":{"type":"Polygon","coordinates":[[[-97.8639,18.148],[-97.8828,18.1594],[-97.8997,18.162],[-97.9169,18.1499],[-97.933,18.1567],[-97.9421,18.1468],[-97.9442,18.1244],[-97.9627,18.1448],[-97.9734,18.1276],[-97.9609,18.1086],[-97.9842,18.0995],[-97.9877,18.0833],[-98.0008,18.0849],[-98.0058,18.0595],[-97.9793,18.0466],[-97.9669,18.0173],[-97.9729,17.98],[-97.9676,17.9707],[-97.935,17.961],[-97.9304,17.9677],[-97.935,18],[-97.9126,18.0076],[-97.8945,18.0076],[-97.8679,18.0161],[-97.8615,18.026],[-97.8427,18.0189],[-97.8369,18.0326],[-97.8348,18.0498],[-97.8137,18.0629],[-97.8184,18.073],[-97.8495,18.0837],[-97.8606,18.1027],[-97.8672,18.1149],[-97.8639,18.148]]]},"properties":{"CVE_ENT":"21","CVE_MUN":"112","CVEGEO":"21112","NOMGEO":"Petlalcingo"}},
{"type":"Feature","geometry":{"type":"Polygon","coordinates":[[[-98.044,18.4975],[-98.0617,18.5001],[-98.0767,18.4944],[-98.1003,18.4829],[-98.094,18.461],[-98.1132,18.4582],[-98.1236,18.4357],[-98.1244,18.4176],[-98.1504,18.4136],[-98.1585,18.3849],[-98.1593,18.3575],[-98.1432,18.3518],[-98.1351,18.3567],[-98.1183,18.3587],[-98.0971,18.3427],[-98.0692,18.3442],[-98.0622,18.3351],[-98.026,18.3408],[-98.0203,18.3181],[-97.9944,18.3345],[-97.9577,18.3302],[-97.9663,18.349],[-97.956,18.3595],[-97.9565,18.3795],[-97.9502,18.4027],[-97.9627,18.4098],[-97.9736,18.4387],[-97.9919,18.4558],[-97.9956,18.4787],[-98.0258,18.4809],[-98.044,18.4975]]]},"properties":{"CVE_ENT":"21","CVE_MUN":"147","CVEGEO":"21147","NOMGEO":"Santa Inés Ahuatempan"}},
{"type":"Feature","geometry":{"type":"Polygon","coordinates":[[[-97.4054,19.9485],[-97.4174,19.9694],[-97.4375,19.9662],[-97.4425,19.9402],[-97.4595,19.9211],[-97.4559,19.9067],[-97.472,19.899],[-97.474,19.8649],[-97.4689,19.8596],[-97.4433,19.862],[-97.4521,19.8827],[-97.4381,19.9238],[-97.4128,19.9335],[-97.4054,19.9485]]]},"properties":{"CVE_ENT":"21","CVE_MUN":"204","CVEGEO":"21204","NOMGEO":"Yaonáhuac"}},
{"type":"Feature","geometry":{"type":"Polygon","coordinates":[[[-97.872,18.9073],[-97.8767,18.9193],[-97.9083,18.9198],[-97.9116,18.9114],[-97.8918,18.8869],[-97.872,18.9073]]]},"properties":{"CVE_ENT":"21","CVE_MUN":"097","CVEGEO":"21097","NOMGEO":"Mixtla"}},
{"type":"Feature","geometry":{"type":"Polygon","coordinates":[[[-98.3693,18.9968],[-98.3837,18.9973],[-98.4062,19.0121],[-98.4062,18.9915],[-98.4093,18.971],[-98.405,18.9523],[-98.3893,18.9519],[-98.3815,18.9361],[-98.3647,18.9283],[-98.3698,18.9504],[-98.3673,18.9762],[-98.3444,18.9823],[-98.3542,18.9927],[-98.3693,18.9968]]]},"properties":{"CVE_ENT":"21","CVE_MUN":"148","CVEGEO":"21148","NOMGEO":"Santa Isabel Cholula"}},
{"type":"Feature","geometry":{"type":"Polygon","coordinates":[[[-97.6448,19.7936],[-97.6443,19.8035],[-97.6242,19.8159],[-97.6262,19.8236],[-97.6164,19.8562],[-97.6202,19.8773],[-97.6157,19.9164],[-97.6436,19.9046],[-97.6656,19.878],[-97.6649,19.8658],[-97.6767,19.8582],[-97.6715,19.8448],[-97.674,19.8152],[-97.6822,19.8091],[-97.6808,19.7958],[-97.6669,19.7896],[-97.6448,19.7936]]]},"properties":{"CVE_ENT":"21","CVE_MUN":"200","CVEGEO":"21200","NOMGEO":"Xochiapulco"}},
{"type":"Feature","geometry":{"type":"Polygon","coordinates":[[[-97.8404,18.9011],[-97.8569,18.9127],[-97.872,18.9073],[-97.8918,18.8869],[-97.895,18.8782],[-97.8785,18.8668],[-97.8581,18.8686],[-97.8491,18.8702],[-97.8404,18.9011]]]},"properties":{"CVE_ENT":"21","CVE_MUN":"151","CVEGEO":"21151","NOMGEO":"Santo Tomás Hueyotlipan"}},
{"type":"Feature","geometry":{"type":"Polygon","coordinates":[[[-98.2868,18.8581],[-98.324,18.8603],[-98.3304,18.8529],[-98.3165,18.8419],[-98.307,18.8261],[-98.2795,18.8358],[-98.2564,18.8299],[-98.2486,18.8159],[-98.2618,18.8],[-98.3055,18.795],[-98.3003,18.7693],[-98.318,18.7468],[-98.3107,18.7227],[-98.3145,18.7078],[-98.2982,18.6885],[-98.316,18.6769],[-98.3082,18.6514],[-98.2844,18.6605],[-98.2645,18.6429],[-98.2451,18.6424],[-98.2378,18.6151],[-98.2161,18.6094],[-98.2094,18.6192],[-98.1931,18.6168],[-98.1779,18.6388],[-98.1702,18.6727],[-98.1996,18.6797],[-98.202,18.6995],[-98.2189,18.7211],[-98.1951,18.7258],[-98.2103,18.7475],[-98.237,18.7512],[-98.2028,18.7822],[-98.2094,18.8158],[-98.2073,18.8417],[-98.241,18.8497],[-98.2804,18.85],[-98.2868,18.8581]]]},"properties":{"CVE_ENT":"21","CVE_MUN":"159","CVEGEO":"21159","NOMGEO":"Teopantlán"}},
{"type":"Feature","geometry":{"type":"Polygon","coordinates":[[[-96.9857,19.28],[-96.9914,19.2858],[-97.0181,19.2599],[-97.0491,19.258],[-97.0871,19.2436],[-97.132,19.2149],[-97.1353,19.1865],[-97.1442,19.1639],[-97.109,19.1677],[-97.0751,19.1579],[-97.0529,19.1323],[-97.0381,19.1343],[-97.0413,19.1739],[-97.056,19.198],[-97.0296,19.218],[-97.0012,19.2365],[-97.0053,19.2495],[-96.9857,19.28]]]},"properties":{"CVE_ENT":"21","CVE_MUN":"050","CVEGEO":"21050","NOMGEO":"Chichiquila"}},
{"type":"Feature","geometry":{"type":"Polygon","coordinates":[[[-97.7461,18.953],[-97.7614,18.9578],[-97.7834,18.9502],[-97.8019,18.9205],[-97.7879,18.9135],[-97.7878,18.8964],[-97.7877,18.8958],[-97.7779,18.888],[-97.7523,18.9237],[-97.7461,18.953]]]},"properties":{"CVE_ENT":"21","CVE_MUN":"144","CVEGEO":"21144","NOMGEO":"San Salvador Huixcolotla"}},
{"type":"Feature","geometry":{"type":"Polygon","coordinates":[[[-98.6112,18.5984],[-98.6486,18.6114],[-98.7058,18.6086],[-98.6989,18.5891],[-98.7125,18.5854],[-98.7167,18.5659],[-98.7031,18.5398],[-98.7127,18.518],[-98.699,18.495],[-98.7104,18.4681],[-98.7067,18.4451],[-98.699,18.4541],[-98.6727,18.4617],[-98.6674,18.4392],[-98.634,18.4216],[-98.6238,18.3992],[-98.5891,18.4209],[-98.5654,18.4208],[-98.552,18.4157],[-98.5361,18.4286],[-98.5237,18.4528],[-98.5356,18.4684],[-98.5378,18.5106],[-98.5486,18.5263],[-98.5617,18.5327],[-98.5592,18.5622],[-98.5599,18.5746],[-98.5827,18.5767],[-98.6112,18.5984]]]},"properties":{"CVE_ENT":"21","CVE_MUN":"051","CVEGEO":"21051","NOMGEO":"Chietla"}},
{"type":"Feature","geometry":{"type":"Polygon","coordinates":[[[-97.8427,18.0189],[-97.8615,18.026],[-97.8679,18.0161],[-97.8945,18.0076],[-97.9126,18.0076],[-97.935,18],[-97.9304,17.9677],[-97.935,17.961],[-97.9487,17.9484],[-97.9378,17.9402],[-97.9363,17.9253],[-97.9363,17.9172],[-97.9208,17.9173],[-97.914,17.912],[-97.9106,17.9117],[-97.9094,17.9106],[-97.9076,17.9101],[-97.9031,17.9092],[-97.8847,17.9137],[-97.8814,17.9172],[-97.8791,17.9179],[-97.8324,17.9085],[-97.8193,17.9147],[-97.8192,17.9158],[-97.8151,17.9264],[-97.8112,17.9381],[-97.813,17.9413],[-97.813,17.9451],[-97.8269,17.9629],[-97.8263,17.9727],[-97.8426,17.9961],[-97.8427,18.0189]]]},"properties":{"CVE_ENT":"21","CVE_MUN":"055","CVEGEO":"21055","NOMGEO":"Chila"}},
{"type":"Feature","geometry":{"type":"Polygon","coordinates":[[[-98.3865,18.0871],[-98.4017,18.0926],[-98.4111,18.0845],[-98.4306,18.106],[-98.4309,18.1243],[-98.4496,18.1449],[-98.436,18.1566],[-98.447,18.1678],[-98.4359,18.1942],[-98.445,18.2036],[-98.4355,18.2173],[-98.4569,18.2367],[-98.4771,18.2187],[-98.4706,18.2062],[-98.5238,18.1661],[-98.5382,18.159],[-98.5446,18.1628],[-98.5568,18.1532],[-98.5484,18.1409],[-98.5167,18.1231],[-98.5031,18.1195],[-98.4883,18.093],[-98.5004,18.0899],[-98.4958,18.0701],[-98.4862,18.063],[-98.4783,18.0847],[-98.4573,18.0886],[-98.4533,18.0744],[-98.4405,18.0653],[-98.4054,18.0641],[-98.3823,18.0755],[-98.3865,18.0871]]]},"properties":{"CVE_ENT":"21","CVE_MUN":"056","CVEGEO":"21056","NOMGEO":"Chila de la Sal"}},
{"type":"Feature","geometry":{"type":"Polygon","coordinates":[[[-98.1903,20.294],[-98.2155,20.2915],[-98.2365,20.3043],[-98.2574,20.2986],[-98.2672,20.2723],[-98.2844,20.2628],[-98.2814,20.2336],[-98.2765,20.2205],[-98.2597,20.2153],[-98.2361,20.2235],[-98.23,20.2361],[-98.2083,20.2394],[-98.192,20.2581],[-98.1834,20.2735],[-98.1903,20.294]]]},"properties":{"CVE_ENT":"21","CVE_MUN":"057","CVEGEO":"21057","NOMGEO":"Honey"}},
{"type":"Feature","geometry":{"type":"Polygon","coordinates":[[[-97.2156,19.3231],[-97.2448,19.3357],[-97.2546,19.3154],[-97.2576,19.2868],[-97.2454,19.2856],[-97.2472,19.2684],[-97.2604,19.2536],[-97.2698,19.2255],[-97.2668,19.1863],[-97.2768,19.1846],[-97.2504,19.176],[-97.2378,19.186],[-97.2162,19.1923],[-97.1951,19.2047],[-97.1771,19.2009],[-97.1755,19.2335],[-97.165,19.2595],[-97.1455,19.2737],[-97.163,19.3049],[-97.1479,19.3202],[-97.1485,19.3203],[-97.1667,19.3291],[-97.2106,19.317],[-97.2156,19.3231]]]},"properties":{"CVE_ENT":"21","CVE_MUN":"058","CVEGEO":"21058","NOMGEO":"Chilchotla"}},
{"type":"Feature","geometry":{"type":"Polygon","coordinates":[[[-98.199,18.2743],[-98.2365,18.2729],[-98.2606,18.2562],[-98.2675,18.2691],[-98.2909,18.2507],[-98.3563,18.2566],[-98.3386,18.2384],[-98.342,18.2201],[-98.3271,18.2034],[-98.31,18.1972],[-98.2942,18.1826],[-98.2757,18.1796],[-98.2675,18.1986],[-98.2446,18.2162],[-98.2193,18.231],[-98.2224,18.2463],[-98.199,18.2743]]]},"properties":{"CVE_ENT":"21","CVE_MUN":"059","CVEGEO":"21059","NOMGEO":"Chinantla"}},
{"type":"Feature","geometry":{"type":"Polygon","coordinates":[[[-97.3585,18.8998],[-97.3839,18.8936],[-97.3886,18.9037],[-97.4086,18.8741],[-97.4456,18.8813],[-97.4427,18.8633],[-97.3943,18.857],[-97.3801,18.8315],[-97.3802,18.8129],[-97.3417,18.8174],[-97.3263,18.8116],[-97.3258,18.813],[-97.3245,18.8304],[-97.3088,18.8429],[-97.2984,18.8605],[-97.3016,18.877],[-97.3278,18.866],[-97.3334,18.8886],[-97.3511,18.8906],[-97.3585,18.8998]]]},"properties":{"CVE_ENT":"21","CVE_MUN":"063","CVEGEO":"21063","NOMGEO":"Esperanza"}},
{"type":"Feature","geometry":{"type":"Polygon","coordinates":[[[-97.7503,20.8148],[-97.7709,20.8261],[-97.7904,20.8168],[-97.8074,20.8215],[-97.8303,20.808],[-97.8499,20.8191],[-97.8558,20.8332],[-97.8791,20.8343],[-97.8948,20.7978],[-97.9224,20.7165],[-97.8974,20.7032],[-97.9144,20.6872],[-97.9133,20.672],[-97.8891,20.6714],[-97.8758,20.639],[-97.8804,20.6239],[-97.8613,20.5988],[-97.8489,20.6075],[-97.8282,20.6076],[-97.7897,20.6018],[-97.7826,20.5837],[-97.7419,20.6017],[-97.7304,20.578],[-97.7012,20.5742],[-97.697,20.5968],[-97.7105,20.6087],[-97.7048,20.6296],[-97.726,20.6367],[-97.7504,20.6528],[-97.7406,20.6601],[-97.7395,20.6872],[-97.7515,20.7016],[-97.749,20.733],[-97.727,20.7432],[-97.7199,20.7768],[-97.7281,20.785],[-97.714,20.7996],[-97.7389,20.8015],[-97.7503,20.8148]]]},"properties":{"CVE_ENT":"21","CVE_MUN":"064","CVEGEO":"21064","NOMGEO":"Francisco Z. Mena"}},
{"type":"Feature","geometry":{"type":"Polygon","coordinates":[[[-97.6612,19.0807],[-97.6798,19.0856],[-97.6765,19.0713],[-97.6902,19.0525],[-97.7043,19.0454],[-97.7278,18.9992],[-97.7278,18.9895],[-97.7203,18.983],[-97.6925,18.9795],[-97.6557,18.9918],[-97.6506,18.9723],[-97.6194,18.9839],[-97.62,19.0077],[-97.6139,19.0362],[-97.6177,19.0544],[-97.6463,19.0509],[-97.6606,19.0682],[-97.6612,19.0807]]]},"properties":{"CVE_ENT":"21","CVE_MUN":"065","CVEGEO":"21065","NOMGEO":"General Felipe Ángeles"}},
{"type":"Feature","geometry":{"type":"Polygon","coordinates":[[[-98.1037,18.0957],[-98.1278,18.1233],[-98.1654,18.1316],[-98.175,18.1031],[-98.2097,18.0967],[-98.1987,18.083],[-98.2108,18.0615],[-98.2084,18.0436],[-98.2042,18.0444],[-98.1983,18.0405],[-98.1882,18.0298],[-98.1845,18.0161],[-98.1893,17.9886],[-98.2012,17.9887],[-98.2023,17.972],[-98.1849,17.9733],[-98.1532,17.9679],[-98.1299,17.978],[-98.1073,17.9828],[-98.1002,18.0265],[-98.1046,18.0544],[-98.0943,18.0821],[-98.1037,18.0957]]]},"properties":{"CVE_ENT":"21","CVE_MUN":"066","CVEGEO":"21066","NOMGEO":"Guadalupe"}},
{"type":"Feature","geometry":{"type":"Polygon","coordinates":[[[-97.2818,19.3873],[-97.3378,19.3925],[-97.3486,19.3785],[-97.3604,19.376],[-97.4075,19.3747],[-97.423,19.384],[-97.4473,19.3656],[-97.45,19.3522],[-97.4705,19.3425],[-97.4784,19.3315],[-97.4717,19.3186],[-97.4632,19.2748],[-97.447,19.2646],[-97.4209,19.2591],[-97.3995,19.2638],[-97.3882,19.2415],[-97.4111,19.2332],[-97.4076,19.2221],[-97.3794,19.2343],[-97.3653,19.2646],[-97.3387,19.2554],[-97.3266,19.2612],[-97.3164,19.2447],[-97.2927,19.2329],[-97.2842,19.2427],[-97.294,19.2623],[-97.3211,19.2704],[-97.3206,19.2911],[-97.3347,19.3106],[-97.3204,19.3366],[-97.2954,19.3205],[-97.2874,19.3349],[-97.2942,19.3498],[-97.2887,19.3637],[-97.3212,19.368],[-97.3177,19.3775],[-97.2814,19.3698],[-97.2818,19.3873]]]},"properties":{"CVE_ENT":"21","CVE_MUN":"067","CVEGEO":"21067","NOMGEO":"Guadalupe Victoria"}},
{"type":"Feature","geometry":{"type":"Polygon","coordinates":[[[-97.9597,18.722],[-97.9889,18.73],[-98.0267,18.7285],[-98.0374,18.7389],[-98.0773,18.7483],[-98.0977,18.7364],[-98.0831,18.7231],[-98.0689,18.7236],[-98.0714,18.7025],[-98.093,18.7017],[-98.1062,18.6938],[-98.1376,18.7015],[-98.1624,18.691],[-98.1702,18.6727],[-98.1779,18.6388],[-98.1542,18.6122],[-98.1434,18.6126],[-98.1268,18.6212],[-98.113,18.6357],[-98.0809,18.6573],[-98.0242,18.6695],[-98.0042,18.6566],[-97.9896,18.6501],[-97.9754,18.6799],[-97.9583,18.6832],[-97.9476,18.6978],[-97.9586,18.7176],[-97.9597,18.722]]]},"properties":{"CVE_ENT":"21","CVE_MUN":"070","CVEGEO":"21070","NOMGEO":"Huatlatlauca"}},
{"type":"Feature","geometry":{"type":"Polygon","coordinates":[[[-98.0199,20.2369],[-98.0307,20.2633],[-98.017,20.2762],[-98.0406,20.3014],[-98.0513,20.2944],[-98.0601,20.2703],[-98.0733,20.2526],[-98.1004,20.2369],[-98.1039,20.2229],[-98.099,20.202],[-98.1127,20.1824],[-98.1298,20.1766],[-98.1297,20.1617],[-98.1397,20.1503],[-98.1051,20.1423],[-98.1085,20.1208],[-98.1219,20.1246],[-98.1283,20.1072],[-98.117,20.0972],[-98.0964,20.1025],[-98.0877,20.0921],[-98.0807,20.0782],[-98.0839,20.0591],[-98.042,20.0556],[-98.0194,20.0798],[-97.994,20.0964],[-98.0078,20.107],[-98,20.1257],[-97.9898,20.1256],[-97.9849,20.1435],[-97.9863,20.1712],[-97.9661,20.1935],[-97.9547,20.2147],[-97.9585,20.2201],[-97.9697,20.2122],[-98.0316,20.2026],[-98.0199,20.2369]]]},"properties":{"CVE_ENT":"21","CVE_MUN":"071","CVEGEO":"21071","NOMGEO":"Huauchinango"}},
{"type":"Feature","geometry":{"type":"Polygon","coordinates":[[[-97.2868,20.1912],[-97.3155,20.2006],[-97.3271,20.1569],[-97.348,20.1437],[-97.3696,20.1512],[-97.3824,20.1398],[-97.3694,20.1073],[-97.3752,20.0908],[-97.3766,20.058],[-97.3658,20.0272],[-97.3715,19.9949],[-97.3614,19.9727],[-97.3357,19.9585],[-97.3444,19.9349],[-97.3316,19.9262],[-97.3539,19.89],[-97.349,19.8769],[-97.336,19.8705],[-97.3156,19.8718],[-97.3019,19.8767],[-97.281,19.9123],[-97.2558,19.9325],[-97.2688,19.9463],[-97.261,19.9764],[-97.24,19.9873],[-97.2246,20.0094],[-97.2072,20.0145],[-97.2107,20.0412],[-97.2287,20.0438],[-97.264,20.0584],[-97.2747,20.0392],[-97.3073,20.0188],[-97.3103,20.0348],[-97.3018,20.0538],[-97.3033,20.0732],[-97.2765,20.0833],[-97.2635,20.0943],[-97.2758,20.1184],[-97.2856,20.1238],[-97.2895,20.1462],[-97.2868,20.1912]]]},"properties":{"CVE_ENT":"21","CVE_MUN":"076","CVEGEO":"21076","NOMGEO":"Hueytamalco"}},
{"type":"Feature","geometry":{"type":"Polygon","coordinates":[[[-97.8019,18.9205],[-97.8388,18.9383],[-97.8219,18.9518],[-97.84,18.9626],[-97.8448,18.9335],[-97.8569,18.9127],[-97.8404,18.9011],[-97.8242,18.9077],[-97.7878,18.8964],[-97.7879,18.9135],[-97.8019,18.9205]]]},"properties":{"CVE_ENT":"21","CVE_MUN":"038","CVEGEO":"21038","NOMGEO":"Cuapiaxtla de Madero"}},
{"type":"Feature","geometry":{"type":"Polygon","coordinates":[[[-97.6579,19.9937],[-97.669,19.9976],[-97.708,19.9972],[-97.7254,19.9712],[-97.7334,19.9445],[-97.7468,19.9397],[-97.7617,19.9463],[-97.7642,19.9091],[-97.7503,19.8977],[-97.731,19.8923],[-97.7175,19.8936],[-97.6999,19.9108],[-97.6861,19.9146],[-97.6903,19.9428],[-97.6873,19.9525],[-97.6604,19.9742],[-97.6579,19.9937]]]},"properties":{"CVE_ENT":"21","CVE_MUN":"078","CVEGEO":"21078","NOMGEO":"Huitzilan de Serdán"}},
{"type":"Feature","geometry":{"type":"MultiPolygon","coordinates":[[[[-98.7729,18.2656],[-98.7812,18.2754],[-98.7875,18.2804],[-98.7879,18.2806],[-98.7884,18.2805],[-98.7891,18.2805],[-98.8029,18.2709],[-98.8067,18.2576],[-98.7769,18.2604],[-98.7729,18.2656]]],[[[-98.7707,18.3419],[-98.7521,18.3138],[-98.7324,18.311],[-98.7162,18.2896],[-98.7189,18.2509],[-98.7347,18.2405],[-98.7607,18.2371],[-98.7639,18.2302],[-98.7541,18.2063],[-98.7367,18.1966],[-98.7447,18.1748],[-98.7324,18.1563],[-98.7016,18.1539],[-98.6916,18.1661],[-98.7005,18.1869],[-98.6728,18.1792],[-98.6656,18.1649],[-98.6492,18.1706],[-98.6526,18.1499],[-98.6719,18.1309],[-98.6535,18.1186],[-98.6405,18.1205],[-98.6153,18.1099],[-98.5914,18.12],[-98.5983,18.1282],[-98.5948,18.1456],[-98.5668,18.1438],[-98.5609,18.1508],[-98.5446,18.1628],[-98.5238,18.1661],[-98.4706,18.2062],[-98.4771,18.2187],[-98.47,18.2332],[-98.4443,18.2595],[-98.4039,18.2473],[-98.3965,18.2582],[-98.4079,18.2849],[-98.4314,18.2869],[-98.4351,18.3038],[-98.4242,18.3227],[-98.4327,18.3329],[-98.4676,18.3339],[-98.4772,18.3382],[-98.4871,18.3563],[-98.5056,18.3599],[-98.5313,18.3934],[-98.5121,18.3875],[-98.5051,18.401],[-98.5283,18.408],[-98.5522,18.3991],[-98.5654,18.4208],[-98.5891,18.4209],[-98.6238,18.3992],[-98.634,18.4216],[-98.6674,18.4392],[-98.6727,18.4617],[-98.699,18.4541],[-98.705,18.4453],[-98.727,18.4395],[-98.7174,18.4294],[-98.7131,18.4108],[-98.6993,18.419],[-98.6804,18.4047],[-98.6585,18.3707],[-98.6593,18.3465],[-98.6892,18.3159],[-98.6995,18.3302],[-98.7185,18.3337],[-98.7231,18.3449],[-98.7574,18.3701],[-98.7707,18.3419]]]]},"properties":{"CVE_ENT":"21","CVE_MUN":"047","CVEGEO":"21047","NOMGEO":"Chiautla"}},
{"type":"Feature","geometry":{"type":"Polygon","coordinates":[[[-98.4425,19.2335],[-98.4664,19.2327],[-98.4791,19.2385],[-98.4953,19.2211],[-98.5134,19.2187],[-98.5202,19.2092],[-98.5425,19.2055],[-98.5802,19.2087],[-98.5918,19.1926],[-98.5741,19.1823],[-98.5882,19.1717],[-98.57,19.1588],[-98.4917,19.1687],[-98.4634,19.19],[-98.4411,19.1997],[-98.4425,19.2335]]]},"properties":{"CVE_ENT":"21","CVE_MUN":"048","CVEGEO":"21048","NOMGEO":"Chiautzingo"}},
{"type":"Feature","geometry":{"type":"Polygon","coordinates":[[[-97.8924,20.0907],[-97.9113,20.0963],[-97.9298,20.1106],[-97.9284,20.1303],[-97.9434,20.1362],[-97.955,20.1311],[-97.9744,20.1339],[-97.9849,20.1435],[-97.9898,20.1256],[-98,20.1257],[-98.0078,20.107],[-97.994,20.0964],[-98.0194,20.0798],[-98.0221,20.0663],[-98.0098,20.0557],[-98.0034,20.0338],[-97.9879,20.0348],[-97.9566,20.058],[-97.9163,20.0674],[-97.9057,20.0793],[-97.8924,20.0907]]]},"properties":{"CVE_ENT":"21","CVE_MUN":"049","CVEGEO":"21049","NOMGEO":"Chiconcuautla"}},
{"type":"Feature","geometry":{"type":"Polygon","coordinates":[[[-97.623,20.0438],[-97.6268,20.0452],[-97.6354,20.0383],[-97.6362,20.014],[-97.6433,20.0022],[-97.6385,19.9904],[-97.6191,19.995],[-97.6166,20.0162],[-97.6199,20.0255],[-97.6201,20.0363],[-97.621,20.0396],[-97.6242,20.0417],[-97.6239,20.0429],[-97.623,20.0438]]]},"properties":{"CVE_ENT":"21","CVE_MUN":"080","CVEGEO":"21080","NOMGEO":"Atlequizayan"}},
{"type":"Feature","geometry":{"type":"Polygon","coordinates":[[[-98.4077,19.3159],[-98.4269,19.327],[-98.4421,19.3276],[-98.4653,19.3128],[-98.4757,19.2945],[-98.4757,19.2742],[-98.4684,19.2619],[-98.4701,19.2442],[-98.4791,19.2385],[-98.4664,19.2327],[-98.4425,19.2335],[-98.4062,19.2301],[-98.4054,19.2049],[-98.3735,19.229],[-98.3689,19.2261],[-98.378,19.2546],[-98.3804,19.2617],[-98.4103,19.2917],[-98.4077,19.3159]]]},"properties":{"CVE_ENT":"21","CVE_MUN":"132","CVEGEO":"21132","NOMGEO":"San Martín Texmelucan"}},
{"type":"Feature","geometry":{"type":"Polygon","coordinates":[[[-97.5931,20.0312],[-97.6144,20.0245],[-97.6154,20.0017],[-97.6188,19.9947],[-97.6137,19.9904],[-97.6108,19.986],[-97.6086,19.985],[-97.6058,19.986],[-97.6024,19.9856],[-97.6032,19.9897],[-97.5927,19.9917],[-97.5891,19.9978],[-97.5852,19.9985],[-97.5813,19.9985],[-97.5794,20.0059],[-97.5771,20.0082],[-97.5779,20.0131],[-97.5762,20.0188],[-97.5931,20.0312]]]},"properties":{"CVE_ENT":"21","CVE_MUN":"216","CVEGEO":"21216","NOMGEO":"Zoquiapan"}},
{"type":"Feature","geometry":{"type":"MultiPolygon","coordinates":[[[[-97.5935,20.0462],[-97.6063,20.0531],[-97.6192,20.0519],[-97.6196,20.0462],[-97.6201,20.0455],[-97.6213,20.045],[-97.623,20.0438],[-97.6239,20.0429],[-97.621,20.0396],[-97.6201,20.0363],[-97.6199,20.0255],[-97.6144,20.0245],[-97.5931,20.0312],[-97.5935,20.0462]]],[[[-97.612,20.1682],[-97.621,20.1719],[-97.6269,20.1454],[-97.6358,20.1383],[-97.636,20.1194],[-97.655,20.095],[-97.6554,20.0933],[-97.6571,20.09],[-97.6612,20.072],[-97.6245,20.0799],[-97.6126,20.0918],[-97.6011,20.0989],[-97.5789,20.1032],[-97.6027,20.1193],[-97.601,20.1405],[-97.6062,20.1439],[-97.6077,20.1519],[-97.6045,20.1669],[-97.612,20.1682]]]]},"properties":{"CVE_ENT":"21","CVE_MUN":"072","CVEGEO":"21072","NOMGEO":"Huehuetla"}},
{"type":"Feature","geometry":{"type":"Polygon","coordinates":[[[-97.6979,20.1254],[-97.6965,20.1508],[-97.7249,20.1699],[-97.7292,20.1566],[-97.7424,20.1459],[-97.7616,20.1267],[-97.7621,20.1116],[-97.753,20.1002],[-97.7731,20.0811],[-97.7677,20.0737],[-97.7432,20.0689],[-97.7289,20.0834],[-97.7035,20.1021],[-97.6979,20.1254]]]},"properties":{"CVE_ENT":"21","CVE_MUN":"068","CVEGEO":"21068","NOMGEO":"Hermenegildo Galeana"}},
{"type":"Feature","geometry":{"type":"Polygon","coordinates":[[[-97.8562,18.7841],[-97.8437,18.794],[-97.8527,18.8217],[-97.8786,18.8343],[-97.889,18.8075],[-97.8848,18.7959],[-97.8562,18.7841]]]},"properties":{"CVE_ENT":"21","CVE_MUN":"171","CVEGEO":"21171","NOMGEO":"Tepeyahualco de Cuauhtémoc"}},
{"type":"Feature","geometry":{"type":"Polygon","coordinates":[[[-98.3807,18.6595],[-98.3919,18.6676],[-98.4153,18.6531],[-98.4145,18.6447],[-98.3957,18.637],[-98.4102,18.6055],[-98.3998,18.5905],[-98.3848,18.5807],[-98.3835,18.565],[-98.3635,18.5733],[-98.3374,18.5988],[-98.3537,18.6146],[-98.3487,18.633],[-98.3612,18.6411],[-98.3722,18.6523],[-98.3807,18.6595]]]},"properties":{"CVE_ENT":"21","CVE_MUN":"062","CVEGEO":"21062","NOMGEO":"Epatlán"}},
{"type":"Feature","geometry":{"type":"Polygon","coordinates":[[[-96.8424,18.4934],[-96.8428,18.5017],[-96.8653,18.5158],[-96.8642,18.5235],[-96.8735,18.5232],[-96.8744,18.5256],[-96.8775,18.5317],[-96.8759,18.5351],[-96.8788,18.5375],[-96.8819,18.5347],[-96.8859,18.5335],[-96.8993,18.5486],[-96.9259,18.5349],[-96.953,18.5539],[-96.9962,18.5285],[-96.9922,18.5059],[-96.9484,18.4514],[-96.9259,18.4646],[-96.9114,18.4901],[-96.8827,18.4787],[-96.8626,18.4829],[-96.8424,18.4934]]]},"properties":{"CVE_ENT":"21","CVE_MUN":"061","CVEGEO":"21061","NOMGEO":"Eloxochitlán"}},
{"type":"Feature","geometry":{"type":"Polygon","coordinates":[[[-98.4123,19.1167],[-98.4144,19.1361],[-98.4321,19.1383],[-98.4489,19.1494],[-98.4785,19.1425],[-98.4558,19.121],[-98.4225,19.1126],[-98.4123,19.1167]]]},"properties":{"CVE_ENT":"21","CVE_MUN":"060","CVEGEO":"21060","NOMGEO":"Domingo Arenas"}},
{"type":"Feature","geometry":{"type":"Polygon","coordinates":[[[-98.3398,19.1861],[-98.355,19.1791],[-98.3677,19.1485],[-98.3746,19.145],[-98.3561,19.137],[-98.3235,19.1352],[-98.3182,19.1617],[-98.3238,19.1688],[-98.3398,19.1861]]]},"properties":{"CVE_ENT":"21","CVE_MUN":"181","CVEGEO":"21181","NOMGEO":"Tlaltenango"}},
{"type":"Feature","geometry":{"type":"Polygon","coordinates":[[[-97.5017,19.7018],[-97.5176,19.6886],[-97.55,19.6814],[-97.5773,19.6594],[-97.5986,19.6374],[-97.5999,19.6888],[-97.6064,19.6784],[-97.6213,19.6761],[-97.6193,19.6552],[-97.6268,19.6408],[-97.6553,19.6409],[-97.6705,19.6536],[-97.689,19.6214],[-97.6962,19.6217],[-97.6941,19.6029],[-97.6762,19.5892],[-97.6568,19.591],[-97.6476,19.5805],[-97.6449,19.5614],[-97.6286,19.5624],[-97.62,19.538],[-97.6321,19.5314],[-97.6234,19.5068],[-97.6094,19.5187],[-97.578,19.5102],[-97.5815,19.494],[-97.5671,19.4936],[-97.5533,19.4703],[-97.5507,19.4841],[-97.5624,19.4964],[-97.5366,19.5298],[-97.5295,19.5204],[-97.5025,19.5198],[-97.4983,19.5525],[-97.4998,19.5865],[-97.475,19.6409],[-97.4972,19.6599],[-97.5034,19.6899],[-97.5017,19.7018]]]},"properties":{"CVE_ENT":"21","CVE_MUN":"044","CVEGEO":"21044","NOMGEO":"Cuyoaco"}},
{"type":"Feature","geometry":{"type":"Polygon","coordinates":[[[-96.8867,18.3812],[-96.904,18.3705],[-96.9258,18.3657],[-96.9221,18.3505],[-96.9333,18.3435],[-96.9394,18.3283],[-96.9617,18.3115],[-96.9827,18.3211],[-97.0035,18.2925],[-97.021,18.2778],[-97.036,18.2776],[-97.052,18.2859],[-97.0668,18.306],[-97.0662,18.2975],[-97.0854,18.2839],[-97.1004,18.257],[-97.0833,18.2399],[-97.0671,18.2337],[-97.0455,18.2124],[-97.0221,18.2185],[-97.0162,18.2077],[-97.025,18.1898],[-97.009,18.2059],[-96.9915,18.2307],[-96.9635,18.2291],[-96.9409,18.2196],[-96.9368,18.216],[-96.9364,18.2166],[-96.9303,18.2323],[-96.9107,18.2388],[-96.9039,18.2525],[-96.912,18.2683],[-96.9001,18.2736],[-96.9056,18.2904],[-96.8881,18.3042],[-96.8754,18.2946],[-96.8564,18.2962],[-96.8629,18.3115],[-96.8466,18.3319],[-96.8624,18.3606],[-96.8867,18.3812]]]},"properties":{"CVE_ENT":"21","CVE_MUN":"036","CVEGEO":"21036","NOMGEO":"Coyomeapan"}},
{"type":"Feature","geometry":{"type":"Polygon","coordinates":[[[-98.3823,18.0755],[-98.4054,18.0641],[-98.4405,18.0653],[-98.4533,18.0744],[-98.4573,18.0886],[-98.4783,18.0847],[-98.4862,18.063],[-98.4958,18.0701],[-98.5013,18.0477],[-98.4915,18.0381],[-98.4907,18.0211],[-98.4807,18.0031],[-98.4868,17.9908],[-98.4481,17.9907],[-98.4342,17.9839],[-98.4317,17.9628],[-98.423,17.9493],[-98.4251,17.9357],[-98.4392,17.919],[-98.4236,17.8796],[-98.4249,17.866],[-98.3988,17.8609],[-98.3826,17.8837],[-98.362,17.882],[-98.3436,17.8902],[-98.3318,17.88],[-98.3024,17.8927],[-98.2979,17.9111],[-98.3065,17.9183],[-98.3117,17.9332],[-98.3101,17.949],[-98.3099,17.9576],[-98.3057,17.9554],[-98.3013,17.9601],[-98.3166,17.9673],[-98.3231,17.9854],[-98.3477,17.9863],[-98.3646,17.9994],[-98.3739,18.0271],[-98.3663,18.0587],[-98.3823,18.0755]]]},"properties":{"CVE_ENT":"21","CVE_MUN":"191","CVEGEO":"21191","NOMGEO":"Tulcingo"}},
{"type":"Feature","geometry":{"type":"Polygon","coordinates":[[[-97.708,19.9972],[-97.7348,19.9871],[-97.7378,19.9962],[-97.7561,19.9855],[-97.7613,19.9987],[-97.7894,19.9987],[-97.7993,19.9928],[-97.8295,19.9911],[-97.83,19.9903],[-97.7987,19.9793],[-97.7812,19.9599],[-97.7636,19.9743],[-97.7573,19.9634],[-97.7617,19.9463],[-97.7468,19.9397],[-97.7334,19.9445],[-97.7254,19.9712],[-97.708,19.9972]]]},"properties":{"CVE_ENT":"21","CVE_MUN":"215","CVEGEO":"21215","NOMGEO":"Zongozotla"}},
{"type":"Feature","geometry":{"type":"Polygon","coordinates":[[[-97.472,20.1513],[-97.4874,20.1654],[-97.5035,20.1486],[-97.4947,20.1378],[-97.5445,20.1039],[-97.5569,20.1074],[-97.5699,20.0821],[-97.586,20.0793],[-97.5931,20.0713],[-97.5938,20.0508],[-97.5918,20.0457],[-97.586,20.0413],[-97.5835,20.0402],[-97.5763,20.0477],[-97.571,20.0654],[-97.5539,20.0738],[-97.5426,20.0731],[-97.5323,20.0977],[-97.5157,20.0952],[-97.4944,20.1043],[-97.4947,20.1116],[-97.4819,20.1417],[-97.472,20.1513]]]},"properties":{"CVE_ENT":"21","CVE_MUN":"192","CVEGEO":"21192","NOMGEO":"Tuzamapan de Galeana"}},
{"type":"Feature","geometry":{"type":"Polygon","coordinates":[[[-98.0956,18.9129],[-98.1238,18.9105],[-98.1339,18.9141],[-98.1508,18.9062],[-98.1464,18.8946],[-98.1593,18.8672],[-98.1502,18.8439],[-98.1463,18.8296],[-98.1529,18.8136],[-98.1423,18.8045],[-98.1199,18.802],[-98.0984,18.7862],[-98.0852,18.7837],[-98.0808,18.7705],[-98.0328,18.7563],[-98.019,18.7573],[-98.0139,18.7432],[-97.9716,18.7368],[-97.9597,18.722],[-97.9586,18.7176],[-97.949,18.7235],[-97.9247,18.7352],[-97.9166,18.7472],[-97.9165,18.764],[-97.9274,18.8122],[-97.9313,18.8078],[-97.9659,18.8246],[-97.9833,18.8295],[-98.0051,18.8252],[-98.0308,18.8491],[-98.0159,18.8592],[-98.0219,18.8752],[-98.0459,18.8856],[-98.0653,18.8877],[-98.0748,18.9012],[-98.0956,18.9129]]]},"properties":{"CVE_ENT":"21","CVE_MUN":"193","CVEGEO":"21193","NOMGEO":"Tzicatlacoyan"}},
{"type":"Feature","geometry":{"type":"Polygon","coordinates":[[[-97.4433,19.862],[-97.4689,19.8596],[-97.4733,19.839],[-97.4672,19.8322],[-97.4661,19.8479],[-97.4438,19.8452],[-97.4202,19.8509],[-97.4197,19.8623],[-97.4433,19.862]]]},"properties":{"CVE_ENT":"21","CVE_MUN":"173","CVEGEO":"21173","NOMGEO":"Teteles de Ávila Castillo"}},
{"type":"Feature","geometry":{"type":"MultiPolygon","coordinates":[[[[-98.7729,18.2656],[-98.7518,18.2625],[-98.7394,18.2824],[-98.7404,18.2858],[-98.7508,18.2888],[-98.7617,18.2888],[-98.7771,18.2963],[-98.7814,18.2944],[-98.7891,18.2805],[-98.7884,18.2805],[-98.7879,18.2806],[-98.7875,18.2804],[-98.7812,18.2754],[-98.7729,18.2656]]],[[[-98.727,18.4395],[-98.7287,18.4403],[-98.73,18.4405],[-98.7346,18.444],[-98.7353,18.4474],[-98.7364,18.4488],[-98.7379,18.4534],[-98.7396,18.4551],[-98.745,18.4546],[-98.7476,18.4514],[-98.7492,18.4536],[-98.7522,18.4539],[-98.7535,18.4572],[-98.7556,18.455],[-98.7597,18.4479],[-98.7945,18.4237],[-98.7971,18.4102],[-98.7958,18.3984],[-98.7964,18.3948],[-98.7954,18.3924],[-98.7951,18.3922],[-98.7939,18.3915],[-98.7909,18.3913],[-98.787,18.3924],[-98.7793,18.3704],[-98.7841,18.3498],[-98.7707,18.3419],[-98.7574,18.3701],[-98.7231,18.3449],[-98.7185,18.3337],[-98.6995,18.3302],[-98.6892,18.3159],[-98.6593,18.3465],[-98.6585,18.3707],[-98.6804,18.4047],[-98.6993,18.419],[-98.7131,18.4108],[-98.7174,18.4294],[-98.727,18.4395]]]]},"properties":{"CVE_ENT":"21","CVE_MUN":"073","CVEGEO":"21073","NOMGEO":"Huehuetlán el Chico"}},
{"type":"Feature","geometry":{"type":"Polygon","coordinates":[[[-98.3145,18.7078],[-98.3107,18.7227],[-98.318,18.7468],[-98.3003,18.7693],[-98.3055,18.795],[-98.2618,18.8],[-98.2486,18.8159],[-98.2564,18.8299],[-98.2795,18.8358],[-98.307,18.8261],[-98.3165,18.8419],[-98.3334,18.835],[-98.3395,18.8126],[-98.3755,18.8071],[-98.3924,18.7913],[-98.3784,18.7709],[-98.3894,18.7601],[-98.3907,18.7452],[-98.3816,18.7247],[-98.3893,18.7053],[-98.3842,18.6916],[-98.3688,18.6823],[-98.3581,18.6896],[-98.3206,18.6969],[-98.3145,18.7078]]]},"properties":{"CVE_ENT":"21","CVE_MUN":"121","CVEGEO":"21121","NOMGEO":"San Diego la Mesa Tochimiltzingo"}},
{"type":"Feature","geometry":{"type":"Polygon","coordinates":[[[-97.8504,19.7385],[-97.8572,19.7414],[-97.8791,19.7232],[-97.9218,19.7245],[-97.9401,19.7123],[-97.961,19.7102],[-97.9665,19.7025],[-98.0088,19.7268],[-98.024,19.7077],[-98.0346,19.6984],[-98.0363,19.6993],[-98.0391,19.6989],[-98.0399,19.6996],[-98.0401,19.6996],[-98.0401,19.6974],[-98.0397,19.6951],[-98.0398,19.6895],[-98.0374,19.6882],[-98.036,19.6651],[-98.0422,19.6402],[-97.9799,19.6282],[-97.963,19.6129],[-97.9556,19.6031],[-97.9467,19.5856],[-97.9142,19.5921],[-97.9079,19.5794],[-97.8815,19.5717],[-97.8682,19.5533],[-97.8695,19.5423],[-97.8717,19.5322],[-97.8875,19.5176],[-97.8897,19.5046],[-97.8582,19.4931],[-97.8474,19.474],[-97.8623,19.4562],[-97.8459,19.4689],[-97.8147,19.4825],[-97.7945,19.4984],[-97.787,19.5312],[-97.7554,19.5425],[-97.7246,19.5295],[-97.7212,19.5372],[-97.7152,19.5463],[-97.7159,19.5836],[-97.6941,19.6029],[-97.6962,19.6217],[-97.7058,19.6354],[-97.7244,19.6338],[-97.7473,19.6578],[-97.7613,19.6608],[-97.7671,19.6907],[-97.783,19.7086],[-97.7971,19.6953],[-97.8364,19.7168],[-97.8399,19.736],[-97.8504,19.7385]]]},"properties":{"CVE_ENT":"21","CVE_MUN":"083","CVEGEO":"21083","NOMGEO":"Ixtacamaxtitlán"}},
{"type":"Feature","geometry":{"type":"Polygon","coordinates":[[[-98.7154,18.1139],[-98.7418,18.113],[-98.7553,18.123],[-98.7804,18.1106],[-98.8062,18.1225],[-98.8286,18.1167],[-98.8602,18.0923],[-98.8698,18.0572],[-98.8341,18.0635],[-98.8123,18.0636],[-98.7774,18.056],[-98.7586,18.0448],[-98.7379,18.04],[-98.7686,18.0195],[-98.7941,18.024],[-98.8132,18.0112],[-98.8017,18.003],[-98.7669,17.9893],[-98.7543,17.9898],[-98.7167,17.9733],[-98.7017,17.9541],[-98.6881,17.9619],[-98.6522,17.9341],[-98.6445,17.9336],[-98.6339,17.9431],[-98.6136,17.9496],[-98.5849,17.9739],[-98.5912,17.9929],[-98.625,18.0077],[-98.627,18.0226],[-98.6106,18.0297],[-98.5895,18.0095],[-98.5799,18.0245],[-98.5561,18.0249],[-98.555,18.0492],[-98.575,18.0529],[-98.5798,18.0458],[-98.6066,18.0383],[-98.6317,18.051],[-98.6355,18.0372],[-98.6616,18.0444],[-98.6658,18.0636],[-98.6856,18.0721],[-98.704,18.1132],[-98.7154,18.1139]]]},"properties":{"CVE_ENT":"21","CVE_MUN":"081","CVEGEO":"21081","NOMGEO":"Ixcamilpa de Guerrero"}},
{"type":"Feature","geometry":{"type":"Polygon","coordinates":[[[-97.3715,19.9949],[-97.3962,19.9987],[-97.3979,19.9836],[-97.392,19.9596],[-97.4054,19.9485],[-97.4128,19.9335],[-97.4381,19.9238],[-97.4521,19.8827],[-97.4433,19.862],[-97.4197,19.8623],[-97.3989,19.8729],[-97.3857,19.8963],[-97.3601,19.9153],[-97.3648,19.9497],[-97.3614,19.9727],[-97.3715,19.9949]]]},"properties":{"CVE_ENT":"21","CVE_MUN":"075","CVEGEO":"21075","NOMGEO":"Hueyapan"}},
{"type":"Feature","geometry":{"type":"Polygon","coordinates":[[[-98.3689,19.2261],[-98.3735,19.229],[-98.4054,19.2049],[-98.4062,19.2301],[-98.4425,19.2335],[-98.4411,19.1997],[-98.4634,19.19],[-98.4917,19.1687],[-98.57,19.1588],[-98.5882,19.1717],[-98.6403,19.1672],[-98.6392,19.1636],[-98.6362,19.1536],[-98.6034,19.1403],[-98.5881,19.1465],[-98.5743,19.1413],[-98.5683,19.1444],[-98.5082,19.1272],[-98.4558,19.121],[-98.4785,19.1425],[-98.4489,19.1494],[-98.4321,19.1383],[-98.4144,19.1361],[-98.4123,19.1167],[-98.3965,19.0934],[-98.3826,19.1187],[-98.3674,19.1252],[-98.3746,19.145],[-98.3677,19.1485],[-98.355,19.1791],[-98.3398,19.1861],[-98.3307,19.2002],[-98.3442,19.2053],[-98.3519,19.219],[-98.3689,19.2261]]]},"properties":{"CVE_ENT":"21","CVE_MUN":"074","CVEGEO":"21074","NOMGEO":"Huejotzingo"}},
{"type":"Feature","geometry":{"type":"Polygon","coordinates":[[[-97.7826,20.5837],[-97.7897,20.6018],[-97.8282,20.6076],[-97.8489,20.6075],[-97.8613,20.5988],[-97.8804,20.6239],[-97.8758,20.639],[-97.8891,20.6714],[-97.9133,20.672],[-97.9068,20.6436],[-97.8952,20.6225],[-97.9052,20.6094],[-97.9095,20.5878],[-97.9273,20.5719],[-97.9808,20.5407],[-97.985,20.517],[-97.9888,20.4954],[-97.9522,20.5094],[-97.9244,20.4888],[-97.8905,20.4947],[-97.8554,20.4906],[-97.8336,20.508],[-97.8134,20.4915],[-97.8101,20.5066],[-97.8251,20.5186],[-97.8185,20.5271],[-97.7958,20.5273],[-97.7784,20.5364],[-97.7875,20.5595],[-97.7826,20.5837]]]},"properties":{"CVE_ENT":"21","CVE_MUN":"111","CVEGEO":"21111","NOMGEO":"Pantepec"}},
{"type":"Feature","geometry":{"type":"Polygon","coordinates":[[[-97.7572,20.2792],[-97.7827,20.2685],[-97.7834,20.2603],[-97.8308,20.2687],[-97.8601,20.2587],[-97.8532,20.2443],[-97.8652,20.2334],[-97.8671,20.2055],[-97.8316,20.1827],[-97.8162,20.1764],[-97.7866,20.1454],[-97.7691,20.1633],[-97.7654,20.1475],[-97.7424,20.1459],[-97.7292,20.1566],[-97.7249,20.1699],[-97.6965,20.1508],[-97.6979,20.1254],[-97.6857,20.134],[-97.6636,20.1321],[-97.6587,20.1686],[-97.6896,20.1668],[-97.6987,20.1824],[-97.7202,20.1892],[-97.7315,20.1813],[-97.7414,20.1931],[-97.7308,20.2048],[-97.7365,20.2441],[-97.7512,20.2601],[-97.7572,20.2792]]]},"properties":{"CVE_ENT":"21","CVE_MUN":"089","CVEGEO":"21089","NOMGEO":"Jopala"}},
{"type":"Feature","geometry":{"type":"Polygon","coordinates":[[[-97.658,20.0086],[-97.7252,20.0161],[-97.7377,20.0123],[-97.7378,19.9962],[-97.7348,19.9871],[-97.708,19.9972],[-97.669,19.9976],[-97.6579,19.9937],[-97.6385,19.9904],[-97.6433,20.0022],[-97.658,20.0086]]]},"properties":{"CVE_ENT":"21","CVE_MUN":"210","CVEGEO":"21210","NOMGEO":"Zapotitlán de Méndez"}},
{"type":"Feature","geometry":{"type":"Polygon","coordinates":[[[-98.3063,19.1888],[-98.3122,19.1904],[-98.3238,19.1688],[-98.3182,19.1617],[-98.2879,19.1741],[-98.3063,19.1888]]]},"properties":{"CVE_ENT":"21","CVE_MUN":"136","CVEGEO":"21136","NOMGEO":"San Miguel Xoxtla"}},
{"type":"Feature","geometry":{"type":"Polygon","coordinates":[[[-97.6351,20.0775],[-97.6612,20.072],[-97.6554,20.0933],[-97.6583,20.0898],[-97.6596,20.0889],[-97.6671,20.0882],[-97.6769,20.0761],[-97.676,20.0627],[-97.6897,20.0519],[-97.7141,20.0643],[-97.713,20.0487],[-97.7256,20.0418],[-97.7333,20.0267],[-97.7252,20.0161],[-97.658,20.0086],[-97.6633,20.0386],[-97.6351,20.0775]]]},"properties":{"CVE_ENT":"21","CVE_MUN":"077","CVEGEO":"21077","NOMGEO":"Hueytlalpan"}},
{"type":"Feature","geometry":{"type":"MultiPolygon","coordinates":[[[[-97.5762,20.0188],[-97.5728,20.0237],[-97.5701,20.0219],[-97.5643,20.0314],[-97.5538,20.0366],[-97.5425,20.0664],[-97.5539,20.0738],[-97.571,20.0654],[-97.5763,20.0477],[-97.5835,20.0402],[-97.5918,20.0457],[-97.5935,20.0462],[-97.5931,20.0312],[-97.5762,20.0188]]],[[[-97.4571,20.118],[-97.4606,20.1232],[-97.4633,20.15],[-97.4819,20.1417],[-97.4947,20.1116],[-97.4919,20.1027],[-97.4907,20.0954],[-97.4739,20.1004],[-97.4601,20.1015],[-97.4571,20.118]]]]},"properties":{"CVE_ENT":"21","CVE_MUN":"088","CVEGEO":"21088","NOMGEO":"Jonotla"}},
{"type":"Feature","geometry":{"type":"Polygon","coordinates":[[[-97.9597,18.722],[-97.9716,18.7368],[-98.0139,18.7432],[-98.019,18.7573],[-98.0328,18.7563],[-98.0808,18.7705],[-98.0858,18.7598],[-98.0773,18.7483],[-98.0374,18.7389],[-98.0267,18.7285],[-97.9889,18.73],[-97.9597,18.722]]]},"properties":{"CVE_ENT":"21","CVE_MUN":"131","CVEGEO":"21131","NOMGEO":"San Juan Atzompa"}},
{"type":"Feature","geometry":{"type":"Polygon","coordinates":[[[-97.4456,18.8813],[-97.4721,18.8702],[-97.4828,18.881],[-97.502,18.881],[-97.5239,18.9189],[-97.5417,18.9654],[-97.5629,18.9569],[-97.5625,18.9289],[-97.5728,18.8989],[-97.5855,18.8806],[-97.6014,18.8907],[-97.6697,18.8935],[-97.6652,18.8677],[-97.645,18.8496],[-97.6558,18.8292],[-97.6417,18.8179],[-97.6394,18.7902],[-97.6172,18.7752],[-97.6035,18.7777],[-97.5978,18.7627],[-97.5785,18.7589],[-97.5579,18.7423],[-97.5424,18.7477],[-97.5253,18.7435],[-97.5233,18.7097],[-97.5088,18.7155],[-97.5083,18.7515],[-97.5145,18.7629],[-97.5025,18.7812],[-97.4655,18.7615],[-97.4543,18.776],[-97.4478,18.8016],[-97.4265,18.8077],[-97.4088,18.8027],[-97.4082,18.8181],[-97.3802,18.8129],[-97.3801,18.8315],[-97.3943,18.857],[-97.4427,18.8633],[-97.4456,18.8813]]]},"properties":{"CVE_ENT":"21","CVE_MUN":"110","CVEGEO":"21110","NOMGEO":"Palmar de Bravo"}},
{"type":"Feature","geometry":{"type":"Polygon","coordinates":[[[-97.8652,20.2334],[-97.8776,20.24],[-97.9018,20.2292],[-97.9099,20.2054],[-97.9359,20.2136],[-97.9547,20.2147],[-97.9661,20.1935],[-97.9863,20.1712],[-97.9849,20.1435],[-97.9744,20.1339],[-97.955,20.1311],[-97.9434,20.1362],[-97.9284,20.1303],[-97.9298,20.1106],[-97.9113,20.0963],[-97.8924,20.0907],[-97.8799,20.0898],[-97.8902,20.0993],[-97.8909,20.1174],[-97.858,20.1371],[-97.859,20.148],[-97.8335,20.1628],[-97.8316,20.1827],[-97.8671,20.2055],[-97.8652,20.2334]]]},"properties":{"CVE_ENT":"21","CVE_MUN":"183","CVEGEO":"21183","NOMGEO":"Tlaola"}},
{"type":"Feature","geometry":{"type":"Polygon","coordinates":[[[-97.8947,18.8371],[-97.9015,18.8462],[-97.9182,18.843],[-97.9274,18.8122],[-97.9165,18.764],[-97.9067,18.7632],[-97.8926,18.7755],[-97.8897,18.8017],[-97.8964,18.8223],[-97.8947,18.8371]]]},"properties":{"CVE_ENT":"21","CVE_MUN":"020","CVEGEO":"21020","NOMGEO":"Atoyatempan"}},
{"type":"Feature","geometry":{"type":"Polygon","coordinates":[[[-97.7458,20.0595],[-97.7625,20.0531],[-97.7673,20.0392],[-97.7736,20.0207],[-97.7377,20.0123],[-97.7252,20.0161],[-97.7333,20.0267],[-97.7458,20.0595]]]},"properties":{"CVE_ENT":"21","CVE_MUN":"028","CVEGEO":"21028","NOMGEO":"Camocuautla"}},
{"type":"Feature","geometry":{"type":"Polygon","coordinates":[[[-98.0704,20.3033],[-98.0808,20.3347],[-98.0985,20.3403],[-98.1125,20.3543],[-98.1268,20.3362],[-98.1633,20.3278],[-98.18,20.3359],[-98.1804,20.3034],[-98.1903,20.294],[-98.1834,20.2735],[-98.192,20.2581],[-98.1759,20.2542],[-98.1477,20.2264],[-98.147,20.2206],[-98.1317,20.2428],[-98.1192,20.2508],[-98.1046,20.2763],[-98.1022,20.3001],[-98.0902,20.3055],[-98.0704,20.3033]]]},"properties":{"CVE_ENT":"21","CVE_MUN":"109","CVEGEO":"21109","NOMGEO":"Pahuatlán"}},
{"type":"Feature","geometry":{"type":"Polygon","coordinates":[[[-97.7289,20.0834],[-97.7432,20.0689],[-97.7458,20.0595],[-97.7333,20.0267],[-97.7256,20.0418],[-97.713,20.0487],[-97.7141,20.0643],[-97.7246,20.0671],[-97.7289,20.0834]]]},"properties":{"CVE_ENT":"21","CVE_MUN":"030","CVEGEO":"21030","NOMGEO":"Coatepec"}},
{"type":"Feature","geometry":{"type":"Polygon","coordinates":[[[-98.2622,19.1608],[-98.2879,19.1741],[-98.3182,19.1617],[-98.3235,19.1352],[-98.3158,19.1103],[-98.3083,19.1064],[-98.2958,19.0983],[-98.2826,19.0985],[-98.2612,19.1241],[-98.26,19.1383],[-98.2702,19.1457],[-98.2622,19.1608]]]},"properties":{"CVE_ENT":"21","CVE_MUN":"034","CVEGEO":"21034","NOMGEO":"Coronango"}},
{"type":"Feature","geometry":{"type":"Polygon","coordinates":[[[-98.3235,19.1352],[-98.3561,19.137],[-98.3746,19.145],[-98.3674,19.1252],[-98.3826,19.1187],[-98.37,19.1033],[-98.3083,19.1064],[-98.3158,19.1103],[-98.3235,19.1352]]]},"properties":{"CVE_ENT":"21","CVE_MUN":"090","CVEGEO":"21090","NOMGEO":"Juan C. Bonilla"}},
{"type":"Feature","geometry":{"type":"Polygon","coordinates":[[[-97.9565,20.2292],[-97.9779,20.2324],[-97.9843,20.2464],[-97.9956,20.2474],[-98.0199,20.2369],[-98.0316,20.2026],[-97.9697,20.2122],[-97.9585,20.2201],[-97.9565,20.2292]]]},"properties":{"CVE_ENT":"21","CVE_MUN":"091","CVEGEO":"21091","NOMGEO":"Juan Galindo"}},
{"type":"Feature","geometry":{"type":"Polygon","coordinates":[[[-98.0858,18.7598],[-98.104,18.7661],[-98.1252,18.7203],[-98.1049,18.7215],[-98.0977,18.7364],[-98.0773,18.7483],[-98.0858,18.7598]]]},"properties":{"CVE_ENT":"21","CVE_MUN":"095","CVEGEO":"21095","NOMGEO":"La Magdalena Tlatlauquitepec"}},
{"type":"Feature","geometry":{"type":"Polygon","coordinates":[[[-98.4522,19.0817],[-98.4802,19.0755],[-98.4769,19.0632],[-98.4512,19.0446],[-98.435,19.0457],[-98.4234,19.0341],[-98.4215,19.0625],[-98.4522,19.0817]]]},"properties":{"CVE_ENT":"21","CVE_MUN":"102","CVEGEO":"21102","NOMGEO":"Nealtican"}},
{"type":"Feature","geometry":{"type":"Polygon","coordinates":[[[-97.2736,18.6331],[-97.2821,18.6522],[-97.2912,18.6555],[-97.3032,18.6743],[-97.3227,18.6642],[-97.344,18.6858],[-97.3713,18.6697],[-97.3765,18.6621],[-97.4022,18.6579],[-97.409,18.633],[-97.3899,18.6319],[-97.3736,18.6239],[-97.3618,18.6037],[-97.3799,18.5853],[-97.4013,18.5767],[-97.3799,18.5743],[-97.3637,18.5876],[-97.3417,18.5882],[-97.3124,18.5728],[-97.2788,18.5964],[-97.2697,18.6105],[-97.2736,18.6331]]]},"properties":{"CVE_ENT":"21","CVE_MUN":"103","CVEGEO":"21103","NOMGEO":"Nicolás Bravo"}},
{"type":"Feature","geometry":{"type":"Polygon","coordinates":[[[-98.2825,18.9757],[-98.3014,18.9814],[-98.3101,18.9982],[-98.3234,19.0079],[-98.3542,18.9927],[-98.3444,18.9823],[-98.3673,18.9762],[-98.3698,18.9504],[-98.3647,18.9283],[-98.357,18.8946],[-98.3368,18.889],[-98.3293,18.8771],[-98.3304,18.8529],[-98.324,18.8603],[-98.2868,18.8581],[-98.2839,18.8757],[-98.2685,18.8989],[-98.2854,18.9103],[-98.278,18.9232],[-98.2772,18.9709],[-98.2825,18.9757]]]},"properties":{"CVE_ENT":"21","CVE_MUN":"106","CVEGEO":"21106","NOMGEO":"Ocoyucan"}},
{"type":"Feature","geometry":{"type":"Polygon","coordinates":[[[-97.622,20.1744],[-97.6354,20.1825],[-97.6456,20.1687],[-97.6587,20.1686],[-97.6636,20.1321],[-97.6857,20.134],[-97.6979,20.1254],[-97.7035,20.1021],[-97.7289,20.0834],[-97.7246,20.0671],[-97.7141,20.0643],[-97.6897,20.0519],[-97.676,20.0627],[-97.6769,20.0761],[-97.6671,20.0882],[-97.6596,20.0889],[-97.6583,20.0898],[-97.6554,20.0933],[-97.6476,20.1004],[-97.6409,20.1104],[-97.636,20.1194],[-97.6358,20.1383],[-97.6269,20.1454],[-97.6213,20.1721],[-97.622,20.1744]]]},"properties":{"CVE_ENT":"21","CVE_MUN":"107","CVEGEO":"21107","NOMGEO":"Olintla"}},
{"type":"Feature","geometry":{"type":"Polygon","coordinates":[[[-97.168,18.3381],[-97.1763,18.3415],[-97.1837,18.3629],[-97.196,18.3634],[-97.2142,18.3515],[-97.2382,18.3601],[-97.2587,18.3521],[-97.2681,18.3346],[-97.2898,18.323],[-97.2956,18.3121],[-97.2822,18.3067],[-97.2569,18.3236],[-97.2369,18.2994],[-97.2067,18.2889],[-97.1875,18.2996],[-97.1751,18.3154],[-97.168,18.3381]]]},"properties":{"CVE_ENT":"21","CVE_MUN":"214","CVEGEO":"21214","NOMGEO":"Zinacatepec"}},
{"type":"Feature","geometry":{"type":"Polygon","coordinates":[[[-98.405,18.9523],[-98.4195,18.9536],[-98.4655,18.9346],[-98.4827,18.9711],[-98.5431,18.9802],[-98.5722,19.0005],[-98.5912,18.9761],[-98.5778,18.9659],[-98.5537,18.9336],[-98.5606,18.9158],[-98.5436,18.8985],[-98.5402,18.8871],[-98.5272,18.8885],[-98.5198,18.8706],[-98.5227,18.8472],[-98.5097,18.842],[-98.4879,18.8329],[-98.4809,18.8432],[-98.4549,18.8035],[-98.4471,18.82],[-98.4569,18.8411],[-98.4452,18.8474],[-98.4071,18.8499],[-98.3984,18.8548],[-98.3758,18.8377],[-98.3755,18.8071],[-98.3395,18.8126],[-98.3334,18.835],[-98.3165,18.8419],[-98.3304,18.8529],[-98.3293,18.8771],[-98.3368,18.889],[-98.357,18.8946],[-98.3647,18.9283],[-98.3815,18.9361],[-98.3893,18.9519],[-98.405,18.9523]]]},"properties":{"CVE_ENT":"21","CVE_MUN":"019","CVEGEO":"21019","NOMGEO":"Atlixco"}},
{"type":"Feature","geometry":{"type":"Polygon","coordinates":[[[-97.4621,19.7501],[-97.4425,19.7572],[-97.4365,19.7844],[-97.4217,19.7994],[-97.3973,19.84],[-97.406,19.8502],[-97.4202,19.8509],[-97.4438,19.8452],[-97.4661,19.8479],[-97.4672,19.8322],[-97.472,19.8132],[-97.4603,19.8007],[-97.4654,19.7894],[-97.46,19.7748],[-97.4621,19.7501]]]},"properties":{"CVE_ENT":"21","CVE_MUN":"017","CVEGEO":"21017","NOMGEO":"Atempan"}},
{"type":"Feature","geometry":{"type":"Polygon","coordinates":[[[-98.3563,18.2566],[-98.3647,18.277],[-98.3819,18.2756],[-98.4004,18.2717],[-98.3965,18.2582],[-98.4039,18.2473],[-98.4443,18.2595],[-98.4569,18.2367],[-98.4355,18.2173],[-98.445,18.2036],[-98.4359,18.1942],[-98.447,18.1678],[-98.436,18.1566],[-98.4496,18.1449],[-98.4309,18.1243],[-98.4306,18.106],[-98.4111,18.0845],[-98.4017,18.0926],[-98.3865,18.0871],[-98.3845,18.0894],[-98.38,18.0927],[-98.3743,18.0924],[-98.3646,18.0976],[-98.352,18.1168],[-98.3485,18.1296],[-98.3441,18.1315],[-98.3525,18.1435],[-98.3599,18.1765],[-98.3367,18.2029],[-98.3271,18.2034],[-98.342,18.2201],[-98.3386,18.2384],[-98.3563,18.2566]]]},"properties":{"CVE_ENT":"21","CVE_MUN":"024","CVEGEO":"21024","NOMGEO":"Axutla"}},
{"type":"Feature","geometry":{"type":"Polygon","coordinates":[[[-97.8134,20.4915],[-97.8336,20.508],[-97.8554,20.4906],[-97.8905,20.4947],[-97.9244,20.4888],[-97.9522,20.5094],[-97.9888,20.4954],[-98.0086,20.4829],[-98.0128,20.4667],[-97.9853,20.4487],[-97.9912,20.4215],[-97.9714,20.4234],[-97.9472,20.4392],[-97.9384,20.4346],[-97.8972,20.4347],[-97.8766,20.4143],[-97.885,20.4023],[-97.8672,20.3898],[-97.8457,20.3948],[-97.8414,20.4046],[-97.809,20.4162],[-97.7981,20.4283],[-97.7662,20.4338],[-97.7485,20.4217],[-97.7338,20.4521],[-97.7468,20.4676],[-97.7657,20.4806],[-97.7837,20.4708],[-97.7936,20.4734],[-97.8134,20.4915]]]},"properties":{"CVE_ENT":"21","CVE_MUN":"086","CVEGEO":"21086","NOMGEO":"Jalpan"}},
{"type":"Feature","geometry":{"type":"Polygon","coordinates":[[[-97.6277,20.0765],[-97.6351,20.0775],[-97.6633,20.0386],[-97.658,20.0086],[-97.6433,20.0022],[-97.6362,20.014],[-97.6354,20.0383],[-97.6268,20.0452],[-97.623,20.0438],[-97.6192,20.0519],[-97.6061,20.0568],[-97.6264,20.0634],[-97.6277,20.0765]]]},"properties":{"CVE_ENT":"21","CVE_MUN":"084","CVEGEO":"21084","NOMGEO":"Ixtepec"}},
{"type":"Feature","geometry":{"type":"Polygon","coordinates":[[[-98.1502,18.8439],[-98.2073,18.8417],[-98.2094,18.8158],[-98.2028,18.7822],[-98.237,18.7512],[-98.2103,18.7475],[-98.1951,18.7258],[-98.2189,18.7211],[-98.202,18.6995],[-98.1996,18.6797],[-98.1702,18.6727],[-98.1624,18.691],[-98.1376,18.7015],[-98.1062,18.6938],[-98.093,18.7017],[-98.0714,18.7025],[-98.0689,18.7236],[-98.0831,18.7231],[-98.0977,18.7364],[-98.1049,18.7215],[-98.1252,18.7203],[-98.104,18.7661],[-98.0858,18.7598],[-98.0808,18.7705],[-98.0852,18.7837],[-98.0984,18.7862],[-98.1199,18.802],[-98.1423,18.8045],[-98.1529,18.8136],[-98.1463,18.8296],[-98.1502,18.8439]]]},"properties":{"CVE_ENT":"21","CVE_MUN":"150","CVEGEO":"21150","NOMGEO":"Huehuetlán el Grande"}},
{"type":"Feature","geometry":{"type":"Polygon","coordinates":[[[-97.7692,18.4766],[-97.7811,18.4975],[-97.7751,18.5305],[-97.7846,18.5282],[-97.8035,18.5101],[-97.8124,18.514],[-97.817,18.5354],[-97.8456,18.5303],[-97.8638,18.5252],[-97.8974,18.4561],[-97.8898,18.4456],[-97.8683,18.4325],[-97.8563,18.4417],[-97.831,18.4202],[-97.8342,18.4413],[-97.8006,18.438],[-97.7864,18.4654],[-97.7692,18.4766]]]},"properties":{"CVE_ENT":"21","CVE_MUN":"082","CVEGEO":"21082","NOMGEO":"Ixcaquixtla"}},
{"type":"Feature","geometry":{"type":"Polygon","coordinates":[[[-98.8105,18.5192],[-98.8261,18.5229],[-98.8403,18.5128],[-98.8379,18.4937],[-98.8494,18.4798],[-98.8651,18.4798],[-98.9109,18.4621],[-98.9152,18.4573],[-98.9193,18.432],[-98.9392,18.422],[-98.9264,18.4073],[-98.9073,18.4023],[-98.89,18.4121],[-98.8674,18.4159],[-98.8409,18.431],[-98.8153,18.4166],[-98.8152,18.401],[-98.8264,18.3749],[-98.8062,18.3815],[-98.7964,18.39],[-98.7951,18.3922],[-98.7964,18.3948],[-98.7958,18.3984],[-98.7971,18.4102],[-98.7945,18.4237],[-98.7597,18.4479],[-98.7549,18.4571],[-98.763,18.4763],[-98.7796,18.4804],[-98.7985,18.4977],[-98.8105,18.5192]]]},"properties":{"CVE_ENT":"21","CVE_MUN":"160","CVEGEO":"21160","NOMGEO":"Teotlalco"}},
{"type":"Feature","geometry":{"type":"Polygon","coordinates":[[[-98.2823,18.4832],[-98.2955,18.4859],[-98.316,18.481],[-98.3406,18.4666],[-98.3595,18.4668],[-98.3881,18.4409],[-98.3883,18.4286],[-98.4185,18.405],[-98.4122,18.3763],[-98.4359,18.3753],[-98.4398,18.3615],[-98.4327,18.3329],[-98.4242,18.3227],[-98.4351,18.3038],[-98.4314,18.2869],[-98.418,18.2804],[-98.4079,18.2849],[-98.3911,18.2837],[-98.3819,18.2756],[-98.3647,18.277],[-98.3563,18.2566],[-98.2909,18.2507],[-98.2675,18.2691],[-98.2606,18.2562],[-98.2365,18.2729],[-98.199,18.2743],[-98.2029,18.2816],[-98.1678,18.2979],[-98.1642,18.305],[-98.1453,18.3159],[-98.1377,18.3448],[-98.1432,18.3518],[-98.1593,18.3575],[-98.1839,18.3656],[-98.2023,18.3937],[-98.2421,18.3931],[-98.2845,18.4027],[-98.2692,18.4243],[-98.2823,18.4832]]]},"properties":{"CVE_ENT":"21","CVE_MUN":"157","CVEGEO":"21157","NOMGEO":"Tehuitzingo"}},
{"type":"Feature","geometry":{"type":"Polygon","coordinates":[[[-97.7377,20.0123],[-97.7736,20.0207],[-97.7673,20.0392],[-97.7893,20.0253],[-97.8119,20.0262],[-97.8301,20.0084],[-97.8295,19.9911],[-97.7993,19.9928],[-97.7894,19.9987],[-97.7613,19.9987],[-97.7561,19.9855],[-97.7378,19.9962],[-97.7377,20.0123]]]},"properties":{"CVE_ENT":"21","CVE_MUN":"162","CVEGEO":"21162","NOMGEO":"Tepango de Rodríguez"}},
{"type":"Feature","geometry":{"type":"Polygon","coordinates":[[[-97.4285,18.3831],[-97.4256,18.4014],[-97.432,18.4183],[-97.4665,18.4184],[-97.4908,18.41],[-97.4921,18.3915],[-97.5107,18.3782],[-97.5198,18.3532],[-97.5493,18.3451],[-97.5629,18.3241],[-97.587,18.3297],[-97.6191,18.3158],[-97.6645,18.3124],[-97.6634,18.2918],[-97.644,18.2794],[-97.6375,18.232],[-97.6359,18.1936],[-97.6421,18.1871],[-97.6368,18.186],[-97.6354,18.1872],[-97.6336,18.1868],[-97.6227,18.184],[-97.6016,18.1703],[-97.6056,18.1643],[-97.611,18.1594],[-97.6116,18.1571],[-97.6122,18.1569],[-97.6124,18.1555],[-97.6133,18.1543],[-97.6142,18.1536],[-97.6153,18.1533],[-97.6141,18.1526],[-97.6121,18.1525],[-97.61,18.1539],[-97.6086,18.1514],[-97.5975,18.1265],[-97.5696,18.1034],[-97.5717,18.1298],[-97.5461,18.1399],[-97.5318,18.1384],[-97.5175,18.1553],[-97.5135,18.1689],[-97.544,18.1964],[-97.5771,18.1705],[-97.5831,18.1954],[-97.599,18.1878],[-97.6145,18.1891],[-97.6286,18.2131],[-97.6293,18.2277],[-97.6044,18.2206],[-97.5913,18.2418],[-97.5994,18.2527],[-97.5915,18.2572],[-97.5871,18.2636],[-97.5778,18.2502],[-97.5574,18.2471],[-97.5442,18.23],[-97.5185,18.2339],[-97.5211,18.2201],[-97.5068,18.2088],[-97.4761,18.2019],[-97.4618,18.2124],[-97.4478,18.2078],[-97.4357,18.216],[-97.4197,18.2115],[-97.4133,18.2234],[-97.4194,18.2348],[-97.4172,18.235],[-97.4161,18.2364],[-97.4153,18.2366],[-97.4143,18.2367],[-97.414,18.2366],[-97.414,18.237],[-97.4298,18.271],[-97.4313,18.2897],[-97.4136,18.3334],[-97.4267,18.3491],[-97.4285,18.3831]]]},"properties":{"CVE_ENT":"21","CVE_MUN":"209","CVEGEO":"21209","NOMGEO":"Zapotitlán"}},
{"type":"Feature","geometry":{"type":"Polygon","coordinates":[[[-98.4791,19.2385],[-98.4701,19.2442],[-98.4684,19.2619],[-98.5009,19.2526],[-98.5227,19.2502],[-98.5848,19.2238],[-98.5802,19.2087],[-98.5425,19.2055],[-98.5202,19.2092],[-98.5134,19.2187],[-98.4953,19.2211],[-98.4791,19.2385]]]},"properties":{"CVE_ENT":"21","CVE_MUN":"122","CVEGEO":"21122","NOMGEO":"San Felipe Teotlalcingo"}},
{"type":"Feature","geometry":{"type":"Polygon","coordinates":[[[-97.8581,18.8686],[-97.8785,18.8668],[-97.895,18.8782],[-97.9115,18.8629],[-97.9015,18.8462],[-97.8947,18.8371],[-97.8812,18.8434],[-97.8698,18.8385],[-97.8581,18.8686]]]},"properties":{"CVE_ENT":"21","CVE_MUN":"182","CVEGEO":"21182","NOMGEO":"Tlanepantla"}},
{"type":"Feature","geometry":{"type":"Polygon","coordinates":[[[-98.5486,18.5263],[-98.5414,18.5416],[-98.5216,18.5388],[-98.5196,18.553],[-98.5592,18.5622],[-98.5617,18.5327],[-98.5486,18.5263]]]},"properties":{"CVE_ENT":"21","CVE_MUN":"021","CVEGEO":"21021","NOMGEO":"Atzala"}},
{"type":"Feature","geometry":{"type":"Polygon","coordinates":[[[-98.3755,18.8071],[-98.3758,18.8377],[-98.3984,18.8548],[-98.4071,18.8499],[-98.4452,18.8474],[-98.4569,18.8411],[-98.4471,18.82],[-98.4549,18.8035],[-98.4809,18.8432],[-98.4879,18.8329],[-98.5097,18.842],[-98.5024,18.8229],[-98.5316,18.8284],[-98.5388,18.8133],[-98.5552,18.8156],[-98.5744,18.8045],[-98.575,18.7873],[-98.5876,18.7574],[-98.5894,18.7426],[-98.6119,18.7589],[-98.623,18.7399],[-98.6109,18.7112],[-98.6342,18.711],[-98.6552,18.6977],[-98.6564,18.7126],[-98.6681,18.686],[-98.676,18.6906],[-98.6645,18.6708],[-98.631,18.6822],[-98.6199,18.6536],[-98.6031,18.6725],[-98.5813,18.6794],[-98.5837,18.6954],[-98.5752,18.7089],[-98.5801,18.7246],[-98.564,18.745],[-98.5276,18.7289],[-98.5197,18.7168],[-98.4964,18.7269],[-98.4798,18.7399],[-98.4727,18.7539],[-98.4464,18.7683],[-98.4185,18.7882],[-98.3924,18.7913],[-98.3755,18.8071]]]},"properties":{"CVE_ENT":"21","CVE_MUN":"069","CVEGEO":"21069","NOMGEO":"Huaquechula"}}
]}