{"type":"FeatureCollection", "features": [
{"type":"Feature","geometry":{"type":"Polygon","coordinates":[[[-110.13,29.0684],[-110.1619,29.0683],[-110.2023,29.08],[-110.2082,29.0767],[-110.2073,29.0392],[-110.2239,29.0274],[-110.2485,29.0721],[-110.3172,29.1034],[-110.3795,29.0628],[-110.3935,29.0288],[-110.3821,28.9905],[-110.3751,28.9707],[-110.4333,28.9485],[-110.3795,28.8787],[-110.2985,28.9121],[-110.2993,28.9265],[-110.2394,28.9652],[-110.2057,28.954],[-110.1791,28.9043],[-110.1867,28.8749],[-110.1594,28.8509],[-110.1628,28.8258],[-110.1569,28.7918],[-110.165,28.7594],[-110.1078,28.7725],[-110.0968,28.7876],[-110.1045,28.8137],[-109.9317,28.839],[-109.917,28.8676],[-110.114,28.8427],[-110.1221,28.8959],[-110.1196,28.9254],[-110.0987,28.9305],[-110.1019,28.9016],[-110.0704,28.9104],[-110.0789,28.9555],[-110.0674,28.9761],[-110.0501,28.9926],[-110.038,29.013],[-110.0639,29.0246],[-110.13,29.0684]]]},"properties":{"CVE_ENT":"26","CVE_MUN":"037","CVEGEO":"26037","NOMGEO":"Mazatán"}},
{"type":"Feature","geometry":{"type":"Polygon","coordinates":[[[-111.0867,31.0188],[-111.1159,31.011],[-111.1268,31.0334],[-111.1161,31.0461],[-111.124,31.0698],[-111.1376,31.0609],[-111.1582,31.0594],[-111.1738,31.0747],[-111.2134,31.06],[-111.2379,31.0494],[-111.2448,30.9553],[-111.2035,30.9714],[-111.107,30.918],[-111.0983,30.9033],[-111.1054,30.8952],[-111.1099,30.8679],[-111.1297,30.8609],[-111.113,30.8134],[-111.1605,30.8089],[-111.1716,30.8419],[-111.1879,30.8302],[-111.2275,30.8114],[-111.2366,30.8157],[-111.2841,30.7864],[-111.2559,30.7505],[-111.2428,30.729],[-111.2132,30.7036],[-111.2095,30.7261],[-111.1862,30.7141],[-111.155,30.6785],[-111.1613,30.6608],[-111.1388,30.6549],[-111.1203,30.6698],[-111.1054,30.6708],[-111.0812,30.6536],[-111.1093,30.6336],[-111.0987,30.6122],[-111.0972,30.5888],[-111.0575,30.6053],[-111.0498,30.587],[-111.0702,30.5783],[-111.0711,30.5679],[-111.033,30.5658],[-111.0264,30.5845],[-110.9803,30.5622],[-110.9381,30.523],[-110.9317,30.5057],[-110.8958,30.4872],[-110.883,30.4933],[-110.8689,30.4784],[-110.8494,30.4772],[-110.8465,30.4567],[-110.8341,30.441],[-110.819,30.4638],[-110.8243,30.4791],[-110.8015,30.52],[-110.7391,30.5562],[-110.7429,30.5781],[-110.7591,30.5791],[-110.7541,30.6218],[-110.7583,30.6356],[-110.7802,30.6303],[-110.8081,30.6362],[-110.8021,30.6588],[-110.768,30.6762],[-110.7819,30.6907],[-110.8166,30.6747],[-110.8169,30.7182],[-110.7958,30.7208],[-110.7903,30.7288],[-110.8287,30.7329],[-110.8267,30.7233],[-110.8452,30.6989],[-111.0092,30.7278],[-111.004,30.7342],[-111.0154,30.7576],[-110.9965,30.7867],[-111.0339,30.8333],[-111.0451,30.8427],[-111.0325,30.8633],[-111.0138,30.8812],[-111.0127,30.9029],[-111.0399,30.906],[-111.0428,30.9531],[-111.059,30.9619],[-111.0867,31.0188]]]},"properties":{"CVE_ENT":"26","CVE_MUN":"036","CVEGEO":"26036","NOMGEO":"Magdalena"}},
{"type":"Feature","geometry":{"type":"Polygon","coordinates":[[[-110.3821,28.9905],[-110.3978,28.9947],[-110.4234,28.9855],[-110.4638,28.9896],[-110.4606,28.9649],[-110.5024,28.954],[-110.5236,28.9686],[-110.5532,28.9499],[-110.5664,28.9533],[-110.5951,28.9803],[-110.6066,28.9788],[-110.6037,28.9553],[-110.6342,28.9535],[-110.6703,28.9672],[-110.7084,28.9716],[-110.7775,28.9589],[-110.7927,28.9484],[-110.7799,28.9337],[-110.8098,28.919],[-110.8553,28.9114],[-110.8809,28.9143],[-110.8784,28.8434],[-110.8687,28.8416],[-110.8683,28.8035],[-110.8811,28.7985],[-110.8727,28.7628],[-110.893,28.758],[-110.8735,28.7324],[-110.8653,28.7424],[-110.8285,28.753],[-110.8104,28.7299],[-110.8431,28.699],[-110.819,28.6772],[-110.8379,28.6667],[-110.8738,28.6732],[-110.8972,28.6716],[-110.8476,28.6208],[-110.8195,28.6165],[-110.7979,28.5819],[-110.7929,28.5514],[-110.7686,28.54],[-110.75,28.5424],[-110.7228,28.5341],[-110.7017,28.5531],[-110.6843,28.5518],[-110.6853,28.5339],[-110.6434,28.5394],[-110.6401,28.4901],[-110.5914,28.4746],[-110.5741,28.4542],[-110.5277,28.463],[-110.5413,28.4807],[-110.5366,28.4957],[-110.5125,28.5175],[-110.4589,28.5126],[-110.4435,28.5236],[-110.4354,28.5569],[-110.4212,28.5541],[-110.4302,28.5236],[-110.4107,28.5218],[-110.4072,28.5352],[-110.3876,28.5576],[-110.3653,28.5493],[-110.3518,28.5786],[-110.3098,28.5709],[-110.3055,28.5584],[-110.2213,28.558],[-110.1887,28.541],[-110.1501,28.5505],[-110.1052,28.5399],[-110.0949,28.545],[-110.0879,28.5709],[-110.0819,28.4871],[-110.0766,28.4679],[-110.0575,28.4644],[-110.0407,28.4603],[-110.0362,28.4763],[-109.9916,28.4801],[-109.9848,28.4854],[-109.9756,28.5441],[-109.9102,28.5478],[-109.8934,28.563],[-109.9012,28.5189],[-109.8661,28.5134],[-109.8577,28.5113],[-109.8455,28.5619],[-109.8523,28.5688],[-109.8638,28.6017],[-109.8453,28.598],[-109.8372,28.6547],[-109.8396,28.6854],[-109.8604,28.6702],[-109.8801,28.6833],[-109.874,28.7068],[-109.8801,28.7205],[-109.8651,28.7379],[-109.7908,28.7641],[-109.7601,28.775],[-109.8033,28.7848],[-109.7911,28.8255],[-109.8211,28.8177],[-109.8293,28.7972],[-109.874,28.8438],[-109.917,28.8676],[-109.9317,28.839],[-110.1045,28.8137],[-110.0968,28.7876],[-110.1078,28.7725],[-110.165,28.7594],[-110.1569,28.7918],[-110.1628,28.8258],[-110.1594,28.8509],[-110.1867,28.8749],[-110.1791,28.9043],[-110.2057,28.954],[-110.2394,28.9652],[-110.2993,28.9265],[-110.2985,28.9121],[-110.3795,28.8787],[-110.4333,28.9485],[-110.3751,28.9707],[-110.3821,28.9905]]]},"properties":{"CVE_ENT":"26","CVE_MUN":"021","CVEGEO":"26021","NOMGEO":"La Colorada"}},
{"type":"Feature","geometry":{"type":"Polygon","coordinates":[[[-109.6502,28.524],[-109.6619,28.527],[-109.655,28.5606],[-109.6257,28.5703],[-109.6308,28.5839],[-109.6739,28.6298],[-109.678,28.6487],[-109.6701,28.6844],[-109.6834,28.6956],[-109.701,28.724],[-109.7192,28.7269],[-109.7671,28.7467],[-109.775,28.7443],[-109.7908,28.7641],[-109.8651,28.7379],[-109.8801,28.7205],[-109.874,28.7068],[-109.8801,28.6833],[-109.8604,28.6702],[-109.8396,28.6854],[-109.8372,28.6547],[-109.8453,28.598],[-109.8638,28.6017],[-109.8523,28.5688],[-109.8455,28.5619],[-109.8577,28.5113],[-109.8661,28.5134],[-109.8735,28.4798],[-109.8556,28.4814],[-109.8384,28.504],[-109.8163,28.495],[-109.8114,28.5057],[-109.7795,28.5106],[-109.7325,28.4635],[-109.7183,28.459],[-109.704,28.473],[-109.6943,28.4632],[-109.6741,28.4785],[-109.659,28.483],[-109.6466,28.4983],[-109.6555,28.5082],[-109.6502,28.524]]]},"properties":{"CVE_ENT":"26","CVE_MUN":"054","CVEGEO":"26054","NOMGEO":"San Javier"}},
{"type":"Feature","geometry":{"type":"Polygon","coordinates":[[[-109.9883,29.4762],[-109.9924,29.4439],[-110.016,29.4507],[-110.0166,29.4834],[-110.0358,29.4774],[-110.0295,29.4492],[-110.0723,29.4521],[-110.0842,29.4319],[-110.0854,29.3997],[-110.0407,29.3961],[-110.0326,29.3684],[-110.0323,29.3412],[-110.017,29.3277],[-109.9781,29.3618],[-109.9775,29.1913],[-109.9556,29.192],[-110,29.1613],[-110.0458,29.1621],[-110.0761,29.1442],[-110.0884,29.1528],[-110.1152,29.1567],[-110.13,29.0684],[-110.0639,29.0246],[-110.038,29.013],[-110.0501,28.9926],[-110.0674,28.9761],[-110.0789,28.9555],[-110.0704,28.9104],[-110.1019,28.9016],[-110.0987,28.9305],[-110.1196,28.9254],[-110.1221,28.8959],[-110.114,28.8427],[-109.917,28.8676],[-109.874,28.8438],[-109.8293,28.7972],[-109.8211,28.8177],[-109.7911,28.8255],[-109.8035,28.8511],[-109.8267,28.841],[-109.8421,28.874],[-109.818,28.8843],[-109.8405,28.9102],[-109.8485,28.9493],[-109.8484,28.9998],[-109.8833,29.0208],[-109.87,29.039],[-109.8816,29.0897],[-109.8657,29.0941],[-109.8687,29.1335],[-109.8843,29.2359],[-109.8915,29.3172],[-109.9387,29.3647],[-109.964,29.3725],[-109.981,29.3877],[-109.9825,29.4141],[-109.9382,29.4396],[-109.9281,29.4512],[-109.9521,29.46],[-109.9682,29.4745],[-109.9883,29.4762]]]},"properties":{"CVE_ENT":"26","CVE_MUN":"068","CVEGEO":"26068","NOMGEO":"Villa Pesqueira"}},
{"type":"Feature","geometry":{"type":"Polygon","coordinates":[[[-111.6115,30.9639],[-111.5874,30.9875],[-111.581,31.0029],[-111.5871,31.0412],[-111.6274,31.0623],[-111.7042,31.0174],[-111.7232,30.9948],[-111.6987,30.8888],[-111.7924,30.8661],[-111.8008,30.8096],[-111.8023,30.767],[-111.7679,30.7614],[-111.7864,30.7421],[-111.7723,30.7112],[-111.7778,30.6873],[-111.7571,30.6762],[-111.7624,30.6592],[-111.737,30.6161],[-111.7309,30.5903],[-111.6836,30.5944],[-111.6935,30.555],[-111.6654,30.551],[-111.6375,30.5549],[-111.6314,30.5428],[-111.6368,30.5223],[-111.5932,30.5364],[-111.5688,30.5664],[-111.5368,30.5594],[-111.5229,30.5691],[-111.5139,30.6072],[-111.5151,30.6245],[-111.4903,30.6945],[-111.5073,30.7316],[-111.5584,30.7303],[-111.5521,30.7461],[-111.5879,30.7467],[-111.6023,30.758],[-111.6308,30.8027],[-111.651,30.7993],[-111.6353,30.8232],[-111.6357,30.8859],[-111.5961,30.8891],[-111.6115,30.9639]]]},"properties":{"CVE_ENT":"26","CVE_MUN":"046","CVEGEO":"26046","NOMGEO":"Oquitoa"}},
{"type":"Feature","geometry":{"type":"Polygon","coordinates":[[[-110.49,30.2494],[-110.5104,30.246],[-110.5249,30.2288],[-110.5551,30.2238],[-110.5442,30.2007],[-110.5684,30.196],[-110.5616,30.2231],[-110.5995,30.2535],[-110.6026,30.2412],[-110.6226,30.2325],[-110.6245,30.2118],[-110.645,30.2072],[-110.6342,30.1911],[-110.6905,30.1883],[-110.7813,30.1798],[-110.7867,30.2068],[-110.8292,30.2142],[-110.8323,30.2065],[-110.8707,30.2109],[-110.891,30.2084],[-110.9195,30.2243],[-110.9501,30.1998],[-110.925,30.1904],[-110.9078,30.1749],[-110.9168,30.1131],[-111.0126,30.1537],[-111.0217,30.1353],[-111.045,30.1509],[-111.0548,30.1411],[-111.0288,30.119],[-111.0557,30.0972],[-111.0745,30.1111],[-111.0936,30.1324],[-111.1275,30.0879],[-111.1525,30.0693],[-111.2074,30.0797],[-111.2179,30.0409],[-111.2118,30.0393],[-111.2117,29.9629],[-111.1718,29.9627],[-111.1705,29.9212],[-111.2117,29.9212],[-111.2118,29.9104],[-111.1834,29.9049],[-111.1657,29.8808],[-111.1264,29.8195],[-111.0905,29.8217],[-111.0857,29.8533],[-110.9611,29.8769],[-110.9194,29.8882],[-110.8889,29.8834],[-110.8591,29.8919],[-110.86,29.8995],[-110.8089,29.9173],[-110.792,29.9135],[-110.7821,29.8771],[-110.766,29.8811],[-110.6935,29.874],[-110.6525,29.8718],[-110.635,29.8461],[-110.6029,29.8569],[-110.5383,29.8832],[-110.5535,29.9333],[-110.4804,29.9123],[-110.4519,29.9231],[-110.4839,29.9861],[-110.5125,29.9714],[-110.5419,30.0184],[-110.5425,30.0304],[-110.5229,30.0468],[-110.5191,30.0572],[-110.5021,30.0614],[-110.5192,30.1026],[-110.5226,30.1421],[-110.4968,30.1404],[-110.4739,30.1613],[-110.4714,30.1752],[-110.4489,30.1865],[-110.4051,30.2085],[-110.4793,30.2202],[-110.49,30.2494]]]},"properties":{"CVE_ENT":"26","CVE_MUN":"045","CVEGEO":"26045","NOMGEO":"Opodepe"}},
{"type":"Feature","geometry":{"type":"Polygon","coordinates":[[[-109.2074,30.4151],[-109.173,30.395],[-109.1706,30.4413],[-109.1843,30.4368],[-109.1985,30.4554],[-109.1994,30.4941],[-109.181,30.4964],[-109.1678,30.5079],[-109.1837,30.5299],[-109.1225,30.5292],[-109.1203,30.5924],[-109.2166,30.5931],[-109.238,30.6179],[-109.2626,30.62],[-109.2495,30.6355],[-109.2639,30.6437],[-109.2648,30.663],[-109.2817,30.6783],[-109.2689,30.6958],[-109.2992,30.7111],[-109.3502,30.7064],[-109.3802,30.7135],[-109.407,30.7373],[-109.424,30.7268],[-109.4336,30.69],[-109.4457,30.6618],[-109.5191,30.6704],[-109.5457,30.6263],[-109.5549,30.6201],[-109.5685,30.5942],[-109.6068,30.5356],[-109.6401,30.5231],[-109.6446,30.5396],[-109.7452,30.5459],[-109.7563,30.5401],[-109.7459,30.5],[-109.737,30.4501],[-109.7372,30.4322],[-109.7955,30.424],[-109.7951,30.3155],[-109.7297,30.3201],[-109.728,30.2659],[-109.6982,30.261],[-109.671,30.2868],[-109.6585,30.3105],[-109.6458,30.2861],[-109.6325,30.2888],[-109.6331,30.2549],[-109.6379,30.2235],[-109.5333,30.2234],[-109.5331,30.3021],[-109.5466,30.2917],[-109.5656,30.296],[-109.5653,30.3193],[-109.5391,30.3325],[-109.5326,30.3462],[-109.4901,30.3472],[-109.4705,30.3591],[-109.4648,30.4199],[-109.4106,30.479],[-109.3841,30.4531],[-109.3672,30.4299],[-109.3721,30.4079],[-109.3376,30.4052],[-109.2853,30.4293],[-109.2675,30.4337],[-109.2214,30.4349],[-109.2218,30.4209],[-109.2074,30.4151]]]},"properties":{"CVE_ENT":"26","CVE_MUN":"041","CVEGEO":"26041","NOMGEO":"Nacozari de García"}},
{"type":"Feature","geometry":{"type":"Polygon","coordinates":[[[-109.5914,26.848],[-109.6313,26.8481],[-109.6313,26.8662],[-109.6764,26.8668],[-109.6946,26.871],[-109.6922,26.8953],[-109.7179,26.905],[-109.7405,26.905],[-109.7423,26.9139],[-109.8717,26.9129],[-109.8849,26.9056],[-109.8725,26.8769],[-109.8557,26.8041],[-109.8358,26.7688],[-109.8201,26.7516],[-109.7857,26.7249],[-109.7734,26.71],[-109.6894,26.6772],[-109.6673,26.6733],[-109.6562,26.6914],[-109.6238,26.6955],[-109.5665,26.6903],[-109.5258,26.6816],[-109.5314,26.6972],[-109.5564,26.7195],[-109.5538,26.728],[-109.5183,26.7578],[-109.5074,26.7282],[-109.4843,26.7433],[-109.4715,26.7169],[-109.4358,26.7127],[-109.43,26.6731],[-109.3837,26.6356],[-109.3582,26.5992],[-109.3319,26.5839],[-109.3094,26.5646],[-109.286,26.5355],[-109.2635,26.4884],[-109.2542,26.4415],[-109.2534,26.3747],[-109.2613,26.3304],[-109.2476,26.316],[-109.2156,26.3345],[-109.1926,26.3404],[-109.1717,26.3116],[-109.1309,26.2974],[-109.1001,26.3129],[-109.0871,26.3262],[-109.0699,26.3573],[-109.0567,26.3666],[-109.0143,26.3967],[-109.0109,26.3992],[-109.0064,26.4024],[-109.0242,26.4257],[-109.0226,26.4409],[-109.0691,26.5067],[-109.0804,26.5349],[-109.0383,26.5476],[-109.087,26.5795],[-109.0963,26.5766],[-109.1033,26.6005],[-109.094,26.6388],[-109.1067,26.6567],[-109.1033,26.6679],[-109.1206,26.6713],[-109.1974,26.6235],[-109.2689,26.7061],[-109.289,26.7271],[-109.341,26.7894],[-109.3498,26.8051],[-109.3893,26.8039],[-109.3892,26.8261],[-109.4661,26.8262],[-109.4663,26.8388],[-109.5464,26.8387],[-109.5464,26.848],[-109.5914,26.848]]]},"properties":{"CVE_ENT":"26","CVE_MUN":"033","CVEGEO":"26033","NOMGEO":"Huatabampo"}},
{"type":"Feature","geometry":{"type":"Polygon","coordinates":[[[-110.0582,29.9496],[-110.0669,29.9398],[-110.0949,29.9529],[-110.0965,29.9667],[-110.1291,29.971],[-110.1412,29.955],[-110.1666,29.9486],[-110.2134,29.9498],[-110.3528,29.9837],[-110.3475,30.0016],[-110.3567,30.0074],[-110.366,30.0292],[-110.384,30.0159],[-110.4214,30.0283],[-110.4703,30.0123],[-110.4689,29.994],[-110.4839,29.9861],[-110.4519,29.9231],[-110.4379,29.9056],[-110.298,29.9211],[-110.229,29.8928],[-110.218,29.8771],[-110.2268,29.8542],[-110.1753,29.8452],[-110.167,29.8727],[-110.1017,29.8771],[-110.1026,29.8439],[-110.0666,29.8424],[-110.0024,29.8614],[-110.0024,29.9073],[-110.0486,29.9161],[-110.0582,29.9496]]]},"properties":{"CVE_ENT":"26","CVE_MUN":"034","CVEGEO":"26034","NOMGEO":"Huépac"}},
{"type":"Feature","geometry":{"type":"Polygon","coordinates":[[[-110.0135,29.7506],[-110.0344,29.7581],[-110.077,29.7551],[-110.0838,29.7758],[-110.1087,29.7962],[-110.1944,29.7576],[-110.326,29.6915],[-110.3253,29.6802],[-110.3007,29.6837],[-110.2959,29.6571],[-110.2801,29.6553],[-110.264,29.6291],[-110.2564,29.5542],[-110.2137,29.5611],[-110.2034,29.5495],[-110.1861,29.4991],[-110.1308,29.4456],[-110.0857,29.4611],[-110.0842,29.4319],[-110.0723,29.4521],[-110.0295,29.4492],[-110.0358,29.4774],[-110.0166,29.4834],[-110.016,29.4507],[-109.9924,29.4439],[-109.9883,29.4762],[-110.0032,29.4882],[-109.993,29.5334],[-110.0133,29.565],[-110.0009,29.5721],[-109.9949,29.5988],[-110.0023,29.6067],[-109.9777,29.639],[-109.9858,29.6927],[-109.9506,29.6968],[-109.954,29.721],[-109.9762,29.7155],[-109.9867,29.7276],[-109.9826,29.7518],[-110.0135,29.7506]]]},"properties":{"CVE_ENT":"26","CVE_MUN":"014","CVEGEO":"26014","NOMGEO":"Baviácora"}},
{"type":"Feature","geometry":{"type":"Polygon","coordinates":[[[-109.5914,26.848],[-109.5915,26.8666],[-109.5751,26.8622],[-109.53,26.8623],[-109.5302,26.9011],[-109.4987,26.9027],[-109.4986,26.9624],[-109.5186,26.9715],[-109.549,26.9715],[-109.5595,26.9839],[-109.5594,26.9988],[-109.5388,26.9989],[-109.539,27.0173],[-109.5516,27.0172],[-109.5454,27.0528],[-109.5502,27.0681],[-109.5656,27.0887],[-109.5817,27.1007],[-109.5817,27.164],[-109.6129,27.1634],[-109.6391,27.1801],[-109.6727,27.2247],[-109.6837,27.2354],[-109.7076,27.2399],[-109.744,27.2224],[-109.7632,27.2262],[-109.8201,27.2262],[-109.8098,27.2078],[-109.7894,27.2025],[-109.7281,27.2025],[-109.7283,27.1076],[-109.7484,27.0984],[-109.7482,27.082],[-109.8101,27.08],[-109.8099,27.0437],[-109.8505,27.0438],[-109.8509,27.0071],[-109.8714,27.0071],[-109.8715,26.975],[-109.9015,26.9768],[-109.9095,27.0078],[-109.9399,27.0093],[-109.947,26.9973],[-109.9168,26.9608],[-109.8903,26.9225],[-109.8849,26.9056],[-109.8717,26.9129],[-109.7423,26.9139],[-109.7405,26.905],[-109.7179,26.905],[-109.6922,26.8953],[-109.6946,26.871],[-109.6764,26.8668],[-109.6313,26.8662],[-109.6313,26.8481],[-109.5914,26.848]]]},"properties":{"CVE_ENT":"26","CVE_MUN":"026","CVEGEO":"26026","NOMGEO":"Etchojoa"}},
{"type":"Feature","geometry":{"type":"Polygon","coordinates":[[[-110.9501,30.1998],[-110.9968,30.218],[-110.9925,30.2446],[-110.9766,30.2473],[-110.9524,30.2796],[-110.9752,30.2929],[-111.0081,30.2628],[-111.0245,30.2715],[-111.0907,30.3168],[-111.0766,30.3459],[-111.1088,30.3472],[-111.1451,30.3237],[-111.1643,30.3299],[-111.1883,30.3247],[-111.1964,30.342],[-111.2157,30.3387],[-111.2156,30.3667],[-111.1641,30.3668],[-111.1726,30.3875],[-111.1915,30.3947],[-111.1979,30.4114],[-111.2273,30.4323],[-111.2545,30.4185],[-111.2664,30.4153],[-111.269,30.3734],[-111.2879,30.3611],[-111.2774,30.333],[-111.2921,30.3225],[-111.3274,30.3516],[-111.3527,30.3669],[-111.3761,30.362],[-111.3831,30.3086],[-111.4284,30.2937],[-111.3619,30.25],[-111.3805,30.1722],[-111.3588,30.1745],[-111.3919,30.1056],[-111.3693,30.0929],[-111.4018,30.0792],[-111.3825,30.0416],[-111.3974,30.0356],[-111.3863,30.0309],[-111.3322,30.0086],[-111.3579,29.9063],[-111.3107,29.8721],[-111.2516,29.9143],[-111.2118,29.9104],[-111.2117,29.9212],[-111.1705,29.9212],[-111.1718,29.9627],[-111.2117,29.9629],[-111.2118,30.0393],[-111.2179,30.0409],[-111.2074,30.0797],[-111.1525,30.0693],[-111.1275,30.0879],[-111.0936,30.1324],[-111.0745,30.1111],[-111.0557,30.0972],[-111.0288,30.119],[-111.0548,30.1411],[-111.045,30.1509],[-111.0217,30.1353],[-111.0126,30.1537],[-110.9168,30.1131],[-110.9078,30.1749],[-110.925,30.1904],[-110.9501,30.1998]]]},"properties":{"CVE_ENT":"26","CVE_MUN":"016","CVEGEO":"26016","NOMGEO":"Benjamín Hill"}},
{"type":"Feature","geometry":{"type":"Polygon","coordinates":[[[-109.3631,28.5113],[-109.3777,28.5186],[-109.4055,28.5234],[-109.4331,28.5736],[-109.4761,28.5562],[-109.5119,28.5554],[-109.5494,28.5497],[-109.6072,28.5466],[-109.6273,28.5105],[-109.66,28.3897],[-109.5702,28.3738],[-109.5714,28.3909],[-109.5414,28.4062],[-109.5089,28.3943],[-109.4698,28.3849],[-109.4593,28.3619],[-109.4555,28.3407],[-109.3842,28.3496],[-109.3645,28.3492],[-109.3668,28.3889],[-109.3599,28.3891],[-109.3388,28.4123],[-109.3471,28.4365],[-109.3485,28.4838],[-109.3669,28.4902],[-109.3631,28.5113]]]},"properties":{"CVE_ENT":"26","CVE_MUN":"044","CVEGEO":"26044","NOMGEO":"Ónavas"}},
{"type":"Feature","geometry":{"type":"Polygon","coordinates":[[[-111.7975,30.5379],[-111.8569,30.5668],[-111.8699,30.5661],[-111.9048,30.5934],[-111.9093,30.6051],[-111.9481,30.6342],[-111.9161,30.6502],[-111.9156,30.6835],[-111.938,30.6804],[-111.9373,30.7289],[-111.9486,30.7491],[-111.9852,30.7444],[-112.0006,30.7565],[-112.0087,30.7772],[-111.9783,30.798],[-111.9665,30.8198],[-112.0593,30.8426],[-112.0594,30.8618],[-112.0704,30.8923],[-112.112,30.9031],[-112.1362,30.877],[-112.1408,30.8382],[-112.1413,30.774],[-112.1595,30.774],[-112.1545,30.7544],[-112.1011,30.7527],[-112.1086,30.7178],[-112.1055,30.6658],[-112.1097,30.6394],[-112.1315,30.6221],[-112.1477,30.6163],[-112.1371,30.5479],[-112.1402,30.5175],[-112.1497,30.5182],[-112.15,30.4544],[-112.1659,30.4636],[-112.1867,30.4636],[-112.1867,30.4093],[-112.2283,30.4015],[-112.2183,30.3742],[-112.253,30.365],[-112.2684,30.3372],[-112.2514,30.2832],[-112.2023,30.2888],[-112.1981,30.2762],[-112.1674,30.239],[-112.1856,30.2124],[-112.2817,30.213],[-112.2808,30.1675],[-112.3344,30.1678],[-112.3344,30.1466],[-112.3582,30.1467],[-112.3599,30.1637],[-112.4211,30.1717],[-112.4271,30.1764],[-112.5028,30.1801],[-112.5652,30.2067],[-112.5696,30.199],[-112.6121,30.2172],[-112.6347,30.1374],[-112.6255,30.1351],[-112.6303,30.0778],[-112.761,30.0602],[-112.7445,30.0361],[-112.7331,30.0006],[-112.7408,29.9664],[-112.7385,29.9428],[-112.7477,29.9161],[-112.7379,29.9043],[-112.7078,29.9106],[-112.6839,29.9043],[-112.6642,29.8896],[-112.6498,29.8538],[-112.6518,29.8358],[-112.6417,29.8189],[-112.6067,29.7794],[-112.5999,29.7539],[-112.5867,29.7391],[-112.5805,29.7115],[-112.5525,29.697],[-112.5265,29.6663],[-112.5225,29.6485],[-112.4775,29.5909],[-112.4609,29.5814],[-112.4294,29.5488],[-112.4289,29.5192],[-112.4122,29.5058],[-112.3931,29.5021],[-112.3787,29.4815],[-112.3807,29.4546],[-112.3916,29.4275],[-112.4186,29.3832],[-112.4097,29.3443],[-112.3805,29.3277],[-112.3408,29.3181],[-112.3056,29.3291],[-112.2767,29.3315],[-112.2588,29.3279],[-112.2412,29.3167],[-112.2104,29.3322],[-112.1881,29.3228],[-112.088,29.3218],[-112.0369,29.3184],[-112.0102,29.4685],[-111.9245,29.5729],[-111.9204,29.5923],[-111.9567,29.6245],[-111.8796,29.6889],[-111.8601,29.6711],[-111.8297,29.6945],[-111.785,29.6507],[-111.7524,29.649],[-111.739,29.6308],[-111.7051,29.6015],[-111.7586,29.5573],[-111.7511,29.55],[-111.6933,29.5919],[-111.6786,29.5785],[-111.6579,29.5809],[-111.6327,29.6054],[-111.6578,29.6294],[-111.6557,29.6404],[-111.598,29.6387],[-111.5926,29.6511],[-111.5413,29.6614],[-111.5127,29.7128],[-111.4312,29.694],[-111.4061,29.6843],[-111.4153,29.7079],[-111.4105,29.7266],[-111.389,29.7241],[-111.4006,29.7451],[-111.3983,29.7725],[-111.4264,29.7867],[-111.4194,29.7964],[-111.4461,29.8119],[-111.4298,29.8527],[-111.4079,29.9162],[-111.3962,29.9235],[-111.415,29.9601],[-111.3856,29.9736],[-111.3863,30.0309],[-111.3974,30.0356],[-111.4437,30.0547],[-111.5038,30.0549],[-111.4973,30.026],[-111.4664,29.9882],[-111.5597,29.9883],[-111.6438,30.0024],[-111.6213,29.9783],[-111.6336,29.9689],[-111.6617,29.9753],[-111.6649,29.9835],[-111.6978,30.0177],[-111.7079,30.0368],[-111.7352,30.0206],[-111.7451,30.0285],[-111.7782,30.0215],[-111.7771,30.0446],[-111.8047,30.0532],[-111.8085,30.0804],[-111.8024,30.1341],[-111.8296,30.1615],[-111.8547,30.1616],[-111.8514,30.2141],[-111.8364,30.2229],[-111.8356,30.2452],[-111.8968,30.2926],[-111.8951,30.3256],[-111.864,30.3808],[-111.8602,30.3931],[-111.8569,30.4568],[-111.8416,30.5352],[-111.8068,30.5293],[-111.7975,30.5379]]]},"properties":{"CVE_ENT":"26","CVE_MUN":"047","CVEGEO":"26047","NOMGEO":"Pitiquito"}},
{"type":"Feature","geometry":{"type":"Polygon","coordinates":[[[-110.7007,31.3333],[-110.8476,31.3337],[-111.075,31.3326],[-111.2139,31.3771],[-111.2139,31.3234],[-111.2493,31.3229],[-111.2846,31.314],[-111.2952,31.3219],[-111.3123,31.2989],[-111.3165,31.2804],[-111.3568,31.2795],[-111.3492,31.2586],[-111.3358,31.2568],[-111.3327,31.2333],[-111.3176,31.1782],[-111.2625,31.1908],[-111.2536,31.156],[-111.2651,31.1482],[-111.2298,31.1106],[-111.2428,31.0957],[-111.2134,31.06],[-111.1738,31.0747],[-111.1582,31.0594],[-111.1376,31.0609],[-111.124,31.0698],[-111.1161,31.0461],[-111.1268,31.0334],[-111.1159,31.011],[-111.0867,31.0188],[-111.052,31.0275],[-111.0041,31.0214],[-110.9825,31.058],[-110.9674,31.038],[-110.8624,31.0192],[-110.8672,31.0497],[-110.8569,31.0565],[-110.8395,31.051],[-110.7773,31.0638],[-110.7533,31.0354],[-110.7347,31.0511],[-110.7375,31.0589],[-110.7828,31.1741],[-110.6512,31.2164],[-110.676,31.2732],[-110.7007,31.3222],[-110.7007,31.3333]]]},"properties":{"CVE_ENT":"26","CVE_MUN":"043","CVEGEO":"26043","NOMGEO":"Nogales"}},
{"type":"Feature","geometry":{"type":"Polygon","coordinates":[[[-109.8201,27.2262],[-109.8304,27.2022],[-109.8509,27.1944],[-109.8508,27.1808],[-109.8618,27.1725],[-109.8803,27.145],[-109.9127,27.1449],[-109.9127,27.1533],[-109.9412,27.1532],[-109.941,27.1348],[-109.9529,27.1348],[-109.9531,27.1166],[-109.9734,27.1165],[-109.9723,27.101],[-109.9963,27.0747],[-109.9613,27.0541],[-109.9389,27.0228],[-109.9417,27.018],[-109.9399,27.0093],[-109.9095,27.0078],[-109.9015,26.9768],[-109.8715,26.975],[-109.8714,27.0071],[-109.8509,27.0071],[-109.8505,27.0438],[-109.8099,27.0437],[-109.8101,27.08],[-109.7482,27.082],[-109.7484,27.0984],[-109.7283,27.1076],[-109.7281,27.2025],[-109.7894,27.2025],[-109.8098,27.2078],[-109.8201,27.2262]]]},"properties":{"CVE_ENT":"26","CVE_MUN":"071","CVEGEO":"26071","NOMGEO":"Benito Juárez"}},
{"type":"Feature","geometry":{"type":"Polygon","coordinates":[[[-110.1815,27.5193],[-110.1816,27.5502],[-110.1524,27.5616],[-110.2259,27.75],[-110.291,27.9038],[-110.2862,28],[-110.2856,28.0402],[-110.3153,28.1901],[-110.3003,28.217],[-110.1327,28.131],[-110.1245,28.1932],[-110.1429,28.2518],[-110.0957,28.2645],[-110.0958,28.2673],[-110.1003,28.3092],[-110.1007,28.3145],[-110.1114,28.3527],[-110.0697,28.3724],[-110.0629,28.3907],[-110.068,28.4128],[-110.0537,28.4179],[-110.0647,28.4503],[-110.0575,28.4644],[-110.0766,28.4679],[-110.0819,28.4871],[-110.0879,28.5709],[-110.0949,28.545],[-110.1052,28.5399],[-110.1501,28.5505],[-110.1887,28.541],[-110.2213,28.558],[-110.3055,28.5584],[-110.3098,28.5709],[-110.3518,28.5786],[-110.3653,28.5493],[-110.3876,28.5576],[-110.4072,28.5352],[-110.4107,28.5218],[-110.4302,28.5236],[-110.4212,28.5541],[-110.4354,28.5569],[-110.4435,28.5236],[-110.4589,28.5126],[-110.5125,28.5175],[-110.5366,28.4957],[-110.5413,28.4807],[-110.5277,28.463],[-110.5741,28.4542],[-110.5914,28.4746],[-110.6401,28.4901],[-110.6434,28.5394],[-110.6853,28.5339],[-110.6843,28.5518],[-110.7017,28.5531],[-110.7228,28.5341],[-110.75,28.5424],[-110.7686,28.54],[-110.7929,28.5514],[-110.7979,28.5819],[-110.8195,28.6165],[-110.8476,28.6208],[-110.8578,28.6312],[-110.9473,28.5978],[-110.9287,28.5434],[-110.9825,28.5253],[-110.9983,28.4713],[-111.0434,28.4909],[-111.0486,28.4567],[-111.0431,28.3865],[-111.0747,28.3793],[-111.1026,28.3779],[-111.0968,28.353],[-111.13,28.3607],[-111.1565,28.3595],[-111.1497,28.3068],[-111.1768,28.303],[-111.1999,28.3117],[-111.2651,28.3203],[-111.2675,28.3116],[-111.2917,28.2979],[-111.3176,28.2727],[-111.2862,28.2281],[-111.2967,28.2275],[-111.3857,28.2569],[-111.3684,28.2201],[-111.3453,28.2107],[-111.3364,28.1994],[-111.3286,28.1588],[-111.2936,28.1304],[-111.277,28.0809],[-111.2664,28.0778],[-111.2397,28.0503],[-111.2115,28.0415],[-111.1915,28.0229],[-111.1717,27.992],[-111.1354,27.9835],[-111.0976,27.9594],[-111.0937,27.9402],[-111.0772,27.936],[-111.0253,27.9625],[-110.9988,27.9627],[-110.9804,27.9559],[-110.97,27.9279],[-110.9489,27.9254],[-110.9475,27.9115],[-110.9634,27.8972],[-110.9516,27.8848],[-110.9325,27.8811],[-110.8839,27.8475],[-110.8588,27.8957],[-110.8654,27.9032],[-110.8951,27.8943],[-110.8907,27.9204],[-110.8621,27.9258],[-110.8545,27.9463],[-110.8425,27.9545],[-110.8618,27.9709],[-110.8477,27.9839],[-110.8297,27.9692],[-110.803,27.9906],[-110.7743,28.0372],[-110.7797,28.0434],[-110.7782,28.0722],[-110.7405,28.0938],[-110.7351,28.136],[-110.7235,28.1289],[-110.7069,28.1461],[-110.6296,28.1418],[-110.618,28.1272],[-110.6228,28.1168],[-110.5259,28.0579],[-110.5153,28.0281],[-110.5914,27.8847],[-110.5588,27.8731],[-110.5405,27.855],[-110.5195,27.843],[-110.5583,27.8335],[-110.5827,27.8398],[-110.5992,27.8128],[-110.6158,27.7983],[-110.6077,27.7324],[-110.601,27.7019],[-110.6203,27.648],[-110.6232,27.6186],[-110.6077,27.5658],[-110.5878,27.5165],[-110.5383,27.5181],[-110.1815,27.5193]]]},"properties":{"CVE_ENT":"26","CVE_MUN":"029","CVEGEO":"26029","NOMGEO":"Guaymas"}},
{"type":"Feature","geometry":{"type":"Polygon","coordinates":[[[-108.5516,28.5778],[-108.5865,28.5467],[-108.6138,28.5353],[-108.6238,28.5385],[-108.6387,28.506],[-108.6472,28.5023],[-108.6815,28.5041],[-108.7032,28.4926],[-108.7201,28.5047],[-108.7454,28.5146],[-108.759,28.5137],[-108.7876,28.5235],[-108.7995,28.5426],[-108.8133,28.5464],[-108.8128,28.5738],[-108.8352,28.5912],[-108.8536,28.5982],[-108.8819,28.5947],[-108.882,28.5728],[-108.8699,28.5489],[-108.8964,28.5532],[-108.9132,28.5677],[-108.9225,28.5879],[-108.9679,28.5618],[-108.9961,28.5677],[-109.0166,28.596],[-109.0502,28.5981],[-109.0562,28.5886],[-109.0734,28.5922],[-109.0813,28.6064],[-109.1378,28.604],[-109.14,28.6449],[-109.1646,28.6415],[-109.1764,28.6237],[-109.1908,28.6296],[-109.2292,28.6353],[-109.2559,28.6384],[-109.2529,28.6139],[-109.2592,28.5735],[-109.2461,28.5671],[-109.2959,28.5535],[-109.2957,28.5492],[-109.2949,28.518],[-109.3238,28.5117],[-109.3631,28.5113],[-109.3669,28.4902],[-109.3485,28.4838],[-109.3471,28.4365],[-109.3388,28.4123],[-109.3599,28.3891],[-109.3668,28.3889],[-109.3645,28.3492],[-109.3531,28.3501],[-109.3171,28.3302],[-109.2846,28.2489],[-109.2669,28.244],[-109.2506,28.2532],[-109.2316,28.25],[-109.2214,28.2366],[-109.1945,28.2356],[-109.1833,28.2486],[-109.1617,28.2295],[-109.1388,28.2434],[-109.1216,28.2312],[-109.1043,28.2084],[-109.1078,28.2011],[-109.0658,28.1826],[-109.062,28.1992],[-109.0749,28.2726],[-109.0399,28.2687],[-109.0228,28.2775],[-108.9988,28.2555],[-108.9886,28.2619],[-108.9875,28.278],[-108.9614,28.262],[-108.9127,28.26],[-108.8795,28.2645],[-108.8693,28.257],[-108.8405,28.2543],[-108.8304,28.265],[-108.7917,28.2536],[-108.7967,28.2672],[-108.751,28.2716],[-108.7139,28.288],[-108.6872,28.3035],[-108.6619,28.2955],[-108.6355,28.3063],[-108.6362,28.3352],[-108.6112,28.3353],[-108.6035,28.3476],[-108.5509,28.3181],[-108.5196,28.3348],[-108.5217,28.3651],[-108.5014,28.3557],[-108.4797,28.3696],[-108.489,28.3751],[-108.5155,28.4263],[-108.5041,28.4544],[-108.5204,28.4598],[-108.5137,28.4845],[-108.5048,28.4934],[-108.5077,28.5082],[-108.5233,28.5059],[-108.5319,28.539],[-108.5313,28.5567],[-108.5516,28.5778]]]},"properties":{"CVE_ENT":"26","CVE_MUN":"069","CVEGEO":"26069","NOMGEO":"Yécora"}},
{"type":"Feature","geometry":{"type":"Polygon","coordinates":[[[-110.7153,28.1502],[-110.7235,28.1289],[-110.7351,28.136],[-110.7405,28.0938],[-110.7782,28.0722],[-110.7797,28.0434],[-110.7743,28.0372],[-110.803,27.9906],[-110.8298,27.9683],[-110.8106,27.922],[-110.7563,27.9144],[-110.7003,27.9003],[-110.6801,27.8898],[-110.659,27.8926],[-110.6306,27.8823],[-110.6143,27.8882],[-110.5914,27.8847],[-110.5153,28.0281],[-110.5259,28.0579],[-110.6228,28.1168],[-110.618,28.1272],[-110.6296,28.1418],[-110.7069,28.1461],[-110.7153,28.1502]]]},"properties":{"CVE_ENT":"26","CVE_MUN":"025","CVEGEO":"26025","NOMGEO":"Empalme"}},
{"type":"Feature","geometry":{"type":"Polygon","coordinates":[[[-109.7465,31.3341],[-109.9543,31.3341],[-110.1476,31.3341],[-110.3393,31.3334],[-110.3373,31.3066],[-110.3218,31.2854],[-110.3603,31.2649],[-110.3431,31.2528],[-110.2945,31.252],[-110.2745,31.2466],[-110.2527,31.2196],[-110.2201,31.2182],[-110.2181,31.2091],[-110.1775,31.1999],[-110.1416,31.1965],[-110.0975,31.2036],[-110.0973,31.1446],[-110.0631,31.1466],[-110.0019,31.1563],[-109.9665,31.1581],[-109.9439,31.1488],[-109.9473,31.117],[-109.9439,31.0991],[-109.9082,31.1088],[-109.8909,31.0975],[-109.8618,31.0407],[-109.8389,31.0552],[-109.8377,31.0883],[-109.6843,31.0882],[-109.6923,31.1291],[-109.6629,31.1421],[-109.689,31.25],[-109.6935,31.2757],[-109.7237,31.257],[-109.7465,31.3341]]]},"properties":{"CVE_ENT":"26","CVE_MUN":"039","CVEGEO":"26039","NOMGEO":"Naco"}},
{"type":"Feature","geometry":{"type":"MultiPolygon","coordinates":[[[[-114.6797,31.757],[-114.6634,31.7446],[-114.6193,31.7285],[-114.6013,31.7352],[-114.5957,31.7473],[-114.6126,31.7555],[-114.6384,31.7583],[-114.6797,31.757]]],[[[-114.8136,32.4939],[-114.8157,32.4833],[-114.8491,32.4734],[-114.8802,32.492],[-114.9001,32.4835],[-114.935,32.4819],[-114.9392,32.4743],[-114.9316,32.4411],[-114.9609,32.4107],[-114.9538,32.397],[-114.9685,32.3892],[-114.9632,32.3767],[-114.9656,32.341],[-115.0076,32.3054],[-115.0427,32.2701],[-115.053,32.2452],[-115.0414,32.2324],[-114.9753,32.178],[-114.9897,32.1464],[-114.957,32.0386],[-114.9674,31.9969],[-114.9655,31.9184],[-114.9471,31.9118],[-114.9392,31.8921],[-114.9148,31.8822],[-114.9067,31.8673],[-114.887,31.8716],[-114.8751,31.8656],[-114.8432,31.8636],[-114.8257,31.8288],[-114.8069,31.8167],[-114.7871,31.8231],[-114.7567,31.8164],[-114.7426,31.8052],[-114.7227,31.7771],[-114.6928,31.7631],[-114.67,31.7606],[-114.63,31.7634],[-114.5922,31.7565],[-114.554,31.7355],[-114.5271,31.7021],[-114.509,31.6957],[-114.497,31.6762],[-114.462,31.6678],[-114.4483,31.6484],[-114.3958,31.6286],[-114.365,31.6085],[-114.3324,31.5968],[-114.3277,31.5842],[-114.31,31.5723],[-114.2952,31.5541],[-114.2794,31.5446],[-114.2347,31.5306],[-114.2,31.5095],[-114.1699,31.498],[-114.1444,31.4927],[-114.0252,31.4927],[-114.0191,31.515],[-113.9906,31.5308],[-113.9984,31.7141],[-113.9756,31.75],[-113.849,31.991],[-113.8028,31.6822],[-113.7363,31.6941],[-113.6845,31.5834],[-113.6879,31.7586],[-113.7413,31.8521],[-113.7152,31.8551],[-113.646,31.9036],[-113.6103,32.0058],[-113.6007,32.0039],[-113.5897,32.0272],[-113.5573,32.0203],[-113.5478,32.0447],[-113.5739,32.0576],[-113.6069,32.0592],[-113.5765,32.1153],[-113.7773,32.1777],[-113.9501,32.2316],[-114.2883,32.3354],[-114.4863,32.3957],[-114.7836,32.4854],[-114.8136,32.4939]]]]},"properties":{"CVE_ENT":"26","CVE_MUN":"055","CVEGEO":"26055","NOMGEO":"San Luis Río Colorado"}},
{"type":"Feature","geometry":{"type":"MultiPolygon","coordinates":[[[[-112.5534,28.7307],[-112.5948,28.7319],[-112.6127,28.7246],[-112.6093,28.6928],[-112.5982,28.6725],[-112.5724,28.6684],[-112.5525,28.6741],[-112.5423,28.7128],[-112.5534,28.7307]]],[[[-112.2875,29.2319],[-112.2993,29.224],[-112.3327,29.2193],[-112.361,29.2196],[-112.4,29.1894],[-112.4146,29.1857],[-112.4368,29.1999],[-112.4568,29.1946],[-112.4742,29.169],[-112.4792,29.138],[-112.4884,29.1283],[-112.4918,29.0877],[-112.4968,29.0689],[-112.5059,29.063],[-112.5021,29.0228],[-112.5062,29.0141],[-112.4928,28.9875],[-112.4868,28.9617],[-112.5057,28.9267],[-112.5232,28.9111],[-112.5799,28.8749],[-112.5549,28.8679],[-112.5471,28.8573],[-112.4996,28.8356],[-112.4956,28.8251],[-112.4721,28.8215],[-112.4671,28.8072],[-112.4024,28.7961],[-112.3824,28.7753],[-112.3645,28.7735],[-112.3596,28.7597],[-112.3435,28.7664],[-112.3282,28.7634],[-112.3095,28.747],[-112.2937,28.7619],[-112.2766,28.7693],[-112.2769,28.8042],[-112.2718,28.8241],[-112.2576,28.8428],[-112.2571,28.8576],[-112.2399,28.8708],[-112.2408,28.8928],[-112.2299,28.9034],[-112.216,28.9434],[-112.211,28.9943],[-112.1947,29.0065],[-112.1949,29.0212],[-112.2187,29.0538],[-112.2224,29.0696],[-112.2506,29.1143],[-112.2743,29.1372],[-112.269,29.1743],[-112.2719,29.1974],[-112.2895,29.2192],[-112.2875,29.2319]]],[[[-110.8578,28.6312],[-110.8972,28.6716],[-110.8738,28.6732],[-110.8379,28.6667],[-110.819,28.6772],[-110.8431,28.699],[-110.8104,28.7299],[-110.8285,28.753],[-110.8653,28.7424],[-110.8735,28.7324],[-110.893,28.758],[-110.8727,28.7628],[-110.8811,28.7985],[-110.8683,28.8035],[-110.8687,28.8416],[-110.8784,28.8434],[-110.8809,28.9143],[-110.8553,28.9114],[-110.8098,28.919],[-110.7799,28.9337],[-110.7927,28.9484],[-110.7775,28.9589],[-110.7084,28.9716],[-110.6703,28.9672],[-110.6342,28.9535],[-110.6037,28.9553],[-110.6066,28.9788],[-110.5951,28.9803],[-110.5664,28.9533],[-110.5532,28.9499],[-110.5236,28.9686],[-110.5024,28.954],[-110.4606,28.9649],[-110.4638,28.9896],[-110.4234,28.9855],[-110.3978,28.9947],[-110.3821,28.9905],[-110.3935,29.0288],[-110.4767,29.0755],[-110.4715,29.0569],[-110.4928,29.0509],[-110.4991,29.0202],[-110.5065,29.0086],[-110.5306,29.0202],[-110.5558,29.0243],[-110.5345,29.0565],[-110.5477,29.0589],[-110.5796,29.0547],[-110.5662,29.1177],[-110.5478,29.1135],[-110.522,29.138],[-110.5121,29.1981],[-110.5304,29.2015],[-110.5236,29.2151],[-110.5767,29.2526],[-110.5877,29.2477],[-110.6148,29.2669],[-110.5528,29.2896],[-110.5822,29.3169],[-110.5963,29.3383],[-110.6317,29.3796],[-110.7106,29.3763],[-110.6849,29.3351],[-110.7372,29.2904],[-110.7402,29.2751],[-110.7752,29.306],[-110.793,29.3149],[-110.7715,29.3519],[-110.8205,29.3655],[-110.832,29.3528],[-110.8457,29.3507],[-110.8535,29.3333],[-110.8871,29.3276],[-110.8859,29.308],[-110.9548,29.3093],[-111.024,29.3083],[-111.0239,29.3298],[-111.0439,29.3556],[-111.0737,29.3481],[-111.0734,29.3758],[-110.974,29.3784],[-110.9807,29.4108],[-111.016,29.4004],[-111.062,29.4036],[-111.0377,29.4824],[-111.0806,29.4913],[-111.1204,29.4941],[-111.1232,29.4807],[-111.1676,29.4872],[-111.1552,29.5348],[-111.1999,29.5453],[-111.2128,29.5558],[-111.2927,29.5586],[-111.3172,29.6193],[-111.335,29.5705],[-111.3755,29.5832],[-111.3802,29.6502],[-111.3545,29.6632],[-111.4312,29.694],[-111.5127,29.7128],[-111.5413,29.6614],[-111.5926,29.6511],[-111.598,29.6387],[-111.6557,29.6404],[-111.6578,29.6294],[-111.6327,29.6054],[-111.6579,29.5809],[-111.6786,29.5785],[-111.6933,29.5919],[-111.7511,29.55],[-111.7586,29.5573],[-111.7051,29.6015],[-111.739,29.6308],[-111.7524,29.649],[-111.785,29.6507],[-111.8297,29.6945],[-111.8601,29.6711],[-111.8796,29.6889],[-111.9567,29.6245],[-111.9204,29.5923],[-111.9245,29.5729],[-112.0102,29.4685],[-112.0369,29.3184],[-112.088,29.3218],[-112.1881,29.3228],[-112.2104,29.3322],[-112.2412,29.3167],[-112.233,29.307],[-112.2109,29.26],[-112.209,29.2422],[-112.2186,29.2035],[-112.2299,29.181],[-112.2087,29.1793],[-112.1943,29.1694],[-112.1654,29.113],[-112.1826,29.0833],[-112.1706,29.0715],[-112.1723,29.0481],[-112.1679,29.0247],[-112.1535,29.0022],[-112.1532,28.9844],[-112.1733,28.9709],[-112.1572,28.9619],[-112.114,28.961],[-112.0957,28.9502],[-112.0809,28.9218],[-112.0477,28.8988],[-112.049,28.8858],[-112.0346,28.8801],[-112.0282,28.8592],[-111.9862,28.8495],[-111.9639,28.8382],[-111.9506,28.8241],[-111.9186,28.8158],[-111.855,28.79],[-111.8616,28.7798],[-111.854,28.7601],[-111.8812,28.7466],[-111.8907,28.7739],[-111.9011,28.787],[-111.9215,28.7666],[-111.9505,28.7575],[-111.9254,28.7309],[-111.9245,28.7185],[-111.9075,28.7026],[-111.8839,28.6883],[-111.8644,28.6674],[-111.8017,28.6294],[-111.7756,28.6085],[-111.7656,28.594],[-111.737,28.5214],[-111.7176,28.4983],[-111.71,28.4568],[-111.6516,28.4454],[-111.5819,28.4151],[-111.5367,28.4038],[-111.505,28.3926],[-111.4655,28.3692],[-111.4568,28.3544],[-111.4603,28.3398],[-111.4516,28.308],[-111.4264,28.289],[-111.4128,28.2845],[-111.3876,28.2664],[-111.3857,28.2569],[-111.2967,28.2275],[-111.2862,28.2281],[-111.3176,28.2727],[-111.2917,28.2979],[-111.2675,28.3116],[-111.2651,28.3203],[-111.1999,28.3117],[-111.1768,28.303],[-111.1497,28.3068],[-111.1565,28.3595],[-111.13,28.3607],[-111.0968,28.353],[-111.1026,28.3779],[-111.0747,28.3793],[-111.0431,28.3865],[-111.0486,28.4567],[-111.0434,28.4909],[-110.9983,28.4713],[-110.9825,28.5253],[-110.9287,28.5434],[-110.9473,28.5978],[-110.8578,28.6312]]]]},"properties":{"CVE_ENT":"26","CVE_MUN":"030","CVEGEO":"26030","NOMGEO":"Hermosillo"}},
{"type":"Feature","geometry":{"type":"Polygon","coordinates":[[[-110.5092,30.9878],[-110.5602,31.0363],[-110.5758,31.023],[-110.6017,31.0104],[-110.618,31.0394],[-110.6347,31.0471],[-110.6782,31.0988],[-110.7375,31.0589],[-110.7347,31.0511],[-110.7533,31.0354],[-110.7773,31.0638],[-110.8395,31.051],[-110.8569,31.0565],[-110.8672,31.0497],[-110.8624,31.0192],[-110.9674,31.038],[-110.9825,31.058],[-111.0041,31.0214],[-111.052,31.0275],[-111.0867,31.0188],[-111.059,30.9619],[-111.0428,30.9531],[-111.0399,30.906],[-111.0127,30.9029],[-111.0138,30.8812],[-111.0325,30.8633],[-111.0451,30.8427],[-111.0339,30.8333],[-110.9965,30.7867],[-111.0154,30.7576],[-111.004,30.7342],[-111.0092,30.7278],[-110.8452,30.6989],[-110.8267,30.7233],[-110.8287,30.7329],[-110.7903,30.7288],[-110.7958,30.7208],[-110.8169,30.7182],[-110.8166,30.6747],[-110.7819,30.6907],[-110.768,30.6762],[-110.8021,30.6588],[-110.8081,30.6362],[-110.7802,30.6303],[-110.7583,30.6356],[-110.7372,30.6789],[-110.7033,30.6712],[-110.7007,30.5745],[-110.6815,30.5749],[-110.6877,30.593],[-110.6506,30.5952],[-110.6503,30.5763],[-110.5825,30.6278],[-110.5428,30.623],[-110.5406,30.6314],[-110.4742,30.6342],[-110.4718,30.6431],[-110.4689,30.6548],[-110.4703,30.7019],[-110.4466,30.6942],[-110.4373,30.7263],[-110.4134,30.7269],[-110.4441,30.7704],[-110.4738,30.8122],[-110.5077,30.7997],[-110.5162,30.781],[-110.5402,30.7836],[-110.5273,30.8286],[-110.5377,30.8302],[-110.5085,30.9175],[-110.5198,30.9211],[-110.5402,30.9723],[-110.5092,30.9878]]]},"properties":{"CVE_ENT":"26","CVE_MUN":"035","CVEGEO":"26035","NOMGEO":"Imuris"}},
{"type":"Feature","geometry":{"type":"Polygon","coordinates":[[[-110.4718,30.6431],[-110.4742,30.6342],[-110.5406,30.6314],[-110.5428,30.623],[-110.5825,30.6278],[-110.6503,30.5763],[-110.6506,30.5952],[-110.6877,30.593],[-110.6815,30.5749],[-110.7007,30.5745],[-110.7033,30.6712],[-110.7372,30.6789],[-110.7583,30.6356],[-110.7541,30.6218],[-110.7591,30.5791],[-110.7429,30.5781],[-110.7391,30.5562],[-110.8015,30.52],[-110.8243,30.4791],[-110.819,30.4638],[-110.8341,30.441],[-110.8399,30.4348],[-110.8235,30.3595],[-110.7949,30.2909],[-110.8337,30.2601],[-110.8261,30.2309],[-110.8292,30.2142],[-110.7867,30.2068],[-110.7813,30.1798],[-110.6905,30.1883],[-110.6342,30.1911],[-110.645,30.2072],[-110.6245,30.2118],[-110.6226,30.2325],[-110.6026,30.2412],[-110.5995,30.2535],[-110.5616,30.2231],[-110.5684,30.196],[-110.5442,30.2007],[-110.5551,30.2238],[-110.5249,30.2288],[-110.5104,30.246],[-110.49,30.2494],[-110.4673,30.2666],[-110.4856,30.3047],[-110.4116,30.3333],[-110.4338,30.3708],[-110.4096,30.3692],[-110.4124,30.392],[-110.4041,30.4077],[-110.4064,30.4275],[-110.4279,30.4221],[-110.4067,30.476],[-110.4165,30.4934],[-110.4713,30.5303],[-110.4789,30.5498],[-110.4899,30.5586],[-110.4881,30.5763],[-110.4579,30.5982],[-110.4368,30.6077],[-110.4524,30.6235],[-110.4477,30.6342],[-110.4718,30.6431]]]},"properties":{"CVE_ENT":"26","CVE_MUN":"022","CVEGEO":"26022","NOMGEO":"Cucurpe"}},
{"type":"Feature","geometry":{"type":"Polygon","coordinates":[[[-110.4519,29.9231],[-110.4804,29.9123],[-110.5535,29.9333],[-110.5383,29.8832],[-110.6029,29.8569],[-110.635,29.8461],[-110.6525,29.8718],[-110.6944,29.8531],[-110.7069,29.8406],[-110.6912,29.8164],[-110.7164,29.8147],[-110.717,29.7863],[-110.6838,29.7716],[-110.6911,29.7526],[-110.6884,29.7405],[-110.7096,29.7052],[-110.7138,29.6793],[-110.733,29.6638],[-110.6974,29.6443],[-110.6825,29.6461],[-110.6607,29.6326],[-110.6141,29.5666],[-110.5927,29.5679],[-110.5788,29.575],[-110.5789,29.5875],[-110.5586,29.585],[-110.5614,29.6034],[-110.5279,29.6088],[-110.5237,29.6251],[-110.4441,29.6712],[-110.4043,29.6959],[-110.4044,29.7039],[-110.3309,29.7062],[-110.3578,29.7865],[-110.4269,29.7792],[-110.397,29.7971],[-110.3937,29.8194],[-110.4379,29.9056],[-110.4519,29.9231]]]},"properties":{"CVE_ENT":"26","CVE_MUN":"050","CVEGEO":"26050","NOMGEO":"Rayón"}},
{"type":"Feature","geometry":{"type":"Polygon","coordinates":[[[-110.0562,30.1434],[-110.0727,30.1686],[-110.0797,30.1576],[-110.0965,30.159],[-110.1176,30.1799],[-110.1516,30.1707],[-110.1878,30.1429],[-110.1883,30.1193],[-110.2568,30.1113],[-110.3817,30.1222],[-110.3815,30.1404],[-110.3953,30.1447],[-110.4489,30.1865],[-110.4714,30.1752],[-110.4739,30.1613],[-110.4968,30.1404],[-110.5226,30.1421],[-110.5192,30.1026],[-110.5021,30.0614],[-110.5191,30.0572],[-110.5229,30.0468],[-110.5425,30.0304],[-110.5419,30.0184],[-110.5125,29.9714],[-110.4839,29.9861],[-110.4689,29.994],[-110.4703,30.0123],[-110.4214,30.0283],[-110.384,30.0159],[-110.366,30.0292],[-110.3567,30.0074],[-110.3475,30.0016],[-110.3528,29.9837],[-110.2134,29.9498],[-110.1666,29.9486],[-110.1412,29.955],[-110.1291,29.971],[-110.0965,29.9667],[-110.0949,29.9529],[-110.0669,29.9398],[-110.0582,29.9496],[-110.0673,29.994],[-110.0881,30.029],[-110.0925,30.056],[-110.1033,30.0906],[-110.0627,30.0872],[-110.0135,30.0777],[-110.0131,30.1078],[-110.0227,30.1349],[-110.0562,30.1434]]]},"properties":{"CVE_ENT":"26","CVE_MUN":"013","CVEGEO":"26013","NOMGEO":"Banámichi"}},
{"type":"Feature","geometry":{"type":"Polygon","coordinates":[[[-110.1327,28.131],[-110.3003,28.217],[-110.3153,28.1901],[-110.2856,28.0402],[-110.2862,28],[-110.291,27.9038],[-110.2259,27.75],[-110.1524,27.5616],[-110.1816,27.5502],[-110.1786,27.5194],[-110.1788,27.2812],[-110.1866,27.2561],[-110.1645,27.254],[-110.153,27.2443],[-110.1376,27.2444],[-110.1376,27.2263],[-110.158,27.2172],[-110.1574,27.1897],[-110.1773,27.1851],[-110.1776,27.143],[-110.1934,27.1356],[-110.2068,27.132],[-110.1466,27.1172],[-110.1212,27.113],[-110.0891,27.1025],[-110.0926,27.1761],[-110.0966,27.1897],[-110.0968,27.4648],[-110.1042,27.4648],[-110.1049,27.5007],[-110.0966,27.5191],[-110.0143,27.5195],[-110.0151,27.5849],[-110.0061,27.5991],[-110.0105,27.6191],[-110.019,27.6278],[-110.0229,27.6508],[-110.014,27.6844],[-110.0287,27.7074],[-110.0441,27.721],[-110.076,27.7204],[-110.0932,27.7024],[-110.102,27.711],[-110.1248,27.7114],[-110.1164,27.7316],[-110.1144,27.7602],[-110.1045,27.7692],[-110.1045,27.8148],[-110.0957,27.8524],[-110.086,27.8774],[-110.0742,27.8898],[-110.0761,27.9061],[-110.052,27.9155],[-110.0494,27.9241],[-110.0573,27.9504],[-110.0875,27.9796],[-110.114,28.0137],[-110.1396,28.0383],[-110.1175,28.0462],[-110.1059,28.0604],[-110.117,28.0728],[-110.0859,28.0942],[-110.0814,28.1052],[-110.1327,28.131]]]},"properties":{"CVE_ENT":"26","CVE_MUN":"012","CVEGEO":"26012","NOMGEO":"Bácum"}},
{"type":"Feature","geometry":{"type":"Polygon","coordinates":[[[-109.1756,30.0556],[-109.2051,30.0454],[-109.2268,30.0265],[-109.2852,30.0304],[-109.2895,30.0471],[-109.3114,30.047],[-109.3648,30.0374],[-109.3797,30.0607],[-109.423,30.0563],[-109.4193,30.0825],[-109.4456,30.0911],[-109.4635,30.1024],[-109.4811,30.1027],[-109.5047,30.0847],[-109.5032,30.1273],[-109.5443,30.1087],[-109.5375,30.0876],[-109.5854,30.0806],[-109.5934,30.0646],[-109.6192,30.0399],[-109.6031,30.0174],[-109.6215,29.9755],[-109.5479,29.9927],[-109.5698,29.9548],[-109.551,29.9646],[-109.5296,29.9681],[-109.5287,29.9487],[-109.4839,29.8971],[-109.4975,29.8812],[-109.4865,29.8648],[-109.4571,29.8632],[-109.4382,29.8468],[-109.4182,29.8398],[-109.3767,29.8399],[-109.3811,29.8588],[-109.3766,29.8741],[-109.2803,29.8707],[-109.2622,29.8634],[-109.2325,29.8147],[-109.2314,29.8368],[-109.2184,29.847],[-109.2236,29.8627],[-109.2463,29.878],[-109.201,29.8929],[-109.1979,29.9102],[-109.1775,29.9466],[-109.1748,29.963],[-109.1766,30.009],[-109.1381,30.0069],[-109.1408,30.0199],[-109.1157,30.021],[-109.1254,30.0434],[-109.1413,30.0537],[-109.1756,30.0556]]]},"properties":{"CVE_ENT":"26","CVE_MUN":"032","CVEGEO":"26032","NOMGEO":"Huásabas"}},
{"type":"Feature","geometry":{"type":"Polygon","coordinates":[[[-110.2268,29.8542],[-110.218,29.8771],[-110.229,29.8928],[-110.298,29.9211],[-110.4379,29.9056],[-110.3937,29.8194],[-110.3706,29.8248],[-110.374,29.8347],[-110.2492,29.8513],[-110.2316,29.8417],[-110.2268,29.8542]]]},"properties":{"CVE_ENT":"26","CVE_MUN":"053","CVEGEO":"26053","NOMGEO":"San Felipe de Jesús"}},
{"type":"Feature","geometry":{"type":"Polygon","coordinates":[[[-113.4369,32.0715],[-113.5765,32.1153],[-113.6069,32.0592],[-113.5739,32.0576],[-113.5478,32.0447],[-113.5573,32.0203],[-113.5897,32.0272],[-113.6007,32.0039],[-113.6103,32.0058],[-113.646,31.9036],[-113.7152,31.8551],[-113.7413,31.8521],[-113.6879,31.7586],[-113.6845,31.5834],[-113.7363,31.6941],[-113.8028,31.6822],[-113.849,31.991],[-113.9756,31.75],[-113.9984,31.7141],[-113.9906,31.5308],[-113.9803,31.5467],[-113.9612,31.5606],[-113.9737,31.5783],[-113.9725,31.6016],[-113.9794,31.6314],[-113.9344,31.6031],[-113.8975,31.6069],[-113.8696,31.5876],[-113.8525,31.5954],[-113.8414,31.5842],[-113.8101,31.567],[-113.7767,31.5645],[-113.7633,31.5506],[-113.696,31.5226],[-113.6754,31.512],[-113.641,31.4812],[-113.6294,31.452],[-113.6358,31.4298],[-113.6218,31.405],[-113.6088,31.3599],[-113.6224,31.327],[-113.5672,31.3206],[-113.5507,31.3135],[-113.5517,31.3017],[-113.5369,31.296],[-113.3564,31.2655],[-113.2551,31.2405],[-113.2072,31.2405],[-113.1891,31.2228],[-113.1204,31.1917],[-113.1015,31.1894],[-113.0896,31.1557],[-113.0808,31.1479],[-113.0688,31.0946],[-113.059,31.0723],[-113.062,31.0334],[-113.0902,31.005],[-113.0994,30.986],[-113.0968,30.9513],[-113.096,30.9448],[-113.0628,30.9451],[-113.0636,30.9589],[-113.0345,30.9612],[-113.0433,30.9767],[-113.0309,30.9821],[-113.0005,30.9775],[-113.0006,30.9875],[-113.0247,30.993],[-113.0264,31.0243],[-112.9996,31.0193],[-113.0051,31.0044],[-112.9622,31.0016],[-112.9595,31.0072],[-112.9116,31.0102],[-112.9269,31.0315],[-112.9573,31.0173],[-113.0093,31.0893],[-112.9415,31.1254],[-112.8742,31.1653],[-112.8343,31.2019],[-112.8113,31.1834],[-112.7893,31.1987],[-112.7662,31.1733],[-112.7478,31.1906],[-112.7144,31.2422],[-112.7057,31.2375],[-112.6887,31.2547],[-112.6209,31.2693],[-112.5933,31.3322],[-112.5831,31.3349],[-112.5219,31.3642],[-112.5077,31.3554],[-112.4675,31.3778],[-112.498,31.3984],[-112.5105,31.4009],[-112.5298,31.4267],[-112.521,31.4443],[-112.5205,31.4721],[-112.4818,31.4796],[-112.495,31.4892],[-112.495,31.5533],[-112.4635,31.5526],[-112.4633,31.585],[-112.4452,31.5849],[-112.4492,31.6151],[-112.4377,31.621],[-112.447,31.6234],[-112.4829,31.6165],[-112.4826,31.5985],[-112.5372,31.5985],[-112.5372,31.5804],[-112.5794,31.5803],[-112.5792,31.5646],[-112.5906,31.5599],[-112.6571,31.5599],[-112.658,31.5103],[-112.6995,31.482],[-112.6975,31.4688],[-112.6774,31.4305],[-112.6667,31.4209],[-112.6663,31.3882],[-112.6978,31.3878],[-112.7082,31.3807],[-112.7076,31.3521],[-112.785,31.3521],[-112.7903,31.3198],[-112.8318,31.3248],[-112.8296,31.3589],[-112.8634,31.3648],[-112.8618,31.4348],[-112.9364,31.38],[-112.9409,31.3825],[-112.915,31.4441],[-112.9807,31.4074],[-113.0058,31.4418],[-113.0045,31.4973],[-113.0748,31.4992],[-113.0528,31.5699],[-113.0764,31.6068],[-113.0335,31.6268],[-113.0794,31.6987],[-113.0985,31.6913],[-113.1099,31.716],[-113.1156,31.7412],[-113.1298,31.7492],[-113.2309,31.7454],[-113.2281,31.7694],[-113.2927,31.7766],[-113.2857,31.8214],[-113.3702,31.818],[-113.4294,31.9349],[-113.4461,31.9003],[-113.5107,31.9242],[-113.4369,32.0715]]]},"properties":{"CVE_ENT":"26","CVE_MUN":"048","CVEGEO":"26048","NOMGEO":"Puerto Peñasco"}},
{"type":"Feature","geometry":{"type":"Polygon","coordinates":[[[-109.6949,29.5532],[-109.7205,29.5553],[-109.7516,29.545],[-109.7593,29.5542],[-109.7811,29.5425],[-109.7787,29.5296],[-109.8178,29.523],[-109.8522,29.551],[-109.8697,29.5424],[-109.878,29.551],[-109.9381,29.5475],[-109.9585,29.5384],[-109.9496,29.5185],[-109.9695,29.5223],[-109.993,29.5334],[-110.0032,29.4882],[-109.9883,29.4762],[-109.9682,29.4745],[-109.9521,29.46],[-109.9281,29.4512],[-109.9382,29.4396],[-109.9825,29.4141],[-109.981,29.3877],[-109.964,29.3725],[-109.9387,29.3647],[-109.8915,29.3172],[-109.8843,29.2359],[-109.8687,29.1335],[-109.8657,29.0941],[-109.8521,29.1072],[-109.8215,29.1037],[-109.8047,29.0935],[-109.7899,29.0754],[-109.7873,29.0547],[-109.7664,29.0718],[-109.7485,29.0466],[-109.7349,29.0479],[-109.7064,29.0352],[-109.6429,29.0183],[-109.6345,29.0071],[-109.5945,29.0168],[-109.597,29.0055],[-109.5738,28.9954],[-109.5714,28.9868],[-109.5299,28.9835],[-109.5067,28.9934],[-109.531,29.0082],[-109.5519,29.034],[-109.5392,29.0553],[-109.5101,29.0647],[-109.4835,29.0587],[-109.4709,29.0671],[-109.4867,29.0914],[-109.4712,29.1039],[-109.46,29.0984],[-109.4434,29.1064],[-109.4472,29.1348],[-109.4456,29.1574],[-109.4097,29.1391],[-109.4059,29.1464],[-109.3796,29.1406],[-109.3689,29.1641],[-109.3444,29.1634],[-109.2845,29.1773],[-109.2701,29.1731],[-109.2793,29.1888],[-109.2735,29.2099],[-109.2587,29.2124],[-109.304,29.2892],[-109.3407,29.3293],[-109.3602,29.3277],[-109.4276,29.2737],[-109.4407,29.2846],[-109.455,29.2821],[-109.4706,29.2696],[-109.4837,29.2729],[-109.4788,29.3198],[-109.4891,29.3155],[-109.5043,29.3295],[-109.5424,29.3282],[-109.5192,29.3577],[-109.561,29.3681],[-109.624,29.3511],[-109.6371,29.3871],[-109.6651,29.4284],[-109.6819,29.4404],[-109.6984,29.4391],[-109.7105,29.452],[-109.7162,29.4922],[-109.7348,29.508],[-109.7366,29.5188],[-109.6949,29.5532]]]},"properties":{"CVE_ENT":"26","CVE_MUN":"057","CVEGEO":"26057","NOMGEO":"San Pedro de la Cueva"}},
{"type":"Feature","geometry":{"type":"Polygon","coordinates":[[[-111.2428,31.0957],[-111.2845,31.1388],[-111.3033,31.1274],[-111.2894,31.1129],[-111.3279,31.1131],[-111.3332,31.0771],[-111.264,31.0712],[-111.2716,31.0407],[-111.3334,31.0525],[-111.3323,30.9685],[-111.4001,30.969],[-111.4088,30.9875],[-111.4197,30.9944],[-111.4148,31.0144],[-111.4342,31.0228],[-111.3967,31.0645],[-111.4222,31.0827],[-111.454,31.136],[-111.485,31.1329],[-111.4888,31.1069],[-111.498,31.1044],[-111.5216,31.1241],[-111.4848,31.1446],[-111.4918,31.1602],[-111.517,31.1478],[-111.5437,31.1563],[-111.5355,31.1985],[-111.5247,31.2377],[-111.6178,31.2569],[-111.6233,31.2358],[-111.6782,31.2468],[-111.6973,31.1787],[-111.7062,31.1555],[-111.6783,31.1591],[-111.6523,31.1433],[-111.6625,31.1268],[-111.6379,31.1237],[-111.6269,31.0881],[-111.6274,31.0623],[-111.5871,31.0412],[-111.581,31.0029],[-111.5874,30.9875],[-111.6115,30.9639],[-111.5715,30.9568],[-111.5735,30.9492],[-111.5405,30.9217],[-111.522,30.8416],[-111.4446,30.8423],[-111.4717,30.8255],[-111.4577,30.8037],[-111.4658,30.7814],[-111.443,30.7582],[-111.432,30.7649],[-111.4191,30.7371],[-111.4903,30.6945],[-111.5151,30.6245],[-111.5139,30.6072],[-111.4043,30.6139],[-111.3156,30.6158],[-111.3014,30.6408],[-111.2821,30.6648],[-111.2685,30.6659],[-111.256,30.7127],[-111.2428,30.729],[-111.2559,30.7505],[-111.2841,30.7864],[-111.2366,30.8157],[-111.2275,30.8114],[-111.1879,30.8302],[-111.1716,30.8419],[-111.1605,30.8089],[-111.113,30.8134],[-111.1297,30.8609],[-111.1099,30.8679],[-111.1054,30.8952],[-111.0983,30.9033],[-111.107,30.918],[-111.2035,30.9714],[-111.2448,30.9553],[-111.2379,31.0494],[-111.2134,31.06],[-111.2428,31.0957]]]},"properties":{"CVE_ENT":"26","CVE_MUN":"065","CVEGEO":"26065","NOMGEO":"Tubutama"}},
{"type":"Feature","geometry":{"type":"Polygon","coordinates":[[[-110.3309,29.7062],[-110.4044,29.7039],[-110.4043,29.6959],[-110.4441,29.6712],[-110.5237,29.6251],[-110.5279,29.6088],[-110.5614,29.6034],[-110.5586,29.585],[-110.5789,29.5875],[-110.5788,29.575],[-110.5927,29.5679],[-110.6141,29.5666],[-110.5996,29.5181],[-110.5983,29.46],[-110.5683,29.4686],[-110.5986,29.4217],[-110.6161,29.4173],[-110.6317,29.3796],[-110.5963,29.3383],[-110.5822,29.3169],[-110.5528,29.2896],[-110.6148,29.2669],[-110.5877,29.2477],[-110.5767,29.2526],[-110.5236,29.2151],[-110.5304,29.2015],[-110.5121,29.1981],[-110.522,29.138],[-110.5478,29.1135],[-110.5662,29.1177],[-110.5796,29.0547],[-110.5477,29.0589],[-110.5345,29.0565],[-110.5558,29.0243],[-110.5306,29.0202],[-110.5065,29.0086],[-110.4991,29.0202],[-110.4928,29.0509],[-110.4715,29.0569],[-110.4767,29.0755],[-110.3935,29.0288],[-110.3795,29.0628],[-110.3172,29.1034],[-110.2485,29.0721],[-110.2239,29.0274],[-110.2073,29.0392],[-110.2082,29.0767],[-110.2023,29.08],[-110.1619,29.0683],[-110.13,29.0684],[-110.1152,29.1567],[-110.0884,29.1528],[-110.0761,29.1442],[-110.0458,29.1621],[-110,29.1613],[-109.9556,29.192],[-109.9775,29.1913],[-109.9781,29.3618],[-110.017,29.3277],[-110.0323,29.3412],[-110.0326,29.3684],[-110.0407,29.3961],[-110.0854,29.3997],[-110.0842,29.4319],[-110.0857,29.4611],[-110.1308,29.4456],[-110.1861,29.4991],[-110.2034,29.5495],[-110.2137,29.5611],[-110.2564,29.5542],[-110.264,29.6291],[-110.2801,29.6553],[-110.2959,29.6571],[-110.3007,29.6837],[-110.3253,29.6802],[-110.326,29.6915],[-110.3309,29.7062]]]},"properties":{"CVE_ENT":"26","CVE_MUN":"066","CVEGEO":"26066","NOMGEO":"Ures"}},
{"type":"Feature","geometry":{"type":"Polygon","coordinates":[[[-112.3456,31.735],[-112.695,31.8425],[-113.0097,31.9386],[-113.2102,32],[-113.4369,32.0715],[-113.5107,31.9242],[-113.4461,31.9003],[-113.4294,31.9349],[-113.3702,31.818],[-113.2857,31.8214],[-113.2927,31.7766],[-113.2281,31.7694],[-113.2309,31.7454],[-113.1298,31.7492],[-113.1156,31.7412],[-113.1099,31.716],[-113.0985,31.6913],[-113.0794,31.6987],[-113.0335,31.6268],[-113.0764,31.6068],[-113.0528,31.5699],[-113.0748,31.4992],[-113.0045,31.4973],[-113.0058,31.4418],[-112.9807,31.4074],[-112.915,31.4441],[-112.9409,31.3825],[-112.9364,31.38],[-112.8618,31.4348],[-112.8634,31.3648],[-112.8296,31.3589],[-112.8318,31.3248],[-112.7903,31.3198],[-112.785,31.3521],[-112.7076,31.3521],[-112.7082,31.3807],[-112.6978,31.3878],[-112.6663,31.3882],[-112.6667,31.4209],[-112.6774,31.4305],[-112.6975,31.4688],[-112.6995,31.482],[-112.658,31.5103],[-112.6571,31.5599],[-112.5906,31.5599],[-112.5792,31.5646],[-112.5794,31.5803],[-112.5372,31.5804],[-112.5372,31.5985],[-112.4826,31.5985],[-112.4829,31.6165],[-112.447,31.6234],[-112.4377,31.621],[-112.4205,31.6299],[-112.3485,31.6155],[-112.3462,31.6243],[-112.3155,31.6183],[-112.3102,31.6356],[-112.3413,31.6419],[-112.3524,31.6643],[-112.3468,31.683],[-112.3456,31.735]]]},"properties":{"CVE_ENT":"26","CVE_MUN":"070","CVEGEO":"26070","NOMGEO":"General Plutarco Elías Calles"}},
{"type":"Feature","geometry":{"type":"MultiPolygon","coordinates":[[[[-110.5908,27.4083],[-110.5962,27.3989],[-110.6061,27.3468],[-110.5976,27.3127],[-110.5827,27.3036],[-110.5343,27.2883],[-110.5314,27.3019],[-110.5713,27.3116],[-110.5801,27.3262],[-110.5841,27.3473],[-110.6012,27.3622],[-110.5908,27.4083]]],[[[-110.1815,27.5193],[-110.5383,27.5181],[-110.5878,27.5165],[-110.5906,27.4562],[-110.5727,27.4507],[-110.5563,27.4143],[-110.5546,27.3937],[-110.5368,27.3976],[-110.5236,27.3774],[-110.5036,27.3871],[-110.4762,27.3694],[-110.4748,27.3463],[-110.482,27.3269],[-110.473,27.3112],[-110.4572,27.3093],[-110.4568,27.2944],[-110.5208,27.2998],[-110.5208,27.292],[-110.4915,27.2889],[-110.4358,27.2699],[-110.4138,27.2536],[-110.3369,27.1761],[-110.3158,27.1602],[-110.2804,27.1462],[-110.2172,27.1339],[-110.2076,27.1412],[-110.1934,27.1356],[-110.1776,27.143],[-110.1773,27.1851],[-110.1574,27.1897],[-110.158,27.2172],[-110.1376,27.2263],[-110.1376,27.2444],[-110.153,27.2443],[-110.1645,27.254],[-110.1866,27.2561],[-110.1788,27.2812],[-110.1786,27.5194],[-110.1815,27.5193]]]]},"properties":{"CVE_ENT":"26","CVE_MUN":"072","CVEGEO":"26072","NOMGEO":"San Ignacio Río Muerto"}},
{"type":"Feature","geometry":{"type":"Polygon","coordinates":[[[-110.8341,30.441],[-110.8465,30.4567],[-110.8494,30.4772],[-110.8689,30.4784],[-110.883,30.4933],[-110.8958,30.4872],[-110.9317,30.5057],[-110.9381,30.523],[-110.9803,30.5622],[-111.0264,30.5845],[-111.033,30.5658],[-111.0711,30.5679],[-111.0702,30.5783],[-111.0498,30.587],[-111.0575,30.6053],[-111.0972,30.5888],[-111.0987,30.6122],[-111.1093,30.6336],[-111.0812,30.6536],[-111.1054,30.6708],[-111.1203,30.6698],[-111.1388,30.6549],[-111.1613,30.6608],[-111.155,30.6785],[-111.1862,30.7141],[-111.2095,30.7261],[-111.2132,30.7036],[-111.2428,30.729],[-111.256,30.7127],[-111.2685,30.6659],[-111.2821,30.6648],[-111.3014,30.6408],[-111.3156,30.6158],[-111.333,30.5877],[-111.3052,30.5787],[-111.2782,30.5612],[-111.2987,30.5247],[-111.3012,30.5048],[-111.2849,30.4837],[-111.2733,30.4887],[-111.2242,30.4664],[-111.2384,30.4478],[-111.2614,30.4335],[-111.2545,30.4185],[-111.2273,30.4323],[-111.1979,30.4114],[-111.1915,30.3947],[-111.1726,30.3875],[-111.1641,30.3668],[-111.2156,30.3667],[-111.2157,30.3387],[-111.1964,30.342],[-111.1883,30.3247],[-111.1643,30.3299],[-111.1451,30.3237],[-111.1088,30.3472],[-111.0766,30.3459],[-111.0907,30.3168],[-111.0245,30.2715],[-111.0081,30.2628],[-110.9752,30.2929],[-110.9524,30.2796],[-110.9766,30.2473],[-110.9925,30.2446],[-110.9968,30.218],[-110.9501,30.1998],[-110.9195,30.2243],[-110.891,30.2084],[-110.8707,30.2109],[-110.8323,30.2065],[-110.8292,30.2142],[-110.8261,30.2309],[-110.8337,30.2601],[-110.7949,30.2909],[-110.8235,30.3595],[-110.8399,30.4348],[-110.8341,30.441]]]},"properties":{"CVE_ENT":"26","CVE_MUN":"058","CVEGEO":"26058","NOMGEO":"Santa Ana"}},
{"type":"Feature","geometry":{"type":"Polygon","coordinates":[[[-112.1197,31.6647],[-112.3456,31.735],[-112.3468,31.683],[-112.3524,31.6643],[-112.3413,31.6419],[-112.3102,31.6356],[-112.3155,31.6183],[-112.3462,31.6243],[-112.3485,31.6155],[-112.4205,31.6299],[-112.4377,31.621],[-112.4492,31.6151],[-112.4452,31.5849],[-112.4633,31.585],[-112.4635,31.5526],[-112.495,31.5533],[-112.495,31.4892],[-112.4818,31.4796],[-112.5205,31.4721],[-112.521,31.4443],[-112.5298,31.4267],[-112.5105,31.4009],[-112.498,31.3984],[-112.4675,31.3778],[-112.5077,31.3554],[-112.5219,31.3642],[-112.5831,31.3349],[-112.5933,31.3322],[-112.6209,31.2693],[-112.6887,31.2547],[-112.7057,31.2375],[-112.7144,31.2422],[-112.7478,31.1906],[-112.7662,31.1733],[-112.7893,31.1987],[-112.8113,31.1834],[-112.8343,31.2019],[-112.8742,31.1653],[-112.9415,31.1254],[-113.0093,31.0893],[-112.9573,31.0173],[-112.9269,31.0315],[-112.9116,31.0102],[-112.9595,31.0072],[-112.9622,31.0016],[-113.0051,31.0044],[-112.9996,31.0193],[-113.0264,31.0243],[-113.0247,30.993],[-113.0006,30.9875],[-113.0005,30.9775],[-113.0309,30.9821],[-113.0433,30.9767],[-113.0345,30.9612],[-113.0636,30.9589],[-113.0628,30.9451],[-113.096,30.9448],[-113.0968,30.9513],[-113.1009,30.8919],[-113.1115,30.8437],[-113.1268,30.8105],[-113.1044,30.7563],[-113.0951,30.7093],[-113.0849,30.6798],[-113.0398,30.6072],[-113.0108,30.5691],[-112.9984,30.5483],[-112.9391,30.4994],[-112.8971,30.4583],[-112.8749,30.4303],[-112.8571,30.3953],[-112.8496,30.3687],[-112.8464,30.323],[-112.8477,30.271],[-112.8269,30.2681],[-112.8074,30.2568],[-112.7736,30.2223],[-112.7559,30.1868],[-112.7527,30.168],[-112.7537,30.1143],[-112.761,30.0602],[-112.6303,30.0778],[-112.6255,30.1351],[-112.6347,30.1374],[-112.6121,30.2172],[-112.5696,30.199],[-112.5652,30.2067],[-112.5028,30.1801],[-112.4271,30.1764],[-112.4211,30.1717],[-112.3599,30.1637],[-112.3582,30.1467],[-112.3344,30.1466],[-112.3344,30.1678],[-112.2808,30.1675],[-112.2817,30.213],[-112.1856,30.2124],[-112.1674,30.239],[-112.1981,30.2762],[-112.2023,30.2888],[-112.2514,30.2832],[-112.2684,30.3372],[-112.253,30.365],[-112.2183,30.3742],[-112.2283,30.4015],[-112.1867,30.4093],[-112.1867,30.4636],[-112.1659,30.4636],[-112.15,30.4544],[-112.1497,30.5182],[-112.1402,30.5175],[-112.1371,30.5479],[-112.1477,30.6163],[-112.1315,30.6221],[-112.1097,30.6394],[-112.1055,30.6658],[-112.1086,30.7178],[-112.1011,30.7527],[-112.1545,30.7544],[-112.1595,30.774],[-112.1413,30.774],[-112.1408,30.8382],[-112.1362,30.877],[-112.112,30.9031],[-112.0679,30.9739],[-112.0785,30.9786],[-112.0677,30.997],[-112.0791,31.0199],[-112.0969,31.0348],[-112.1663,31.0659],[-112.1333,31.1266],[-112.214,31.1579],[-112.1988,31.1997],[-112.2091,31.2001],[-112.2275,31.2162],[-112.2771,31.227],[-112.2666,31.2703],[-112.2076,31.2615],[-112.2141,31.2872],[-112.2391,31.3108],[-112.2729,31.3234],[-112.294,31.3218],[-112.295,31.3482],[-112.2425,31.3568],[-112.2523,31.3789],[-112.2627,31.4253],[-112.2387,31.4326],[-112.2446,31.4568],[-112.2173,31.4507],[-112.2092,31.4872],[-112.1918,31.4339],[-112.1157,31.4934],[-112.1833,31.5505],[-112.1825,31.5785],[-112.15,31.5958],[-112.1234,31.5983],[-112.117,31.6142],[-112.1162,31.6501],[-112.1197,31.6647]]]},"properties":{"CVE_ENT":"26","CVE_MUN":"017","CVEGEO":"26017","NOMGEO":"Caborca"}},
{"type":"Feature","geometry":{"type":"Polygon","coordinates":[[[-109.2701,29.1731],[-109.2845,29.1773],[-109.3444,29.1634],[-109.3689,29.1641],[-109.3796,29.1406],[-109.4059,29.1464],[-109.4097,29.1391],[-109.4456,29.1574],[-109.4472,29.1348],[-109.4434,29.1064],[-109.46,29.0984],[-109.4712,29.1039],[-109.4867,29.0914],[-109.4709,29.0671],[-109.4835,29.0587],[-109.5101,29.0647],[-109.5392,29.0553],[-109.5519,29.034],[-109.531,29.0082],[-109.5067,28.9934],[-109.5299,28.9835],[-109.5714,28.9868],[-109.5759,28.9384],[-109.545,28.9227],[-109.5641,28.9116],[-109.5468,28.8983],[-109.5291,28.8977],[-109.5109,28.8786],[-109.5342,28.8667],[-109.5036,28.857],[-109.5032,28.8335],[-109.514,28.8188],[-109.4164,28.8055],[-109.4361,28.7743],[-109.4353,28.7559],[-109.419,28.7264],[-109.3724,28.7292],[-109.3514,28.734],[-109.3562,28.7089],[-109.3674,28.6873],[-109.3756,28.6441],[-109.3432,28.6273],[-109.3345,28.5941],[-109.3553,28.5898],[-109.3532,28.5777],[-109.3371,28.5757],[-109.3433,28.5513],[-109.3395,28.5426],[-109.3105,28.5416],[-109.2957,28.5492],[-109.2959,28.5535],[-109.2461,28.5671],[-109.2592,28.5735],[-109.2529,28.6139],[-109.2559,28.6384],[-109.2292,28.6353],[-109.2252,28.6509],[-109.2404,28.6634],[-109.2456,28.6867],[-109.2615,28.6928],[-109.2783,28.7167],[-109.2596,28.743],[-109.2686,28.7521],[-109.2926,28.8002],[-109.3174,28.8041],[-109.3134,28.8253],[-109.2718,28.8683],[-109.2757,28.8941],[-109.2981,28.9393],[-109.3142,28.9364],[-109.3182,28.954],[-109.3142,28.9997],[-109.2993,28.9977],[-109.3085,29.0231],[-109.3466,29.0977],[-109.258,29.1294],[-109.2678,29.1446],[-109.2701,29.1731]]]},"properties":{"CVE_ENT":"26","CVE_MUN":"009","CVEGEO":"26009","NOMGEO":"Bacanora"}},
{"type":"Feature","geometry":{"type":"Polygon","coordinates":[[[-111.2118,29.9104],[-111.2516,29.9143],[-111.3107,29.8721],[-111.3579,29.9063],[-111.3322,30.0086],[-111.3863,30.0309],[-111.3856,29.9736],[-111.415,29.9601],[-111.3962,29.9235],[-111.4079,29.9162],[-111.4298,29.8527],[-111.4461,29.8119],[-111.4194,29.7964],[-111.4264,29.7867],[-111.3983,29.7725],[-111.4006,29.7451],[-111.389,29.7241],[-111.4105,29.7266],[-111.4153,29.7079],[-111.4061,29.6843],[-111.3545,29.6632],[-111.3802,29.6502],[-111.3755,29.5832],[-111.335,29.5705],[-111.3172,29.6193],[-111.2927,29.5586],[-111.2128,29.5558],[-111.1999,29.5453],[-111.1552,29.5348],[-111.1676,29.4872],[-111.1232,29.4807],[-111.1204,29.4941],[-111.0806,29.4913],[-111.0377,29.4824],[-111.044,29.4587],[-110.9905,29.4481],[-110.9965,29.4748],[-110.9218,29.4932],[-110.9295,29.5258],[-110.8719,29.5288],[-110.8582,29.5353],[-110.817,29.52],[-110.8085,29.5519],[-110.8649,29.5681],[-110.8152,29.6084],[-110.8237,29.6397],[-110.8397,29.6664],[-110.7776,29.6747],[-110.7461,29.6534],[-110.733,29.6638],[-110.7138,29.6793],[-110.7096,29.7052],[-110.6884,29.7405],[-110.6911,29.7526],[-110.6838,29.7716],[-110.717,29.7863],[-110.7164,29.8147],[-110.6912,29.8164],[-110.7069,29.8406],[-110.6944,29.8531],[-110.6525,29.8718],[-110.6935,29.874],[-110.766,29.8811],[-110.7821,29.8771],[-110.792,29.9135],[-110.8089,29.9173],[-110.86,29.8995],[-110.8591,29.8919],[-110.8889,29.8834],[-110.9194,29.8882],[-110.9611,29.8769],[-111.0857,29.8533],[-111.0905,29.8217],[-111.1264,29.8195],[-111.1657,29.8808],[-111.1834,29.9049],[-111.2118,29.9104]]]},"properties":{"CVE_ENT":"26","CVE_MUN":"020","CVEGEO":"26020","NOMGEO":"Carbó"}},
{"type":"Feature","geometry":{"type":"Polygon","coordinates":[[[-108.931,30.8665],[-109.0535,30.8884],[-109.0541,30.7978],[-109.0661,30.7981],[-109.0667,30.7302],[-109.1024,30.7263],[-109.1035,30.8008],[-109.148,30.8155],[-109.2066,30.8131],[-109.2262,30.8232],[-109.2421,30.8065],[-109.2715,30.7851],[-109.2919,30.7438],[-109.304,30.731],[-109.2992,30.7111],[-109.2689,30.6958],[-109.2817,30.6783],[-109.2648,30.663],[-109.2639,30.6437],[-109.2495,30.6355],[-109.2626,30.62],[-109.238,30.6179],[-109.2166,30.5931],[-109.1203,30.5924],[-109.1225,30.5292],[-109.1837,30.5299],[-109.1678,30.5079],[-109.181,30.4964],[-109.1994,30.4941],[-109.1985,30.4554],[-109.1843,30.4368],[-109.1706,30.4413],[-109.1555,30.4505],[-109.1444,30.4423],[-109.1227,30.4436],[-109.0936,30.4321],[-109.0856,30.424],[-109.0417,30.431],[-108.9557,30.4096],[-108.9466,30.435],[-108.9276,30.4317],[-108.9283,30.4126],[-108.8889,30.4043],[-108.8832,30.4513],[-108.8507,30.4514],[-108.8493,30.4585],[-108.7413,30.4599],[-108.6889,30.4436],[-108.6648,30.4682],[-108.6571,30.4703],[-108.662,30.5219],[-108.6729,30.531],[-108.6778,30.5571],[-108.6874,30.5548],[-108.7274,30.5805],[-108.7267,30.5945],[-108.7565,30.5961],[-108.762,30.5873],[-108.8306,30.6017],[-108.8483,30.6143],[-108.8744,30.6235],[-108.8777,30.6378],[-108.8669,30.6894],[-108.8869,30.7193],[-108.919,30.7394],[-108.9483,30.7369],[-108.9355,30.7736],[-108.931,30.8665]]]},"properties":{"CVE_ENT":"26","CVE_MUN":"015","CVEGEO":"26015","NOMGEO":"Bavispe"}},
{"type":"Feature","geometry":{"type":"Polygon","coordinates":[[[-110.3393,31.3334],[-110.4878,31.3323],[-110.7007,31.3333],[-110.7007,31.3222],[-110.676,31.2732],[-110.6512,31.2164],[-110.7828,31.1741],[-110.7375,31.0589],[-110.6782,31.0988],[-110.6347,31.0471],[-110.618,31.0394],[-110.6017,31.0104],[-110.5758,31.023],[-110.5602,31.0363],[-110.5092,30.9878],[-110.5151,31.0348],[-110.4872,31.0698],[-110.4062,31.0848],[-110.4218,31.1126],[-110.4024,31.1888],[-110.3709,31.1905],[-110.3712,31.2046],[-110.3547,31.2191],[-110.3554,31.2329],[-110.3414,31.2394],[-110.3431,31.2528],[-110.3603,31.2649],[-110.3218,31.2854],[-110.3373,31.3066],[-110.3393,31.3334]]]},"properties":{"CVE_ENT":"26","CVE_MUN":"059","CVEGEO":"26059","NOMGEO":"Santa Cruz"}},
{"type":"Feature","geometry":{"type":"Polygon","coordinates":[[[-111.2139,31.3771],[-111.4715,31.4598],[-111.6567,31.5186],[-111.6571,31.4397],[-111.6789,31.4406],[-111.6754,31.3739],[-111.6817,31.3408],[-111.6758,31.3353],[-111.6981,31.27],[-111.6125,31.2807],[-111.6178,31.2569],[-111.5247,31.2377],[-111.5355,31.1985],[-111.5437,31.1563],[-111.517,31.1478],[-111.4918,31.1602],[-111.4848,31.1446],[-111.5216,31.1241],[-111.498,31.1044],[-111.4888,31.1069],[-111.485,31.1329],[-111.454,31.136],[-111.4222,31.0827],[-111.3967,31.0645],[-111.4342,31.0228],[-111.4148,31.0144],[-111.4197,30.9944],[-111.4088,30.9875],[-111.4001,30.969],[-111.3323,30.9685],[-111.3334,31.0525],[-111.2716,31.0407],[-111.264,31.0712],[-111.3332,31.0771],[-111.3279,31.1131],[-111.2894,31.1129],[-111.3033,31.1274],[-111.2845,31.1388],[-111.2428,31.0957],[-111.2298,31.1106],[-111.2651,31.1482],[-111.2536,31.156],[-111.2625,31.1908],[-111.3176,31.1782],[-111.3327,31.2333],[-111.3358,31.2568],[-111.3492,31.2586],[-111.3568,31.2795],[-111.3165,31.2804],[-111.3123,31.2989],[-111.2952,31.3219],[-111.2846,31.314],[-111.2493,31.3229],[-111.2139,31.3234],[-111.2139,31.3771]]]},"properties":{"CVE_ENT":"26","CVE_MUN":"060","CVEGEO":"26060","NOMGEO":"Sáric"}},
{"type":"Feature","geometry":{"type":"Polygon","coordinates":[[[-110.0666,29.8424],[-110.1026,29.8439],[-110.1017,29.8771],[-110.167,29.8727],[-110.1753,29.8452],[-110.2268,29.8542],[-110.2316,29.8417],[-110.2492,29.8513],[-110.374,29.8347],[-110.3706,29.8248],[-110.3937,29.8194],[-110.397,29.7971],[-110.4269,29.7792],[-110.3578,29.7865],[-110.3309,29.7062],[-110.326,29.6915],[-110.1944,29.7576],[-110.1087,29.7962],[-110.0838,29.7758],[-110.077,29.7551],[-110.0344,29.7581],[-110.0135,29.7506],[-110.0061,29.78],[-110.0392,29.7795],[-110.0666,29.8424]]]},"properties":{"CVE_ENT":"26","CVE_MUN":"001","CVEGEO":"26001","NOMGEO":"Aconchi"}},
{"type":"Feature","geometry":{"type":"Polygon","coordinates":[[[-109.2035,27.3081],[-109.2179,27.2968],[-109.2427,27.3127],[-109.2758,27.3089],[-109.3052,27.313],[-109.3038,27.3508],[-109.3127,27.3742],[-109.3378,27.3736],[-109.3269,27.3964],[-109.3568,27.4308],[-109.3846,27.4222],[-109.3766,27.3938],[-109.4175,27.3882],[-109.4259,27.3782],[-109.4253,27.3486],[-109.4481,27.3417],[-109.4617,27.3114],[-109.5075,27.324],[-109.513,27.3687],[-109.5704,27.3682],[-109.57,27.3418],[-109.5879,27.3354],[-109.6693,27.3608],[-109.6899,27.375],[-109.6528,27.3893],[-109.6523,27.3993],[-109.6929,27.4019],[-109.7076,27.4151],[-109.7365,27.3984],[-109.7143,27.3782],[-109.7263,27.3731],[-109.7694,27.3787],[-109.7786,27.3531],[-109.8186,27.3533],[-109.8187,27.3154],[-109.8047,27.3153],[-109.8048,27.2995],[-109.7931,27.2744],[-109.8042,27.2658],[-109.8201,27.2262],[-109.7632,27.2262],[-109.744,27.2224],[-109.7076,27.2399],[-109.6837,27.2354],[-109.6727,27.2247],[-109.6391,27.1801],[-109.6129,27.1634],[-109.5817,27.164],[-109.5817,27.1007],[-109.5656,27.0887],[-109.5502,27.0681],[-109.5454,27.0528],[-109.5516,27.0172],[-109.539,27.0173],[-109.5388,26.9989],[-109.5594,26.9988],[-109.5595,26.9839],[-109.549,26.9715],[-109.5186,26.9715],[-109.4986,26.9624],[-109.4987,26.9027],[-109.5302,26.9011],[-109.53,26.8623],[-109.5751,26.8622],[-109.5915,26.8666],[-109.5914,26.848],[-109.5464,26.848],[-109.5464,26.8387],[-109.4663,26.8388],[-109.4661,26.8262],[-109.3892,26.8261],[-109.3893,26.8039],[-109.3498,26.8051],[-109.341,26.7894],[-109.289,26.7271],[-109.2689,26.7061],[-109.1974,26.6235],[-109.1206,26.6713],[-109.1033,26.6679],[-109.0659,26.7321],[-109.0655,26.7497],[-109.0766,26.7706],[-109.1056,26.7756],[-109.104,26.798],[-109.1527,26.8056],[-109.1569,26.8225],[-109.1005,26.8589],[-109.1012,26.8726],[-109.123,26.8642],[-109.1476,26.8627],[-109.149,26.8834],[-109.1668,26.8835],[-109.1909,26.8959],[-109.1985,26.9086],[-109.2126,26.8995],[-109.2208,26.9229],[-109.249,26.9118],[-109.2401,26.9498],[-109.2509,26.9786],[-109.236,26.9955],[-109.2396,27.0138],[-109.254,27.0283],[-109.2552,27.042],[-109.2334,27.0503],[-109.2494,27.0782],[-109.2384,27.0895],[-109.2493,27.1037],[-109.2344,27.1127],[-109.2597,27.1453],[-109.2596,27.1817],[-109.2378,27.1985],[-109.228,27.1769],[-109.1668,27.1765],[-109.1668,27.213],[-109.1375,27.2158],[-109.165,27.2572],[-109.1951,27.2797],[-109.1923,27.2968],[-109.2035,27.3081]]]},"properties":{"CVE_ENT":"26","CVE_MUN":"042","CVEGEO":"26042","NOMGEO":"Navojoa"}},
{"type":"Feature","geometry":{"type":"Polygon","coordinates":[[[-109.2074,30.4151],[-109.2218,30.4209],[-109.2214,30.4349],[-109.2675,30.4337],[-109.2853,30.4293],[-109.3376,30.4052],[-109.3721,30.4079],[-109.3672,30.4299],[-109.3841,30.4531],[-109.4106,30.479],[-109.4648,30.4199],[-109.4705,30.3591],[-109.4901,30.3472],[-109.5326,30.3462],[-109.5391,30.3325],[-109.5653,30.3193],[-109.5656,30.296],[-109.5466,30.2917],[-109.5331,30.3021],[-109.5333,30.2234],[-109.5403,30.2046],[-109.5203,30.1695],[-109.5808,30.1643],[-109.5757,30.1393],[-109.5561,30.1402],[-109.5443,30.1087],[-109.5032,30.1273],[-109.5047,30.0847],[-109.4811,30.1027],[-109.4635,30.1024],[-109.4456,30.0911],[-109.4193,30.0825],[-109.423,30.0563],[-109.3797,30.0607],[-109.3648,30.0374],[-109.3114,30.047],[-109.2895,30.0471],[-109.2852,30.0304],[-109.2268,30.0265],[-109.2051,30.0454],[-109.1756,30.0556],[-109.1655,30.1013],[-109.1226,30.0974],[-109.1025,30.1718],[-109.1372,30.1904],[-109.1632,30.2128],[-109.156,30.23],[-109.1892,30.2843],[-109.169,30.2927],[-109.1571,30.2851],[-109.1181,30.2998],[-109.1335,30.3224],[-109.1191,30.3445],[-109.1398,30.3504],[-109.1768,30.378],[-109.1973,30.3856],[-109.2067,30.377],[-109.226,30.3826],[-109.2256,30.3942],[-109.2074,30.4151]]]},"properties":{"CVE_ENT":"26","CVE_MUN":"067","CVEGEO":"26067","NOMGEO":"Villa Hidalgo"}},
{"type":"Feature","geometry":{"type":"Polygon","coordinates":[[[-109.66,28.3897],[-109.6915,28.3975],[-109.7008,28.407],[-109.7711,28.4045],[-109.7638,28.3716],[-109.748,28.334],[-109.7562,28.3192],[-109.7462,28.2943],[-109.7015,28.2825],[-109.6969,28.2713],[-109.7746,28.2557],[-109.7849,28.292],[-109.841,28.2844],[-109.858,28.2747],[-109.9111,28.2638],[-109.9111,28.2107],[-109.9449,28.2185],[-109.9507,28.2561],[-109.9865,28.2832],[-110.033,28.3002],[-110.047,28.3084],[-110.1003,28.3092],[-110.0957,28.2645],[-110.1429,28.2518],[-110.1245,28.1932],[-110.1327,28.131],[-110.0814,28.1052],[-110.0859,28.0942],[-110.117,28.0728],[-110.1059,28.0604],[-110.1175,28.0462],[-110.1396,28.0383],[-110.114,28.0137],[-110.0875,27.9796],[-110.0573,27.9504],[-110.0494,27.9241],[-110.052,27.9155],[-110.0761,27.9061],[-110.0742,27.8898],[-110.086,27.8774],[-110.0957,27.8524],[-110.1045,27.8148],[-110.1045,27.7692],[-110.1144,27.7602],[-110.1164,27.7316],[-110.1248,27.7114],[-110.102,27.711],[-110.0932,27.7024],[-110.076,27.7204],[-110.0441,27.721],[-110.0287,27.7074],[-110.014,27.6844],[-110.0229,27.6508],[-110.019,27.6278],[-110.0105,27.6191],[-110.0061,27.5991],[-110.0151,27.5849],[-110.0143,27.5195],[-110.0966,27.5191],[-110.1049,27.5007],[-110.1042,27.4648],[-110.0968,27.4648],[-110.0966,27.1897],[-110.0926,27.1761],[-110.0891,27.1025],[-110.0567,27.0808],[-110.0451,27.0844],[-110.016,27.0764],[-109.9672,27.0542],[-109.9563,27.0438],[-109.9417,27.018],[-109.9389,27.0228],[-109.9613,27.0541],[-109.9963,27.0747],[-109.9723,27.101],[-109.9734,27.1165],[-109.9531,27.1166],[-109.9529,27.1348],[-109.941,27.1348],[-109.9412,27.1532],[-109.9127,27.1533],[-109.9127,27.1449],[-109.8803,27.145],[-109.8618,27.1725],[-109.8508,27.1808],[-109.8509,27.1944],[-109.8304,27.2022],[-109.8201,27.2262],[-109.8042,27.2658],[-109.7931,27.2744],[-109.8048,27.2995],[-109.8047,27.3153],[-109.8187,27.3154],[-109.8186,27.3533],[-109.7786,27.3531],[-109.7694,27.3787],[-109.7263,27.3731],[-109.7143,27.3782],[-109.7365,27.3984],[-109.7534,27.4133],[-109.7264,27.4359],[-109.7261,27.443],[-109.7587,27.447],[-109.7624,27.4902],[-109.7262,27.5044],[-109.7379,27.5142],[-109.7609,27.5218],[-109.8138,27.5183],[-109.8062,27.5572],[-109.8107,27.5627],[-109.7697,27.5981],[-109.7716,27.6171],[-109.7372,27.6219],[-109.7429,27.6407],[-109.747,27.6825],[-109.7626,27.679],[-109.7794,27.7205],[-109.7571,27.736],[-109.7621,27.7433],[-109.7377,27.7573],[-109.7272,27.7745],[-109.7175,27.806],[-109.7021,27.8142],[-109.7075,27.8344],[-109.6869,27.8296],[-109.6795,27.8065],[-109.6545,27.7815],[-109.6624,27.8413],[-109.633,27.8434],[-109.6087,27.8552],[-109.5615,27.8518],[-109.5513,27.8711],[-109.5546,27.8803],[-109.5359,27.9087],[-109.5471,27.9169],[-109.553,27.9427],[-109.5662,27.9544],[-109.5571,27.9763],[-109.5698,28.007],[-109.5909,28.0108],[-109.6218,27.9975],[-109.6459,28.0023],[-109.6633,28.0284],[-109.6745,28.0752],[-109.6889,28.085],[-109.6838,28.1349],[-109.6259,28.1351],[-109.6273,28.1563],[-109.6147,28.1735],[-109.626,28.1888],[-109.6666,28.1895],[-109.666,28.2116],[-109.6557,28.215],[-109.6581,28.2433],[-109.6388,28.2407],[-109.6277,28.2548],[-109.6118,28.2626],[-109.5988,28.3113],[-109.6024,28.3289],[-109.6131,28.3386],[-109.592,28.3657],[-109.5751,28.3634],[-109.5702,28.3738],[-109.66,28.3897]]]},"properties":{"CVE_ENT":"26","CVE_MUN":"018","CVEGEO":"26018","NOMGEO":"Cajeme"}},
{"type":"Feature","geometry":{"type":"Polygon","coordinates":[[[-109.5443,30.1087],[-109.5561,30.1402],[-109.5757,30.1393],[-109.5808,30.1643],[-109.5203,30.1695],[-109.5403,30.2046],[-109.5333,30.2234],[-109.6379,30.2235],[-109.6331,30.2549],[-109.6325,30.2888],[-109.6458,30.2861],[-109.6585,30.3105],[-109.671,30.2868],[-109.6982,30.261],[-109.728,30.2659],[-109.7297,30.3201],[-109.7951,30.3155],[-109.8644,30.3116],[-109.9205,30.2189],[-109.9889,30.2085],[-110.0234,30.172],[-110.0562,30.1434],[-110.0227,30.1349],[-110.0131,30.1078],[-110.0135,30.0777],[-110.0627,30.0872],[-110.1033,30.0906],[-110.0925,30.056],[-110.0881,30.029],[-110.0673,29.994],[-110.0582,29.9496],[-110.0486,29.9161],[-110.0024,29.9073],[-110.0024,29.8614],[-109.9536,29.8433],[-109.9382,29.8429],[-109.936,29.8198],[-109.9145,29.8095],[-109.857,29.8148],[-109.8585,29.8532],[-109.8424,29.8733],[-109.7876,29.8817],[-109.7742,29.8685],[-109.7425,29.8712],[-109.6604,29.8731],[-109.6519,29.876],[-109.6526,29.8981],[-109.587,29.8964],[-109.5988,29.9298],[-109.5698,29.9548],[-109.5479,29.9927],[-109.6215,29.9755],[-109.6031,30.0174],[-109.6192,30.0399],[-109.5934,30.0646],[-109.5854,30.0806],[-109.5375,30.0876],[-109.5443,30.1087]]]},"properties":{"CVE_ENT":"26","CVE_MUN":"023","CVEGEO":"26023","NOMGEO":"Cumpas"}},
{"type":"Feature","geometry":{"type":"Polygon","coordinates":[[[-111.4903,30.6945],[-111.4191,30.7371],[-111.432,30.7649],[-111.443,30.7582],[-111.4658,30.7814],[-111.4577,30.8037],[-111.4717,30.8255],[-111.4446,30.8423],[-111.522,30.8416],[-111.5405,30.9217],[-111.5735,30.9492],[-111.5715,30.9568],[-111.6115,30.9639],[-111.5961,30.8891],[-111.6357,30.8859],[-111.6353,30.8232],[-111.651,30.7993],[-111.6308,30.8027],[-111.6023,30.758],[-111.5879,30.7467],[-111.5521,30.7461],[-111.5584,30.7303],[-111.5073,30.7316],[-111.4903,30.6945]]]},"properties":{"CVE_ENT":"26","CVE_MUN":"007","CVEGEO":"26007","NOMGEO":"Atil"}},
{"type":"Feature","geometry":{"type":"Polygon","coordinates":[[[-109.2325,29.8147],[-109.2622,29.8634],[-109.2803,29.8707],[-109.3766,29.8741],[-109.3811,29.8588],[-109.3767,29.8399],[-109.4039,29.8088],[-109.4,29.7898],[-109.4104,29.7703],[-109.4329,29.7476],[-109.3973,29.7384],[-109.4053,29.709],[-109.3838,29.6992],[-109.3653,29.7015],[-109.3461,29.6643],[-109.3157,29.6604],[-109.2699,29.6282],[-109.2316,29.642],[-109.2329,29.6807],[-109.2581,29.7502],[-109.1949,29.7671],[-109.1959,29.7737],[-109.2326,29.7993],[-109.2325,29.8147]]]},"properties":{"CVE_ENT":"26","CVE_MUN":"028","CVEGEO":"26028","NOMGEO":"Granados"}},
{"type":"Feature","geometry":{"type":"Polygon","coordinates":[[[-109.2718,28.8683],[-109.2433,28.8246],[-109.2286,28.819],[-109.1698,28.8263],[-109.1147,28.8414],[-109.1058,28.8321],[-109.0646,28.7657],[-109.0433,28.7424],[-109.0369,28.7562],[-108.9942,28.7621],[-108.9897,28.7723],[-108.9537,28.77],[-108.9454,28.7756],[-108.9099,28.7663],[-108.8726,28.7642],[-108.8811,28.7952],[-108.8544,28.8261],[-108.8563,28.8582],[-108.8465,28.8643],[-108.8491,28.8807],[-108.8421,28.8985],[-108.8515,28.9319],[-108.879,28.957],[-108.8911,28.9426],[-108.93,28.9374],[-108.9476,28.9393],[-108.9683,28.9498],[-108.9723,28.9608],[-109.014,28.9737],[-109.0084,28.9523],[-109.0861,28.9446],[-109.1009,28.9712],[-109.1348,28.9634],[-109.1399,28.972],[-109.2546,28.9472],[-109.2981,28.9393],[-109.2757,28.8941],[-109.2718,28.8683]]]},"properties":{"CVE_ENT":"26","CVE_MUN":"005","CVEGEO":"26005","NOMGEO":"Arivechi"}},
{"type":"Feature","geometry":{"type":"Polygon","coordinates":[[[-108.7399,27.6],[-108.7542,27.6367],[-108.7493,27.6647],[-108.7626,27.676],[-108.766,27.7058],[-108.817,27.7322],[-108.833,27.7443],[-108.8955,27.7448],[-108.9151,27.7757],[-108.9195,27.7564],[-108.8992,27.7191],[-108.9018,27.7094],[-108.9494,27.7132],[-108.9492,27.6937],[-108.9421,27.6476],[-108.9583,27.6424],[-108.9604,27.6203],[-108.9825,27.5967],[-108.9534,27.5877],[-108.9533,27.5719],[-108.9678,27.5658],[-108.9402,27.5319],[-108.9521,27.5276],[-108.9447,27.4916],[-108.9518,27.4703],[-108.9695,27.4707],[-108.9734,27.4568],[-108.9955,27.4618],[-109.0056,27.4487],[-109.0018,27.4381],[-109.0123,27.4033],[-109.0234,27.3843],[-109.0427,27.3744],[-109.0271,27.3344],[-109.043,27.3198],[-109.0616,27.3296],[-109.0725,27.3496],[-109.0927,27.3656],[-109.1054,27.3647],[-109.1399,27.3475],[-109.1328,27.3366],[-109.145,27.3278],[-109.1541,27.34],[-109.1851,27.3239],[-109.2035,27.3081],[-109.1923,27.2968],[-109.1951,27.2797],[-109.165,27.2572],[-109.1375,27.2158],[-109.1668,27.213],[-109.1668,27.1765],[-109.228,27.1769],[-109.2378,27.1985],[-109.2596,27.1817],[-109.2597,27.1453],[-109.2344,27.1127],[-109.2493,27.1037],[-109.2384,27.0895],[-109.2494,27.0782],[-109.2334,27.0503],[-109.2552,27.042],[-109.254,27.0283],[-109.2396,27.0138],[-109.236,26.9955],[-109.2509,26.9786],[-109.2401,26.9498],[-109.249,26.9118],[-109.2208,26.9229],[-109.2126,26.8995],[-109.1985,26.9086],[-109.1909,26.8959],[-109.1668,26.8835],[-109.149,26.8834],[-109.1476,26.8627],[-109.123,26.8642],[-109.1012,26.8726],[-109.1005,26.8589],[-109.1569,26.8225],[-109.1527,26.8056],[-109.104,26.798],[-109.1056,26.7756],[-109.0766,26.7706],[-109.0655,26.7497],[-109.0659,26.7321],[-109.1033,26.6679],[-109.1067,26.6567],[-109.094,26.6388],[-109.1033,26.6005],[-109.0963,26.5766],[-109.087,26.5795],[-109.0383,26.5476],[-109.0804,26.5349],[-109.0691,26.5067],[-109.0226,26.4409],[-109.0242,26.4257],[-109.0064,26.4024],[-109.0062,26.4025],[-109.0041,26.4001],[-109.0036,26.4001],[-108.9498,26.3922],[-108.9365,26.3902],[-108.9092,26.4166],[-108.8814,26.4063],[-108.8603,26.4328],[-108.8761,26.4476],[-108.8378,26.4769],[-108.8914,26.4899],[-108.8732,26.5511],[-108.8064,26.5706],[-108.7877,26.5653],[-108.7766,26.5801],[-108.7343,26.5936],[-108.7106,26.5871],[-108.6788,26.587],[-108.679,26.6429],[-108.6636,26.658],[-108.6577,26.6691],[-108.6304,26.6766],[-108.636,26.6905],[-108.6284,26.7184],[-108.601,26.7272],[-108.5942,26.7592],[-108.582,26.759],[-108.576,26.7778],[-108.5518,26.781],[-108.5369,26.7984],[-108.558,26.8192],[-108.5331,26.8444],[-108.5177,26.8815],[-108.467,26.9707],[-108.4243,26.9762],[-108.5025,26.9874],[-108.5518,26.9971],[-108.5722,27.0127],[-108.5625,27.046],[-108.6023,27.0369],[-108.6062,27.0636],[-108.597,27.0769],[-108.6007,27.119],[-108.6114,27.1541],[-108.6224,27.1569],[-108.6443,27.1788],[-108.6623,27.2182],[-108.6644,27.2394],[-108.6473,27.257],[-108.6256,27.2892],[-108.591,27.3181],[-108.6291,27.3829],[-108.6277,27.4106],[-108.6334,27.4281],[-108.6616,27.4647],[-108.6558,27.4773],[-108.6524,27.537],[-108.6553,27.5438],[-108.7128,27.5662],[-108.723,27.5881],[-108.7399,27.6]]]},"properties":{"CVE_ENT":"26","CVE_MUN":"003","CVEGEO":"26003","NOMGEO":"Álamos"}},
{"type":"Feature","geometry":{"type":"Polygon","coordinates":[[[-111.6567,31.5186],[-111.8461,31.5786],[-112.1197,31.6647],[-112.1162,31.6501],[-112.117,31.6142],[-112.1234,31.5983],[-112.15,31.5958],[-112.1825,31.5785],[-112.1833,31.5505],[-112.1157,31.4934],[-112.1918,31.4339],[-112.2092,31.4872],[-112.2173,31.4507],[-112.2446,31.4568],[-112.2387,31.4326],[-112.2627,31.4253],[-112.2523,31.3789],[-112.2425,31.3568],[-112.295,31.3482],[-112.294,31.3218],[-112.2729,31.3234],[-112.2391,31.3108],[-112.2141,31.2872],[-112.2076,31.2615],[-112.2666,31.2703],[-112.2771,31.227],[-112.2275,31.2162],[-112.2091,31.2001],[-112.1988,31.1997],[-112.214,31.1579],[-112.1333,31.1266],[-112.1663,31.0659],[-112.0969,31.0348],[-112.0791,31.0199],[-112.0677,30.997],[-112.0785,30.9786],[-112.0679,30.9739],[-112.112,30.9031],[-112.0704,30.8923],[-112.0594,30.8618],[-112.0593,30.8426],[-111.9665,30.8198],[-111.9783,30.798],[-112.0087,30.7772],[-112.0006,30.7565],[-111.9852,30.7444],[-111.9486,30.7491],[-111.9373,30.7289],[-111.938,30.6804],[-111.9156,30.6835],[-111.9161,30.6502],[-111.9481,30.6342],[-111.9093,30.6051],[-111.9048,30.5934],[-111.8699,30.5661],[-111.8569,30.5668],[-111.7975,30.5379],[-111.7496,30.5366],[-111.7218,30.5252],[-111.7189,30.5485],[-111.6935,30.555],[-111.6836,30.5944],[-111.7309,30.5903],[-111.737,30.6161],[-111.7624,30.6592],[-111.7571,30.6762],[-111.7778,30.6873],[-111.7723,30.7112],[-111.7864,30.7421],[-111.7679,30.7614],[-111.8023,30.767],[-111.8008,30.8096],[-111.7924,30.8661],[-111.6987,30.8888],[-111.7232,30.9948],[-111.7042,31.0174],[-111.6274,31.0623],[-111.6269,31.0881],[-111.6379,31.1237],[-111.6625,31.1268],[-111.6523,31.1433],[-111.6783,31.1591],[-111.7062,31.1555],[-111.6973,31.1787],[-111.6782,31.2468],[-111.6233,31.2358],[-111.6178,31.2569],[-111.6125,31.2807],[-111.6981,31.27],[-111.6758,31.3353],[-111.6817,31.3408],[-111.6754,31.3739],[-111.6789,31.4406],[-111.6571,31.4397],[-111.6567,31.5186]]]},"properties":{"CVE_ENT":"26","CVE_MUN":"004","CVEGEO":"26004","NOMGEO":"Altar"}},
{"type":"Feature","geometry":{"type":"Polygon","coordinates":[[[-108.8388,29.955],[-108.853,29.9844],[-108.8551,30.0418],[-108.8529,30.0491],[-108.8951,30.0492],[-108.8968,30.034],[-108.9768,30.0242],[-109,30.0237],[-109.0362,30.0302],[-109.0764,30.0507],[-109.0973,30.0535],[-109.1083,30.0418],[-109.1254,30.0434],[-109.1157,30.021],[-109.1408,30.0199],[-109.1381,30.0069],[-109.1766,30.009],[-109.1748,29.963],[-109.1775,29.9466],[-109.1979,29.9102],[-109.201,29.8929],[-109.2463,29.878],[-109.2236,29.8627],[-109.2184,29.847],[-109.2314,29.8368],[-109.2325,29.8147],[-109.2326,29.7993],[-109.1959,29.7737],[-109.1949,29.7671],[-109.2581,29.7502],[-109.2329,29.6807],[-109.2316,29.642],[-109.2403,29.6045],[-109.2396,29.5703],[-109.2259,29.5594],[-109.2385,29.5303],[-109.2164,29.5247],[-109.2054,29.5354],[-109.1853,29.5417],[-109.1691,29.5325],[-109.1523,29.5142],[-109.126,29.522],[-109.1249,29.5368],[-109.1481,29.5523],[-109.1461,29.5866],[-109.1512,29.6015],[-109.1743,29.6049],[-109.1857,29.6397],[-109.1811,29.6485],[-109.1786,29.7175],[-109.1538,29.6656],[-109.1248,29.669],[-109.1029,29.6612],[-109.0738,29.6671],[-109.0408,29.7575],[-109.0448,29.7792],[-109.0283,29.8018],[-108.999,29.8032],[-109.0003,29.8344],[-108.9959,29.8578],[-108.936,29.8925],[-108.9152,29.8952],[-108.8952,29.9219],[-108.8947,29.9426],[-108.8594,29.9585],[-108.8388,29.955]]]},"properties":{"CVE_ENT":"26","CVE_MUN":"008","CVEGEO":"26008","NOMGEO":"Bacadéhuachi"}},
{"type":"Feature","geometry":{"type":"Polygon","coordinates":[[[-109.3274,30.7088],[-109.3229,30.7139],[-109.3545,30.7676],[-109.3642,30.8412],[-109.4011,30.8582],[-109.3768,31.0138],[-109.3994,31.0177],[-109.4014,31.0332],[-109.3897,31.0825],[-109.4025,31.1001],[-109.4571,31.132],[-109.497,31.106],[-109.5073,31.0752],[-109.5085,31.0498],[-109.5388,31.0629],[-109.5985,31.0691],[-109.6377,31.0644],[-109.6545,31.0956],[-109.6843,31.0882],[-109.8377,31.0883],[-109.8389,31.0552],[-109.8618,31.0407],[-109.9223,31.002],[-109.9195,30.9773],[-109.9606,30.9743],[-109.9827,30.9583],[-110.0061,30.9599],[-110.017,30.9692],[-110.0339,30.9689],[-110.0315,30.9513],[-110.0103,30.9597],[-110.0061,30.9029],[-109.9781,30.8947],[-109.9677,30.8684],[-109.9066,30.8441],[-109.8824,30.8444],[-109.8655,30.8193],[-109.865,30.7665],[-109.8384,30.7483],[-109.8402,30.7079],[-109.8143,30.6905],[-109.8108,30.6631],[-109.7873,30.6344],[-109.8323,30.6256],[-109.8573,30.6287],[-109.8664,30.6112],[-109.7743,30.5798],[-109.7733,30.553],[-109.7563,30.5401],[-109.7452,30.5459],[-109.6446,30.5396],[-109.6401,30.5231],[-109.6068,30.5356],[-109.5685,30.5942],[-109.5549,30.6201],[-109.5457,30.6263],[-109.5191,30.6704],[-109.4457,30.6618],[-109.4336,30.69],[-109.424,30.7268],[-109.407,30.7373],[-109.3802,30.7135],[-109.3502,30.7064],[-109.3274,30.7088]]]},"properties":{"CVE_ENT":"26","CVE_MUN":"027","CVEGEO":"26027","NOMGEO":"Fronteras"}},
{"type":"Feature","geometry":{"type":"Polygon","coordinates":[[[-108.6106,30.0424],[-108.6776,30.0395],[-108.6956,30.0575],[-108.7026,30.0772],[-108.7249,30.086],[-108.7329,30.113],[-108.7292,30.1517],[-108.7687,30.1919],[-108.8018,30.2128],[-108.8058,30.24],[-108.8417,30.2407],[-108.8447,30.2567],[-108.8814,30.2367],[-108.9199,30.2459],[-108.9221,30.2657],[-108.9366,30.2733],[-108.9487,30.2628],[-108.9833,30.2682],[-108.9863,30.2561],[-109.0714,30.277],[-109.0654,30.2922],[-109.0879,30.3156],[-109.0953,30.333],[-109.1191,30.3445],[-109.1335,30.3224],[-109.1181,30.2998],[-109.1571,30.2851],[-109.169,30.2927],[-109.1892,30.2843],[-109.156,30.23],[-109.1632,30.2128],[-109.1372,30.1904],[-109.1025,30.1718],[-109.1226,30.0974],[-109.1655,30.1013],[-109.1756,30.0556],[-109.1413,30.0537],[-109.1254,30.0434],[-109.1083,30.0418],[-109.0973,30.0535],[-109.0764,30.0507],[-109.0362,30.0302],[-109,30.0237],[-108.9768,30.0242],[-108.8968,30.034],[-108.8951,30.0492],[-108.8529,30.0491],[-108.8551,30.0418],[-108.853,29.9844],[-108.8388,29.955],[-108.7933,29.9639],[-108.7214,29.9469],[-108.7015,29.9492],[-108.68,29.9583],[-108.6285,29.9534],[-108.6155,29.9659],[-108.6069,30.0286],[-108.6106,30.0424]]]},"properties":{"CVE_ENT":"26","CVE_MUN":"031","CVEGEO":"26031","NOMGEO":"Huachinera"}},
{"type":"Feature","geometry":{"type":"Polygon","coordinates":[[[-110.2439,30.7155],[-110.2539,30.7269],[-110.1975,30.7479],[-110.2004,30.7654],[-110.4441,30.7704],[-110.4134,30.7269],[-110.4373,30.7263],[-110.4466,30.6942],[-110.4703,30.7019],[-110.4689,30.6548],[-110.4718,30.6431],[-110.4477,30.6342],[-110.4524,30.6235],[-110.4368,30.6077],[-110.4579,30.5982],[-110.4881,30.5763],[-110.4899,30.5586],[-110.4789,30.5498],[-110.4713,30.5303],[-110.4165,30.4934],[-110.4067,30.476],[-110.4279,30.4221],[-110.4064,30.4275],[-110.4041,30.4077],[-110.4124,30.392],[-110.4096,30.3692],[-110.4338,30.3708],[-110.4116,30.3333],[-110.4856,30.3047],[-110.4673,30.2666],[-110.49,30.2494],[-110.4793,30.2202],[-110.4051,30.2085],[-110.4489,30.1865],[-110.3953,30.1447],[-110.3815,30.1404],[-110.3817,30.1222],[-110.2568,30.1113],[-110.1883,30.1193],[-110.1878,30.1429],[-110.1516,30.1707],[-110.1176,30.1799],[-110.0965,30.159],[-110.0797,30.1576],[-110.0727,30.1686],[-110.0562,30.1434],[-110.0234,30.172],[-109.9889,30.2085],[-109.9205,30.2189],[-109.8644,30.3116],[-109.7951,30.3155],[-109.7955,30.424],[-109.7372,30.4322],[-109.7402,30.4679],[-109.8537,30.4694],[-109.8644,30.4621],[-109.8704,30.5163],[-109.958,30.5171],[-109.9653,30.5124],[-110.0272,30.5208],[-110.0756,30.5306],[-110.091,30.5471],[-110.092,30.5727],[-110.121,30.575],[-110.136,30.5932],[-110.1936,30.6517],[-110.2149,30.6821],[-110.2439,30.7155]]]},"properties":{"CVE_ENT":"26","CVE_MUN":"006","CVEGEO":"26006","NOMGEO":"Arizpe"}},
{"type":"Feature","geometry":{"type":"Polygon","coordinates":[[[-111.3156,30.6158],[-111.4043,30.6139],[-111.5139,30.6072],[-111.5229,30.5691],[-111.5368,30.5594],[-111.5688,30.5664],[-111.5932,30.5364],[-111.6368,30.5223],[-111.6314,30.5428],[-111.6375,30.5549],[-111.6654,30.551],[-111.6935,30.555],[-111.7189,30.5485],[-111.7218,30.5252],[-111.7496,30.5366],[-111.7975,30.5379],[-111.8068,30.5293],[-111.8416,30.5352],[-111.8569,30.4568],[-111.8602,30.3931],[-111.864,30.3808],[-111.8951,30.3256],[-111.8968,30.2926],[-111.8356,30.2452],[-111.8364,30.2229],[-111.8514,30.2141],[-111.8547,30.1616],[-111.8296,30.1615],[-111.8024,30.1341],[-111.8085,30.0804],[-111.8047,30.0532],[-111.7771,30.0446],[-111.7782,30.0215],[-111.7451,30.0285],[-111.7352,30.0206],[-111.7079,30.0368],[-111.6978,30.0177],[-111.6649,29.9835],[-111.6617,29.9753],[-111.6336,29.9689],[-111.6213,29.9783],[-111.6438,30.0024],[-111.5597,29.9883],[-111.4664,29.9882],[-111.4973,30.026],[-111.5038,30.0549],[-111.4437,30.0547],[-111.3974,30.0356],[-111.3825,30.0416],[-111.4018,30.0792],[-111.3693,30.0929],[-111.3919,30.1056],[-111.3588,30.1745],[-111.3805,30.1722],[-111.3619,30.25],[-111.4284,30.2937],[-111.3831,30.3086],[-111.3761,30.362],[-111.3527,30.3669],[-111.3274,30.3516],[-111.2921,30.3225],[-111.2774,30.333],[-111.2879,30.3611],[-111.269,30.3734],[-111.2664,30.4153],[-111.2545,30.4185],[-111.2614,30.4335],[-111.2384,30.4478],[-111.2242,30.4664],[-111.2733,30.4887],[-111.2849,30.4837],[-111.3012,30.5048],[-111.2987,30.5247],[-111.2782,30.5612],[-111.3052,30.5787],[-111.333,30.5877],[-111.3156,30.6158]]]},"properties":{"CVE_ENT":"26","CVE_MUN":"064","CVEGEO":"26064","NOMGEO":"Trincheras"}},
{"type":"Feature","geometry":{"type":"Polygon","coordinates":[[[-109.8661,28.5134],[-109.9012,28.5189],[-109.8934,28.563],[-109.9102,28.5478],[-109.9756,28.5441],[-109.9848,28.4854],[-109.9916,28.4801],[-110.0362,28.4763],[-110.0407,28.4603],[-110.0575,28.4644],[-110.0647,28.4503],[-110.0537,28.4179],[-110.068,28.4128],[-110.0629,28.3907],[-110.0697,28.3724],[-110.1114,28.3527],[-110.1003,28.3092],[-110.047,28.3084],[-110.033,28.3002],[-109.9865,28.2832],[-109.9507,28.2561],[-109.9449,28.2185],[-109.9111,28.2107],[-109.9111,28.2638],[-109.858,28.2747],[-109.841,28.2844],[-109.7849,28.292],[-109.7746,28.2557],[-109.6969,28.2713],[-109.7015,28.2825],[-109.7462,28.2943],[-109.7562,28.3192],[-109.748,28.334],[-109.7638,28.3716],[-109.7711,28.4045],[-109.7008,28.407],[-109.6915,28.3975],[-109.66,28.3897],[-109.6273,28.5105],[-109.6502,28.524],[-109.6555,28.5082],[-109.6466,28.4983],[-109.659,28.483],[-109.6741,28.4785],[-109.6943,28.4632],[-109.704,28.473],[-109.7183,28.459],[-109.7325,28.4635],[-109.7795,28.5106],[-109.8114,28.5057],[-109.8163,28.495],[-109.8384,28.504],[-109.8556,28.4814],[-109.8735,28.4798],[-109.8661,28.5134]]]},"properties":{"CVE_ENT":"26","CVE_MUN":"062","CVEGEO":"26062","NOMGEO":"Suaqui Grande"}},
{"type":"Feature","geometry":{"type":"Polygon","coordinates":[[[-109.2385,29.5303],[-109.2499,29.5321],[-109.2879,29.5232],[-109.3238,29.5454],[-109.3559,29.5244],[-109.3437,29.5134],[-109.334,29.4553],[-109.3533,29.4413],[-109.3503,29.4227],[-109.3802,29.4063],[-109.3819,29.387],[-109.4059,29.4004],[-109.4256,29.3871],[-109.4321,29.3603],[-109.427,29.3451],[-109.4393,29.3405],[-109.4763,29.3445],[-109.4788,29.3198],[-109.4837,29.2729],[-109.4706,29.2696],[-109.455,29.2821],[-109.4407,29.2846],[-109.4276,29.2737],[-109.3602,29.3277],[-109.3407,29.3293],[-109.304,29.2892],[-109.2587,29.2124],[-109.2735,29.2099],[-109.2793,29.1888],[-109.2701,29.1731],[-109.2678,29.1446],[-109.258,29.1294],[-109.3466,29.0977],[-109.3085,29.0231],[-109.2993,28.9977],[-109.3142,28.9997],[-109.3182,28.954],[-109.3142,28.9364],[-109.2981,28.9393],[-109.2546,28.9472],[-109.1399,28.972],[-109.1348,28.9634],[-109.1009,28.9712],[-109.0861,28.9446],[-109.0084,28.9523],[-109.014,28.9737],[-108.9723,28.9608],[-108.9683,28.9498],[-108.9476,28.9393],[-108.93,28.9374],[-108.8911,28.9426],[-108.879,28.957],[-108.8515,28.9319],[-108.8421,28.8985],[-108.8491,28.8807],[-108.8465,28.8643],[-108.8563,28.8582],[-108.8544,28.8261],[-108.8811,28.7952],[-108.8726,28.7642],[-108.9099,28.7663],[-108.9454,28.7756],[-108.9537,28.77],[-108.9897,28.7723],[-108.9942,28.7621],[-109.0369,28.7562],[-109.0433,28.7424],[-109.0646,28.7657],[-109.1058,28.8321],[-109.1147,28.8414],[-109.1698,28.8263],[-109.2286,28.819],[-109.2433,28.8246],[-109.2718,28.8683],[-109.3134,28.8253],[-109.3174,28.8041],[-109.2926,28.8002],[-109.2686,28.7521],[-109.2596,28.743],[-109.2783,28.7167],[-109.2615,28.6928],[-109.2456,28.6867],[-109.2404,28.6634],[-109.2252,28.6509],[-109.2292,28.6353],[-109.1908,28.6296],[-109.1764,28.6237],[-109.1646,28.6415],[-109.14,28.6449],[-109.1378,28.604],[-109.0813,28.6064],[-109.0734,28.5922],[-109.0562,28.5886],[-109.0502,28.5981],[-109.0166,28.596],[-108.9961,28.5677],[-108.9679,28.5618],[-108.9225,28.5879],[-108.9132,28.5677],[-108.8964,28.5532],[-108.8699,28.5489],[-108.882,28.5728],[-108.8819,28.5947],[-108.8536,28.5982],[-108.8352,28.5912],[-108.8128,28.5738],[-108.8133,28.5464],[-108.7995,28.5426],[-108.7876,28.5235],[-108.759,28.5137],[-108.7454,28.5146],[-108.7201,28.5047],[-108.7032,28.4926],[-108.6815,28.5041],[-108.6472,28.5023],[-108.6387,28.506],[-108.6238,28.5385],[-108.6138,28.5353],[-108.5865,28.5467],[-108.5516,28.5778],[-108.5619,28.5923],[-108.5644,28.6127],[-108.5802,28.6324],[-108.5839,28.6659],[-108.5838,28.7163],[-108.5838,28.7401],[-108.6207,28.7503],[-108.6433,28.7651],[-108.6456,28.7947],[-108.6244,28.8001],[-108.6296,28.8117],[-108.6578,28.8092],[-108.6812,28.8548],[-108.6871,28.8757],[-108.7068,28.8843],[-108.7063,28.9036],[-108.6981,28.9363],[-108.7244,29.0699],[-108.7115,29.0874],[-108.7296,29.0965],[-108.6985,29.1277],[-108.7095,29.1491],[-108.7289,29.1718],[-108.7452,29.1722],[-108.7539,29.2001],[-108.7398,29.2008],[-108.7354,29.2177],[-108.7501,29.2567],[-108.7303,29.2691],[-108.7442,29.2767],[-108.7445,29.3126],[-108.778,29.296],[-108.7943,29.2965],[-108.8354,29.3141],[-108.8824,29.3672],[-108.8824,29.3782],[-108.9185,29.391],[-108.9264,29.3793],[-108.9473,29.3781],[-108.9504,29.3693],[-108.9968,29.375],[-109.0079,29.3658],[-109.0257,29.3746],[-109.0453,29.4046],[-109.0658,29.4028],[-109.0947,29.4284],[-109.097,29.4445],[-109.124,29.4519],[-109.1481,29.4844],[-109.1523,29.5142],[-109.1691,29.5325],[-109.1853,29.5417],[-109.2054,29.5354],[-109.2164,29.5247],[-109.2385,29.5303]]]},"properties":{"CVE_ENT":"26","CVE_MUN":"052","CVEGEO":"26052","NOMGEO":"Sahuaripa"}},
{"type":"Feature","geometry":{"type":"Polygon","coordinates":[[[-109.3645,28.3492],[-109.3842,28.3496],[-109.4555,28.3407],[-109.4593,28.3619],[-109.4698,28.3849],[-109.5089,28.3943],[-109.5414,28.4062],[-109.5714,28.3909],[-109.5702,28.3738],[-109.5751,28.3634],[-109.592,28.3657],[-109.6131,28.3386],[-109.6024,28.3289],[-109.5988,28.3113],[-109.6118,28.2626],[-109.6277,28.2548],[-109.6388,28.2407],[-109.6581,28.2433],[-109.6557,28.215],[-109.666,28.2116],[-109.6666,28.1895],[-109.626,28.1888],[-109.6147,28.1735],[-109.6273,28.1563],[-109.6259,28.1351],[-109.6838,28.1349],[-109.6889,28.085],[-109.6745,28.0752],[-109.6633,28.0284],[-109.6459,28.0023],[-109.6218,27.9975],[-109.5909,28.0108],[-109.5698,28.007],[-109.5571,27.9763],[-109.5662,27.9544],[-109.553,27.9427],[-109.5471,27.9169],[-109.5359,27.9087],[-109.5546,27.8803],[-109.4906,27.8861],[-109.4771,27.866],[-109.4708,27.8315],[-109.4436,27.81],[-109.4143,27.8],[-109.429,27.7886],[-109.3978,27.7672],[-109.4026,27.7572],[-109.3893,27.7175],[-109.3751,27.6923],[-109.3264,27.6968],[-109.2876,27.6815],[-109.2779,27.7273],[-109.2497,27.7101],[-109.2357,27.6899],[-109.1969,27.7102],[-109.1776,27.781],[-109.1862,27.8023],[-109.1531,27.8263],[-109.1338,27.8013],[-109.1254,27.7818],[-109.1304,27.753],[-109.1218,27.7372],[-109.0977,27.7369],[-109.095,27.7469],[-109.0491,27.7724],[-109.0452,27.7536],[-109.0288,27.7375],[-109.0076,27.75],[-108.9861,27.8023],[-108.9737,27.8086],[-108.97,27.834],[-108.9461,27.8286],[-108.9441,27.8442],[-108.9197,27.8405],[-108.9198,27.8709],[-108.9245,27.9009],[-108.9265,27.9406],[-108.9503,27.954],[-108.9637,27.9725],[-108.9784,27.9788],[-108.9917,27.98],[-109.0164,28.008],[-109.0319,28.0183],[-109.0518,28.0991],[-109.068,28.129],[-109.0717,28.1503],[-109.0658,28.1826],[-109.1078,28.2011],[-109.1043,28.2084],[-109.1216,28.2312],[-109.1388,28.2434],[-109.1617,28.2295],[-109.1833,28.2486],[-109.1945,28.2356],[-109.2214,28.2366],[-109.2316,28.25],[-109.2506,28.2532],[-109.2669,28.244],[-109.2846,28.2489],[-109.3171,28.3302],[-109.3531,28.3501],[-109.3645,28.3492]]]},"properties":{"CVE_ENT":"26","CVE_MUN":"051","CVEGEO":"26051","NOMGEO":"Rosario"}},
{"type":"Feature","geometry":{"type":"Polygon","coordinates":[[[-108.6648,30.4682],[-108.6889,30.4436],[-108.7413,30.4599],[-108.8493,30.4585],[-108.8507,30.4514],[-108.8832,30.4513],[-108.8889,30.4043],[-108.9283,30.4126],[-108.9276,30.4317],[-108.9466,30.435],[-108.9557,30.4096],[-109.0417,30.431],[-109.0856,30.424],[-109.0936,30.4321],[-109.1227,30.4436],[-109.1444,30.4423],[-109.1555,30.4505],[-109.1706,30.4413],[-109.173,30.395],[-109.2074,30.4151],[-109.2256,30.3942],[-109.226,30.3826],[-109.2067,30.377],[-109.1973,30.3856],[-109.1768,30.378],[-109.1398,30.3504],[-109.1191,30.3445],[-109.0953,30.333],[-109.0879,30.3156],[-109.0654,30.2922],[-109.0714,30.277],[-108.9863,30.2561],[-108.9833,30.2682],[-108.9487,30.2628],[-108.9366,30.2733],[-108.9221,30.2657],[-108.9199,30.2459],[-108.8814,30.2367],[-108.8447,30.2567],[-108.8417,30.2407],[-108.8058,30.24],[-108.8018,30.2128],[-108.7687,30.1919],[-108.7292,30.1517],[-108.7329,30.113],[-108.7249,30.086],[-108.7026,30.0772],[-108.6956,30.0575],[-108.6776,30.0395],[-108.6106,30.0424],[-108.6147,30.0578],[-108.6117,30.1023],[-108.6176,30.236],[-108.6202,30.2982],[-108.586,30.2861],[-108.565,30.2697],[-108.5505,30.2666],[-108.5422,30.2835],[-108.5658,30.3082],[-108.58,30.3375],[-108.6221,30.3403],[-108.6198,30.3748],[-108.6487,30.4169],[-108.6136,30.4357],[-108.6038,30.4651],[-108.6648,30.4682]]]},"properties":{"CVE_ENT":"26","CVE_MUN":"010","CVEGEO":"26010","NOMGEO":"Bacerac"}},
{"type":"Feature","geometry":{"type":"Polygon","coordinates":[[[-109.7563,30.5401],[-109.7733,30.553],[-109.7743,30.5798],[-109.8664,30.6112],[-109.8573,30.6287],[-109.8323,30.6256],[-109.7873,30.6344],[-109.8108,30.6631],[-109.8143,30.6905],[-109.8402,30.7079],[-109.8384,30.7483],[-109.865,30.7665],[-109.8655,30.8193],[-109.8824,30.8444],[-109.9066,30.8441],[-109.9677,30.8684],[-109.9781,30.8947],[-110.1346,30.8011],[-110.1317,30.7693],[-110.1651,30.7651],[-110.1756,30.7352],[-110.1908,30.7256],[-110.2439,30.7155],[-110.2149,30.6821],[-110.1936,30.6517],[-110.136,30.5932],[-110.121,30.575],[-110.092,30.5727],[-110.091,30.5471],[-110.0756,30.5306],[-110.0272,30.5208],[-109.9653,30.5124],[-109.958,30.5171],[-109.8704,30.5163],[-109.8644,30.4621],[-109.8537,30.4694],[-109.7402,30.4679],[-109.7563,30.5401]]]},"properties":{"CVE_ENT":"26","CVE_MUN":"011","CVEGEO":"26011","NOMGEO":"Bacoachi"}},
{"type":"Feature","geometry":{"type":"Polygon","coordinates":[[[-109.8618,31.0407],[-109.8909,31.0975],[-109.9082,31.1088],[-109.9439,31.0991],[-109.9473,31.117],[-109.9439,31.1488],[-109.9665,31.1581],[-110.0019,31.1563],[-110.0631,31.1466],[-110.0973,31.1446],[-110.0975,31.2036],[-110.1416,31.1965],[-110.1775,31.1999],[-110.2181,31.2091],[-110.2201,31.2182],[-110.2527,31.2196],[-110.2745,31.2466],[-110.2945,31.252],[-110.3431,31.2528],[-110.3414,31.2394],[-110.3554,31.2329],[-110.3547,31.2191],[-110.3712,31.2046],[-110.3709,31.1905],[-110.4024,31.1888],[-110.4218,31.1126],[-110.4062,31.0848],[-110.4872,31.0698],[-110.5151,31.0348],[-110.5092,30.9878],[-110.5402,30.9723],[-110.5198,30.9211],[-110.5085,30.9175],[-110.5377,30.8302],[-110.5273,30.8286],[-110.5402,30.7836],[-110.5162,30.781],[-110.5077,30.7997],[-110.4738,30.8122],[-110.4441,30.7704],[-110.2004,30.7654],[-110.1975,30.7479],[-110.2539,30.7269],[-110.2439,30.7155],[-110.1908,30.7256],[-110.1756,30.7352],[-110.1651,30.7651],[-110.1317,30.7693],[-110.1346,30.8011],[-109.9781,30.8947],[-110.0061,30.9029],[-110.0103,30.9597],[-110.0315,30.9513],[-110.0339,30.9689],[-110.017,30.9692],[-110.0061,30.9599],[-109.9827,30.9583],[-109.9606,30.9743],[-109.9195,30.9773],[-109.9223,31.002],[-109.8618,31.0407]]]},"properties":{"CVE_ENT":"26","CVE_MUN":"019","CVEGEO":"26019","NOMGEO":"Cananea"}},
{"type":"Feature","geometry":{"type":"Polygon","coordinates":[[[-109.5714,28.9868],[-109.5738,28.9954],[-109.597,29.0055],[-109.5945,29.0168],[-109.6345,29.0071],[-109.6429,29.0183],[-109.7064,29.0352],[-109.7349,29.0479],[-109.7485,29.0466],[-109.7664,29.0718],[-109.7873,29.0547],[-109.7899,29.0754],[-109.8047,29.0935],[-109.8215,29.1037],[-109.8521,29.1072],[-109.8657,29.0941],[-109.8816,29.0897],[-109.87,29.039],[-109.8833,29.0208],[-109.8484,28.9998],[-109.8485,28.9493],[-109.8405,28.9102],[-109.818,28.8843],[-109.8421,28.874],[-109.8267,28.841],[-109.8035,28.8511],[-109.7911,28.8255],[-109.8033,28.7848],[-109.7601,28.775],[-109.7908,28.7641],[-109.775,28.7443],[-109.7671,28.7467],[-109.7192,28.7269],[-109.701,28.724],[-109.6834,28.6956],[-109.6701,28.6844],[-109.678,28.6487],[-109.6739,28.6298],[-109.6308,28.5839],[-109.6257,28.5703],[-109.655,28.5606],[-109.6619,28.527],[-109.6502,28.524],[-109.6273,28.5105],[-109.6072,28.5466],[-109.5494,28.5497],[-109.5119,28.5554],[-109.4761,28.5562],[-109.4331,28.5736],[-109.4055,28.5234],[-109.3777,28.5186],[-109.3631,28.5113],[-109.3238,28.5117],[-109.2949,28.518],[-109.2957,28.5492],[-109.3105,28.5416],[-109.3395,28.5426],[-109.3433,28.5513],[-109.3371,28.5757],[-109.3532,28.5777],[-109.3553,28.5898],[-109.3345,28.5941],[-109.3432,28.6273],[-109.3756,28.6441],[-109.3674,28.6873],[-109.3562,28.7089],[-109.3514,28.734],[-109.3724,28.7292],[-109.419,28.7264],[-109.4353,28.7559],[-109.4361,28.7743],[-109.4164,28.8055],[-109.514,28.8188],[-109.5032,28.8335],[-109.5036,28.857],[-109.5342,28.8667],[-109.5109,28.8786],[-109.5291,28.8977],[-109.5468,28.8983],[-109.5641,28.9116],[-109.545,28.9227],[-109.5759,28.9384],[-109.5714,28.9868]]]},"properties":{"CVE_ENT":"26","CVE_MUN":"061","CVEGEO":"26061","NOMGEO":"Soyopa"}},
{"type":"Feature","geometry":{"type":"Polygon","coordinates":[[[-109.4053,29.709],[-109.4431,29.722],[-109.4983,29.7262],[-109.4702,29.6556],[-109.5239,29.604],[-109.5031,29.5555],[-109.4522,29.5708],[-109.4143,29.5617],[-109.4056,29.568],[-109.3559,29.5244],[-109.3238,29.5454],[-109.2879,29.5232],[-109.2499,29.5321],[-109.2385,29.5303],[-109.2259,29.5594],[-109.2396,29.5703],[-109.2403,29.6045],[-109.2316,29.642],[-109.2699,29.6282],[-109.3157,29.6604],[-109.3461,29.6643],[-109.3653,29.7015],[-109.3838,29.6992],[-109.4053,29.709]]]},"properties":{"CVE_ENT":"26","CVE_MUN":"024","CVEGEO":"26024","NOMGEO":"Divisaderos"}},
{"type":"Feature","geometry":{"type":"Polygon","coordinates":[[[-108.9198,27.8709],[-108.9197,27.8405],[-108.9441,27.8442],[-108.9461,27.8286],[-108.97,27.834],[-108.9737,27.8086],[-108.9861,27.8023],[-109.0076,27.75],[-109.0288,27.7375],[-109.0452,27.7536],[-109.0491,27.7724],[-109.095,27.7469],[-109.0977,27.7369],[-109.1218,27.7372],[-109.1304,27.753],[-109.1254,27.7818],[-109.1338,27.8013],[-109.1531,27.8263],[-109.1862,27.8023],[-109.1776,27.781],[-109.1969,27.7102],[-109.2357,27.6899],[-109.2497,27.7101],[-109.2779,27.7273],[-109.2876,27.6815],[-109.3264,27.6968],[-109.3751,27.6923],[-109.3893,27.7175],[-109.4026,27.7572],[-109.3978,27.7672],[-109.429,27.7886],[-109.4143,27.8],[-109.4436,27.81],[-109.4708,27.8315],[-109.4771,27.866],[-109.4906,27.8861],[-109.5546,27.8803],[-109.5513,27.8711],[-109.5615,27.8518],[-109.6087,27.8552],[-109.633,27.8434],[-109.6624,27.8413],[-109.6545,27.7815],[-109.6795,27.8065],[-109.6869,27.8296],[-109.7075,27.8344],[-109.7021,27.8142],[-109.7175,27.806],[-109.7272,27.7745],[-109.7377,27.7573],[-109.7621,27.7433],[-109.7571,27.736],[-109.7794,27.7205],[-109.7626,27.679],[-109.747,27.6825],[-109.7429,27.6407],[-109.7372,27.6219],[-109.7716,27.6171],[-109.7697,27.5981],[-109.8107,27.5627],[-109.8062,27.5572],[-109.8138,27.5183],[-109.7609,27.5218],[-109.7379,27.5142],[-109.7262,27.5044],[-109.7624,27.4902],[-109.7587,27.447],[-109.7261,27.443],[-109.7264,27.4359],[-109.7534,27.4133],[-109.7365,27.3984],[-109.7076,27.4151],[-109.6929,27.4019],[-109.6523,27.3993],[-109.6528,27.3893],[-109.6899,27.375],[-109.6693,27.3608],[-109.5879,27.3354],[-109.57,27.3418],[-109.5704,27.3682],[-109.513,27.3687],[-109.5075,27.324],[-109.4617,27.3114],[-109.4481,27.3417],[-109.4253,27.3486],[-109.4259,27.3782],[-109.4175,27.3882],[-109.3766,27.3938],[-109.3846,27.4222],[-109.3568,27.4308],[-109.3269,27.3964],[-109.3378,27.3736],[-109.3127,27.3742],[-109.3038,27.3508],[-109.3052,27.313],[-109.2758,27.3089],[-109.2427,27.3127],[-109.2179,27.2968],[-109.2035,27.3081],[-109.1851,27.3239],[-109.1541,27.34],[-109.145,27.3278],[-109.1328,27.3366],[-109.1399,27.3475],[-109.1054,27.3647],[-109.0927,27.3656],[-109.0725,27.3496],[-109.0616,27.3296],[-109.043,27.3198],[-109.0271,27.3344],[-109.0427,27.3744],[-109.0234,27.3843],[-109.0123,27.4033],[-109.0018,27.4381],[-109.0056,27.4487],[-108.9955,27.4618],[-108.9734,27.4568],[-108.9695,27.4707],[-108.9518,27.4703],[-108.9447,27.4916],[-108.9521,27.5276],[-108.9402,27.5319],[-108.9678,27.5658],[-108.9533,27.5719],[-108.9534,27.5877],[-108.9825,27.5967],[-108.9604,27.6203],[-108.9583,27.6424],[-108.9421,27.6476],[-108.9492,27.6937],[-108.9494,27.7132],[-108.9018,27.7094],[-108.8992,27.7191],[-108.9195,27.7564],[-108.9151,27.7757],[-108.9203,27.784],[-108.9105,27.8091],[-108.8861,27.8137],[-108.8691,27.8393],[-108.9149,27.854],[-108.9198,27.8709]]]},"properties":{"CVE_ENT":"26","CVE_MUN":"049","CVEGEO":"26049","NOMGEO":"Quiriego"}},
{"type":"Feature","geometry":{"type":"Polygon","coordinates":[[[-109.3559,29.5244],[-109.4056,29.568],[-109.4143,29.5617],[-109.4522,29.5708],[-109.5031,29.5555],[-109.5239,29.604],[-109.4702,29.6556],[-109.6402,29.559],[-109.6515,29.5693],[-109.683,29.5706],[-109.6774,29.5558],[-109.6949,29.5532],[-109.7366,29.5188],[-109.7348,29.508],[-109.7162,29.4922],[-109.7105,29.452],[-109.6984,29.4391],[-109.6819,29.4404],[-109.6651,29.4284],[-109.6371,29.3871],[-109.624,29.3511],[-109.561,29.3681],[-109.5192,29.3577],[-109.5424,29.3282],[-109.5043,29.3295],[-109.4891,29.3155],[-109.4788,29.3198],[-109.4763,29.3445],[-109.4393,29.3405],[-109.427,29.3451],[-109.4321,29.3603],[-109.4256,29.3871],[-109.4059,29.4004],[-109.3819,29.387],[-109.3802,29.4063],[-109.3503,29.4227],[-109.3533,29.4413],[-109.334,29.4553],[-109.3437,29.5134],[-109.3559,29.5244]]]},"properties":{"CVE_ENT":"26","CVE_MUN":"063","CVEGEO":"26063","NOMGEO":"Tepache"}},
{"type":"Feature","geometry":{"type":"Polygon","coordinates":[[[-108.6285,29.9534],[-108.68,29.9583],[-108.7015,29.9492],[-108.7214,29.9469],[-108.7933,29.9639],[-108.8388,29.955],[-108.8594,29.9585],[-108.8947,29.9426],[-108.8952,29.9219],[-108.9152,29.8952],[-108.936,29.8925],[-108.9959,29.8578],[-109.0003,29.8344],[-108.999,29.8032],[-109.0283,29.8018],[-109.0448,29.7792],[-109.0408,29.7575],[-109.0738,29.6671],[-109.1029,29.6612],[-109.1248,29.669],[-109.1538,29.6656],[-109.1786,29.7175],[-109.1811,29.6485],[-109.1857,29.6397],[-109.1743,29.6049],[-109.1512,29.6015],[-109.1461,29.5866],[-109.1481,29.5523],[-109.1249,29.5368],[-109.126,29.522],[-109.1523,29.5142],[-109.1481,29.4844],[-109.124,29.4519],[-109.097,29.4445],[-109.0947,29.4284],[-109.0658,29.4028],[-109.0453,29.4046],[-109.0257,29.3746],[-109.0079,29.3658],[-108.9968,29.375],[-108.9504,29.3693],[-108.9473,29.3781],[-108.9264,29.3793],[-108.9185,29.391],[-108.8824,29.3782],[-108.8824,29.3672],[-108.8354,29.3141],[-108.7943,29.2965],[-108.778,29.296],[-108.7445,29.3126],[-108.7442,29.2767],[-108.7303,29.2691],[-108.6822,29.2674],[-108.6697,29.3074],[-108.7036,29.4085],[-108.7074,29.4395],[-108.7178,29.466],[-108.6943,29.4671],[-108.6896,29.484],[-108.644,29.4888],[-108.6252,29.501],[-108.6495,29.51],[-108.6623,29.5445],[-108.6383,29.5583],[-108.6595,29.584],[-108.6411,29.5889],[-108.6447,29.6275],[-108.655,29.6494],[-108.6183,29.6605],[-108.6452,29.692],[-108.6591,29.7161],[-108.5925,29.7176],[-108.5928,29.7284],[-108.5478,29.7374],[-108.535,29.7514],[-108.5413,29.7961],[-108.6017,29.7971],[-108.6294,29.8063],[-108.6348,29.8321],[-108.6072,29.8471],[-108.6217,29.8782],[-108.6158,29.8835],[-108.6188,29.9313],[-108.6285,29.9534]]]},"properties":{"CVE_ENT":"26","CVE_MUN":"040","CVEGEO":"26040","NOMGEO":"Nácori Chico"}},
{"type":"Feature","geometry":{"type":"Polygon","coordinates":[[[-109.3767,29.8399],[-109.4182,29.8398],[-109.4382,29.8468],[-109.4571,29.8632],[-109.4865,29.8648],[-109.4975,29.8812],[-109.4839,29.8971],[-109.5287,29.9487],[-109.5296,29.9681],[-109.551,29.9646],[-109.5698,29.9548],[-109.5988,29.9298],[-109.587,29.8964],[-109.6526,29.8981],[-109.6519,29.876],[-109.6604,29.8731],[-109.7425,29.8712],[-109.7742,29.8685],[-109.7876,29.8817],[-109.8424,29.8733],[-109.8585,29.8532],[-109.857,29.8148],[-109.9145,29.8095],[-109.936,29.8198],[-109.9382,29.8429],[-109.9536,29.8433],[-110.0024,29.8614],[-110.0666,29.8424],[-110.0392,29.7795],[-110.0061,29.78],[-110.0135,29.7506],[-109.9826,29.7518],[-109.9867,29.7276],[-109.9762,29.7155],[-109.954,29.721],[-109.9506,29.6968],[-109.9858,29.6927],[-109.9777,29.639],[-110.0023,29.6067],[-109.9949,29.5988],[-110.0009,29.5721],[-110.0133,29.565],[-109.993,29.5334],[-109.9695,29.5223],[-109.9496,29.5185],[-109.9585,29.5384],[-109.9381,29.5475],[-109.878,29.551],[-109.8697,29.5424],[-109.8522,29.551],[-109.8178,29.523],[-109.7787,29.5296],[-109.7811,29.5425],[-109.7593,29.5542],[-109.7516,29.545],[-109.7205,29.5553],[-109.6949,29.5532],[-109.6774,29.5558],[-109.683,29.5706],[-109.6515,29.5693],[-109.6402,29.559],[-109.4702,29.6556],[-109.4983,29.7262],[-109.4431,29.722],[-109.4053,29.709],[-109.3973,29.7384],[-109.4329,29.7476],[-109.4104,29.7703],[-109.4,29.7898],[-109.4039,29.8088],[-109.3767,29.8399]]]},"properties":{"CVE_ENT":"26","CVE_MUN":"038","CVEGEO":"26038","NOMGEO":"Moctezuma"}},
{"type":"Feature","geometry":{"type":"Polygon","coordinates":[[[-110.733,29.6638],[-110.7461,29.6534],[-110.7776,29.6747],[-110.8397,29.6664],[-110.8237,29.6397],[-110.8152,29.6084],[-110.8649,29.5681],[-110.8085,29.5519],[-110.817,29.52],[-110.8582,29.5353],[-110.8719,29.5288],[-110.9295,29.5258],[-110.9218,29.4932],[-110.9965,29.4748],[-110.9905,29.4481],[-111.044,29.4587],[-111.062,29.4036],[-111.016,29.4004],[-110.9807,29.4108],[-110.974,29.3784],[-111.0734,29.3758],[-111.0737,29.3481],[-111.0439,29.3556],[-111.0239,29.3298],[-111.024,29.3083],[-110.9548,29.3093],[-110.8859,29.308],[-110.8871,29.3276],[-110.8535,29.3333],[-110.8457,29.3507],[-110.832,29.3528],[-110.8205,29.3655],[-110.7715,29.3519],[-110.793,29.3149],[-110.7752,29.306],[-110.7402,29.2751],[-110.7372,29.2904],[-110.6849,29.3351],[-110.7106,29.3763],[-110.6317,29.3796],[-110.6161,29.4173],[-110.5986,29.4217],[-110.5683,29.4686],[-110.5983,29.46],[-110.5996,29.5181],[-110.6141,29.5666],[-110.6607,29.6326],[-110.6825,29.6461],[-110.6974,29.6443],[-110.733,29.6638]]]},"properties":{"CVE_ENT":"26","CVE_MUN":"056","CVEGEO":"26056","NOMGEO":"San Miguel de Horcasitas"}},
{"type":"Feature","geometry":{"type":"Polygon","coordinates":[[[-108.7559,31.3324],[-108.957,31.3322],[-109.3124,31.3342],[-109.5754,31.334],[-109.7465,31.3341],[-109.7237,31.257],[-109.6935,31.2757],[-109.689,31.25],[-109.6629,31.1421],[-109.6923,31.1291],[-109.6843,31.0882],[-109.6545,31.0956],[-109.6377,31.0644],[-109.5985,31.0691],[-109.5388,31.0629],[-109.5085,31.0498],[-109.5073,31.0752],[-109.497,31.106],[-109.4571,31.132],[-109.4025,31.1001],[-109.3897,31.0825],[-109.4014,31.0332],[-109.3994,31.0177],[-109.3768,31.0138],[-109.4011,30.8582],[-109.3642,30.8412],[-109.3545,30.7676],[-109.3229,30.7139],[-109.3274,30.7088],[-109.2992,30.7111],[-109.304,30.731],[-109.2919,30.7438],[-109.2715,30.7851],[-109.2421,30.8065],[-109.2262,30.8232],[-109.2066,30.8131],[-109.148,30.8155],[-109.1035,30.8008],[-109.1024,30.7263],[-109.0667,30.7302],[-109.0661,30.7981],[-109.0541,30.7978],[-109.0535,30.8884],[-108.931,30.8665],[-108.9392,30.9076],[-108.8024,30.9041],[-108.8033,31.0048],[-108.6838,31.006],[-108.6844,31.0337],[-108.7525,31.0338],[-108.7307,31.0517],[-108.7505,31.0698],[-108.7638,31.0724],[-108.77,31.1025],[-108.8333,31.1255],[-108.8456,31.1356],[-108.835,31.1693],[-108.805,31.193],[-108.8483,31.1951],[-108.8607,31.2189],[-108.9003,31.2025],[-108.9063,31.2133],[-108.8798,31.2388],[-108.8172,31.239],[-108.7559,31.3324]]]},"properties":{"CVE_ENT":"26","CVE_MUN":"002","CVEGEO":"26002","NOMGEO":"Agua Prieta"}}
]}