{"type":"FeatureCollection", "features": [
{"type":"Feature","geometry":{"type":"Polygon","coordinates":[[[-102.4532,20.4377],[-102.4808,20.4406],[-102.4829,20.4529],[-102.5439,20.4491],[-102.5688,20.4531],[-102.5865,20.4184],[-102.6095,20.4196],[-102.6228,20.411],[-102.6616,20.3727],[-102.6654,20.3563],[-102.6514,20.3364],[-102.6616,20.3238],[-102.6651,20.294],[-102.6037,20.2927],[-102.6109,20.2687],[-102.5902,20.2585],[-102.5678,20.265],[-102.5467,20.2786],[-102.5224,20.2757],[-102.5308,20.2951],[-102.4906,20.3086],[-102.4861,20.3201],[-102.4478,20.3383],[-102.4324,20.341],[-102.4003,20.3279],[-102.3907,20.3339],[-102.3688,20.3281],[-102.3472,20.3347],[-102.3418,20.3616],[-102.347,20.3755],[-102.3848,20.3758],[-102.3927,20.4006],[-102.4089,20.409],[-102.4393,20.4358],[-102.4532,20.4377]]]},"properties":{"CVE_ENT":"14","CVE_MUN":"018","CVEGEO":"14018","NOMGEO":"La Barca"}},
{"type":"Feature","geometry":{"type":"Polygon","coordinates":[[[-103.4309,20.5881],[-103.4314,20.5881],[-103.4374,20.5904],[-103.4485,20.5943],[-103.4512,20.5963],[-103.4761,20.598],[-103.5351,20.5926],[-103.5545,20.5672],[-103.565,20.5636],[-103.5959,20.5072],[-103.5895,20.4929],[-103.5955,20.4837],[-103.5874,20.4809],[-103.5692,20.4625],[-103.5461,20.4111],[-103.526,20.4092],[-103.4891,20.3982],[-103.4372,20.3652],[-103.418,20.3597],[-103.3831,20.3646],[-103.3588,20.3618],[-103.3432,20.3686],[-103.3334,20.3875],[-103.3083,20.4019],[-103.2888,20.4008],[-103.2407,20.4318],[-103.249,20.4515],[-103.2187,20.4569],[-103.2106,20.4802],[-103.198,20.4963],[-103.2162,20.4988],[-103.2372,20.4932],[-103.2469,20.5068],[-103.265,20.5116],[-103.272,20.5295],[-103.3114,20.542],[-103.3314,20.5539],[-103.3596,20.5551],[-103.3682,20.5719],[-103.3923,20.5629],[-103.3988,20.5513],[-103.4303,20.5577],[-103.4356,20.5385],[-103.4547,20.5439],[-103.4544,20.555],[-103.4301,20.5793],[-103.4304,20.5829],[-103.4306,20.5841],[-103.4306,20.585],[-103.4307,20.5856],[-103.4308,20.5868],[-103.4309,20.5874],[-103.4309,20.5878],[-103.4309,20.5881]]]},"properties":{"CVE_ENT":"14","CVE_MUN":"097","CVEGEO":"14097","NOMGEO":"Tlajomulco de Zúñiga"}},
{"type":"Feature","geometry":{"type":"Polygon","coordinates":[[[-103.7146,20.5139],[-103.7557,20.5261],[-103.7709,20.5348],[-103.7791,20.5263],[-103.7833,20.4701],[-103.7755,20.4447],[-103.7549,20.4482],[-103.7536,20.4306],[-103.7623,20.3953],[-103.7484,20.3903],[-103.7393,20.3573],[-103.7598,20.342],[-103.7623,20.3295],[-103.779,20.3112],[-103.762,20.2663],[-103.7463,20.2637],[-103.7312,20.2433],[-103.7088,20.25],[-103.7148,20.2718],[-103.6954,20.2871],[-103.6766,20.2914],[-103.6823,20.3146],[-103.6653,20.3122],[-103.6582,20.3318],[-103.6251,20.3188],[-103.613,20.3436],[-103.6135,20.3835],[-103.6289,20.4033],[-103.6751,20.4356],[-103.6865,20.4639],[-103.686,20.5012],[-103.6944,20.5238],[-103.7146,20.5139]]]},"properties":{"CVE_ENT":"14","CVE_MUN":"114","CVEGEO":"14114","NOMGEO":"Villa Corona"}},
{"type":"Feature","geometry":{"type":"Polygon","coordinates":[[[-103.6496,19.8317],[-103.6711,19.8057],[-103.6917,19.8155],[-103.7156,19.8119],[-103.716,19.8378],[-103.7402,19.8156],[-103.772,19.8229],[-103.7899,19.8389],[-103.7963,19.8177],[-103.8197,19.8237],[-103.8368,19.8201],[-103.8504,19.8323],[-103.8806,19.8192],[-103.8942,19.8041],[-103.9311,19.799],[-103.9495,19.7762],[-103.9423,19.7562],[-103.9181,19.739],[-103.8838,19.7473],[-103.8615,19.7229],[-103.9078,19.6566],[-103.8735,19.6521],[-103.8484,19.6541],[-103.8475,19.6422],[-103.827,19.6406],[-103.8291,19.6181],[-103.8177,19.6106],[-103.7706,19.6254],[-103.7458,19.6095],[-103.7062,19.6017],[-103.6986,19.5917],[-103.6851,19.595],[-103.6589,19.5874],[-103.6554,19.5689],[-103.6454,19.5682],[-103.632,19.5688],[-103.6218,19.5809],[-103.6088,19.5789],[-103.5959,19.5923],[-103.569,19.6067],[-103.5506,19.627],[-103.5298,19.6328],[-103.5368,19.6427],[-103.5526,19.6428],[-103.5652,19.6518],[-103.5808,19.6955],[-103.5964,19.6934],[-103.6207,19.7275],[-103.6088,19.7729],[-103.6231,19.7782],[-103.6271,19.7902],[-103.652,19.8033],[-103.6496,19.8317]]]},"properties":{"CVE_ENT":"14","CVE_MUN":"113","CVEGEO":"14113","NOMGEO":"San Gabriel"}},
{"type":"Feature","geometry":{"type":"Polygon","coordinates":[[[-102.9089,19.9707],[-102.9263,19.9842],[-102.9436,19.9841],[-102.9585,19.9954],[-102.9938,19.9839],[-103.011,19.9711],[-103.0155,19.9598],[-103.0063,19.9405],[-102.9913,19.9338],[-102.9978,19.8917],[-102.9802,19.8689],[-102.9902,19.8244],[-103.001,19.8022],[-102.9988,19.7852],[-103.0161,19.7878],[-103.0222,19.7637],[-103.0039,19.7462],[-103.0057,19.7304],[-103.0184,19.7077],[-103.0021,19.6728],[-103.0055,19.6392],[-102.973,19.6348],[-102.9662,19.6608],[-102.9516,19.6625],[-102.943,19.6807],[-102.9644,19.6972],[-102.9589,19.7206],[-102.9742,19.7323],[-102.9715,19.7461],[-102.9878,19.7515],[-102.9828,19.7671],[-102.968,19.7727],[-102.966,19.7939],[-102.9858,19.8024],[-102.9733,19.8182],[-102.9742,19.8417],[-102.9813,19.8612],[-102.9623,19.8682],[-102.948,19.8864],[-102.9242,19.8924],[-102.9182,19.9009],[-102.9198,19.9376],[-102.9089,19.9707]]]},"properties":{"CVE_ENT":"14","CVE_MUN":"112","CVEGEO":"14112","NOMGEO":"Valle de Juárez"}},
{"type":"Feature","geometry":{"type":"Polygon","coordinates":[[[-102.5778,21.1386],[-102.5982,21.1326],[-102.6129,21.1419],[-102.63,21.1418],[-102.6294,21.1246],[-102.6561,21.1295],[-102.667,21.116],[-102.6849,21.1129],[-102.6875,21.0941],[-102.707,21.1029],[-102.7294,21.0817],[-102.757,21.1037],[-102.7773,21.0701],[-102.7825,21.077],[-102.8166,21.0695],[-102.8121,21.0311],[-102.7902,21.0316],[-102.7712,21.0361],[-102.7586,21.0319],[-102.7314,21.0395],[-102.7228,21.0073],[-102.6858,21.0035],[-102.6902,20.9819],[-102.6699,20.9623],[-102.6484,20.9816],[-102.6437,20.9733],[-102.6568,20.9602],[-102.6302,20.9437],[-102.616,20.9424],[-102.5795,20.9542],[-102.5647,20.9712],[-102.562,20.9814],[-102.5727,21.0017],[-102.5499,21.0199],[-102.5389,21.0156],[-102.5253,21.0332],[-102.5449,21.0385],[-102.5581,21.0662],[-102.5495,21.076],[-102.5498,21.1076],[-102.5852,21.1187],[-102.5778,21.1386]]]},"properties":{"CVE_ENT":"14","CVE_MUN":"111","CVEGEO":"14111","NOMGEO":"Valle de Guadalupe"}},
{"type":"Feature","geometry":{"type":"Polygon","coordinates":[[[-104.1344,19.9809],[-104.1259,19.9954],[-104.1409,20.0157],[-104.165,20.0307],[-104.184,20.0298],[-104.1943,20.0372],[-104.1916,20.0538],[-104.1786,20.0672],[-104.1891,20.0951],[-104.1795,20.1027],[-104.1829,20.1267],[-104.193,20.1397],[-104.2054,20.1423],[-104.2051,20.1334],[-104.2204,20.1185],[-104.2438,20.1249],[-104.268,20.1161],[-104.2705,20.0921],[-104.2837,20.0946],[-104.3059,20.081],[-104.2981,20.0641],[-104.3135,20.0596],[-104.3226,20.0295],[-104.3218,19.9946],[-104.3514,19.9897],[-104.3651,19.9758],[-104.3767,19.9317],[-104.3677,19.926],[-104.3645,19.9082],[-104.353,19.8903],[-104.3315,19.8776],[-104.3073,19.87],[-104.2903,19.8579],[-104.2844,19.8775],[-104.2899,19.893],[-104.2708,19.8934],[-104.2532,19.9002],[-104.2298,19.8869],[-104.2158,19.8899],[-104.2034,19.919],[-104.1822,19.9311],[-104.1755,19.9515],[-104.1629,19.964],[-104.1414,19.9607],[-104.1344,19.9809]]]},"properties":{"CVE_ENT":"14","CVE_MUN":"110","CVEGEO":"14110","NOMGEO":"Unión de Tula"}},
{"type":"Feature","geometry":{"type":"Polygon","coordinates":[[[-101.7738,21.22],[-101.8096,21.2077],[-101.8182,21.1925],[-101.8335,21.1819],[-101.8621,21.177],[-101.8598,21.1888],[-101.8705,21.2023],[-101.8756,21.2242],[-101.8923,21.2463],[-101.9061,21.2556],[-101.9486,21.2576],[-101.977,21.2724],[-101.9984,21.275],[-102.0188,21.2621],[-102.0134,21.2395],[-102.0325,21.2228],[-102.0447,21.2364],[-102.0682,21.2357],[-102.079,21.2196],[-102.0923,21.2318],[-102.0946,21.255],[-102.1262,21.269],[-102.1367,21.2646],[-102.1441,21.2403],[-102.1424,21.2112],[-102.1706,21.1916],[-102.171,21.1786],[-102.194,21.1621],[-102.2012,21.135],[-102.1885,21.1155],[-102.1807,21.1057],[-102.1591,21.1084],[-102.1515,21.0959],[-102.1303,21.1083],[-102.117,21.0919],[-102.0925,21.0785],[-102.0909,21.0634],[-102.0759,21.0382],[-102.0524,21.0367],[-102.0423,21.0419],[-101.9942,21.0427],[-101.9745,21.0571],[-101.9225,21.045],[-101.8951,21.0656],[-101.8865,21.0611],[-101.8749,21.0701],[-101.8713,21.0953],[-101.8375,21.0968],[-101.8177,21.107],[-101.8308,21.1194],[-101.8334,21.1373],[-101.8106,21.1426],[-101.804,21.1663],[-101.7873,21.1564],[-101.7807,21.1914],[-101.7744,21.1966],[-101.7738,21.22]]]},"properties":{"CVE_ENT":"14","CVE_MUN":"109","CVEGEO":"14109","NOMGEO":"Unión de San Antonio"}},
{"type":"Feature","geometry":{"type":"Polygon","coordinates":[[[-103.0247,20.7925],[-103.0613,20.7961],[-103.0774,20.7913],[-103.0853,20.7807],[-103.0833,20.7598],[-103.1188,20.7634],[-103.1451,20.7565],[-103.1768,20.7354],[-103.2086,20.7313],[-103.2285,20.7144],[-103.2833,20.7303],[-103.2698,20.7071],[-103.2467,20.7007],[-103.2406,20.7037],[-103.2262,20.6932],[-103.1926,20.6758],[-103.184,20.648],[-103.1881,20.6356],[-103.1629,20.6184],[-103.1454,20.6237],[-103.146,20.578],[-103.1303,20.5684],[-103.1286,20.5471],[-103.0978,20.5299],[-103.089,20.5182],[-103.0919,20.4874],[-103.081,20.4877],[-103.0657,20.4952],[-103.0499,20.49],[-103.0309,20.498],[-103.0363,20.5109],[-103.0138,20.515],[-103.0087,20.5277],[-102.976,20.5161],[-102.9542,20.5026],[-102.9335,20.5036],[-102.9075,20.5187],[-102.9167,20.5281],[-102.9075,20.5479],[-102.8878,20.5479],[-102.8698,20.5737],[-102.8729,20.5971],[-102.886,20.6101],[-102.9062,20.6131],[-102.9207,20.6221],[-102.9152,20.645],[-102.8934,20.6445],[-102.9071,20.6632],[-102.9234,20.6777],[-102.9478,20.6878],[-102.9595,20.7065],[-102.9908,20.6882],[-102.9922,20.7131],[-103.0054,20.7231],[-103.0029,20.7344],[-103.0388,20.7573],[-103.0287,20.7632],[-103.0247,20.7925]]]},"properties":{"CVE_ENT":"14","CVE_MUN":"124","CVEGEO":"14124","NOMGEO":"Zapotlanejo"}},
{"type":"Feature","geometry":{"type":"Polygon","coordinates":[[[-103.2484,19.0145],[-103.2605,19.0538],[-103.3122,19.0544],[-103.3244,19.0698],[-103.3036,19.0776],[-103.3025,19.0943],[-103.2879,19.1095],[-103.2859,19.1321],[-103.2661,19.1282],[-103.259,19.1482],[-103.2672,19.1661],[-103.2492,19.1682],[-103.2598,19.186],[-103.2816,19.2041],[-103.2732,19.2351],[-103.2574,19.247],[-103.2716,19.2624],[-103.2738,19.2903],[-103.2974,19.3028],[-103.2879,19.3147],[-103.2691,19.3207],[-103.2729,19.3367],[-103.2618,19.3438],[-103.2646,19.3583],[-103.2783,19.3674],[-103.3058,19.3672],[-103.3223,19.356],[-103.3264,19.3393],[-103.3564,19.3276],[-103.3653,19.3422],[-103.3933,19.3354],[-103.3924,19.3148],[-103.3985,19.3003],[-103.3897,19.2915],[-103.398,19.2794],[-103.4128,19.2817],[-103.4176,19.2612],[-103.4365,19.2554],[-103.4446,19.2428],[-103.4734,19.2481],[-103.4817,19.2546],[-103.5059,19.2422],[-103.5095,19.2418],[-103.5059,19.2371],[-103.5077,19.2304],[-103.514,19.2188],[-103.5098,19.2146],[-103.5151,19.2116],[-103.5109,19.1997],[-103.4982,19.186],[-103.4976,19.1746],[-103.5092,19.156],[-103.511,19.132],[-103.5236,19.1156],[-103.5175,19.0982],[-103.5256,19.0778],[-103.4885,19.0276],[-103.4968,19.0113],[-103.4908,18.9958],[-103.4886,18.9649],[-103.4778,18.9841],[-103.4605,18.977],[-103.4413,18.9835],[-103.4195,18.9813],[-103.4112,18.9676],[-103.3957,18.9673],[-103.3842,18.9778],[-103.3583,18.98],[-103.3325,18.9733],[-103.2874,18.9924],[-103.2484,19.0145]]]},"properties":{"CVE_ENT":"14","CVE_MUN":"065","CVEGEO":"14065","NOMGEO":"Pihuamo"}},
{"type":"Feature","geometry":{"type":"Polygon","coordinates":[[[-102.4196,21.6694],[-102.4415,21.6734],[-102.4569,21.6981],[-102.4684,21.6979],[-102.5425,21.7326],[-102.5552,21.7436],[-102.5736,21.7425],[-102.5963,21.744],[-102.6335,21.7673],[-102.6713,21.7625],[-102.6907,21.7524],[-102.6963,21.7288],[-102.714,21.7301],[-102.7176,21.7331],[-102.7204,21.7215],[-102.7228,21.7191],[-102.7256,21.7182],[-102.7352,21.7157],[-102.7453,21.7201],[-102.7477,21.716],[-102.7439,21.6982],[-102.7438,21.6618],[-102.722,21.6438],[-102.7082,21.6534],[-102.6913,21.6276],[-102.6645,21.609],[-102.6408,21.6081],[-102.6373,21.5973],[-102.616,21.5723],[-102.5841,21.566],[-102.572,21.5794],[-102.5464,21.5706],[-102.5251,21.5794],[-102.5059,21.5958],[-102.4822,21.609],[-102.4725,21.6202],[-102.4381,21.6342],[-102.4434,21.6494],[-102.4301,21.6572],[-102.4196,21.6694]]]},"properties":{"CVE_ENT":"14","CVE_MUN":"116","CVEGEO":"14116","NOMGEO":"Villa Hidalgo"}},
{"type":"Feature","geometry":{"type":"Polygon","coordinates":[[[-102.5778,21.1386],[-102.573,21.1525],[-102.5854,21.1598],[-102.5965,21.1492],[-102.6088,21.1527],[-102.6047,21.1721],[-102.617,21.181],[-102.6181,21.1953],[-102.6029,21.2197],[-102.5792,21.2234],[-102.5821,21.2428],[-102.5724,21.2548],[-102.6026,21.2579],[-102.6196,21.2654],[-102.6356,21.2472],[-102.6531,21.2514],[-102.6652,21.2179],[-102.6933,21.1894],[-102.6955,21.2074],[-102.7106,21.2158],[-102.7181,21.1988],[-102.7491,21.1883],[-102.7614,21.1993],[-102.7731,21.198],[-102.7859,21.1737],[-102.8054,21.1695],[-102.821,21.1545],[-102.8095,21.1374],[-102.7995,21.1357],[-102.8221,21.1036],[-102.8166,21.0695],[-102.7825,21.077],[-102.7773,21.0701],[-102.757,21.1037],[-102.7294,21.0817],[-102.707,21.1029],[-102.6875,21.0941],[-102.6849,21.1129],[-102.667,21.116],[-102.6561,21.1295],[-102.6294,21.1246],[-102.63,21.1418],[-102.6129,21.1419],[-102.5982,21.1326],[-102.5778,21.1386]]]},"properties":{"CVE_ENT":"14","CVE_MUN":"117","CVEGEO":"14117","NOMGEO":"Cañadas de Obregón"}},
{"type":"Feature","geometry":{"type":"Polygon","coordinates":[[[-102.8636,21.2529],[-102.8774,21.2368],[-102.903,21.2352],[-102.9107,21.2052],[-102.9478,21.2146],[-102.9499,21.2345],[-102.9781,21.2405],[-102.9895,21.2567],[-103.0451,21.2492],[-103.0496,21.2634],[-103.0699,21.2319],[-103.0836,21.1821],[-103.0713,21.1534],[-103.0807,21.1383],[-103.0986,21.1312],[-103.0728,21.0983],[-103.0583,21.0985],[-103.0385,21.0962],[-103.0098,21.1071],[-102.9905,21.0915],[-102.9624,21.0841],[-102.964,21.0576],[-102.95,21.0395],[-102.9052,21.019],[-102.8943,21.0021],[-102.8756,21.01],[-102.8683,21.0136],[-102.8445,20.9834],[-102.8378,20.9972],[-102.8056,21.0118],[-102.7902,21.0316],[-102.8121,21.0311],[-102.8166,21.0695],[-102.8221,21.1036],[-102.7995,21.1357],[-102.8095,21.1374],[-102.821,21.1545],[-102.8054,21.1695],[-102.8206,21.1886],[-102.8205,21.1998],[-102.8331,21.2219],[-102.8577,21.2309],[-102.8636,21.2529]]]},"properties":{"CVE_ENT":"14","CVE_MUN":"118","CVEGEO":"14118","NOMGEO":"Yahualica de González Gallo"}},
{"type":"Feature","geometry":{"type":"Polygon","coordinates":[[[-103.4432,20.2075],[-103.4588,20.2242],[-103.4696,20.2466],[-103.4604,20.269],[-103.476,20.2746],[-103.4851,20.2917],[-103.5114,20.3055],[-103.5165,20.3204],[-103.5404,20.3517],[-103.5672,20.3407],[-103.5915,20.3493],[-103.5938,20.3376],[-103.613,20.3436],[-103.6251,20.3188],[-103.6582,20.3318],[-103.6653,20.3122],[-103.6823,20.3146],[-103.6766,20.2914],[-103.6954,20.2871],[-103.7148,20.2718],[-103.7088,20.25],[-103.7312,20.2433],[-103.7124,20.2285],[-103.6648,20.2394],[-103.6606,20.2301],[-103.6634,20.1965],[-103.6565,20.171],[-103.6429,20.1677],[-103.6242,20.1484],[-103.6037,20.156],[-103.5999,20.1402],[-103.5888,20.1337],[-103.5734,20.1331],[-103.5539,20.1486],[-103.5157,20.1442],[-103.519,20.1333],[-103.4664,20.1191],[-103.4387,20.137],[-103.4523,20.1601],[-103.4525,20.1756],[-103.4364,20.1914],[-103.4432,20.2075]]]},"properties":{"CVE_ENT":"14","CVE_MUN":"119","CVEGEO":"14119","NOMGEO":"Zacoalco de Torres"}},
{"type":"Feature","geometry":{"type":"Polygon","coordinates":[[[-103.4664,20.1191],[-103.519,20.1333],[-103.5397,20.1257],[-103.5395,20.0736],[-103.5527,20.0387],[-103.548,20.0225],[-103.5678,20.0153],[-103.5934,19.9742],[-103.6122,19.9563],[-103.6065,19.9288],[-103.5971,19.909],[-103.5729,19.9088],[-103.5613,19.9254],[-103.5231,19.9488],[-103.5241,19.9268],[-103.5137,19.9129],[-103.4997,19.9113],[-103.4993,19.8975],[-103.4768,19.8915],[-103.4263,19.8863],[-103.4315,19.9216],[-103.4258,19.9334],[-103.404,19.9413],[-103.3806,19.9322],[-103.3656,19.9557],[-103.3326,19.9608],[-103.3253,19.9766],[-103.2974,19.9876],[-103.3205,20.0055],[-103.3285,20.0172],[-103.3588,20.0176],[-103.383,20.0387],[-103.3834,20.0598],[-103.4057,20.0608],[-103.4336,20.0857],[-103.4544,20.0941],[-103.4686,20.0681],[-103.4967,20.0867],[-103.4758,20.1037],[-103.4664,20.1191]]]},"properties":{"CVE_ENT":"14","CVE_MUN":"014","CVEGEO":"14014","NOMGEO":"Atoyac"}},
{"type":"Feature","geometry":{"type":"Polygon","coordinates":[[[-104.2903,19.8579],[-104.3073,19.87],[-104.3315,19.8776],[-104.353,19.8903],[-104.3645,19.9082],[-104.3677,19.926],[-104.3872,19.9161],[-104.4108,19.9194],[-104.4188,19.9089],[-104.4217,19.8867],[-104.4444,19.8755],[-104.456,19.8468],[-104.4477,19.8256],[-104.4631,19.8248],[-104.4733,19.8006],[-104.4676,19.7767],[-104.4565,19.7599],[-104.4375,19.7559],[-104.4059,19.7316],[-104.3853,19.7416],[-104.3869,19.6981],[-104.3687,19.6898],[-104.3795,19.6613],[-104.373,19.634],[-104.3754,19.6184],[-104.351,19.6137],[-104.3494,19.601],[-104.3283,19.6059],[-104.2992,19.6038],[-104.2909,19.5954],[-104.2647,19.588],[-104.2605,19.5947],[-104.207,19.5995],[-104.1947,19.6222],[-104.1787,19.632],[-104.1654,19.6546],[-104.148,19.6705],[-104.1364,19.6922],[-104.1521,19.71],[-104.1585,19.7273],[-104.1752,19.7349],[-104.1965,19.7518],[-104.2157,19.7589],[-104.2253,19.7895],[-104.2392,19.8021],[-104.2409,19.8205],[-104.2571,19.8275],[-104.2746,19.8234],[-104.283,19.8322],[-104.2903,19.8579]]]},"properties":{"CVE_ENT":"14","CVE_MUN":"015","CVEGEO":"14015","NOMGEO":"Autlán de Navarro"}},
{"type":"Feature","geometry":{"type":"Polygon","coordinates":[[[-104.2833,20.2045],[-104.2967,20.2254],[-104.3247,20.232],[-104.3452,20.2414],[-104.3554,20.2285],[-104.3946,20.1872],[-104.3985,20.1614],[-104.3835,20.137],[-104.4204,20.1167],[-104.4328,20.1267],[-104.4556,20.1208],[-104.4863,20.1273],[-104.501,20.1459],[-104.5158,20.1453],[-104.5094,20.126],[-104.5236,20.1207],[-104.54,20.1354],[-104.5595,20.1385],[-104.5667,20.1283],[-104.586,20.1218],[-104.6041,20.135],[-104.6235,20.1071],[-104.6532,20.1177],[-104.6632,20.1354],[-104.6711,20.1241],[-104.6604,20.1117],[-104.6416,20.1068],[-104.6364,20.0953],[-104.6434,20.075],[-104.6215,20.062],[-104.6218,20.0446],[-104.6072,20.0139],[-104.5909,20.0122],[-104.583,20.0202],[-104.5638,20.0102],[-104.5745,19.9892],[-104.5463,19.9734],[-104.5393,19.9002],[-104.5239,19.8574],[-104.5005,19.8397],[-104.4819,19.8622],[-104.456,19.8468],[-104.4444,19.8755],[-104.4217,19.8867],[-104.4188,19.9089],[-104.4108,19.9194],[-104.3872,19.9161],[-104.3677,19.926],[-104.3767,19.9317],[-104.3651,19.9758],[-104.3514,19.9897],[-104.3218,19.9946],[-104.3226,20.0295],[-104.3135,20.0596],[-104.2981,20.0641],[-104.3059,20.081],[-104.2837,20.0946],[-104.2705,20.0921],[-104.268,20.1161],[-104.2438,20.1249],[-104.2204,20.1185],[-104.2051,20.1334],[-104.2054,20.1423],[-104.1962,20.181],[-104.2151,20.1899],[-104.2612,20.1701],[-104.2655,20.1812],[-104.2909,20.1619],[-104.2999,20.1698],[-104.3038,20.192],[-104.2833,20.2045]]]},"properties":{"CVE_ENT":"14","CVE_MUN":"017","CVEGEO":"14017","NOMGEO":"Ayutla"}},
{"type":"Feature","geometry":{"type":"Polygon","coordinates":[[[-105.0254,19.7637],[-105.0445,19.7571],[-105.0681,19.7375],[-105.0905,19.7328],[-105.0987,19.7223],[-105.1142,19.7187],[-105.1312,19.7277],[-105.1622,19.6914],[-105.1576,19.6624],[-105.181,19.6545],[-105.1876,19.6446],[-105.205,19.6426],[-105.2,19.6223],[-105.1807,19.6207],[-105.1508,19.6012],[-105.1441,19.5791],[-105.1187,19.587],[-105.1089,19.5825],[-105.089,19.5605],[-105.083,19.541],[-105.0802,19.504],[-105.0638,19.4955],[-105.0589,19.4809],[-105.0713,19.4718],[-105.0427,19.4464],[-105.0332,19.4449],[-105.0175,19.4087],[-105.0325,19.3896],[-104.9954,19.3629],[-104.9503,19.3202],[-104.9106,19.2974],[-104.8777,19.2841],[-104.8271,19.3077],[-104.8067,19.3032],[-104.7903,19.2891],[-104.8093,19.2473],[-104.807,19.2356],[-104.7923,19.2336],[-104.7572,19.285],[-104.7793,19.2921],[-104.7783,19.3145],[-104.7668,19.3219],[-104.7722,19.3364],[-104.7603,19.3419],[-104.7191,19.3402],[-104.7112,19.3548],[-104.6936,19.3578],[-104.6773,19.3665],[-104.6739,19.3761],[-104.6688,19.3744],[-104.663,19.3754],[-104.6572,19.3734],[-104.6517,19.3689],[-104.6523,19.3629],[-104.6441,19.3646],[-104.6328,19.3603],[-104.6342,19.3977],[-104.6213,19.4086],[-104.5958,19.4153],[-104.5736,19.4107],[-104.5678,19.4182],[-104.569,19.429],[-104.5728,19.4296],[-104.5773,19.4366],[-104.5732,19.4399],[-104.5604,19.4489],[-104.5388,19.4537],[-104.5367,19.4605],[-104.5308,19.4616],[-104.5291,19.4636],[-104.5291,19.4637],[-104.529,19.4639],[-104.5292,19.4652],[-104.5306,19.4663],[-104.5316,19.4688],[-104.5314,19.4704],[-104.535,19.4731],[-104.5402,19.4852],[-104.5513,19.501],[-104.5351,19.525],[-104.5441,19.543],[-104.5564,19.5412],[-104.583,19.5566],[-104.5841,19.5688],[-104.6053,19.5719],[-104.6172,19.5924],[-104.6166,19.5958],[-104.6142,19.5978],[-104.6127,19.6005],[-104.6125,19.6011],[-104.6129,19.6015],[-104.6238,19.6094],[-104.6672,19.6256],[-104.6933,19.6213],[-104.7208,19.6364],[-104.7412,19.612],[-104.765,19.6383],[-104.8196,19.632],[-104.8305,19.638],[-104.8509,19.6772],[-104.8725,19.7074],[-104.9,19.6974],[-104.9172,19.6846],[-104.9667,19.702],[-104.9826,19.6877],[-105.0162,19.7054],[-105.022,19.7226],[-105.0105,19.7305],[-105.0101,19.7554],[-105.0254,19.7637]]]},"properties":{"CVE_ENT":"14","CVE_MUN":"043","CVEGEO":"14043","NOMGEO":"La Huerta"}},
{"type":"Feature","geometry":{"type":"Polygon","coordinates":[[[-104.0487,19.7812],[-104.0743,19.773],[-104.1078,19.8032],[-104.116,19.8068],[-104.128,19.7952],[-104.1321,19.7756],[-104.1148,19.7593],[-104.1151,19.7039],[-104.1203,19.6915],[-104.1364,19.6922],[-104.148,19.6705],[-104.1654,19.6546],[-104.1533,19.6048],[-104.1377,19.6023],[-104.1275,19.5758],[-104.1068,19.5697],[-104.105,19.5842],[-104.0665,19.6119],[-104.0355,19.5973],[-104.0188,19.6007],[-104.0149,19.5845],[-103.9994,19.595],[-103.9741,19.5995],[-103.9736,19.6158],[-103.9505,19.6389],[-103.9345,19.6376],[-103.9185,19.6581],[-103.9078,19.6566],[-103.8615,19.7229],[-103.8838,19.7473],[-103.9181,19.739],[-103.9264,19.7313],[-103.952,19.7357],[-103.9735,19.734],[-104.0235,19.7435],[-104.0267,19.7642],[-104.0373,19.7657],[-104.0487,19.7812]]]},"properties":{"CVE_ENT":"14","CVE_MUN":"106","CVEGEO":"14106","NOMGEO":"Tuxcacuesco"}},
{"type":"Feature","geometry":{"type":"Polygon","coordinates":[[[-103.1547,20.1542],[-103.1854,20.1582],[-103.1999,20.1754],[-103.2213,20.1834],[-103.2388,20.1838],[-103.2574,20.1956],[-103.2974,20.1953],[-103.3608,20.2266],[-103.3751,20.206],[-103.3737,20.1986],[-103.3421,20.174],[-103.3028,20.17],[-103.2345,20.15],[-103.1886,20.1267],[-103.1934,20.1184],[-103.2154,20.1211],[-103.2381,20.1017],[-103.2294,20.0795],[-103.2244,20.0739],[-103.1902,20.0645],[-103.1753,20.0558],[-103.1666,20.0887],[-103.1703,20.1038],[-103.1531,20.1416],[-103.1547,20.1542]]]},"properties":{"CVE_ENT":"14","CVE_MUN":"107","CVEGEO":"14107","NOMGEO":"Tuxcueca"}},
{"type":"Feature","geometry":{"type":"Polygon","coordinates":[[[-103.4649,19.6279],[-103.499,19.6099],[-103.5218,19.617],[-103.5298,19.6328],[-103.5506,19.627],[-103.569,19.6067],[-103.5959,19.5923],[-103.6088,19.5789],[-103.6218,19.5809],[-103.632,19.5688],[-103.6454,19.5682],[-103.6386,19.5549],[-103.639,19.5343],[-103.646,19.513],[-103.6183,19.5125],[-103.5864,19.5172],[-103.5681,19.5005],[-103.5616,19.4875],[-103.5238,19.4716],[-103.4943,19.4534],[-103.472,19.4442],[-103.483,19.4194],[-103.4627,19.407],[-103.4624,19.3808],[-103.4852,19.3623],[-103.4865,19.3379],[-103.4864,19.3379],[-103.4863,19.3375],[-103.4867,19.3355],[-103.4874,19.3318],[-103.4868,19.3274],[-103.4957,19.3186],[-103.5067,19.2923],[-103.5055,19.2547],[-103.5075,19.25],[-103.5077,19.2464],[-103.5095,19.2418],[-103.5059,19.2422],[-103.4817,19.2546],[-103.4734,19.2481],[-103.4446,19.2428],[-103.4365,19.2554],[-103.4176,19.2612],[-103.4128,19.2817],[-103.398,19.2794],[-103.3897,19.2915],[-103.3985,19.3003],[-103.3924,19.3148],[-103.3933,19.3354],[-103.3863,19.3651],[-103.3667,19.3955],[-103.3809,19.406],[-103.3796,19.4229],[-103.3625,19.4277],[-103.3504,19.4395],[-103.3494,19.4582],[-103.3254,19.4606],[-103.3238,19.4798],[-103.3313,19.497],[-103.346,19.5146],[-103.3251,19.5423],[-103.3241,19.5698],[-103.3079,19.586],[-103.3195,19.5976],[-103.3543,19.5973],[-103.3634,19.6057],[-103.378,19.5928],[-103.4292,19.6227],[-103.4633,19.623],[-103.4649,19.6279]]]},"properties":{"CVE_ENT":"14","CVE_MUN":"108","CVEGEO":"14108","NOMGEO":"Tuxpan"}},
{"type":"Feature","geometry":{"type":"Polygon","coordinates":[[[-103.6908,22.1283],[-103.7055,22.1354],[-103.6994,22.1487],[-103.708,22.1603],[-103.7222,22.163],[-103.7357,22.1542],[-103.7565,22.1536],[-103.775,22.172],[-103.7928,22.1558],[-103.8086,22.1511],[-103.8309,22.1258],[-103.846,22.0745],[-103.825,22.0633],[-103.801,22.0306],[-103.8252,22.0124],[-103.8399,22.0107],[-103.8353,21.99],[-103.8512,21.9628],[-103.8337,21.9508],[-103.8428,21.9366],[-103.8375,21.9265],[-103.8109,21.9359],[-103.7978,21.9351],[-103.7892,21.9579],[-103.7598,21.9747],[-103.7437,21.9762],[-103.7081,21.9689],[-103.7037,21.9489],[-103.68,21.9415],[-103.6832,21.9274],[-103.6769,21.9184],[-103.6506,21.9208],[-103.6577,21.8916],[-103.6522,21.8769],[-103.6287,21.8759],[-103.6223,21.8694],[-103.5961,21.8681],[-103.5813,21.9004],[-103.548,21.9024],[-103.5497,21.9246],[-103.5771,21.9235],[-103.5705,21.9405],[-103.5372,21.9729],[-103.5512,21.9744],[-103.5602,21.9872],[-103.531,21.9973],[-103.5445,22.0058],[-103.5419,22.033],[-103.5503,22.047],[-103.5501,22.0798],[-103.5323,22.1068],[-103.5382,22.1214],[-103.5585,22.1365],[-103.5803,22.1257],[-103.6047,22.0979],[-103.6285,22.1063],[-103.648,22.1005],[-103.6717,22.1088],[-103.6908,22.1283]]]},"properties":{"CVE_ENT":"14","CVE_MUN":"115","CVEGEO":"14115","NOMGEO":"Villa Guerrero"}},
{"type":"Feature","geometry":{"type":"Polygon","coordinates":[[[-104.1422,20.8845],[-104.1756,20.9125],[-104.2155,20.9229],[-104.2407,20.8997],[-104.2595,20.894],[-104.2685,20.8873],[-104.2895,20.888],[-104.2791,20.8645],[-104.2923,20.8488],[-104.3184,20.8386],[-104.3347,20.8467],[-104.3584,20.8343],[-104.3625,20.8141],[-104.3504,20.8116],[-104.3759,20.7841],[-104.3283,20.7981],[-104.2976,20.7708],[-104.2829,20.7835],[-104.2599,20.7353],[-104.2478,20.7265],[-104.2201,20.725],[-104.1946,20.7343],[-104.195,20.7508],[-104.2052,20.7648],[-104.1983,20.7843],[-104.1308,20.7707],[-104.1362,20.7846],[-104.1368,20.8187],[-104.1278,20.8334],[-104.1288,20.8465],[-104.1536,20.8589],[-104.1552,20.8673],[-104.1422,20.8845]]]},"properties":{"CVE_ENT":"14","CVE_MUN":"075","CVEGEO":"14075","NOMGEO":"San Marcos"}},
{"type":"Feature","geometry":{"type":"Polygon","coordinates":[[[-103.7146,20.5139],[-103.721,20.5332],[-103.7386,20.5571],[-103.7656,20.5679],[-103.7904,20.5724],[-103.8169,20.5954],[-103.8479,20.5847],[-103.858,20.5762],[-103.8647,20.5659],[-103.8937,20.5526],[-103.8811,20.5433],[-103.8863,20.5295],[-103.9107,20.5254],[-103.9257,20.516],[-103.9217,20.504],[-103.9383,20.4879],[-103.9566,20.4623],[-103.9762,20.4823],[-103.9918,20.4697],[-103.9908,20.4522],[-104.0034,20.4182],[-103.9904,20.3967],[-104.0227,20.3861],[-104.0407,20.3936],[-104.0315,20.3554],[-104.022,20.3448],[-104.0307,20.332],[-104.0264,20.3181],[-104.0041,20.3197],[-103.9914,20.337],[-103.9676,20.3338],[-103.9507,20.3396],[-103.9473,20.3242],[-103.9126,20.3466],[-103.9141,20.3582],[-103.9032,20.3794],[-103.8802,20.3653],[-103.856,20.3655],[-103.8432,20.3752],[-103.8512,20.3955],[-103.8803,20.4089],[-103.8738,20.4299],[-103.8737,20.4603],[-103.8658,20.4808],[-103.8458,20.4965],[-103.8491,20.511],[-103.8371,20.5269],[-103.8029,20.5331],[-103.7791,20.5263],[-103.7709,20.5348],[-103.7557,20.5261],[-103.7146,20.5139]]]},"properties":{"CVE_ENT":"14","CVE_MUN":"077","CVEGEO":"14077","NOMGEO":"San Martín Hidalgo"}},
{"type":"Feature","geometry":{"type":"Polygon","coordinates":[[[-102.2234,21.0996],[-102.2467,21.1208],[-102.2479,21.104],[-102.2802,21.0999],[-102.3148,21.1054],[-102.3522,21.1059],[-102.364,21.1003],[-102.3762,21.1135],[-102.4163,21.0979],[-102.4224,21.0836],[-102.4929,21.0662],[-102.5,21.0826],[-102.5231,21.0894],[-102.5495,21.076],[-102.5581,21.0662],[-102.5449,21.0385],[-102.5253,21.0332],[-102.5389,21.0156],[-102.5499,21.0199],[-102.5727,21.0017],[-102.562,20.9814],[-102.5647,20.9712],[-102.5678,20.9604],[-102.5551,20.9399],[-102.5415,20.9299],[-102.5044,20.9161],[-102.4933,20.908],[-102.4949,20.8811],[-102.4828,20.8654],[-102.4595,20.8646],[-102.4364,20.8665],[-102.4222,20.8883],[-102.3818,20.8821],[-102.3734,20.8918],[-102.3085,20.8836],[-102.2907,20.897],[-102.2723,20.8865],[-102.2368,20.885],[-102.2354,20.898],[-102.2381,20.9139],[-102.2224,20.9353],[-102.2242,20.9503],[-102.2093,20.98],[-102.2152,20.9931],[-102.2039,21.003],[-102.2136,21.0183],[-102.2192,21.0444],[-102.2136,21.0578],[-102.2234,21.0996]]]},"properties":{"CVE_ENT":"14","CVE_MUN":"078","CVEGEO":"14078","NOMGEO":"San Miguel el Alto"}},
{"type":"Feature","geometry":{"type":"Polygon","coordinates":[[[-102.0909,21.0634],[-102.0925,21.0785],[-102.117,21.0919],[-102.1303,21.1083],[-102.1515,21.0959],[-102.1591,21.1084],[-102.1807,21.1057],[-102.1885,21.1155],[-102.1992,21.102],[-102.2234,21.0996],[-102.2136,21.0578],[-102.2192,21.0444],[-102.2136,21.0183],[-102.2039,21.003],[-102.2152,20.9931],[-102.2093,20.98],[-102.2242,20.9503],[-102.2224,20.9353],[-102.2381,20.9139],[-102.2354,20.898],[-102.2227,20.911],[-102.1962,20.9024],[-102.1667,20.9092],[-102.1487,20.8999],[-102.1594,20.8762],[-102.1529,20.872],[-102.1197,20.8766],[-102.1032,20.9243],[-102.1127,20.9421],[-102.1219,20.9741],[-102.1049,20.9951],[-102.1141,21.0015],[-102.1171,21.0329],[-102.1094,21.059],[-102.0909,21.0634]]]},"properties":{"CVE_ENT":"14","CVE_MUN":"074","CVEGEO":"14074","NOMGEO":"San Julián"}},
{"type":"Feature","geometry":{"type":"Polygon","coordinates":[[[-103.8891,21.7797],[-103.9117,21.7792],[-103.9226,21.771],[-103.9164,21.7569],[-103.9336,21.7484],[-103.9265,21.7363],[-103.9014,21.7173],[-103.8904,21.6994],[-103.9088,21.6738],[-103.9208,21.6689],[-103.9302,21.6419],[-103.9118,21.6298],[-103.9076,21.6178],[-103.9232,21.59],[-103.903,21.5744],[-103.8853,21.5542],[-103.8551,21.5484],[-103.8594,21.5241],[-103.8366,21.5127],[-103.8258,21.4945],[-103.8009,21.4883],[-103.7801,21.5],[-103.7687,21.4828],[-103.7509,21.4763],[-103.7521,21.4663],[-103.742,21.4416],[-103.7209,21.4254],[-103.7326,21.4159],[-103.7513,21.4175],[-103.7654,21.386],[-103.7413,21.3741],[-103.7457,21.363],[-103.7246,21.3785],[-103.7052,21.3799],[-103.6986,21.3944],[-103.6587,21.4063],[-103.6441,21.4194],[-103.6243,21.4185],[-103.6342,21.4393],[-103.6535,21.4359],[-103.6633,21.4465],[-103.6693,21.4657],[-103.7004,21.4682],[-103.6914,21.4961],[-103.6798,21.5112],[-103.6829,21.5215],[-103.6945,21.5289],[-103.6863,21.5351],[-103.689,21.5419],[-103.6901,21.5496],[-103.6898,21.551],[-103.6898,21.5524],[-103.6891,21.5529],[-103.689,21.5539],[-103.6883,21.5541],[-103.6879,21.555],[-103.6871,21.556],[-103.6864,21.5565],[-103.7037,21.5945],[-103.6886,21.604],[-103.6844,21.6193],[-103.7018,21.6417],[-103.6914,21.6608],[-103.6784,21.6682],[-103.6512,21.7012],[-103.6531,21.7163],[-103.6749,21.7124],[-103.6973,21.6957],[-103.7062,21.7083],[-103.7473,21.7258],[-103.7646,21.7203],[-103.7845,21.7314],[-103.8032,21.7289],[-103.8135,21.7377],[-103.8611,21.7457],[-103.8757,21.7574],[-103.8893,21.7592],[-103.8891,21.7797]]]},"properties":{"CVE_ENT":"14","CVE_MUN":"076","CVEGEO":"14076","NOMGEO":"San Martín de Bolaños"}},
{"type":"Feature","geometry":{"type":"Polygon","coordinates":[[[-102.7313,19.8989],[-102.7706,19.9299],[-102.784,19.9512],[-102.882,19.9758],[-102.9089,19.9707],[-102.9198,19.9376],[-102.9182,19.9009],[-102.9242,19.8924],[-102.948,19.8864],[-102.9623,19.8682],[-102.9813,19.8612],[-102.9742,19.8417],[-102.9733,19.8182],[-102.9858,19.8024],[-102.966,19.7939],[-102.968,19.7727],[-102.9828,19.7671],[-102.9878,19.7515],[-102.9715,19.7461],[-102.9742,19.7323],[-102.9589,19.7206],[-102.9644,19.6972],[-102.943,19.6807],[-102.9516,19.6625],[-102.9662,19.6608],[-102.973,19.6348],[-102.9685,19.6212],[-102.9282,19.6352],[-102.9138,19.6311],[-102.9003,19.6364],[-102.8824,19.6297],[-102.8693,19.6387],[-102.8667,19.6508],[-102.82,19.6614],[-102.7927,19.6626],[-102.7967,19.6824],[-102.7805,19.7018],[-102.7942,19.7254],[-102.8183,19.7799],[-102.7943,19.8127],[-102.7591,19.808],[-102.7392,19.8177],[-102.7485,19.829],[-102.7431,19.8446],[-102.7303,19.8545],[-102.7425,19.8788],[-102.7313,19.8989]]]},"properties":{"CVE_ENT":"14","CVE_MUN":"069","CVEGEO":"14069","NOMGEO":"Quitupan"}},
{"type":"Feature","geometry":{"type":"Polygon","coordinates":[[[-102.8878,20.5479],[-102.9075,20.5479],[-102.9167,20.5281],[-102.9075,20.5187],[-102.9335,20.5036],[-102.9542,20.5026],[-102.976,20.5161],[-103.0087,20.5277],[-103.0138,20.515],[-103.0363,20.5109],[-103.0309,20.498],[-103.0499,20.49],[-103.0657,20.4952],[-103.081,20.4877],[-103.0826,20.4846],[-103.0813,20.4829],[-103.0828,20.4771],[-103.086,20.4408],[-103.0911,20.4172],[-103.0843,20.4004],[-103.0843,20.4002],[-103.0429,20.4102],[-103.0235,20.4217],[-102.993,20.4022],[-102.9526,20.4019],[-102.9356,20.3885],[-102.9138,20.3825],[-102.8801,20.387],[-102.8724,20.4039],[-102.8401,20.4168],[-102.8085,20.4107],[-102.793,20.4276],[-102.7882,20.4471],[-102.7677,20.4468],[-102.7581,20.4324],[-102.7648,20.4911],[-102.7814,20.4924],[-102.8121,20.5225],[-102.8119,20.531],[-102.8594,20.5198],[-102.8878,20.5479]]]},"properties":{"CVE_ENT":"14","CVE_MUN":"123","CVEGEO":"14123","NOMGEO":"Zapotlán del Rey"}},
{"type":"Feature","geometry":{"type":"Polygon","coordinates":[[[-103.6454,19.5682],[-103.6554,19.5689],[-103.6589,19.5874],[-103.6851,19.595],[-103.6986,19.5917],[-103.7235,19.5888],[-103.7522,19.5918],[-103.7621,19.585],[-103.7538,19.5699],[-103.7871,19.564],[-103.8353,19.5638],[-103.8758,19.5426],[-103.8911,19.5298],[-103.865,19.4898],[-103.8583,19.5021],[-103.831,19.4805],[-103.8345,19.4398],[-103.8341,19.4397],[-103.834,19.4395],[-103.8337,19.4394],[-103.8329,19.4401],[-103.8318,19.4401],[-103.8294,19.4387],[-103.8249,19.4381],[-103.8279,19.4334],[-103.8235,19.4272],[-103.8236,19.4248],[-103.8221,19.4225],[-103.8208,19.4105],[-103.7927,19.4275],[-103.7678,19.4346],[-103.752,19.4452],[-103.7346,19.4437],[-103.7162,19.457],[-103.6904,19.492],[-103.6649,19.5026],[-103.6532,19.5007],[-103.6183,19.5125],[-103.646,19.513],[-103.639,19.5343],[-103.6386,19.5549],[-103.6454,19.5682]]]},"properties":{"CVE_ENT":"14","CVE_MUN":"122","CVEGEO":"14122","NOMGEO":"Zapotitlán de Vadillo"}},
{"type":"Feature","geometry":{"type":"Polygon","coordinates":[[[-103.2218,19.4842],[-103.2101,19.4821],[-103.1997,19.5026],[-103.2205,19.5314],[-103.2498,19.5445],[-103.2461,19.5692],[-103.2881,19.6071],[-103.3076,19.6114],[-103.3106,19.6378],[-103.3286,19.646],[-103.3281,19.6643],[-103.3409,19.687],[-103.3553,19.6964],[-103.3547,19.7308],[-103.321,19.7519],[-103.3463,19.7547],[-103.3736,19.7319],[-103.3957,19.7415],[-103.4057,19.7353],[-103.4008,19.7188],[-103.412,19.7016],[-103.4218,19.6988],[-103.4678,19.6584],[-103.4753,19.6557],[-103.4649,19.6279],[-103.4633,19.623],[-103.4292,19.6227],[-103.378,19.5928],[-103.3634,19.6057],[-103.3543,19.5973],[-103.3195,19.5976],[-103.3079,19.586],[-103.3241,19.5698],[-103.3251,19.5423],[-103.3038,19.5531],[-103.2888,19.5359],[-103.2814,19.5002],[-103.2453,19.4963],[-103.2218,19.4842]]]},"properties":{"CVE_ENT":"14","CVE_MUN":"121","CVEGEO":"14121","NOMGEO":"Zapotiltic"}},
{"type":"Feature","geometry":{"type":"Polygon","coordinates":[[[-103.37,20.9355],[-103.3788,20.9537],[-103.3957,20.9467],[-103.4012,20.9576],[-103.4357,20.9358],[-103.4324,20.9595],[-103.478,20.9862],[-103.5085,20.9829],[-103.5179,20.9952],[-103.5467,20.9807],[-103.55,20.9693],[-103.5822,20.957],[-103.5928,20.9633],[-103.6156,20.9619],[-103.6337,20.9292],[-103.6517,20.9163],[-103.6553,20.9041],[-103.6361,20.8862],[-103.6323,20.8712],[-103.6531,20.8382],[-103.6483,20.8205],[-103.645,20.8056],[-103.6594,20.7953],[-103.6602,20.7737],[-103.6312,20.7543],[-103.62,20.7703],[-103.6105,20.7667],[-103.6048,20.7396],[-103.6182,20.7279],[-103.6187,20.696],[-103.6342,20.6991],[-103.6348,20.7182],[-103.6575,20.7122],[-103.6514,20.6874],[-103.6283,20.6869],[-103.6158,20.6927],[-103.6107,20.6508],[-103.5924,20.6023],[-103.5641,20.6156],[-103.5456,20.6102],[-103.5352,20.5926],[-103.4761,20.598],[-103.4512,20.5963],[-103.4485,20.5943],[-103.4374,20.5904],[-103.4314,20.5881],[-103.4311,20.5881],[-103.4309,20.5881],[-103.4239,20.5857],[-103.42,20.5896],[-103.4191,20.6054],[-103.4051,20.6192],[-103.3993,20.6505],[-103.4031,20.6812],[-103.3982,20.6907],[-103.407,20.7097],[-103.3621,20.713],[-103.3474,20.7173],[-103.3299,20.7298],[-103.3263,20.7449],[-103.3123,20.7527],[-103.3073,20.78],[-103.3231,20.7828],[-103.3332,20.8324],[-103.3254,20.8456],[-103.342,20.8843],[-103.3524,20.894],[-103.3517,20.9108],[-103.37,20.9355]]]},"properties":{"CVE_ENT":"14","CVE_MUN":"120","CVEGEO":"14120","NOMGEO":"Zapopan"}},
{"type":"Feature","geometry":{"type":"Polygon","coordinates":[[[-103.596,20.4835],[-103.6144,20.4883],[-103.6272,20.4838],[-103.6545,20.5035],[-103.686,20.5012],[-103.6865,20.4639],[-103.6751,20.4356],[-103.6289,20.4033],[-103.6135,20.3835],[-103.613,20.3436],[-103.5938,20.3376],[-103.5915,20.3493],[-103.5672,20.3407],[-103.5404,20.3517],[-103.5477,20.3722],[-103.5403,20.3864],[-103.5478,20.4028],[-103.5366,20.4082],[-103.5461,20.4111],[-103.5692,20.4625],[-103.596,20.4835]]]},"properties":{"CVE_ENT":"14","CVE_MUN":"002","CVEGEO":"14002","NOMGEO":"Acatlán de Juárez"}},
{"type":"Feature","geometry":{"type":"Polygon","coordinates":[[[-103.7882,20.7948],[-103.8183,20.8017],[-103.8314,20.7913],[-103.8715,20.7913],[-103.8952,20.8082],[-103.9141,20.8091],[-103.9255,20.7793],[-103.9415,20.7687],[-103.9617,20.7478],[-103.9772,20.7191],[-103.9966,20.7164],[-104.0026,20.7253],[-104.0307,20.732],[-104.0572,20.683],[-104.0562,20.6622],[-104.0139,20.6246],[-103.981,20.6112],[-103.9371,20.6399],[-103.9201,20.6445],[-103.9104,20.6386],[-103.8941,20.6481],[-103.9091,20.6581],[-103.9083,20.6804],[-103.9162,20.6904],[-103.9092,20.7116],[-103.8952,20.7253],[-103.8746,20.7107],[-103.8442,20.7148],[-103.8421,20.7375],[-103.8217,20.7483],[-103.8062,20.7707],[-103.7866,20.7862],[-103.7882,20.7948]]]},"properties":{"CVE_ENT":"14","CVE_MUN":"003","CVEGEO":"14003","NOMGEO":"Ahualulco de Mercado"}},
{"type":"Feature","geometry":{"type":"Polygon","coordinates":[[[-103.6553,20.9041],[-103.6773,20.8995],[-103.704,20.9147],[-103.7272,20.923],[-103.7498,20.9188],[-103.759,20.9239],[-103.7705,20.898],[-103.7695,20.8863],[-103.7526,20.8787],[-103.7697,20.8615],[-103.7882,20.7948],[-103.7866,20.7862],[-103.7588,20.7782],[-103.7446,20.7649],[-103.7213,20.7725],[-103.7022,20.8021],[-103.6922,20.8245],[-103.6777,20.8102],[-103.6483,20.8205],[-103.6531,20.8382],[-103.6323,20.8712],[-103.6361,20.8862],[-103.6553,20.9041]]]},"properties":{"CVE_ENT":"14","CVE_MUN":"005","CVEGEO":"14005","NOMGEO":"Amatitán"}},
{"type":"Feature","geometry":{"type":"Polygon","coordinates":[[[-103.9653,20.9386],[-103.987,20.9771],[-104.0117,21.0079],[-104.0204,21.0027],[-104.0336,20.9797],[-104.0539,20.9737],[-104.062,20.9587],[-104.0999,20.9414],[-104.1094,20.9472],[-104.1332,20.9394],[-104.1445,20.9492],[-104.1567,20.937],[-104.1766,20.9397],[-104.1697,20.9528],[-104.1857,20.9598],[-104.2048,20.9599],[-104.2072,20.936],[-104.2211,20.9415],[-104.2474,20.9188],[-104.2595,20.894],[-104.2407,20.8997],[-104.2155,20.9229],[-104.1756,20.9125],[-104.1422,20.8845],[-104.0922,20.8859],[-104.0798,20.9031],[-104.0588,20.9116],[-104.0311,20.9082],[-104.0205,20.8922],[-104.0212,20.8442],[-103.9852,20.8458],[-103.9653,20.8213],[-103.9455,20.8299],[-103.9395,20.8398],[-103.9241,20.839],[-103.9249,20.8247],[-103.9095,20.8133],[-103.8912,20.8245],[-103.8985,20.8418],[-103.8778,20.8729],[-103.8907,20.8801],[-103.8881,20.8922],[-103.9118,20.8997],[-103.9122,20.9184],[-103.9434,20.9067],[-103.9653,20.9386]]]},"properties":{"CVE_ENT":"14","CVE_MUN":"055","CVEGEO":"14055","NOMGEO":"Magdalena"}},
{"type":"Feature","geometry":{"type":"Polygon","coordinates":[[[-103.6452,20.0865],[-103.6676,20.0842],[-103.6831,20.0903],[-103.7024,20.0832],[-103.715,20.0885],[-103.7359,20.0791],[-103.7465,20.0639],[-103.7638,20.0609],[-103.775,20.0929],[-103.7921,20.0889],[-103.8017,20.0758],[-103.8257,20.0643],[-103.8393,20.0488],[-103.8411,20.0351],[-103.8289,20.0145],[-103.8296,20.0041],[-103.8744,20.0168],[-103.894,20.0023],[-103.8967,19.9819],[-103.89,19.9578],[-103.8951,19.9339],[-103.8843,19.9166],[-103.8885,19.9002],[-103.8679,19.8861],[-103.8644,19.841],[-103.8806,19.8192],[-103.8504,19.8323],[-103.8368,19.8201],[-103.8197,19.8237],[-103.7963,19.8177],[-103.7899,19.8389],[-103.772,19.8229],[-103.7402,19.8156],[-103.716,19.8378],[-103.7156,19.8119],[-103.6917,19.8155],[-103.6711,19.8057],[-103.6496,19.8317],[-103.6332,19.8287],[-103.6288,19.8388],[-103.648,19.8472],[-103.6676,19.8482],[-103.6996,19.8786],[-103.6962,19.8856],[-103.669,19.8911],[-103.6691,19.9023],[-103.6563,19.912],[-103.6615,19.936],[-103.6572,19.9581],[-103.6825,19.9534],[-103.6732,19.9769],[-103.6745,20.0068],[-103.6653,20.0225],[-103.6538,20.0557],[-103.6319,20.0508],[-103.6215,20.0644],[-103.6364,20.0725],[-103.6452,20.0865]]]},"properties":{"CVE_ENT":"14","CVE_MUN":"086","CVEGEO":"14086","NOMGEO":"Tapalpa"}},
{"type":"Feature","geometry":{"type":"Polygon","coordinates":[[[-103.2822,20.6412],[-103.3116,20.6442],[-103.3404,20.6093],[-103.3658,20.6154],[-103.3776,20.6091],[-103.3963,20.6131],[-103.3967,20.6366],[-103.4051,20.6192],[-103.4191,20.6054],[-103.42,20.5896],[-103.4182,20.5886],[-103.4239,20.5857],[-103.4309,20.5881],[-103.4309,20.5878],[-103.4309,20.5874],[-103.4308,20.5868],[-103.4307,20.5856],[-103.4306,20.585],[-103.4306,20.5841],[-103.4304,20.5829],[-103.4301,20.5793],[-103.4544,20.555],[-103.4547,20.5439],[-103.4356,20.5385],[-103.4303,20.5577],[-103.3988,20.5513],[-103.3923,20.5629],[-103.3682,20.5719],[-103.3596,20.5551],[-103.3314,20.5539],[-103.3334,20.5717],[-103.3189,20.5852],[-103.2885,20.5799],[-103.2832,20.5704],[-103.2543,20.5649],[-103.2587,20.5879],[-103.2573,20.6118],[-103.2829,20.613],[-103.2822,20.6412]]]},"properties":{"CVE_ENT":"14","CVE_MUN":"098","CVEGEO":"14098","NOMGEO":"San Pedro Tlaquepaque"}},
{"type":"Feature","geometry":{"type":"Polygon","coordinates":[[[-103.2821,22.2541],[-103.2991,22.2491],[-103.3119,22.2333],[-103.3377,22.2452],[-103.3618,22.2392],[-103.383,22.227],[-103.3857,22.2125],[-103.409,22.2154],[-103.426,22.1746],[-103.43,22.1356],[-103.4387,22.1183],[-103.4496,22.1144],[-103.4333,22.0991],[-103.421,22.1033],[-103.3992,22.0871],[-103.399,22.0574],[-103.3801,22.0394],[-103.3707,22.0024],[-103.341,21.9962],[-103.3488,21.9722],[-103.3387,21.9423],[-103.3101,21.9591],[-103.3024,21.9705],[-103.2786,21.9897],[-103.2647,21.9718],[-103.2451,21.9772],[-103.2215,21.968],[-103.1931,21.9696],[-103.1982,21.9846],[-103.1918,21.9982],[-103.1725,21.9966],[-103.1437,22.008],[-103.1328,22.003],[-103.11,22.0174],[-103.1062,22.047],[-103.1079,22.0634],[-103.1543,22.0722],[-103.1266,22.104],[-103.1654,22.1282],[-103.1746,22.1401],[-103.1909,22.1428],[-103.2223,22.1332],[-103.2327,22.1473],[-103.2304,22.1629],[-103.2595,22.1673],[-103.2697,22.1504],[-103.2835,22.1538],[-103.2821,22.1702],[-103.2722,22.1907],[-103.2801,22.203],[-103.2714,22.2211],[-103.2946,22.2328],[-103.2821,22.2541]]]},"properties":{"CVE_ENT":"14","CVE_MUN":"025","CVEGEO":"14025","NOMGEO":"Colotlán"}},
{"type":"Feature","geometry":{"type":"Polygon","coordinates":[[[-104.1068,19.5697],[-104.1275,19.5758],[-104.1377,19.6023],[-104.1533,19.6048],[-104.1654,19.6546],[-104.1787,19.632],[-104.1947,19.6222],[-104.207,19.5995],[-104.2605,19.5947],[-104.2647,19.588],[-104.2909,19.5954],[-104.2992,19.6038],[-104.3283,19.6059],[-104.3494,19.601],[-104.3595,19.5971],[-104.3593,19.5728],[-104.3644,19.5522],[-104.3781,19.5228],[-104.3931,19.5172],[-104.4303,19.5173],[-104.4382,19.5209],[-104.4693,19.5078],[-104.4482,19.4631],[-104.4623,19.4529],[-104.5054,19.4578],[-104.5258,19.4622],[-104.528,19.4629],[-104.5288,19.4634],[-104.5291,19.4637],[-104.5291,19.4636],[-104.5297,19.463],[-104.5301,19.4627],[-104.5308,19.4616],[-104.5342,19.4618],[-104.5367,19.4605],[-104.5388,19.4537],[-104.5604,19.4489],[-104.5732,19.4399],[-104.5773,19.4366],[-104.569,19.429],[-104.5678,19.4182],[-104.5736,19.4107],[-104.5958,19.4153],[-104.6213,19.4086],[-104.6342,19.3977],[-104.6324,19.3783],[-104.6234,19.3765],[-104.6242,19.3521],[-104.6337,19.3564],[-104.6476,19.3495],[-104.6441,19.3162],[-104.6229,19.3012],[-104.6132,19.3146],[-104.5714,19.3311],[-104.5624,19.3397],[-104.5369,19.3451],[-104.533,19.3604],[-104.5088,19.36],[-104.493,19.3497],[-104.4843,19.3612],[-104.4526,19.3506],[-104.4519,19.3345],[-104.4336,19.2985],[-104.4377,19.2815],[-104.4357,19.2791],[-104.4326,19.2792],[-104.4316,19.2792],[-104.4292,19.2793],[-104.4203,19.2796],[-104.4009,19.2891],[-104.3975,19.2868],[-104.3978,19.2849],[-104.4032,19.2718],[-104.3869,19.2714],[-104.3743,19.2819],[-104.3579,19.2706],[-104.3411,19.2899],[-104.3148,19.2794],[-104.3106,19.2895],[-104.2992,19.2975],[-104.2983,19.3021],[-104.294,19.3035],[-104.2828,19.2973],[-104.2619,19.3077],[-104.2477,19.3122],[-104.2233,19.3017],[-104.1895,19.3024],[-104.1735,19.3143],[-104.1541,19.3144],[-104.1229,19.321],[-104.1333,19.3537],[-104.1188,19.3717],[-104.0902,19.393],[-104.0838,19.4156],[-104.0709,19.4352],[-104.0866,19.442],[-104.0767,19.4802],[-104.0715,19.4835],[-104.0773,19.4921],[-104.0774,19.5228],[-104.0852,19.5401],[-104.104,19.5571],[-104.1068,19.5697]]]},"properties":{"CVE_ENT":"14","CVE_MUN":"027","CVEGEO":"14027","NOMGEO":"Cuautitlán de García Barragán"}},
{"type":"Feature","geometry":{"type":"Polygon","coordinates":[[[-104.4048,20.291],[-104.4156,20.2727],[-104.4413,20.2699],[-104.4618,20.2513],[-104.4918,20.2537],[-104.4982,20.2642],[-104.5212,20.2692],[-104.5369,20.2988],[-104.557,20.2874],[-104.5708,20.2726],[-104.5701,20.2572],[-104.5877,20.2527],[-104.5798,20.2313],[-104.5826,20.2195],[-104.6081,20.1825],[-104.6405,20.1633],[-104.6582,20.181],[-104.6741,20.1766],[-104.7061,20.2063],[-104.7029,20.1631],[-104.706,20.1507],[-104.6758,20.1491],[-104.6632,20.1354],[-104.6532,20.1177],[-104.6235,20.1071],[-104.6041,20.135],[-104.586,20.1218],[-104.5667,20.1283],[-104.5595,20.1385],[-104.54,20.1354],[-104.5236,20.1207],[-104.5094,20.126],[-104.5158,20.1453],[-104.501,20.1459],[-104.4863,20.1273],[-104.4556,20.1208],[-104.4328,20.1267],[-104.4204,20.1167],[-104.3835,20.137],[-104.3985,20.1614],[-104.3946,20.1872],[-104.3554,20.2285],[-104.375,20.2663],[-104.3939,20.2885],[-104.4048,20.291]]]},"properties":{"CVE_ENT":"14","CVE_MUN":"028","CVEGEO":"14028","NOMGEO":"Cuautla"}},
{"type":"Feature","geometry":{"type":"Polygon","coordinates":[[[-103.137,20.5718],[-103.146,20.578],[-103.1454,20.6237],[-103.1629,20.6184],[-103.1881,20.6356],[-103.184,20.648],[-103.1926,20.6758],[-103.2406,20.7037],[-103.2415,20.7026],[-103.2423,20.7018],[-103.2467,20.7007],[-103.2658,20.7056],[-103.2706,20.6898],[-103.2646,20.6753],[-103.2708,20.6473],[-103.2822,20.6412],[-103.2829,20.613],[-103.2573,20.6118],[-103.2587,20.5879],[-103.2543,20.5649],[-103.215,20.5525],[-103.2133,20.5648],[-103.1858,20.5645],[-103.1788,20.5313],[-103.1698,20.5318],[-103.1619,20.5529],[-103.1477,20.5583],[-103.137,20.5718]]]},"properties":{"CVE_ENT":"14","CVE_MUN":"101","CVEGEO":"14101","NOMGEO":"Tonalá"}},
{"type":"Feature","geometry":{"type":"Polygon","coordinates":[[[-104.6716,19.3764],[-104.6739,19.3761],[-104.6789,19.373],[-104.6773,19.3665],[-104.6936,19.3578],[-104.7112,19.3548],[-104.7191,19.3402],[-104.7603,19.3419],[-104.7722,19.3364],[-104.7668,19.3219],[-104.7783,19.3145],[-104.7793,19.2921],[-104.7572,19.285],[-104.7756,19.2573],[-104.7681,19.2301],[-104.7385,19.24],[-104.7337,19.2215],[-104.6987,19.22],[-104.6858,19.207],[-104.689,19.1841],[-104.6704,19.1857],[-104.6286,19.1732],[-104.6161,19.178],[-104.6131,19.1565],[-104.591,19.1499],[-104.6003,19.1791],[-104.5769,19.1802],[-104.5676,19.2001],[-104.5704,19.2148],[-104.5545,19.2371],[-104.5233,19.2604],[-104.5061,19.2451],[-104.4884,19.2472],[-104.474,19.2365],[-104.4597,19.254],[-104.4384,19.2629],[-104.4398,19.2772],[-104.4336,19.2985],[-104.4519,19.3345],[-104.4526,19.3506],[-104.4843,19.3612],[-104.493,19.3497],[-104.5088,19.36],[-104.533,19.3604],[-104.5369,19.3451],[-104.5624,19.3397],[-104.5714,19.3311],[-104.6132,19.3146],[-104.6229,19.3012],[-104.6441,19.3162],[-104.6476,19.3495],[-104.6337,19.3564],[-104.6441,19.3646],[-104.6523,19.3629],[-104.6517,19.3689],[-104.6572,19.3734],[-104.663,19.3754],[-104.6688,19.3744],[-104.6716,19.3764]]]},"properties":{"CVE_ENT":"14","CVE_MUN":"022","CVEGEO":"14022","NOMGEO":"Cihuatlán"}},
{"type":"Feature","geometry":{"type":"Polygon","coordinates":[[[-103.2658,20.7056],[-103.2698,20.7071],[-103.2803,20.7196],[-103.286,20.7367],[-103.3116,20.751],[-103.3263,20.7449],[-103.3299,20.7298],[-103.3474,20.7173],[-103.3621,20.713],[-103.407,20.7097],[-103.3982,20.6907],[-103.4031,20.6812],[-103.3967,20.6366],[-103.3963,20.6131],[-103.3776,20.6091],[-103.3658,20.6154],[-103.3404,20.6093],[-103.3116,20.6442],[-103.2822,20.6412],[-103.2708,20.6473],[-103.2646,20.6753],[-103.2706,20.6898],[-103.2658,20.7056]]]},"properties":{"CVE_ENT":"14","CVE_MUN":"039","CVEGEO":"14039","NOMGEO":"Guadalajara"}},
{"type":"Feature","geometry":{"type":"Polygon","coordinates":[[[-103.1216,20.4055],[-103.1392,20.4183],[-103.1439,20.4426],[-103.1601,20.4536],[-103.191,20.4556],[-103.2041,20.4641],[-103.2106,20.4802],[-103.2187,20.4569],[-103.249,20.4515],[-103.2407,20.4318],[-103.2888,20.4008],[-103.299,20.3903],[-103.2902,20.3619],[-103.2881,20.3357],[-103.2717,20.3416],[-103.2173,20.3344],[-103.1847,20.3273],[-103.1581,20.3365],[-103.1463,20.3358],[-103.1256,20.3612],[-103.1273,20.3869],[-103.1216,20.4055]]]},"properties":{"CVE_ENT":"14","CVE_MUN":"044","CVEGEO":"14044","NOMGEO":"Ixtlahuacán de los Membrillos"}},
{"type":"Feature","geometry":{"type":"Polygon","coordinates":[[[-103.1216,20.4055],[-103.0843,20.4004],[-103.0911,20.4172],[-103.086,20.4408],[-103.0813,20.4829],[-103.0859,20.4855],[-103.0919,20.4874],[-103.089,20.5182],[-103.0978,20.5299],[-103.1286,20.5471],[-103.137,20.5718],[-103.1477,20.5583],[-103.1619,20.5529],[-103.1698,20.5318],[-103.1761,20.5029],[-103.198,20.4963],[-103.2106,20.4802],[-103.2041,20.4641],[-103.191,20.4556],[-103.1601,20.4536],[-103.1439,20.4426],[-103.1392,20.4183],[-103.1216,20.4055]]]},"properties":{"CVE_ENT":"14","CVE_MUN":"051","CVEGEO":"14051","NOMGEO":"Juanacatlán"}},
{"type":"Feature","geometry":{"type":"Polygon","coordinates":[[[-103.2543,20.5649],[-103.2832,20.5704],[-103.2885,20.5799],[-103.3189,20.5852],[-103.3334,20.5717],[-103.3314,20.5539],[-103.3114,20.542],[-103.272,20.5295],[-103.265,20.5116],[-103.2469,20.5068],[-103.2372,20.4932],[-103.2162,20.4988],[-103.198,20.4963],[-103.1761,20.5029],[-103.1698,20.5318],[-103.1788,20.5313],[-103.1858,20.5645],[-103.2133,20.5648],[-103.215,20.5525],[-103.2543,20.5649]]]},"properties":{"CVE_ENT":"14","CVE_MUN":"070","CVEGEO":"14070","NOMGEO":"El Salto"}},
{"type":"Feature","geometry":{"type":"Polygon","coordinates":[[[-102.4595,20.8646],[-102.4828,20.8654],[-102.5049,20.8598],[-102.5076,20.8436],[-102.5334,20.8348],[-102.5314,20.8252],[-102.5532,20.81],[-102.5749,20.8031],[-102.575,20.7935],[-102.5905,20.7789],[-102.59,20.7601],[-102.5803,20.731],[-102.5588,20.7193],[-102.5435,20.7033],[-102.5304,20.6825],[-102.5038,20.6691],[-102.4695,20.6731],[-102.4332,20.7886],[-102.4357,20.8282],[-102.4609,20.8219],[-102.475,20.8343],[-102.4595,20.8646]]]},"properties":{"CVE_ENT":"14","CVE_MUN":"125","CVEGEO":"14125","NOMGEO":"San Ignacio Cerro Gordo"}},
{"type":"Feature","geometry":{"type":"Polygon","coordinates":[[[-103.4688,21.1435],[-103.5041,21.1277],[-103.5146,21.1447],[-103.5315,21.142],[-103.534,21.1307],[-103.5701,21.1178],[-103.5917,21.1286],[-103.6042,21.1537],[-103.6146,21.1582],[-103.6444,21.1212],[-103.6545,21.0977],[-103.6591,21.0625],[-103.6709,21.0418],[-103.6503,21.0248],[-103.6141,21.0418],[-103.6018,21.0308],[-103.6001,21.0155],[-103.6247,21.004],[-103.6121,20.9741],[-103.6156,20.9619],[-103.5928,20.9633],[-103.5822,20.957],[-103.55,20.9693],[-103.5467,20.9807],[-103.5179,20.9952],[-103.5085,20.9829],[-103.478,20.9862],[-103.4324,20.9595],[-103.4357,20.9358],[-103.4012,20.9576],[-103.3957,20.9467],[-103.3788,20.9537],[-103.37,20.9355],[-103.3379,20.9557],[-103.3589,20.9669],[-103.357,20.9881],[-103.3357,21.0043],[-103.3391,21.0223],[-103.3485,21.0269],[-103.347,21.0442],[-103.3684,21.0567],[-103.3976,21.085],[-103.3957,21.0976],[-103.4232,21.1241],[-103.4164,21.1362],[-103.4351,21.142],[-103.4688,21.1435]]]},"properties":{"CVE_ENT":"14","CVE_MUN":"071","CVEGEO":"14071","NOMGEO":"San Cristóbal de la Barranca"}},
{"type":"Feature","geometry":{"type":"Polygon","coordinates":[[[-104.456,19.8468],[-104.4819,19.8622],[-104.5005,19.8397],[-104.5239,19.8574],[-104.5393,19.9002],[-104.5463,19.9734],[-104.5745,19.9892],[-104.5638,20.0102],[-104.583,20.0202],[-104.5909,20.0122],[-104.6072,20.0139],[-104.6218,20.0446],[-104.6375,20.0395],[-104.6454,20.023],[-104.6765,20.0348],[-104.717,20.0136],[-104.7177,19.9988],[-104.7491,19.9978],[-104.7767,19.9783],[-104.7929,19.9581],[-104.8175,19.9439],[-104.8497,19.9403],[-104.8503,19.9187],[-104.8568,19.9001],[-104.867,19.8964],[-104.8831,19.9075],[-104.904,19.9119],[-104.9028,19.9278],[-104.9145,19.9322],[-104.932,19.9148],[-104.9453,19.9088],[-104.9448,19.8853],[-104.9713,19.8867],[-104.9817,19.8988],[-104.9968,19.8782],[-104.9837,19.8675],[-104.9795,19.8499],[-104.9913,19.832],[-105.0047,19.8252],[-105.0087,19.7919],[-105.0237,19.7868],[-105.0254,19.7637],[-105.0101,19.7554],[-105.0105,19.7305],[-105.022,19.7226],[-105.0162,19.7054],[-104.9826,19.6877],[-104.9667,19.702],[-104.9172,19.6846],[-104.9,19.6974],[-104.8725,19.7074],[-104.8509,19.6772],[-104.8305,19.638],[-104.8196,19.632],[-104.765,19.6383],[-104.7412,19.612],[-104.7208,19.6364],[-104.6933,19.6213],[-104.6672,19.6256],[-104.6238,19.6094],[-104.6166,19.6041],[-104.6129,19.6015],[-104.6125,19.6011],[-104.6125,19.601],[-104.6006,19.6047],[-104.5984,19.6299],[-104.5878,19.645],[-104.5557,19.6283],[-104.5416,19.6652],[-104.5118,19.6586],[-104.5231,19.6765],[-104.5104,19.6905],[-104.479,19.68],[-104.4738,19.7109],[-104.4785,19.7241],[-104.4743,19.7496],[-104.4667,19.761],[-104.4676,19.7767],[-104.4733,19.8006],[-104.4631,19.8248],[-104.4477,19.8256],[-104.456,19.8468]]]},"properties":{"CVE_ENT":"14","CVE_MUN":"068","CVEGEO":"14068","NOMGEO":"Villa Purificación"}},
{"type":"Feature","geometry":{"type":"Polygon","coordinates":[[[-105.088,20.9232],[-105.1045,20.9123],[-105.1131,20.8999],[-105.1302,20.8886],[-105.1526,20.8626],[-105.166,20.8238],[-105.171,20.7961],[-105.1623,20.7925],[-105.1734,20.7678],[-105.197,20.7772],[-105.2352,20.7474],[-105.2385,20.726],[-105.2529,20.7049],[-105.2563,20.6953],[-105.2613,20.6917],[-105.2627,20.6892],[-105.2647,20.6787],[-105.2759,20.6708],[-105.2451,20.6533],[-105.2338,20.6353],[-105.2334,20.6146],[-105.2448,20.5822],[-105.2584,20.5572],[-105.2874,20.5449],[-105.2987,20.531],[-105.3248,20.5143],[-105.3243,20.5117],[-105.3245,20.4981],[-105.3223,20.4871],[-105.3158,20.4782],[-105.2951,20.4822],[-105.3047,20.4969],[-105.3003,20.5078],[-105.2743,20.5124],[-105.2601,20.4875],[-105.2316,20.4843],[-105.2017,20.497],[-105.1974,20.5082],[-105.1744,20.5188],[-105.1613,20.5308],[-105.1424,20.5256],[-105.1375,20.5137],[-105.1151,20.5321],[-105.1178,20.5508],[-105.1158,20.5822],[-105.1386,20.6],[-105.1307,20.6276],[-105.1588,20.6819],[-105.1366,20.6912],[-105.1007,20.6971],[-105.0784,20.6898],[-105.0598,20.7192],[-105.022,20.7408],[-105.0005,20.7462],[-104.9839,20.7464],[-104.9754,20.7521],[-104.9723,20.7755],[-104.9837,20.7993],[-105.0037,20.8047],[-105.0049,20.8143],[-105.0302,20.8278],[-105.0466,20.8315],[-105.0376,20.8488],[-105.0468,20.8792],[-105.0685,20.8892],[-105.0794,20.9028],[-105.0842,20.918],[-105.0855,20.9204],[-105.0873,20.9216],[-105.0883,20.9218],[-105.088,20.9232]]]},"properties":{"CVE_ENT":"14","CVE_MUN":"067","CVEGEO":"14067","NOMGEO":"Puerto Vallarta"}},
{"type":"Feature","geometry":{"type":"Polygon","coordinates":[[[-102.8801,20.387],[-102.9138,20.3825],[-102.9356,20.3885],[-102.9526,20.4019],[-102.993,20.4022],[-103.0235,20.4217],[-103.0429,20.4102],[-103.0843,20.4002],[-103.0887,20.3878],[-103.0633,20.3764],[-103.0723,20.3614],[-103.1089,20.3452],[-103.1155,20.3304],[-103.091,20.3261],[-103.0804,20.3352],[-103.0514,20.3301],[-103.0338,20.3337],[-103.0229,20.2868],[-103.0365,20.1814],[-103.0246,20.1645],[-102.9678,20.1732],[-102.9541,20.1709],[-102.9358,20.1707],[-102.9078,20.1621],[-102.8755,20.1576],[-102.866,20.1624],[-102.8454,20.1233],[-102.8163,20.106],[-102.8019,20.123],[-102.8081,20.141],[-102.7847,20.1376],[-102.7306,20.1664],[-102.6897,20.166],[-102.6797,20.1715],[-102.6829,20.2067],[-102.6846,20.2122],[-102.7374,20.2145],[-102.7498,20.2212],[-102.7356,20.2909],[-102.7644,20.2944],[-102.7867,20.3224],[-102.7782,20.3418],[-102.7938,20.3721],[-102.8091,20.382],[-102.8462,20.3931],[-102.8801,20.387]]]},"properties":{"CVE_ENT":"14","CVE_MUN":"066","CVEGEO":"14066","NOMGEO":"Poncitlán"}},
{"type":"Feature","geometry":{"type":"Polygon","coordinates":[[[-101.8019,22.0278],[-101.8157,22.02],[-101.8406,22.0266],[-101.859,22.028],[-101.8617,22.0289],[-101.8606,22.028],[-101.8607,22.0169],[-101.8617,21.9987],[-101.8638,21.99],[-101.8913,21.9766],[-101.8978,21.9584],[-101.8797,21.9439],[-101.8723,21.9465],[-101.8353,21.9418],[-101.838,21.9073],[-101.8802,21.9101],[-101.9412,21.8895],[-101.9402,21.8872],[-101.9352,21.889],[-101.9313,21.888],[-101.9282,21.8845],[-101.9337,21.8658],[-101.919,21.853],[-101.8814,21.8471],[-101.8629,21.8259],[-101.8562,21.7995],[-101.8291,21.7843],[-101.8383,21.7615],[-101.8308,21.7503],[-101.815,21.7594],[-101.7969,21.7436],[-101.8038,21.7285],[-101.8222,21.7303],[-101.7716,21.6762],[-101.762,21.6782],[-101.7322,21.6608],[-101.7404,21.6481],[-101.7197,21.6312],[-101.6938,21.6228],[-101.6833,21.6105],[-101.6857,21.5791],[-101.6739,21.5568],[-101.6589,21.5597],[-101.6392,21.5416],[-101.6228,21.5448],[-101.6064,21.5646],[-101.6122,21.5753],[-101.6032,21.5936],[-101.586,21.6078],[-101.5844,21.6311],[-101.5943,21.6338],[-101.583,21.6579],[-101.5846,21.669],[-101.5696,21.6904],[-101.5712,21.7064],[-101.5577,21.7351],[-101.5797,21.7364],[-101.5823,21.7727],[-101.5602,21.7799],[-101.5388,21.7773],[-101.5105,21.7991],[-101.522,21.818],[-101.5371,21.8106],[-101.5482,21.8341],[-101.5614,21.8361],[-101.5691,21.8947],[-101.5698,21.9171],[-101.5918,21.9151],[-101.6204,21.9186],[-101.6368,21.9077],[-101.6507,21.9077],[-101.6591,21.9416],[-101.6829,21.9629],[-101.7107,21.9739],[-101.7323,21.9951],[-101.73,22.0021],[-101.751,22.0146],[-101.7776,22.0073],[-101.7848,22.0227],[-101.8019,22.0278]]]},"properties":{"CVE_ENT":"14","CVE_MUN":"064","CVEGEO":"14064","NOMGEO":"Ojuelos de Jalisco"}},
{"type":"Feature","geometry":{"type":"Polygon","coordinates":[[[-102.6095,20.4196],[-102.5951,20.4469],[-102.6032,20.4559],[-102.6205,20.4578],[-102.6267,20.4674],[-102.6464,20.4572],[-102.6615,20.4734],[-102.6786,20.4812],[-102.6946,20.4664],[-102.6914,20.4492],[-102.7292,20.4258],[-102.7506,20.4457],[-102.7581,20.4324],[-102.7677,20.4468],[-102.7882,20.4471],[-102.793,20.4276],[-102.8085,20.4107],[-102.8401,20.4168],[-102.8724,20.4039],[-102.8801,20.387],[-102.8462,20.3931],[-102.8091,20.382],[-102.7938,20.3721],[-102.7782,20.3418],[-102.7867,20.3224],[-102.7644,20.2944],[-102.7356,20.2909],[-102.7339,20.3107],[-102.7455,20.3223],[-102.7275,20.3436],[-102.6752,20.3576],[-102.6616,20.3727],[-102.6228,20.411],[-102.6095,20.4196]]]},"properties":{"CVE_ENT":"14","CVE_MUN":"063","CVEGEO":"14063","NOMGEO":"Ocotlán"}},
{"type":"Feature","geometry":{"type":"Polygon","coordinates":[[[-104.5336,20.7104],[-104.5437,20.7107],[-104.5737,20.6875],[-104.5792,20.6676],[-104.6005,20.6569],[-104.5943,20.6428],[-104.6102,20.615],[-104.6258,20.5975],[-104.6045,20.5852],[-104.6005,20.5633],[-104.6233,20.5241],[-104.6491,20.5128],[-104.6146,20.4895],[-104.6138,20.4665],[-104.5802,20.4702],[-104.5747,20.457],[-104.5602,20.4545],[-104.5532,20.4664],[-104.5596,20.4878],[-104.5437,20.4895],[-104.5169,20.5126],[-104.5031,20.5132],[-104.476,20.5014],[-104.4819,20.4929],[-104.4619,20.4617],[-104.4787,20.4456],[-104.4566,20.4357],[-104.4444,20.4212],[-104.4617,20.4075],[-104.4157,20.366],[-104.4199,20.3333],[-104.3937,20.3363],[-104.3873,20.369],[-104.3655,20.3758],[-104.3283,20.3742],[-104.3256,20.3966],[-104.3078,20.4215],[-104.2913,20.4208],[-104.272,20.4118],[-104.262,20.4305],[-104.2465,20.4319],[-104.2344,20.4181],[-104.212,20.4225],[-104.2066,20.4326],[-104.2042,20.4453],[-104.1879,20.4522],[-104.1932,20.4609],[-104.2133,20.4686],[-104.2401,20.4925],[-104.2697,20.4973],[-104.2794,20.4587],[-104.3188,20.4776],[-104.3238,20.4992],[-104.3509,20.5126],[-104.357,20.5068],[-104.3796,20.5183],[-104.4224,20.5131],[-104.4551,20.5318],[-104.4446,20.5495],[-104.4612,20.5601],[-104.4731,20.5785],[-104.495,20.5988],[-104.5025,20.6286],[-104.4851,20.629],[-104.4867,20.652],[-104.5173,20.6645],[-104.5134,20.6834],[-104.5336,20.7104]]]},"properties":{"CVE_ENT":"14","CVE_MUN":"062","CVEGEO":"14062","NOMGEO":"Mixtlán"}},
{"type":"Feature","geometry":{"type":"Polygon","coordinates":[[[-103.6102,22.5595],[-103.6353,22.5601],[-103.6628,22.548],[-103.7115,22.5645],[-103.7266,22.5741],[-103.7445,22.5585],[-103.7691,22.5558],[-103.7843,22.5063],[-103.7838,22.4879],[-103.8063,22.4418],[-103.8112,22.3767],[-103.8199,22.3641],[-103.8454,22.3428],[-103.8461,22.331],[-103.8292,22.2899],[-103.8452,22.2614],[-103.8441,22.2221],[-103.8622,22.1718],[-103.8731,22.1784],[-103.887,22.2271],[-103.9017,22.2371],[-103.9175,22.2645],[-103.9112,22.2844],[-103.9159,22.3105],[-103.926,22.3316],[-103.9401,22.3243],[-103.9618,22.3267],[-103.9739,22.309],[-103.9879,22.3117],[-104.0093,22.3374],[-104.0232,22.3645],[-104.0488,22.3764],[-104.0675,22.3614],[-104.0973,22.3578],[-104.0949,22.3763],[-104.0788,22.3769],[-104.0807,22.3909],[-104.0728,22.4203],[-104.0634,22.4326],[-104.0622,22.4513],[-104.0516,22.4667],[-104.0548,22.4894],[-104.0712,22.5024],[-104.0688,22.522],[-104.0799,22.5332],[-104.1027,22.5314],[-104.1208,22.5156],[-104.113,22.5033],[-104.1431,22.5047],[-104.1557,22.5154],[-104.1781,22.5053],[-104.1895,22.5078],[-104.2023,22.4887],[-104.1868,22.4663],[-104.1999,22.4563],[-104.1908,22.446],[-104.1716,22.4431],[-104.1775,22.4233],[-104.1646,22.3924],[-104.1777,22.3896],[-104.1992,22.4073],[-104.2088,22.4225],[-104.241,22.4128],[-104.2544,22.3925],[-104.2579,22.3477],[-104.2926,22.3443],[-104.2926,22.3074],[-104.2859,22.3029],[-104.2956,22.2769],[-104.3286,22.2455],[-104.3407,22.2064],[-104.3366,22.1867],[-104.3563,22.1654],[-104.3647,22.1124],[-104.3732,22.1014],[-104.3635,22.0741],[-104.3615,22.0529],[-104.371,21.9794],[-104.3637,21.974],[-104.3255,21.9767],[-104.2958,22.0024],[-104.2814,21.9997],[-104.2772,21.9824],[-104.2453,21.9669],[-104.212,21.9831],[-104.1933,21.9854],[-104.1737,21.9709],[-104.1797,21.9375],[-104.1993,21.911],[-104.2,21.8943],[-104.1605,21.8987],[-104.154,21.9199],[-104.1361,21.9073],[-104.0953,21.8958],[-104.0637,21.927],[-104.0577,21.9458],[-104.0483,21.9528],[-104.0148,21.9292],[-103.9946,21.9451],[-103.9777,21.9508],[-103.9451,21.93],[-103.9386,21.947],[-103.9215,21.9424],[-103.9177,21.9621],[-103.9244,21.9707],[-103.9059,21.9887],[-103.9192,22.0146],[-103.8875,22.022],[-103.8824,22.0038],[-103.8685,22.0107],[-103.8399,22.0107],[-103.8252,22.0124],[-103.801,22.0306],[-103.825,22.0633],[-103.846,22.0745],[-103.8309,22.1258],[-103.8086,22.1511],[-103.7928,22.1558],[-103.775,22.172],[-103.7565,22.1536],[-103.7357,22.1542],[-103.7222,22.163],[-103.708,22.1603],[-103.6994,22.1487],[-103.7055,22.1354],[-103.6908,22.1283],[-103.661,22.167],[-103.6491,22.2021],[-103.6413,22.2096],[-103.6309,22.2389],[-103.6208,22.2475],[-103.5997,22.2777],[-103.6192,22.2818],[-103.6378,22.2952],[-103.645,22.3178],[-103.635,22.3435],[-103.6067,22.3383],[-103.5928,22.3893],[-103.594,22.4072],[-103.5784,22.4105],[-103.5606,22.4231],[-103.5722,22.4411],[-103.5715,22.4692],[-103.5806,22.4774],[-103.5812,22.4986],[-103.5919,22.5028],[-103.5861,22.5255],[-103.5993,22.5264],[-103.6102,22.5595]]]},"properties":{"CVE_ENT":"14","CVE_MUN":"061","CVEGEO":"14061","NOMGEO":"Mezquitic"}},
{"type":"Feature","geometry":{"type":"Polygon","coordinates":[[[-102.6818,21.3392],[-102.7001,21.3457],[-102.7006,21.3613],[-102.7133,21.3798],[-102.7291,21.3874],[-102.7327,21.3692],[-102.728,21.3571],[-102.7578,21.3392],[-102.7553,21.3232],[-102.7739,21.3168],[-102.7837,21.3295],[-102.8176,21.3185],[-102.8155,21.2945],[-102.8371,21.3034],[-102.8488,21.2932],[-102.852,21.2755],[-102.8636,21.2529],[-102.8577,21.2309],[-102.8331,21.2219],[-102.8205,21.1998],[-102.8206,21.1886],[-102.8054,21.1695],[-102.7859,21.1737],[-102.7731,21.198],[-102.7614,21.1993],[-102.7491,21.1883],[-102.7181,21.1988],[-102.7106,21.2158],[-102.6955,21.2074],[-102.6933,21.1894],[-102.6652,21.2179],[-102.6531,21.2514],[-102.6544,21.277],[-102.6722,21.2849],[-102.6926,21.3139],[-102.7054,21.3192],[-102.6818,21.3392]]]},"properties":{"CVE_ENT":"14","CVE_MUN":"060","CVEGEO":"14060","NOMGEO":"Mexticacán"}},
{"type":"Feature","geometry":{"type":"Polygon","coordinates":[[[-103.0503,19.9966],[-103.0647,19.9891],[-103.0639,19.9748],[-103.0837,19.9625],[-103.1083,19.9711],[-103.1323,19.9671],[-103.1479,19.9752],[-103.1548,19.9652],[-103.1572,19.9488],[-103.1505,19.9297],[-103.1677,19.9154],[-103.1662,19.8857],[-103.1814,19.8847],[-103.1946,19.8747],[-103.1848,19.8595],[-103.1568,19.8536],[-103.148,19.8438],[-103.1308,19.8469],[-103.1143,19.8606],[-103.1005,19.8557],[-103.0933,19.8333],[-103.0738,19.8306],[-103.056,19.8129],[-103.0205,19.8],[-103.0161,19.7878],[-102.9988,19.7852],[-103.001,19.8022],[-102.9902,19.8244],[-102.9802,19.8689],[-102.9978,19.8917],[-102.9913,19.9338],[-103.0063,19.9405],[-103.0155,19.9598],[-103.0362,19.9694],[-103.0503,19.9966]]]},"properties":{"CVE_ENT":"14","CVE_MUN":"059","CVEGEO":"14059","NOMGEO":"Mazamitla"}},
{"type":"Feature","geometry":{"type":"Polygon","coordinates":[[[-104.5336,20.7104],[-104.5382,20.7413],[-104.5551,20.7524],[-104.5565,20.7625],[-104.584,20.7945],[-104.5956,20.8336],[-104.5899,20.8406],[-104.6156,20.83],[-104.6491,20.8379],[-104.6459,20.8206],[-104.6545,20.8016],[-104.6518,20.7905],[-104.6883,20.7568],[-104.7086,20.7498],[-104.7139,20.7313],[-104.7368,20.733],[-104.7392,20.7009],[-104.7486,20.6994],[-104.7932,20.7202],[-104.8209,20.7214],[-104.8273,20.6976],[-104.8432,20.7036],[-104.877,20.6913],[-104.8969,20.7116],[-104.9178,20.7166],[-104.9454,20.708],[-104.9622,20.6973],[-104.9865,20.7286],[-104.9912,20.7449],[-105.022,20.7408],[-105.0598,20.7192],[-105.0784,20.6898],[-105.1007,20.6971],[-105.1366,20.6912],[-105.1588,20.6819],[-105.1307,20.6276],[-105.1386,20.6],[-105.1262,20.5855],[-105.1158,20.5822],[-105.1137,20.571],[-105.1151,20.5583],[-105.1178,20.5508],[-105.1164,20.543],[-105.1151,20.5321],[-105.1192,20.5267],[-105.099,20.5233],[-105.1124,20.5051],[-105.0933,20.4995],[-105.0753,20.4864],[-105.0574,20.4905],[-105.0589,20.4632],[-105.0459,20.4426],[-105.0368,20.439],[-105.0064,20.4479],[-104.9788,20.436],[-104.979,20.4515],[-104.9652,20.4712],[-104.9864,20.4994],[-104.9769,20.5089],[-104.9627,20.5041],[-104.9486,20.5182],[-104.9586,20.5332],[-104.9214,20.5396],[-104.9062,20.5554],[-104.9006,20.5362],[-104.887,20.5264],[-104.8709,20.5349],[-104.8507,20.5109],[-104.8373,20.5129],[-104.8238,20.5021],[-104.8113,20.4678],[-104.8249,20.4455],[-104.8015,20.4225],[-104.8084,20.4116],[-104.7831,20.4053],[-104.768,20.3962],[-104.7609,20.3602],[-104.7463,20.3486],[-104.7245,20.3406],[-104.7361,20.3109],[-104.7263,20.2971],[-104.7208,20.2712],[-104.7077,20.2672],[-104.6773,20.2724],[-104.6671,20.2913],[-104.6358,20.3093],[-104.6373,20.3286],[-104.6282,20.351],[-104.6026,20.3689],[-104.6049,20.3854],[-104.6202,20.3989],[-104.6229,20.4141],[-104.616,20.4396],[-104.6138,20.4665],[-104.6146,20.4895],[-104.6491,20.5128],[-104.6233,20.5241],[-104.6005,20.5633],[-104.6045,20.5852],[-104.6258,20.5975],[-104.6102,20.615],[-104.5943,20.6428],[-104.6005,20.6569],[-104.5792,20.6676],[-104.5737,20.6875],[-104.5437,20.7107],[-104.5336,20.7104]]]},"properties":{"CVE_ENT":"14","CVE_MUN":"058","CVEGEO":"14058","NOMGEO":"Mascota"}},
{"type":"Feature","geometry":{"type":"Polygon","coordinates":[[[-103.031,20.0659],[-103.0438,20.0698],[-103.065,20.0623],[-103.0671,20.0494],[-103.0912,20.033],[-103.1237,20.0599],[-103.1225,20.0815],[-103.1666,20.0887],[-103.1753,20.0558],[-103.1587,20.025],[-103.1673,19.9809],[-103.1548,19.9652],[-103.1479,19.9752],[-103.1323,19.9671],[-103.1083,19.9711],[-103.0837,19.9625],[-103.0639,19.9748],[-103.0647,19.9891],[-103.0503,19.9966],[-103.0456,20.0111],[-103.0248,20.0348],[-103.0216,20.0533],[-103.031,20.0659]]]},"properties":{"CVE_ENT":"14","CVE_MUN":"057","CVEGEO":"14057","NOMGEO":"La Manzanilla de la Paz"}},
{"type":"Feature","geometry":{"type":"Polygon","coordinates":[[[-102.7927,19.6626],[-102.82,19.6614],[-102.8667,19.6508],[-102.8693,19.6387],[-102.8824,19.6297],[-102.9003,19.6364],[-102.9138,19.6311],[-102.9282,19.6352],[-102.9685,19.6212],[-102.973,19.6348],[-103.0055,19.6392],[-103.007,19.6119],[-103.029,19.5865],[-103.0241,19.5669],[-103.0035,19.5548],[-103.0197,19.5213],[-103.0466,19.5053],[-103.0585,19.5072],[-103.0376,19.4999],[-103.0064,19.4765],[-102.9649,19.4672],[-102.9503,19.4561],[-102.9176,19.4502],[-102.9106,19.4653],[-102.8677,19.4425],[-102.8766,19.4285],[-102.8585,19.3865],[-102.8457,19.3995],[-102.8264,19.4089],[-102.8118,19.431],[-102.7697,19.3952],[-102.7538,19.4045],[-102.7545,19.4158],[-102.738,19.4296],[-102.7344,19.4489],[-102.7123,19.446],[-102.6939,19.4527],[-102.6668,19.45],[-102.6472,19.4371],[-102.618,19.466],[-102.5865,19.4682],[-102.5759,19.4981],[-102.5719,19.5112],[-102.5823,19.5283],[-102.6205,19.4988],[-102.6575,19.4872],[-102.6708,19.4906],[-102.673,19.512],[-102.6895,19.5134],[-102.7241,19.493],[-102.7389,19.4987],[-102.7224,19.518],[-102.7106,19.5413],[-102.7135,19.5633],[-102.7253,19.5839],[-102.716,19.6003],[-102.7207,19.6107],[-102.7476,19.6128],[-102.7603,19.6272],[-102.7772,19.629],[-102.7792,19.6433],[-102.7927,19.6626]]]},"properties":{"CVE_ENT":"14","CVE_MUN":"056","CVEGEO":"14056","NOMGEO":"Santa María del Oro"}},
{"type":"Feature","geometry":{"type":"Polygon","coordinates":[[[-104.0453,19.8153],[-104.0767,19.8266],[-104.0766,19.8426],[-104.0658,19.8477],[-104.0473,19.8783],[-104.0302,19.8868],[-104.037,19.8969],[-104.0304,19.91],[-104.0423,19.9267],[-104.0681,19.9103],[-104.0747,19.8954],[-104.0716,19.8769],[-104.0911,19.8749],[-104.1239,19.8648],[-104.1506,19.8649],[-104.178,19.8539],[-104.1757,19.8328],[-104.1919,19.8146],[-104.1846,19.806],[-104.1598,19.8131],[-104.116,19.8068],[-104.1078,19.8032],[-104.0743,19.773],[-104.0487,19.7812],[-104.0499,19.8069],[-104.0453,19.8153]]]},"properties":{"CVE_ENT":"14","CVE_MUN":"054","CVEGEO":"14054","NOMGEO":"El Limón"}},
{"type":"Feature","geometry":{"type":"Polygon","coordinates":[[[-101.6228,21.5448],[-101.6392,21.5416],[-101.6589,21.5597],[-101.6739,21.5568],[-101.6857,21.5791],[-101.6833,21.6105],[-101.6938,21.6228],[-101.7197,21.6312],[-101.7404,21.6481],[-101.7322,21.6608],[-101.762,21.6782],[-101.7716,21.6762],[-101.8222,21.7303],[-101.8038,21.7285],[-101.7969,21.7436],[-101.815,21.7594],[-101.8308,21.7503],[-101.8383,21.7615],[-101.8291,21.7843],[-101.8562,21.7995],[-101.8629,21.8259],[-101.8814,21.8471],[-101.919,21.853],[-101.9337,21.8658],[-101.9282,21.8845],[-101.9313,21.888],[-101.9352,21.889],[-101.9402,21.8872],[-101.9412,21.8895],[-102.02,21.8625],[-102.0384,21.8532],[-102.0417,21.8231],[-102.0551,21.8164],[-102.058,21.8019],[-102.072,21.7827],[-102.0946,21.7777],[-102.0887,21.7671],[-102.1047,21.7519],[-102.0746,21.7531],[-102.0228,21.7505],[-102.0222,21.7304],[-101.9907,21.7226],[-101.9722,21.7034],[-101.9739,21.6873],[-101.9847,21.6661],[-101.9965,21.6615],[-101.9729,21.6339],[-101.987,21.6224],[-101.9925,21.6077],[-101.9779,21.5953],[-101.999,21.5728],[-101.9984,21.5611],[-102.0121,21.5278],[-102.0249,21.5311],[-102.033,21.5065],[-102.0485,21.5101],[-102.0593,21.4922],[-102.0466,21.4745],[-102.0569,21.461],[-102.1149,21.4504],[-102.1373,21.4349],[-102.1169,21.427],[-102.1313,21.4008],[-102.1497,21.3878],[-102.1408,21.3526],[-102.1594,21.3389],[-102.1588,21.3046],[-102.1312,21.2978],[-102.1262,21.269],[-102.0946,21.255],[-102.0923,21.2318],[-102.079,21.2196],[-102.0682,21.2357],[-102.0447,21.2364],[-102.0325,21.2228],[-102.0134,21.2395],[-102.0188,21.2621],[-101.9984,21.275],[-101.977,21.2724],[-101.9486,21.2576],[-101.9061,21.2556],[-101.8923,21.2463],[-101.8756,21.2242],[-101.8705,21.2023],[-101.8598,21.1888],[-101.8621,21.177],[-101.8335,21.1819],[-101.8182,21.1925],[-101.8096,21.2077],[-101.7738,21.22],[-101.7659,21.2422],[-101.7682,21.2577],[-101.7597,21.2676],[-101.7358,21.2773],[-101.6977,21.2838],[-101.686,21.2938],[-101.6629,21.2866],[-101.6432,21.2993],[-101.6459,21.3283],[-101.6428,21.3551],[-101.6556,21.3733],[-101.6789,21.3934],[-101.6652,21.4044],[-101.5976,21.421],[-101.5704,21.4185],[-101.5804,21.4283],[-101.589,21.4649],[-101.6413,21.5266],[-101.6228,21.5448]]]},"properties":{"CVE_ENT":"14","CVE_MUN":"053","CVEGEO":"14053","NOMGEO":"Lagos de Moreno"}},
{"type":"Feature","geometry":{"type":"Polygon","coordinates":[[[-103.944,20.1108],[-103.9912,20.1208],[-104.0296,20.1147],[-104.034,20.1532],[-104.044,20.1598],[-104.0641,20.1455],[-104.0753,20.122],[-104.1076,20.0848],[-104.1366,20.0869],[-104.1275,20.0588],[-104.138,20.0442],[-104.1121,20.0383],[-104.0864,20.0073],[-104.0654,19.9926],[-104.0869,19.9802],[-104.0545,19.9639],[-104.0224,19.9663],[-103.9969,19.9835],[-103.9709,19.982],[-103.9531,19.989],[-103.9568,20.0113],[-103.9878,20.0241],[-103.9809,20.0463],[-103.9637,20.0628],[-103.9629,20.0837],[-103.9463,20.0968],[-103.944,20.1108]]]},"properties":{"CVE_ENT":"14","CVE_MUN":"052","CVEGEO":"14052","NOMGEO":"Juchitlán"}},
{"type":"Feature","geometry":{"type":"Polygon","coordinates":[[[-103.2863,20.3327],[-103.2881,20.3357],[-103.2886,20.3393],[-103.29,20.3429],[-103.2898,20.3486],[-103.295,20.3559],[-103.2902,20.3619],[-103.299,20.3903],[-103.3083,20.4019],[-103.3334,20.3875],[-103.3432,20.3686],[-103.3588,20.3618],[-103.3831,20.3646],[-103.418,20.3597],[-103.4372,20.3652],[-103.4891,20.3982],[-103.526,20.4092],[-103.5366,20.4082],[-103.5478,20.4028],[-103.5403,20.3864],[-103.5477,20.3722],[-103.5404,20.3517],[-103.5165,20.3204],[-103.5114,20.3055],[-103.4851,20.2917],[-103.476,20.2746],[-103.4604,20.269],[-103.4696,20.2466],[-103.4588,20.2242],[-103.4432,20.2075],[-103.4259,20.1986],[-103.411,20.1825],[-103.3906,20.1846],[-103.3748,20.1697],[-103.35,20.1681],[-103.3421,20.174],[-103.3737,20.1986],[-103.3751,20.206],[-103.3608,20.2266],[-103.4104,20.2256],[-103.4218,20.2443],[-103.4178,20.2778],[-103.4122,20.2875],[-103.3864,20.2919],[-103.3551,20.2897],[-103.3351,20.2829],[-103.2991,20.2871],[-103.2997,20.3253],[-103.2863,20.3327]]]},"properties":{"CVE_ENT":"14","CVE_MUN":"050","CVEGEO":"14050","NOMGEO":"Jocotepec"}},
{"type":"Feature","geometry":{"type":"Polygon","coordinates":[[[-103.6223,21.8694],[-103.6287,21.8759],[-103.6522,21.8769],[-103.6577,21.8916],[-103.6506,21.9208],[-103.6769,21.9184],[-103.6832,21.9274],[-103.7002,21.9141],[-103.7064,21.8597],[-103.6735,21.8639],[-103.6645,21.8498],[-103.6876,21.8487],[-103.7104,21.8259],[-103.7307,21.8233],[-103.7405,21.8026],[-103.7815,21.8027],[-103.812,21.7985],[-103.8611,21.8274],[-103.8804,21.8243],[-103.8891,21.7797],[-103.8893,21.7592],[-103.8757,21.7574],[-103.8611,21.7457],[-103.8135,21.7377],[-103.8032,21.7289],[-103.7845,21.7314],[-103.7646,21.7203],[-103.7473,21.7258],[-103.7062,21.7083],[-103.6973,21.6957],[-103.6749,21.7124],[-103.6531,21.7163],[-103.6512,21.7012],[-103.6784,21.6682],[-103.6914,21.6608],[-103.7018,21.6417],[-103.6844,21.6193],[-103.6886,21.604],[-103.7037,21.5945],[-103.6864,21.5565],[-103.6855,21.5568],[-103.6848,21.5567],[-103.6832,21.5577],[-103.6822,21.5565],[-103.6736,21.5549],[-103.6698,21.5571],[-103.6638,21.5581],[-103.66,21.5648],[-103.6449,21.5765],[-103.6298,21.5734],[-103.6216,21.5584],[-103.6081,21.5565],[-103.5967,21.5655],[-103.5915,21.5891],[-103.5564,21.5773],[-103.5504,21.597],[-103.5555,21.6341],[-103.5487,21.6499],[-103.5408,21.6653],[-103.5267,21.6756],[-103.5179,21.7115],[-103.5098,21.713],[-103.5091,21.7418],[-103.5288,21.7732],[-103.5404,21.7706],[-103.5691,21.7886],[-103.5726,21.8035],[-103.5855,21.8054],[-103.6134,21.8226],[-103.6241,21.8343],[-103.6189,21.862],[-103.6223,21.8694]]]},"properties":{"CVE_ENT":"14","CVE_MUN":"031","CVEGEO":"14031","NOMGEO":"Chimaltitán"}},
{"type":"Feature","geometry":{"type":"Polygon","coordinates":[[[-103.0585,19.5072],[-103.0714,19.5143],[-103.083,19.5093],[-103.0909,19.4926],[-103.0656,19.4912],[-103.0802,19.4643],[-103.0762,19.4495],[-103.0991,19.4405],[-103.1183,19.4418],[-103.1195,19.4275],[-103.1065,19.4183],[-103.0906,19.4196],[-103.0829,19.402],[-103.0999,19.3716],[-103.1224,19.3638],[-103.1301,19.349],[-103.156,19.3289],[-103.1632,19.315],[-103.1495,19.3073],[-103.1476,19.2928],[-103.1317,19.2766],[-103.1131,19.2742],[-103.1036,19.2647],[-103.0776,19.2572],[-103.0806,19.2417],[-103.1048,19.2154],[-103.0841,19.1932],[-103.0571,19.183],[-103.0443,19.1526],[-103.0392,19.1284],[-103.035,19.1304],[-103.0272,19.1302],[-103.0217,19.1331],[-103.0208,19.1331],[-103.0194,19.1327],[-103.0192,19.1325],[-103.019,19.1326],[-103.0179,19.1329],[-103.0175,19.133],[-103.0162,19.1336],[-103.0145,19.1356],[-103.0045,19.1376],[-102.9834,19.1214],[-102.9767,19.1264],[-102.9794,19.1524],[-102.9601,19.1741],[-102.9147,19.1796],[-102.8842,19.2057],[-102.8489,19.1997],[-102.8314,19.2146],[-102.8244,19.2057],[-102.8084,19.2233],[-102.7924,19.2278],[-102.7902,19.2425],[-102.7732,19.2454],[-102.7538,19.2558],[-102.7107,19.236],[-102.6949,19.2478],[-102.6939,19.2263],[-102.6766,19.218],[-102.6518,19.2355],[-102.6456,19.2595],[-102.6382,19.2627],[-102.6382,19.2951],[-102.6255,19.315],[-102.6112,19.3228],[-102.6011,19.3645],[-102.588,19.3887],[-102.5688,19.4126],[-102.5651,19.4352],[-102.5556,19.4315],[-102.5446,19.4333],[-102.5525,19.4335],[-102.5587,19.447],[-102.5682,19.4434],[-102.5647,19.4623],[-102.5427,19.478],[-102.5491,19.4924],[-102.5759,19.4981],[-102.5865,19.4682],[-102.618,19.466],[-102.6472,19.4371],[-102.6668,19.45],[-102.6939,19.4527],[-102.7123,19.446],[-102.7344,19.4489],[-102.738,19.4296],[-102.7545,19.4158],[-102.7538,19.4045],[-102.7697,19.3952],[-102.8118,19.431],[-102.8264,19.4089],[-102.8457,19.3995],[-102.8585,19.3865],[-102.8766,19.4285],[-102.8677,19.4425],[-102.9106,19.4653],[-102.9176,19.4502],[-102.9503,19.4561],[-102.9649,19.4672],[-103.0064,19.4765],[-103.0376,19.4999],[-103.0585,19.5072]]]},"properties":{"CVE_ENT":"14","CVE_MUN":"049","CVEGEO":"14049","NOMGEO":"Jilotlán de los Dolores"}},
{"type":"Feature","geometry":{"type":"Polygon","coordinates":[[[-102.0877,20.7788],[-102.1061,20.7782],[-102.1305,20.7867],[-102.1572,20.7731],[-102.1701,20.7485],[-102.1906,20.7434],[-102.189,20.7253],[-102.2014,20.7234],[-102.2111,20.7093],[-102.2293,20.7007],[-102.2405,20.6829],[-102.263,20.6728],[-102.2448,20.6384],[-102.2569,20.6359],[-102.2795,20.6175],[-102.2845,20.6014],[-102.2817,20.5902],[-102.2591,20.5792],[-102.2486,20.5446],[-102.2372,20.5347],[-102.2233,20.5102],[-102.2135,20.5203],[-102.1885,20.5301],[-102.1611,20.5193],[-102.1362,20.5269],[-102.0889,20.5289],[-102.0574,20.5364],[-102.0209,20.5507],[-102.0094,20.545],[-101.9848,20.5352],[-101.969,20.5624],[-101.9628,20.5702],[-101.9559,20.6281],[-101.9701,20.6558],[-101.9971,20.6647],[-102.0138,20.6644],[-102.0187,20.6863],[-102.0144,20.7171],[-102.0404,20.7232],[-102.0342,20.7355],[-102.0614,20.7371],[-102.0734,20.7495],[-102.0674,20.7716],[-102.0877,20.7788]]]},"properties":{"CVE_ENT":"14","CVE_MUN":"048","CVEGEO":"14048","NOMGEO":"Jesús María"}},
{"type":"Feature","geometry":{"type":"Polygon","coordinates":[[[-102.6616,20.3727],[-102.6752,20.3576],[-102.7275,20.3436],[-102.7455,20.3223],[-102.7339,20.3107],[-102.7356,20.2909],[-102.7498,20.2212],[-102.7374,20.2145],[-102.6846,20.2122],[-102.679,20.2269],[-102.6609,20.2315],[-102.6387,20.2241],[-102.6273,20.2294],[-102.6133,20.2551],[-102.6109,20.2687],[-102.6037,20.2927],[-102.6651,20.294],[-102.6616,20.3238],[-102.6514,20.3364],[-102.6654,20.3563],[-102.6616,20.3727]]]},"properties":{"CVE_ENT":"14","CVE_MUN":"047","CVEGEO":"14047","NOMGEO":"Jamay"}},
{"type":"Feature","geometry":{"type":"Polygon","coordinates":[[[-102.3148,21.1054],[-102.3132,21.1362],[-102.3235,21.1502],[-102.3404,21.1597],[-102.3622,21.1642],[-102.3732,21.1592],[-102.4109,21.1717],[-102.4129,21.1921],[-102.3964,21.2001],[-102.4173,21.2215],[-102.4365,21.2307],[-102.4172,21.2396],[-102.4278,21.2665],[-102.451,21.2804],[-102.4567,21.2943],[-102.4344,21.3152],[-102.448,21.3275],[-102.472,21.336],[-102.482,21.3269],[-102.5043,21.3149],[-102.5175,21.302],[-102.5577,21.2948],[-102.5856,21.3083],[-102.6066,21.3052],[-102.6135,21.29],[-102.6265,21.2793],[-102.6196,21.2654],[-102.6026,21.2579],[-102.5724,21.2548],[-102.5821,21.2428],[-102.5792,21.2234],[-102.6029,21.2197],[-102.6181,21.1953],[-102.617,21.181],[-102.6047,21.1721],[-102.6088,21.1527],[-102.5965,21.1492],[-102.5854,21.1598],[-102.573,21.1525],[-102.5778,21.1386],[-102.5852,21.1187],[-102.5498,21.1076],[-102.5495,21.076],[-102.5231,21.0894],[-102.5,21.0826],[-102.4929,21.0662],[-102.4224,21.0836],[-102.4163,21.0979],[-102.3762,21.1135],[-102.364,21.1003],[-102.3522,21.1059],[-102.3148,21.1054]]]},"properties":{"CVE_ENT":"14","CVE_MUN":"046","CVEGEO":"14046","NOMGEO":"Jalostotitlán"}},
{"type":"Feature","geometry":{"type":"Polygon","coordinates":[[[-103.126,21.0548],[-103.1702,21.0724],[-103.1834,21.0719],[-103.1901,21.086],[-103.2091,21.0941],[-103.2326,21.0791],[-103.2582,21.0831],[-103.2615,21.0634],[-103.2798,21.0568],[-103.2966,21.0648],[-103.3053,21.0572],[-103.3285,21.0553],[-103.347,21.0442],[-103.3485,21.0269],[-103.3391,21.0223],[-103.3357,21.0043],[-103.357,20.9881],[-103.3589,20.9669],[-103.3379,20.9557],[-103.37,20.9355],[-103.3517,20.9108],[-103.3524,20.894],[-103.342,20.8843],[-103.3254,20.8456],[-103.3332,20.8324],[-103.3231,20.7828],[-103.3073,20.78],[-103.3123,20.7527],[-103.286,20.7367],[-103.2833,20.7303],[-103.2285,20.7144],[-103.2086,20.7313],[-103.1768,20.7354],[-103.1451,20.7565],[-103.1188,20.7634],[-103.0833,20.7598],[-103.0853,20.7807],[-103.0774,20.7913],[-103.0699,20.8018],[-103.0738,20.8284],[-103.0859,20.8346],[-103.1002,20.8554],[-103.1024,20.8771],[-103.1201,20.8849],[-103.1384,20.8757],[-103.1495,20.8855],[-103.147,20.9094],[-103.1576,20.9291],[-103.1826,20.9342],[-103.1827,20.9422],[-103.1224,20.9636],[-103.1191,20.995],[-103.1357,20.9984],[-103.1541,20.9905],[-103.1457,21.0168],[-103.149,21.0319],[-103.126,21.0548]]]},"properties":{"CVE_ENT":"14","CVE_MUN":"045","CVEGEO":"14045","NOMGEO":"Ixtlahuacán del Río"}},
{"type":"Feature","geometry":{"type":"Polygon","coordinates":[[[-103.926,22.3316],[-103.9213,22.3479],[-103.9079,22.3621],[-103.8826,22.4016],[-103.8693,22.4013],[-103.866,22.4152],[-103.8873,22.4321],[-103.8761,22.4412],[-103.8824,22.4533],[-103.8812,22.4747],[-103.8697,22.4737],[-103.8623,22.5019],[-103.8752,22.5216],[-103.8669,22.5447],[-103.8538,22.5498],[-103.8602,22.5643],[-103.8553,22.575],[-103.8252,22.588],[-103.8196,22.5956],[-103.7735,22.6115],[-103.7617,22.6271],[-103.7685,22.6433],[-103.7587,22.6584],[-103.7632,22.677],[-103.7513,22.695],[-103.7548,22.7195],[-103.7814,22.7298],[-103.8198,22.7285],[-103.8216,22.734],[-103.8541,22.7298],[-103.8751,22.7372],[-103.8983,22.7283],[-103.91,22.7501],[-103.9329,22.7453],[-103.9919,22.748],[-104.0257,22.7433],[-104.0408,22.7281],[-104.0477,22.7122],[-104.0642,22.707],[-104.0466,22.6842],[-104.0155,22.6689],[-104.0332,22.6322],[-104.0181,22.597],[-103.9889,22.5925],[-103.9902,22.573],[-103.9999,22.5645],[-103.9839,22.5541],[-104.0056,22.5366],[-103.9848,22.5191],[-103.9417,22.5022],[-103.9312,22.4767],[-103.9386,22.4627],[-103.9587,22.4511],[-103.9606,22.4332],[-103.9746,22.4332],[-103.9918,22.4111],[-104.0059,22.4087],[-104.0033,22.3899],[-104.0232,22.3645],[-104.0093,22.3374],[-103.9879,22.3117],[-103.9739,22.309],[-103.9618,22.3267],[-103.9401,22.3243],[-103.926,22.3316]]]},"properties":{"CVE_ENT":"14","CVE_MUN":"042","CVEGEO":"14042","NOMGEO":"Huejuquilla el Alto"}},
{"type":"Feature","geometry":{"type":"Polygon","coordinates":[[[-103.0787,22.2582],[-103.083,22.2771],[-103.099,22.2923],[-103.1401,22.2937],[-103.1906,22.2985],[-103.1987,22.2838],[-103.2144,22.2775],[-103.2204,22.2964],[-103.2096,22.3146],[-103.2101,22.3283],[-103.1941,22.332],[-103.1687,22.3557],[-103.1709,22.3847],[-103.1894,22.3902],[-103.2043,22.4044],[-103.2196,22.4105],[-103.2347,22.3968],[-103.2522,22.3989],[-103.2596,22.4113],[-103.2858,22.4128],[-103.2887,22.4019],[-103.3054,22.3904],[-103.3152,22.4047],[-103.3293,22.3845],[-103.3647,22.3695],[-103.3626,22.3364],[-103.351,22.3247],[-103.3525,22.2813],[-103.3384,22.2875],[-103.3277,22.3074],[-103.3069,22.3063],[-103.2978,22.2983],[-103.308,22.2804],[-103.3121,22.2589],[-103.2991,22.2491],[-103.2821,22.2541],[-103.276,22.2661],[-103.2517,22.2802],[-103.2037,22.2618],[-103.1827,22.2584],[-103.1749,22.2352],[-103.1627,22.2268],[-103.1566,22.2079],[-103.14,22.2094],[-103.109,22.2276],[-103.0787,22.2582]]]},"properties":{"CVE_ENT":"14","CVE_MUN":"041","CVEGEO":"14041","NOMGEO":"Huejúcar"}},
{"type":"Feature","geometry":{"type":"Polygon","coordinates":[[[-104.0718,21.1886],[-104.0982,21.2005],[-104.1144,21.1899],[-104.1473,21.1916],[-104.1581,21.1849],[-104.1964,21.1936],[-104.2194,21.1766],[-104.2251,21.1508],[-104.2106,21.1306],[-104.2167,21.0858],[-104.2384,21.0523],[-104.2339,21.0412],[-104.2407,21.0217],[-104.2243,21.0076],[-104.2385,20.9917],[-104.2331,20.9687],[-104.2048,20.9599],[-104.1857,20.9598],[-104.1697,20.9528],[-104.1766,20.9397],[-104.1567,20.937],[-104.1445,20.9492],[-104.1332,20.9394],[-104.1094,20.9472],[-104.0999,20.9414],[-104.062,20.9587],[-104.0539,20.9737],[-104.0336,20.9797],[-104.0204,21.0027],[-104.0117,21.0079],[-103.987,20.9771],[-103.9653,20.9386],[-103.9401,20.937],[-103.9272,20.9594],[-103.912,20.9662],[-103.8825,20.9884],[-103.8811,21.0054],[-103.8666,21.0149],[-103.8634,21.0383],[-103.8747,21.0365],[-103.8563,21.0726],[-103.8893,21.084],[-103.9032,21.0721],[-103.934,21.0792],[-103.9403,21.0899],[-103.9575,21.0942],[-103.9672,21.1117],[-103.9971,21.1382],[-104.0326,21.137],[-104.0544,21.1616],[-104.0725,21.1672],[-104.0718,21.1886]]]},"properties":{"CVE_ENT":"14","CVE_MUN":"040","CVEGEO":"14040","NOMGEO":"Hostotipaquillo"}},
{"type":"Feature","geometry":{"type":"Polygon","coordinates":[[[-104.2568,20.6035],[-104.282,20.629],[-104.2806,20.6464],[-104.2873,20.6589],[-104.2871,20.6872],[-104.3036,20.6927],[-104.3238,20.7173],[-104.35,20.726],[-104.3549,20.7356],[-104.3766,20.7469],[-104.3966,20.7808],[-104.441,20.8077],[-104.4479,20.8036],[-104.4791,20.8226],[-104.4848,20.8329],[-104.5032,20.8418],[-104.5064,20.8608],[-104.5217,20.8743],[-104.5244,20.8858],[-104.5437,20.898],[-104.5429,20.9119],[-104.5569,20.9242],[-104.5782,20.934],[-104.6018,20.9311],[-104.6189,20.9238],[-104.6139,20.8896],[-104.5928,20.8709],[-104.5899,20.8406],[-104.5956,20.8336],[-104.584,20.7945],[-104.5565,20.7625],[-104.5551,20.7524],[-104.5382,20.7413],[-104.5336,20.7104],[-104.5134,20.6834],[-104.5173,20.6645],[-104.4867,20.652],[-104.4851,20.629],[-104.5025,20.6286],[-104.495,20.5988],[-104.4731,20.5785],[-104.4612,20.5601],[-104.4446,20.5495],[-104.4551,20.5318],[-104.4224,20.5131],[-104.3796,20.5183],[-104.357,20.5068],[-104.3509,20.5126],[-104.3238,20.4992],[-104.3188,20.4776],[-104.2794,20.4587],[-104.2697,20.4973],[-104.2401,20.4925],[-104.2515,20.5135],[-104.2382,20.5305],[-104.2681,20.559],[-104.2412,20.5981],[-104.2568,20.6035]]]},"properties":{"CVE_ENT":"14","CVE_MUN":"038","CVEGEO":"14038","NOMGEO":"Guachinango"}},
{"type":"Feature","geometry":{"type":"Polygon","coordinates":[[[-104.2298,19.8869],[-104.2532,19.9002],[-104.2708,19.8934],[-104.2899,19.893],[-104.2844,19.8775],[-104.2903,19.8579],[-104.283,19.8322],[-104.2746,19.8234],[-104.2571,19.8275],[-104.2409,19.8205],[-104.2392,19.8021],[-104.2253,19.7895],[-104.2157,19.7589],[-104.1965,19.7518],[-104.1752,19.7349],[-104.1585,19.7273],[-104.1521,19.71],[-104.1364,19.6922],[-104.1203,19.6915],[-104.1151,19.7039],[-104.1148,19.7593],[-104.1321,19.7756],[-104.128,19.7952],[-104.116,19.8068],[-104.1598,19.8131],[-104.1846,19.806],[-104.1919,19.8146],[-104.1757,19.8328],[-104.178,19.8539],[-104.2371,19.875],[-104.2298,19.8869]]]},"properties":{"CVE_ENT":"14","CVE_MUN":"037","CVEGEO":"14037","NOMGEO":"El Grullo"}},
{"type":"Feature","geometry":{"type":"Polygon","coordinates":[[[-104.0922,20.8859],[-104.1422,20.8845],[-104.1552,20.8673],[-104.1536,20.8589],[-104.1288,20.8465],[-104.1278,20.8334],[-104.1368,20.8187],[-104.1362,20.7846],[-104.1308,20.7707],[-104.1983,20.7843],[-104.2052,20.7648],[-104.195,20.7508],[-104.1946,20.7343],[-104.2201,20.725],[-104.2478,20.7265],[-104.2414,20.71],[-104.2473,20.6899],[-104.2242,20.6897],[-104.2131,20.6602],[-104.1889,20.663],[-104.1754,20.6537],[-104.1274,20.6476],[-104.0984,20.6353],[-104.0737,20.6559],[-104.0562,20.6622],[-104.0572,20.683],[-104.0307,20.732],[-104.0169,20.7553],[-104.0479,20.7697],[-104.0682,20.7852],[-104.0655,20.8285],[-104.075,20.858],[-104.0703,20.8831],[-104.0922,20.8859]]]},"properties":{"CVE_ENT":"14","CVE_MUN":"036","CVEGEO":"14036","NOMGEO":"Etzatlán"}},
{"type":"Feature","geometry":{"type":"Polygon","coordinates":[[[-102.1497,21.3878],[-102.1313,21.4008],[-102.1169,21.427],[-102.1373,21.4349],[-102.1149,21.4504],[-102.0569,21.461],[-102.0466,21.4745],[-102.0593,21.4922],[-102.0485,21.5101],[-102.033,21.5065],[-102.0249,21.5311],[-102.0121,21.5278],[-101.9984,21.5611],[-101.999,21.5728],[-101.9779,21.5953],[-101.9925,21.6077],[-101.987,21.6224],[-101.9729,21.6339],[-101.9965,21.6615],[-101.9847,21.6661],[-101.9739,21.6873],[-101.9722,21.7034],[-101.9907,21.7226],[-102.0222,21.7304],[-102.0228,21.7505],[-102.0746,21.7531],[-102.1047,21.7519],[-102.1093,21.7494],[-102.1117,21.7455],[-102.1164,21.7431],[-102.1139,21.7408],[-102.1147,21.7388],[-102.1148,21.7387],[-102.1156,21.736],[-102.1162,21.7365],[-102.1255,21.7258],[-102.1363,21.7205],[-102.1421,21.7054],[-102.1549,21.7],[-102.1714,21.707],[-102.1779,21.6882],[-102.2143,21.6948],[-102.227,21.6568],[-102.2954,21.6531],[-102.3102,21.6266],[-102.3257,21.6223],[-102.3669,21.6428],[-102.3695,21.6506],[-102.3844,21.6519],[-102.3862,21.6239],[-102.3975,21.619],[-102.4052,21.5921],[-102.398,21.5637],[-102.3803,21.5801],[-102.3675,21.5663],[-102.3709,21.5155],[-102.3982,21.4994],[-102.4082,21.4779],[-102.4089,21.4522],[-102.4263,21.4444],[-102.4179,21.4126],[-102.4032,21.4051],[-102.4004,21.3895],[-102.3809,21.3868],[-102.3713,21.3989],[-102.3408,21.4127],[-102.3228,21.388],[-102.2827,21.3834],[-102.2576,21.3944],[-102.2436,21.3819],[-102.2122,21.3825],[-102.1773,21.3926],[-102.1593,21.3815],[-102.1497,21.3878]]]},"properties":{"CVE_ENT":"14","CVE_MUN":"035","CVEGEO":"14035","NOMGEO":"Encarnación de Díaz"}},
{"type":"Feature","geometry":{"type":"Polygon","coordinates":[[[-104.0869,19.9802],[-104.1279,19.9758],[-104.1344,19.9809],[-104.1414,19.9607],[-104.1629,19.964],[-104.1755,19.9515],[-104.1822,19.9311],[-104.2034,19.919],[-104.2158,19.8899],[-104.2298,19.8869],[-104.2371,19.875],[-104.178,19.8539],[-104.1506,19.8649],[-104.1239,19.8648],[-104.0911,19.8749],[-104.0716,19.8769],[-104.0747,19.8954],[-104.0681,19.9103],[-104.0423,19.9267],[-104.0304,19.91],[-104.037,19.8969],[-104.0302,19.8868],[-104.0473,19.8783],[-104.0658,19.8477],[-104.0766,19.8426],[-104.0767,19.8266],[-104.0453,19.8153],[-104.0324,19.8115],[-104.0207,19.8317],[-104.0294,19.8419],[-104.0138,19.8686],[-103.9981,19.862],[-103.9686,19.8609],[-103.9795,19.8859],[-103.9622,19.9351],[-103.9593,19.9583],[-103.9531,19.989],[-103.9709,19.982],[-103.9969,19.9835],[-104.0224,19.9663],[-104.0545,19.9639],[-104.0869,19.9802]]]},"properties":{"CVE_ENT":"14","CVE_MUN":"034","CVEGEO":"14034","NOMGEO":"Ejutla"}},
{"type":"Feature","geometry":{"type":"Polygon","coordinates":[[[-102.0094,20.545],[-102.0209,20.5507],[-102.0574,20.5364],[-102.0889,20.5289],[-102.1362,20.5269],[-102.1611,20.5193],[-102.1885,20.5301],[-102.2135,20.5203],[-102.2233,20.5102],[-102.2336,20.4882],[-102.2438,20.4894],[-102.2733,20.4671],[-102.3076,20.456],[-102.3104,20.4284],[-102.2918,20.3592],[-102.231,20.355],[-102.2194,20.3511],[-102.1801,20.3553],[-102.1625,20.3796],[-102.1343,20.3759],[-102.1089,20.378],[-102.0963,20.3841],[-102.0793,20.4214],[-102.0563,20.452],[-102.0466,20.454],[-102.0461,20.4817],[-102.0302,20.496],[-102.0101,20.5261],[-102.0094,20.545]]]},"properties":{"CVE_ENT":"14","CVE_MUN":"033","CVEGEO":"14033","NOMGEO":"Degollado"}},
{"type":"Feature","geometry":{"type":"Polygon","coordinates":[[[-103.5527,20.0387],[-103.5809,20.0494],[-103.5872,20.0428],[-103.6082,20.066],[-103.6215,20.0644],[-103.6319,20.0508],[-103.6538,20.0557],[-103.6653,20.0225],[-103.6745,20.0068],[-103.6732,19.9769],[-103.6825,19.9534],[-103.6572,19.9581],[-103.6615,19.936],[-103.6197,19.9172],[-103.6065,19.9288],[-103.6122,19.9563],[-103.5934,19.9742],[-103.5678,20.0153],[-103.548,20.0225],[-103.5527,20.0387]]]},"properties":{"CVE_ENT":"14","CVE_MUN":"004","CVEGEO":"14004","NOMGEO":"Amacueca"}},
{"type":"Feature","geometry":{"type":"Polygon","coordinates":[[[-103.8399,22.0107],[-103.8685,22.0107],[-103.8824,22.0038],[-103.8875,22.022],[-103.9192,22.0146],[-103.9059,21.9887],[-103.9244,21.9707],[-103.9177,21.9621],[-103.9215,21.9424],[-103.9386,21.947],[-103.9451,21.93],[-103.9777,21.9508],[-103.9946,21.9451],[-104.0148,21.9292],[-104.0483,21.9528],[-104.0577,21.9458],[-104.0637,21.927],[-104.0953,21.8958],[-104.1361,21.9073],[-104.154,21.9199],[-104.1605,21.8987],[-104.2,21.8943],[-104.1957,21.8792],[-104.1793,21.8604],[-104.1892,21.849],[-104.1607,21.8099],[-104.1488,21.8074],[-104.1304,21.7905],[-104.094,21.7859],[-104.0526,21.7946],[-104.0113,21.7821],[-103.9889,21.7797],[-103.9778,21.7713],[-103.9445,21.7768],[-103.9226,21.771],[-103.9117,21.7792],[-103.8891,21.7797],[-103.8804,21.8243],[-103.8611,21.8274],[-103.812,21.7985],[-103.7815,21.8027],[-103.7405,21.8026],[-103.7307,21.8233],[-103.7104,21.8259],[-103.6876,21.8487],[-103.6645,21.8498],[-103.6735,21.8639],[-103.7064,21.8597],[-103.7002,21.9141],[-103.6832,21.9274],[-103.68,21.9415],[-103.7037,21.9489],[-103.7081,21.9689],[-103.7437,21.9762],[-103.7598,21.9747],[-103.7892,21.9579],[-103.7978,21.9351],[-103.8109,21.9359],[-103.8375,21.9265],[-103.8428,21.9366],[-103.8337,21.9508],[-103.8512,21.9628],[-103.8353,21.99],[-103.8399,22.0107]]]},"properties":{"CVE_ENT":"14","CVE_MUN":"019","CVEGEO":"14019","NOMGEO":"Bolaños"}},
{"type":"Feature","geometry":{"type":"Polygon","coordinates":[[[-102.9071,20.6632],[-102.8973,20.6737],[-102.9041,20.6894],[-102.8646,20.7016],[-102.8179,20.705],[-102.8222,20.7379],[-102.8118,20.7567],[-102.814,20.7782],[-102.8048,20.7934],[-102.8131,20.8139],[-102.8092,20.8274],[-102.8299,20.8339],[-102.8257,20.8465],[-102.8425,20.8521],[-102.8617,20.8744],[-102.9016,20.8513],[-102.9203,20.8533],[-102.9291,20.8395],[-102.9529,20.8372],[-102.9808,20.8158],[-102.9825,20.8045],[-103.0116,20.8005],[-103.0247,20.7925],[-103.0287,20.7632],[-103.0388,20.7573],[-103.0029,20.7344],[-103.0054,20.7231],[-102.9922,20.7131],[-102.9908,20.6882],[-102.9595,20.7065],[-102.9478,20.6878],[-102.9234,20.6777],[-102.9071,20.6632]]]},"properties":{"CVE_ENT":"14","CVE_MUN":"001","CVEGEO":"14001","NOMGEO":"Acatic"}},
{"type":"Feature","geometry":{"type":"Polygon","coordinates":[[[-104.0562,20.6622],[-104.0737,20.6559],[-104.0984,20.6353],[-104.1274,20.6476],[-104.1754,20.6537],[-104.1889,20.663],[-104.2131,20.6602],[-104.2242,20.6897],[-104.2473,20.6899],[-104.2523,20.6807],[-104.238,20.6607],[-104.2562,20.652],[-104.2518,20.6078],[-104.2568,20.6035],[-104.2412,20.5981],[-104.2681,20.559],[-104.2382,20.5305],[-104.2515,20.5135],[-104.2401,20.4925],[-104.2133,20.4686],[-104.1932,20.4609],[-104.1879,20.4522],[-104.1805,20.4695],[-104.1493,20.4531],[-104.147,20.4268],[-104.118,20.419],[-104.1018,20.4064],[-104.0831,20.3777],[-104.0619,20.3774],[-104.056,20.3893],[-104.0407,20.3936],[-104.0227,20.3861],[-103.9904,20.3967],[-104.0034,20.4182],[-103.9908,20.4522],[-103.9918,20.4697],[-103.9762,20.4823],[-103.9566,20.4623],[-103.9383,20.4879],[-103.9217,20.504],[-103.9257,20.516],[-103.9107,20.5254],[-103.8863,20.5295],[-103.8811,20.5433],[-103.8937,20.5526],[-103.8647,20.5659],[-103.858,20.5762],[-103.884,20.5746],[-103.8899,20.5985],[-103.9104,20.6386],[-103.9201,20.6445],[-103.9371,20.6399],[-103.981,20.6112],[-104.0139,20.6246],[-104.0562,20.6622]]]},"properties":{"CVE_ENT":"14","CVE_MUN":"006","CVEGEO":"14006","NOMGEO":"Ameca"}},
{"type":"Feature","geometry":{"type":"Polygon","coordinates":[[[-103.9095,20.8133],[-103.9249,20.8247],[-103.9241,20.839],[-103.9395,20.8398],[-103.9455,20.8299],[-103.9653,20.8213],[-103.9852,20.8458],[-104.0212,20.8442],[-104.0205,20.8922],[-104.0311,20.9082],[-104.0588,20.9116],[-104.0798,20.9031],[-104.0922,20.8859],[-104.0703,20.8831],[-104.075,20.858],[-104.0655,20.8285],[-104.0682,20.7852],[-104.0479,20.7697],[-104.0169,20.7553],[-104.0307,20.732],[-104.0026,20.7253],[-103.9966,20.7164],[-103.9772,20.7191],[-103.9617,20.7478],[-103.9415,20.7687],[-103.9255,20.7793],[-103.9141,20.8091],[-103.9095,20.8133]]]},"properties":{"CVE_ENT":"14","CVE_MUN":"007","CVEGEO":"14007","NOMGEO":"San Juanito de Escobedo"}},
{"type":"Feature","geometry":{"type":"Polygon","coordinates":[[[-102.1197,20.8766],[-102.1529,20.872],[-102.1594,20.8762],[-102.1487,20.8999],[-102.1667,20.9092],[-102.1962,20.9024],[-102.2227,20.911],[-102.2354,20.898],[-102.2368,20.885],[-102.2723,20.8865],[-102.2907,20.897],[-102.3085,20.8836],[-102.3734,20.8918],[-102.3818,20.8821],[-102.4222,20.8883],[-102.4364,20.8665],[-102.4595,20.8646],[-102.475,20.8343],[-102.4609,20.8219],[-102.4357,20.8282],[-102.4332,20.7886],[-102.4695,20.6731],[-102.5038,20.6691],[-102.5304,20.6825],[-102.5435,20.7033],[-102.5487,20.6955],[-102.5444,20.666],[-102.5159,20.648],[-102.4979,20.662],[-102.456,20.6585],[-102.4322,20.6403],[-102.4195,20.6224],[-102.4245,20.6113],[-102.4406,20.6089],[-102.4429,20.5924],[-102.4213,20.5882],[-102.408,20.5992],[-102.385,20.5986],[-102.3702,20.6078],[-102.3521,20.6089],[-102.3356,20.5949],[-102.3118,20.6027],[-102.3046,20.597],[-102.2845,20.6014],[-102.2795,20.6175],[-102.2569,20.6359],[-102.2448,20.6384],[-102.263,20.6728],[-102.2405,20.6829],[-102.2293,20.7007],[-102.2111,20.7093],[-102.2014,20.7234],[-102.189,20.7253],[-102.1906,20.7434],[-102.1701,20.7485],[-102.1572,20.7731],[-102.1305,20.7867],[-102.1061,20.7782],[-102.0877,20.7788],[-102.0958,20.7829],[-102.0769,20.8118],[-102.08,20.8284],[-102.0549,20.8463],[-102.0635,20.8552],[-102.0541,20.8708],[-102.0597,20.8832],[-102.0896,20.8703],[-102.1197,20.8766]]]},"properties":{"CVE_ENT":"14","CVE_MUN":"008","CVEGEO":"14008","NOMGEO":"Arandas"}},
{"type":"Feature","geometry":{"type":"Polygon","coordinates":[[[-103.6483,20.8205],[-103.6777,20.8102],[-103.6922,20.8245],[-103.7022,20.8021],[-103.7213,20.7725],[-103.7446,20.7649],[-103.7592,20.7557],[-103.7614,20.737],[-103.7436,20.7374],[-103.7357,20.7265],[-103.7126,20.7196],[-103.6844,20.7182],[-103.685,20.7051],[-103.6575,20.7122],[-103.6348,20.7182],[-103.6342,20.6991],[-103.6187,20.696],[-103.6182,20.7279],[-103.6048,20.7396],[-103.6105,20.7667],[-103.62,20.7703],[-103.6312,20.7543],[-103.6602,20.7737],[-103.6594,20.7953],[-103.645,20.8056],[-103.6483,20.8205]]]},"properties":{"CVE_ENT":"14","CVE_MUN":"009","CVEGEO":"14009","NOMGEO":"El Arenal"}},
{"type":"Feature","geometry":{"type":"Polygon","coordinates":[[[-101.8865,21.0611],[-101.8951,21.0656],[-101.9225,21.045],[-101.9745,21.0571],[-101.9942,21.0427],[-102.0423,21.0419],[-102.0524,21.0367],[-102.0759,21.0382],[-102.0909,21.0634],[-102.1094,21.059],[-102.1171,21.0329],[-102.1141,21.0015],[-102.1049,20.9951],[-102.1219,20.9741],[-102.1127,20.9421],[-102.1032,20.9243],[-102.1197,20.8766],[-102.0896,20.8703],[-102.0597,20.8832],[-102.0541,20.8708],[-102.0635,20.8552],[-102.0549,20.8463],[-102.042,20.8461],[-102.015,20.8695],[-102.0152,20.8825],[-101.9797,20.9248],[-101.9638,20.9237],[-101.9579,20.9352],[-101.9389,20.9306],[-101.9371,20.9558],[-101.9087,20.9986],[-101.9023,21.0321],[-101.8865,21.0611]]]},"properties":{"CVE_ENT":"14","CVE_MUN":"072","CVEGEO":"14072","NOMGEO":"San Diego de Alejandría"}},
{"type":"Feature","geometry":{"type":"Polygon","coordinates":[[[-104.7317,21.0123],[-104.7729,21.0096],[-104.7794,21.0212],[-104.7996,21.0157],[-104.8109,21.012],[-104.8146,21.0151],[-104.8277,21.0181],[-104.8598,20.9939],[-104.8676,20.9946],[-104.9,20.9635],[-104.8991,20.9485],[-104.9532,20.9301],[-104.9672,20.9095],[-104.9888,20.9214],[-105.0053,20.9222],[-105.0316,20.9092],[-105.0468,20.9343],[-105.0599,20.9334],[-105.0873,20.9216],[-105.0794,20.9028],[-105.0685,20.8892],[-105.0468,20.8792],[-105.0376,20.8488],[-105.0466,20.8315],[-105.0302,20.8278],[-105.0049,20.8143],[-105.0037,20.8047],[-104.9837,20.7993],[-104.9723,20.7755],[-104.9754,20.7521],[-104.9839,20.7464],[-104.9912,20.7449],[-104.9865,20.7286],[-104.9622,20.6973],[-104.9454,20.708],[-104.9178,20.7166],[-104.8969,20.7116],[-104.877,20.6913],[-104.8432,20.7036],[-104.8273,20.6976],[-104.8209,20.7214],[-104.7932,20.7202],[-104.7486,20.6994],[-104.7392,20.7009],[-104.7368,20.733],[-104.7139,20.7313],[-104.7086,20.7498],[-104.6883,20.7568],[-104.6518,20.7905],[-104.6545,20.8016],[-104.6459,20.8206],[-104.6491,20.8379],[-104.6156,20.83],[-104.5899,20.8406],[-104.5928,20.8709],[-104.6139,20.8896],[-104.6189,20.9238],[-104.6291,20.9242],[-104.6381,20.9341],[-104.6547,20.932],[-104.681,20.9438],[-104.6811,20.9607],[-104.6926,20.9617],[-104.7294,20.9832],[-104.7251,21.0048],[-104.7317,21.0123]]]},"properties":{"CVE_ENT":"14","CVE_MUN":"080","CVEGEO":"14080","NOMGEO":"San Sebastián del Oeste"}},
{"type":"Feature","geometry":{"type":"Polygon","coordinates":[[[-103.0787,22.2582],[-103.109,22.2276],[-103.14,22.2094],[-103.1566,22.2079],[-103.1627,22.2268],[-103.1749,22.2352],[-103.1827,22.2584],[-103.2037,22.2618],[-103.2517,22.2802],[-103.276,22.2661],[-103.2821,22.2541],[-103.2946,22.2328],[-103.2714,22.2211],[-103.2801,22.203],[-103.2722,22.1907],[-103.2821,22.1702],[-103.2835,22.1538],[-103.2697,22.1504],[-103.2595,22.1673],[-103.2304,22.1629],[-103.2327,22.1473],[-103.2223,22.1332],[-103.1909,22.1428],[-103.1746,22.1401],[-103.1654,22.1282],[-103.1266,22.104],[-103.1042,22.1012],[-103.0845,22.114],[-103.0776,22.1357],[-103.1087,22.1534],[-103.1014,22.1786],[-103.1061,22.1914],[-103.0728,22.2104],[-103.0583,22.2228],[-103.0576,22.2379],[-103.0555,22.2473],[-103.0787,22.2582]]]},"properties":{"CVE_ENT":"14","CVE_MUN":"081","CVEGEO":"14081","NOMGEO":"Santa María de los Ángeles"}},
{"type":"Feature","geometry":{"type":"Polygon","coordinates":[[[-103.4993,19.8975],[-103.4997,19.9113],[-103.5137,19.9129],[-103.5241,19.9268],[-103.5231,19.9488],[-103.5613,19.9254],[-103.5729,19.9088],[-103.5971,19.909],[-103.6065,19.9288],[-103.6197,19.9172],[-103.6615,19.936],[-103.6563,19.912],[-103.6691,19.9023],[-103.669,19.8911],[-103.6962,19.8856],[-103.6996,19.8786],[-103.6676,19.8482],[-103.648,19.8472],[-103.6288,19.8388],[-103.6332,19.8287],[-103.6496,19.8317],[-103.652,19.8033],[-103.6271,19.7902],[-103.6231,19.7782],[-103.6088,19.7729],[-103.5668,19.7718],[-103.5436,19.7743],[-103.5482,19.7896],[-103.5649,19.815],[-103.5582,19.8365],[-103.546,19.8407],[-103.5414,19.864],[-103.5119,19.8541],[-103.5095,19.8838],[-103.4993,19.8975]]]},"properties":{"CVE_ENT":"14","CVE_MUN":"082","CVEGEO":"14082","NOMGEO":"Sayula"}},
{"type":"Feature","geometry":{"type":"Polygon","coordinates":[[[-103.6575,20.7122],[-103.685,20.7051],[-103.6844,20.7182],[-103.7126,20.7196],[-103.7357,20.7265],[-103.7436,20.7374],[-103.7614,20.737],[-103.7795,20.7229],[-103.768,20.6931],[-103.7573,20.6778],[-103.7694,20.6655],[-103.775,20.6467],[-103.8092,20.6285],[-103.8171,20.6094],[-103.8417,20.5963],[-103.8479,20.5847],[-103.8169,20.5954],[-103.7904,20.5724],[-103.7656,20.5679],[-103.7386,20.5571],[-103.721,20.5332],[-103.7146,20.5139],[-103.6944,20.5238],[-103.686,20.5012],[-103.6545,20.5035],[-103.6272,20.4838],[-103.6144,20.4883],[-103.596,20.4835],[-103.5895,20.4929],[-103.5959,20.5072],[-103.565,20.5636],[-103.5545,20.5672],[-103.5352,20.5926],[-103.5456,20.6102],[-103.5641,20.6156],[-103.5924,20.6023],[-103.6107,20.6508],[-103.6158,20.6927],[-103.6283,20.6869],[-103.6514,20.6874],[-103.6575,20.7122]]]},"properties":{"CVE_ENT":"14","CVE_MUN":"083","CVEGEO":"14083","NOMGEO":"Tala"}},
{"type":"Feature","geometry":{"type":"Polygon","coordinates":[[[-104.7077,20.2672],[-104.7208,20.2712],[-104.7263,20.2971],[-104.7361,20.3109],[-104.7245,20.3406],[-104.7463,20.3486],[-104.7609,20.3602],[-104.768,20.3962],[-104.7831,20.4053],[-104.8084,20.4116],[-104.8015,20.4225],[-104.8249,20.4455],[-104.8113,20.4678],[-104.8238,20.5021],[-104.8373,20.5129],[-104.8507,20.5109],[-104.8709,20.5349],[-104.887,20.5264],[-104.9006,20.5362],[-104.9062,20.5554],[-104.9214,20.5396],[-104.9586,20.5332],[-104.9486,20.5182],[-104.9627,20.5041],[-104.9769,20.5089],[-104.9864,20.4994],[-104.9652,20.4712],[-104.979,20.4515],[-104.9788,20.436],[-105.0064,20.4479],[-105.0368,20.439],[-105.0459,20.4426],[-105.0589,20.4632],[-105.0574,20.4905],[-105.0753,20.4864],[-105.0933,20.4995],[-105.1124,20.5051],[-105.099,20.5233],[-105.1192,20.5267],[-105.1375,20.5137],[-105.1424,20.5256],[-105.1613,20.5308],[-105.1744,20.5188],[-105.1974,20.5082],[-105.2017,20.497],[-105.2196,20.4857],[-105.2264,20.4731],[-105.2354,20.4578],[-105.2336,20.4384],[-105.2198,20.4161],[-105.2194,20.4001],[-105.1959,20.385],[-105.1615,20.3816],[-105.1765,20.3595],[-105.1842,20.3116],[-105.1735,20.2824],[-105.1943,20.2529],[-105.1928,20.2351],[-105.1708,20.2319],[-105.1488,20.2209],[-105.1407,20.1919],[-105.1311,20.1898],[-105.1077,20.1964],[-105.0946,20.191],[-105.0953,20.1723],[-105.0737,20.1719],[-105.0631,20.1565],[-105.0218,20.1249],[-104.9994,20.1215],[-104.981,20.1101],[-104.9827,20.0901],[-104.9766,20.0753],[-104.9437,20.0524],[-104.9104,20.0609],[-104.8909,20.04],[-104.8722,20.0456],[-104.8454,20.0605],[-104.8085,20.0578],[-104.795,20.0655],[-104.7766,20.0664],[-104.7646,20.1009],[-104.7712,20.1129],[-104.7454,20.1423],[-104.706,20.1507],[-104.7029,20.1631],[-104.7061,20.2063],[-104.7066,20.2355],[-104.7182,20.2591],[-104.7077,20.2672]]]},"properties":{"CVE_ENT":"14","CVE_MUN":"084","CVEGEO":"14084","NOMGEO":"Talpa de Allende"}},
{"type":"Feature","geometry":{"type":"Polygon","coordinates":[[[-103.1814,19.8847],[-103.1874,19.9128],[-103.2254,19.9331],[-103.2373,19.9008],[-103.2694,19.8845],[-103.3076,19.886],[-103.3217,19.8726],[-103.3098,19.8647],[-103.2987,19.8403],[-103.3118,19.8379],[-103.3414,19.7939],[-103.3639,19.8108],[-103.4019,19.8143],[-103.427,19.7983],[-103.4279,19.7887],[-103.4272,19.7696],[-103.4121,19.7727],[-103.4144,19.7467],[-103.4057,19.7353],[-103.3957,19.7415],[-103.3736,19.7319],[-103.3463,19.7547],[-103.321,19.7519],[-103.3547,19.7308],[-103.3553,19.6964],[-103.3409,19.687],[-103.3281,19.6643],[-103.3286,19.646],[-103.3106,19.6378],[-103.3076,19.6114],[-103.2881,19.6071],[-103.2461,19.5692],[-103.2498,19.5445],[-103.2205,19.5314],[-103.1997,19.5026],[-103.2101,19.4821],[-103.2218,19.4842],[-103.2283,19.4692],[-103.2195,19.4498],[-103.1991,19.4487],[-103.1896,19.4602],[-103.1727,19.4518],[-103.1449,19.459],[-103.1183,19.4418],[-103.0991,19.4405],[-103.0762,19.4495],[-103.0802,19.4643],[-103.0656,19.4912],[-103.0909,19.4926],[-103.083,19.5093],[-103.0714,19.5143],[-103.0585,19.5072],[-103.0466,19.5053],[-103.0197,19.5213],[-103.0035,19.5548],[-103.0241,19.5669],[-103.029,19.5865],[-103.007,19.6119],[-103.0055,19.6392],[-103.0021,19.6728],[-103.0184,19.7077],[-103.0057,19.7304],[-103.0039,19.7462],[-103.0222,19.7637],[-103.0161,19.7878],[-103.0205,19.8],[-103.056,19.8129],[-103.0738,19.8306],[-103.0933,19.8333],[-103.1005,19.8557],[-103.1143,19.8606],[-103.1308,19.8469],[-103.148,19.8438],[-103.1568,19.8536],[-103.1848,19.8595],[-103.1946,19.8747],[-103.1814,19.8847]]]},"properties":{"CVE_ENT":"14","CVE_MUN":"085","CVEGEO":"14085","NOMGEO":"Tamazula de Gordiano"}},
{"type":"Feature","geometry":{"type":"Polygon","coordinates":[[[-103.2218,19.4842],[-103.2453,19.4963],[-103.2814,19.5002],[-103.2888,19.5359],[-103.3038,19.5531],[-103.3251,19.5423],[-103.346,19.5146],[-103.3313,19.497],[-103.3238,19.4798],[-103.3254,19.4606],[-103.3494,19.4582],[-103.3504,19.4395],[-103.3625,19.4277],[-103.3796,19.4229],[-103.3809,19.406],[-103.3667,19.3955],[-103.3863,19.3651],[-103.3933,19.3354],[-103.3653,19.3422],[-103.3564,19.3276],[-103.3264,19.3393],[-103.3223,19.356],[-103.3058,19.3672],[-103.2783,19.3674],[-103.2646,19.3583],[-103.2618,19.3438],[-103.2729,19.3367],[-103.2691,19.3207],[-103.2879,19.3147],[-103.2974,19.3028],[-103.2738,19.2903],[-103.2716,19.2624],[-103.2574,19.247],[-103.2732,19.2351],[-103.2816,19.2041],[-103.2598,19.186],[-103.2492,19.1682],[-103.2672,19.1661],[-103.259,19.1482],[-103.2661,19.1282],[-103.2859,19.1321],[-103.2879,19.1095],[-103.3025,19.0943],[-103.3036,19.0776],[-103.3244,19.0698],[-103.3122,19.0544],[-103.2605,19.0538],[-103.2484,19.0145],[-103.2247,19.0193],[-103.2032,18.9785],[-103.2049,18.9685],[-103.1734,18.9363],[-103.151,18.9261],[-103.1345,18.9311],[-103.1082,18.9517],[-103.0881,18.9841],[-103.0621,19.0022],[-103.0667,19.0223],[-103.045,19.032],[-103.0304,19.0361],[-103.0252,19.0531],[-102.9919,19.0529],[-103.016,19.0792],[-103.0195,19.1038],[-103.0119,19.1075],[-103.0192,19.1325],[-103.0194,19.1327],[-103.0208,19.1331],[-103.0217,19.1331],[-103.0272,19.1302],[-103.035,19.1304],[-103.0392,19.1284],[-103.0443,19.1526],[-103.0571,19.183],[-103.0841,19.1932],[-103.1048,19.2154],[-103.0806,19.2417],[-103.0776,19.2572],[-103.1036,19.2647],[-103.1131,19.2742],[-103.1317,19.2766],[-103.1476,19.2928],[-103.1495,19.3073],[-103.1632,19.315],[-103.156,19.3289],[-103.1301,19.349],[-103.1224,19.3638],[-103.0999,19.3716],[-103.0829,19.402],[-103.0906,19.4196],[-103.1065,19.4183],[-103.1195,19.4275],[-103.1183,19.4418],[-103.1449,19.459],[-103.1727,19.4518],[-103.1896,19.4602],[-103.1991,19.4487],[-103.2195,19.4498],[-103.2283,19.4692],[-103.2218,19.4842]]]},"properties":{"CVE_ENT":"14","CVE_MUN":"087","CVEGEO":"14087","NOMGEO":"Tecalitlán"}},
{"type":"Feature","geometry":{"type":"Polygon","coordinates":[[[-104.0407,20.3936],[-104.056,20.3893],[-104.0619,20.3774],[-104.0831,20.3777],[-104.1018,20.4064],[-104.118,20.419],[-104.147,20.4268],[-104.1493,20.4531],[-104.1805,20.4695],[-104.1879,20.4522],[-104.2042,20.4453],[-104.2066,20.4326],[-104.1925,20.4189],[-104.1831,20.3804],[-104.1849,20.3701],[-104.1604,20.3526],[-104.1581,20.3318],[-104.1612,20.3038],[-104.1564,20.2951],[-104.1327,20.2877],[-104.1249,20.2768],[-104.1505,20.2468],[-104.1431,20.2392],[-104.1263,20.2425],[-104.1128,20.2006],[-104.1196,20.1865],[-104.1093,20.1721],[-104.1107,20.1536],[-104.1003,20.1438],[-104.1146,20.1178],[-104.1157,20.0989],[-104.1366,20.0869],[-104.1076,20.0848],[-104.0753,20.122],[-104.0641,20.1455],[-104.044,20.1598],[-104.034,20.1532],[-104.0296,20.1147],[-103.9912,20.1208],[-103.944,20.1108],[-103.9286,20.1193],[-103.9222,20.1583],[-103.8973,20.158],[-103.8683,20.1765],[-103.848,20.184],[-103.841,20.2018],[-103.8464,20.2215],[-103.8402,20.2439],[-103.8567,20.2573],[-103.8403,20.2678],[-103.8456,20.2898],[-103.8589,20.3013],[-103.8835,20.3048],[-103.9049,20.2944],[-103.9351,20.3101],[-103.9473,20.3242],[-103.9507,20.3396],[-103.9676,20.3338],[-103.9914,20.337],[-104.0041,20.3197],[-104.0264,20.3181],[-104.0307,20.332],[-104.022,20.3448],[-104.0315,20.3554],[-104.0407,20.3936]]]},"properties":{"CVE_ENT":"14","CVE_MUN":"088","CVEGEO":"14088","NOMGEO":"Tecolotlán"}},
{"type":"Feature","geometry":{"type":"Polygon","coordinates":[[[-103.519,20.1333],[-103.5157,20.1442],[-103.5539,20.1486],[-103.5734,20.1331],[-103.5888,20.1337],[-103.6083,20.1014],[-103.631,20.0843],[-103.6452,20.0865],[-103.6364,20.0725],[-103.6215,20.0644],[-103.6082,20.066],[-103.5872,20.0428],[-103.5809,20.0494],[-103.5527,20.0387],[-103.5395,20.0736],[-103.5397,20.1257],[-103.519,20.1333]]]},"properties":{"CVE_ENT":"14","CVE_MUN":"089","CVEGEO":"14089","NOMGEO":"Techaluta de Montenegro"}},
{"type":"Feature","geometry":{"type":"Polygon","coordinates":[[[-103.6245,21.1931],[-103.6328,21.1934],[-103.6369,21.1994],[-103.6535,21.2087],[-103.6402,21.2221],[-103.6366,21.2401],[-103.6413,21.2595],[-103.6351,21.2832],[-103.6571,21.2821],[-103.6658,21.2906],[-103.6899,21.2854],[-103.7162,21.2679],[-103.7222,21.2846],[-103.7208,21.308],[-103.7032,21.3259],[-103.6822,21.3188],[-103.6717,21.3225],[-103.6634,21.3383],[-103.6315,21.3416],[-103.603,21.3491],[-103.5844,21.3354],[-103.5686,21.3376],[-103.5581,21.3482],[-103.5233,21.352],[-103.5039,21.3768],[-103.5368,21.4293],[-103.5483,21.4405],[-103.5817,21.4268],[-103.5957,21.3926],[-103.6098,21.4072],[-103.6229,21.4131],[-103.6229,21.4166],[-103.6243,21.4185],[-103.6441,21.4194],[-103.6587,21.4063],[-103.6986,21.3944],[-103.7052,21.3799],[-103.7246,21.3785],[-103.7457,21.363],[-103.7496,21.3369],[-103.7761,21.3212],[-103.7781,21.3108],[-103.7991,21.3033],[-103.825,21.2719],[-103.8185,21.249],[-103.84,21.2398],[-103.8619,21.2489],[-103.8737,21.2425],[-103.9179,21.231],[-103.9459,21.238],[-103.9584,21.2528],[-103.9713,21.2563],[-104.0161,21.2276],[-104.0158,21.2085],[-104.0718,21.1886],[-104.0725,21.1672],[-104.0544,21.1616],[-104.0326,21.137],[-103.9971,21.1382],[-103.9672,21.1117],[-103.9575,21.0942],[-103.9403,21.0899],[-103.934,21.0792],[-103.9032,21.0721],[-103.8893,21.084],[-103.8563,21.0726],[-103.8747,21.0365],[-103.8634,21.0383],[-103.8666,21.0149],[-103.8811,21.0054],[-103.8825,20.9884],[-103.912,20.9662],[-103.9272,20.9594],[-103.9401,20.937],[-103.9653,20.9386],[-103.9434,20.9067],[-103.9122,20.9184],[-103.9118,20.8997],[-103.8881,20.8922],[-103.8907,20.8801],[-103.8778,20.8729],[-103.8985,20.8418],[-103.8912,20.8245],[-103.9095,20.8133],[-103.9141,20.8091],[-103.8952,20.8082],[-103.8715,20.7913],[-103.8314,20.7913],[-103.8183,20.8017],[-103.7882,20.7948],[-103.7697,20.8615],[-103.7526,20.8787],[-103.7695,20.8863],[-103.7705,20.898],[-103.759,20.9239],[-103.7498,20.9188],[-103.7272,20.923],[-103.704,20.9147],[-103.6773,20.8995],[-103.6553,20.9041],[-103.6517,20.9163],[-103.6337,20.9292],[-103.6156,20.9619],[-103.6121,20.9741],[-103.6247,21.004],[-103.6001,21.0155],[-103.6018,21.0308],[-103.6141,21.0418],[-103.6503,21.0248],[-103.6709,21.0418],[-103.6591,21.0625],[-103.6545,21.0977],[-103.6444,21.1212],[-103.6146,21.1582],[-103.6114,21.1787],[-103.6164,21.1861],[-103.6245,21.1931]]]},"properties":{"CVE_ENT":"14","CVE_MUN":"094","CVEGEO":"14094","NOMGEO":"Tequila"}},
{"type":"Feature","geometry":{"type":"Polygon","coordinates":[[[-103.7446,20.7649],[-103.7588,20.7782],[-103.7866,20.7862],[-103.8062,20.7707],[-103.8217,20.7483],[-103.8421,20.7375],[-103.8442,20.7148],[-103.8746,20.7107],[-103.8952,20.7253],[-103.9092,20.7116],[-103.9162,20.6904],[-103.9083,20.6804],[-103.9091,20.6581],[-103.8941,20.6481],[-103.9104,20.6386],[-103.8899,20.5985],[-103.884,20.5746],[-103.858,20.5762],[-103.8479,20.5847],[-103.8417,20.5963],[-103.8171,20.6094],[-103.8092,20.6285],[-103.775,20.6467],[-103.7694,20.6655],[-103.7573,20.6778],[-103.768,20.6931],[-103.7795,20.7229],[-103.7614,20.737],[-103.7592,20.7557],[-103.7446,20.7649]]]},"properties":{"CVE_ENT":"14","CVE_MUN":"095","CVEGEO":"14095","NOMGEO":"Teuchitlán"}},
{"type":"Feature","geometry":{"type":"Polygon","coordinates":[[[-103.0365,20.1814],[-103.0599,20.1777],[-103.0805,20.1589],[-103.1116,20.1609],[-103.1351,20.1672],[-103.1547,20.1542],[-103.1531,20.1416],[-103.1703,20.1038],[-103.1666,20.0887],[-103.1225,20.0815],[-103.1237,20.0599],[-103.0912,20.033],[-103.0671,20.0494],[-103.065,20.0623],[-103.0438,20.0698],[-103.031,20.0659],[-103.0412,20.0899],[-103.0329,20.1108],[-103.0314,20.1366],[-103.0048,20.1382],[-102.996,20.1256],[-102.9645,20.1271],[-102.9564,20.1411],[-102.9441,20.1308],[-102.9245,20.1363],[-102.9432,20.1498],[-102.9541,20.1709],[-102.9678,20.1732],[-103.0246,20.1645],[-103.0365,20.1814]]]},"properties":{"CVE_ENT":"14","CVE_MUN":"096","CVEGEO":"14096","NOMGEO":"Tizapán el Alto"}},
{"type":"Feature","geometry":{"type":"Polygon","coordinates":[[[-103.775,20.0929],[-103.7663,20.1194],[-103.7709,20.1423],[-103.7837,20.1356],[-103.8138,20.1445],[-103.8277,20.1671],[-103.8207,20.1822],[-103.841,20.2018],[-103.848,20.184],[-103.8683,20.1765],[-103.8973,20.158],[-103.9222,20.1583],[-103.9286,20.1193],[-103.944,20.1108],[-103.9463,20.0968],[-103.9629,20.0837],[-103.9637,20.0628],[-103.9809,20.0463],[-103.9878,20.0241],[-103.9568,20.0113],[-103.9531,19.989],[-103.9593,19.9583],[-103.93,19.9678],[-103.9201,19.9855],[-103.894,20.0023],[-103.8744,20.0168],[-103.8296,20.0041],[-103.8289,20.0145],[-103.8411,20.0351],[-103.8393,20.0488],[-103.8257,20.0643],[-103.8017,20.0758],[-103.7921,20.0889],[-103.775,20.0929]]]},"properties":{"CVE_ENT":"14","CVE_MUN":"032","CVEGEO":"14032","NOMGEO":"Chiquilistlán"}},
{"type":"Feature","geometry":{"type":"Polygon","coordinates":[[[-103.0843,20.4004],[-103.1132,20.4026],[-103.1273,20.3869],[-103.1256,20.3612],[-103.1463,20.3358],[-103.1581,20.3365],[-103.1847,20.3273],[-103.2173,20.3344],[-103.2717,20.3416],[-103.2863,20.3327],[-103.2997,20.3253],[-103.2991,20.2871],[-103.3351,20.2829],[-103.3551,20.2897],[-103.3864,20.2919],[-103.4122,20.2875],[-103.4178,20.2778],[-103.4218,20.2443],[-103.4104,20.2256],[-103.3608,20.2266],[-103.2974,20.1953],[-103.2574,20.1956],[-103.2388,20.1838],[-103.2213,20.1834],[-103.1999,20.1754],[-103.1854,20.1582],[-103.1547,20.1542],[-103.1351,20.1672],[-103.1116,20.1609],[-103.0805,20.1589],[-103.0599,20.1777],[-103.0365,20.1814],[-103.0229,20.2868],[-103.0338,20.3337],[-103.0514,20.3301],[-103.0804,20.3352],[-103.091,20.3261],[-103.1155,20.3304],[-103.1089,20.3452],[-103.0723,20.3614],[-103.0633,20.3764],[-103.0887,20.3878],[-103.0843,20.4002],[-103.0843,20.4004]]]},"properties":{"CVE_ENT":"14","CVE_MUN":"030","CVEGEO":"14030","NOMGEO":"Chapala"}},
{"type":"Feature","geometry":{"type":"Polygon","coordinates":[[[-102.8756,21.01],[-102.8943,21.0021],[-102.9052,21.019],[-102.95,21.0395],[-102.964,21.0576],[-102.9624,21.0841],[-102.9905,21.0915],[-103.0098,21.1071],[-103.0385,21.0962],[-103.0583,21.0985],[-103.0746,21.0743],[-103.126,21.0548],[-103.149,21.0319],[-103.1457,21.0168],[-103.1541,20.9905],[-103.1357,20.9984],[-103.1191,20.995],[-103.1224,20.9636],[-103.1827,20.9422],[-103.1826,20.9342],[-103.1576,20.9291],[-103.147,20.9094],[-103.1495,20.8855],[-103.1384,20.8757],[-103.1201,20.8849],[-103.1024,20.8771],[-103.1002,20.8554],[-103.0859,20.8346],[-103.0738,20.8284],[-103.0699,20.8018],[-103.0774,20.7913],[-103.0613,20.7961],[-103.0247,20.7925],[-103.0116,20.8005],[-102.9825,20.8045],[-102.9808,20.8158],[-102.9529,20.8372],[-102.9291,20.8395],[-102.9203,20.8533],[-102.9431,20.8733],[-102.9437,20.9048],[-102.9241,20.9344],[-102.9131,20.9363],[-102.9041,20.9538],[-102.9035,20.9774],[-102.8866,20.9897],[-102.8756,21.01]]]},"properties":{"CVE_ENT":"14","CVE_MUN":"029","CVEGEO":"14029","NOMGEO":"Cuquío"}},
{"type":"Feature","geometry":{"type":"Polygon","coordinates":[[[-103.1753,20.0558],[-103.1902,20.0645],[-103.2244,20.0739],[-103.2294,20.0795],[-103.2364,20.0727],[-103.2633,20.0757],[-103.2804,20.0605],[-103.2667,20.0502],[-103.2731,20.0139],[-103.3003,20.0331],[-103.3027,20.0439],[-103.318,20.0473],[-103.3285,20.0172],[-103.3205,20.0055],[-103.2974,19.9876],[-103.3253,19.9766],[-103.3326,19.9608],[-103.3331,19.944],[-103.3195,19.9452],[-103.2921,19.9264],[-103.2797,19.9132],[-103.2805,19.8985],[-103.2694,19.8845],[-103.2373,19.9008],[-103.2254,19.9331],[-103.1874,19.9128],[-103.1814,19.8847],[-103.1662,19.8857],[-103.1677,19.9154],[-103.1505,19.9297],[-103.1572,19.9488],[-103.1548,19.9652],[-103.1673,19.9809],[-103.1587,20.025],[-103.1753,20.0558]]]},"properties":{"CVE_ENT":"14","CVE_MUN":"026","CVEGEO":"14026","NOMGEO":"Concepción de Buenos Aires"}},
{"type":"Feature","geometry":{"type":"Polygon","coordinates":[[[-103.7791,20.5263],[-103.8029,20.5331],[-103.8371,20.5269],[-103.8491,20.511],[-103.8458,20.4965],[-103.8658,20.4808],[-103.8737,20.4603],[-103.8738,20.4299],[-103.8803,20.4089],[-103.8512,20.3955],[-103.8432,20.3752],[-103.856,20.3655],[-103.8802,20.3653],[-103.9032,20.3794],[-103.9141,20.3582],[-103.9126,20.3466],[-103.9473,20.3242],[-103.9351,20.3101],[-103.9049,20.2944],[-103.8835,20.3048],[-103.8589,20.3013],[-103.8456,20.2898],[-103.8312,20.2978],[-103.8115,20.2687],[-103.7903,20.2721],[-103.783,20.2652],[-103.762,20.2663],[-103.779,20.3112],[-103.7623,20.3295],[-103.7598,20.342],[-103.7393,20.3573],[-103.7484,20.3903],[-103.7623,20.3953],[-103.7536,20.4306],[-103.7549,20.4482],[-103.7755,20.4447],[-103.7833,20.4701],[-103.7791,20.5263]]]},"properties":{"CVE_ENT":"14","CVE_MUN":"024","CVEGEO":"14024","NOMGEO":"Cocula"}},
{"type":"Feature","geometry":{"type":"Polygon","coordinates":[[[-103.4279,19.7887],[-103.4333,19.7796],[-103.4517,19.7876],[-103.4618,19.771],[-103.4835,19.7722],[-103.4972,19.7622],[-103.5079,19.7694],[-103.5436,19.7743],[-103.5668,19.7718],[-103.6088,19.7729],[-103.6207,19.7275],[-103.5964,19.6934],[-103.5808,19.6955],[-103.5652,19.6518],[-103.5526,19.6428],[-103.5368,19.6427],[-103.5298,19.6328],[-103.5218,19.617],[-103.499,19.6099],[-103.4649,19.6279],[-103.4753,19.6557],[-103.4678,19.6584],[-103.4218,19.6988],[-103.412,19.7016],[-103.4008,19.7188],[-103.4057,19.7353],[-103.4144,19.7467],[-103.4121,19.7727],[-103.4272,19.7696],[-103.4279,19.7887]]]},"properties":{"CVE_ENT":"14","CVE_MUN":"023","CVEGEO":"14023","NOMGEO":"Zapotlán el Grande"}},
{"type":"Feature","geometry":{"type":"Polygon","coordinates":[[[-104.3494,19.601],[-104.351,19.6137],[-104.3754,19.6184],[-104.373,19.634],[-104.3795,19.6613],[-104.3687,19.6898],[-104.3869,19.6981],[-104.3853,19.7416],[-104.4059,19.7316],[-104.4375,19.7559],[-104.4565,19.7599],[-104.4676,19.7767],[-104.4667,19.761],[-104.4743,19.7496],[-104.4785,19.7241],[-104.4738,19.7109],[-104.479,19.68],[-104.5104,19.6905],[-104.5231,19.6765],[-104.5118,19.6586],[-104.5416,19.6652],[-104.5557,19.6283],[-104.5878,19.645],[-104.5984,19.6299],[-104.6006,19.6047],[-104.6125,19.601],[-104.6125,19.6008],[-104.6127,19.6005],[-104.6134,19.5996],[-104.6142,19.5978],[-104.6166,19.5958],[-104.6172,19.5924],[-104.6053,19.5719],[-104.5841,19.5688],[-104.583,19.5566],[-104.5564,19.5412],[-104.5441,19.543],[-104.5351,19.525],[-104.5513,19.501],[-104.5402,19.4852],[-104.535,19.4731],[-104.5291,19.4637],[-104.5288,19.4634],[-104.528,19.4629],[-104.5258,19.4622],[-104.5054,19.4578],[-104.4623,19.4529],[-104.4482,19.4631],[-104.4693,19.5078],[-104.4382,19.5209],[-104.4303,19.5173],[-104.3931,19.5172],[-104.3781,19.5228],[-104.3644,19.5522],[-104.3593,19.5728],[-104.3595,19.5971],[-104.3494,19.601]]]},"properties":{"CVE_ENT":"14","CVE_MUN":"021","CVEGEO":"14021","NOMGEO":"Casimiro Castillo"}},
{"type":"Feature","geometry":{"type":"Polygon","coordinates":[[[-105.2264,20.4731],[-105.2316,20.4843],[-105.2601,20.4875],[-105.2743,20.5124],[-105.3003,20.5078],[-105.3047,20.4969],[-105.2951,20.4822],[-105.3158,20.4782],[-105.3223,20.4871],[-105.3243,20.5117],[-105.3283,20.5131],[-105.3352,20.5121],[-105.3697,20.5042],[-105.3953,20.5078],[-105.4303,20.4995],[-105.4481,20.4887],[-105.4646,20.4964],[-105.4893,20.4902],[-105.5179,20.4935],[-105.5448,20.4863],[-105.5739,20.4838],[-105.5926,20.4737],[-105.6142,20.4716],[-105.6524,20.4305],[-105.669,20.4273],[-105.6721,20.4078],[-105.6952,20.4057],[-105.6923,20.388],[-105.6706,20.3381],[-105.6562,20.3177],[-105.6122,20.2826],[-105.5848,20.2556],[-105.5808,20.2366],[-105.5596,20.232],[-105.5468,20.2035],[-105.5432,20.1814],[-105.5311,20.1817],[-105.4752,20.2034],[-105.451,20.2327],[-105.4185,20.2166],[-105.4012,20.2216],[-105.3773,20.2069],[-105.376,20.1886],[-105.354,20.168],[-105.3079,20.1832],[-105.2987,20.1783],[-105.2709,20.1908],[-105.26,20.1814],[-105.2583,20.1635],[-105.2231,20.1709],[-105.212,20.1686],[-105.1649,20.1763],[-105.1425,20.1907],[-105.1311,20.1898],[-105.1407,20.1919],[-105.1488,20.2209],[-105.1708,20.2319],[-105.1928,20.2351],[-105.1943,20.2529],[-105.1735,20.2824],[-105.1842,20.3116],[-105.1765,20.3595],[-105.1615,20.3816],[-105.1959,20.385],[-105.2194,20.4001],[-105.2198,20.4161],[-105.2336,20.4384],[-105.2354,20.4578],[-105.2264,20.4731]]]},"properties":{"CVE_ENT":"14","CVE_MUN":"020","CVEGEO":"14020","NOMGEO":"Cabo Corrientes"}},
{"type":"Feature","geometry":{"type":"Polygon","coordinates":[[[-102.2845,20.6014],[-102.3046,20.597],[-102.3118,20.6027],[-102.3356,20.5949],[-102.3521,20.6089],[-102.3702,20.6078],[-102.385,20.5986],[-102.408,20.5992],[-102.4213,20.5882],[-102.4238,20.5504],[-102.413,20.5437],[-102.4236,20.5167],[-102.4403,20.5025],[-102.444,20.487],[-102.4606,20.4864],[-102.4607,20.4734],[-102.4417,20.4641],[-102.4532,20.4377],[-102.4393,20.4358],[-102.4089,20.409],[-102.3927,20.4006],[-102.3848,20.3758],[-102.347,20.3755],[-102.3418,20.3616],[-102.3472,20.3347],[-102.3269,20.3495],[-102.3152,20.3452],[-102.2979,20.3539],[-102.2678,20.3357],[-102.2537,20.3354],[-102.2215,20.3446],[-102.2194,20.3511],[-102.231,20.355],[-102.2918,20.3592],[-102.3104,20.4284],[-102.3076,20.456],[-102.2733,20.4671],[-102.2438,20.4894],[-102.2336,20.4882],[-102.2233,20.5102],[-102.2372,20.5347],[-102.2486,20.5446],[-102.2591,20.5792],[-102.2817,20.5902],[-102.2845,20.6014]]]},"properties":{"CVE_ENT":"14","CVE_MUN":"016","CVEGEO":"14016","NOMGEO":"Ayotlán"}},
{"type":"Feature","geometry":{"type":"Polygon","coordinates":[[[-104.2066,20.4326],[-104.212,20.4225],[-104.2344,20.4181],[-104.2465,20.4319],[-104.262,20.4305],[-104.272,20.4118],[-104.2913,20.4208],[-104.3078,20.4215],[-104.3256,20.3966],[-104.3283,20.3742],[-104.3655,20.3758],[-104.3873,20.369],[-104.3937,20.3363],[-104.397,20.3202],[-104.385,20.3022],[-104.4048,20.291],[-104.3939,20.2885],[-104.375,20.2663],[-104.3554,20.2285],[-104.3452,20.2414],[-104.3247,20.232],[-104.2967,20.2254],[-104.2833,20.2045],[-104.2368,20.2123],[-104.1935,20.2474],[-104.1852,20.2405],[-104.1777,20.2786],[-104.1564,20.2951],[-104.1612,20.3038],[-104.1581,20.3318],[-104.1604,20.3526],[-104.1849,20.3701],[-104.1831,20.3804],[-104.1925,20.4189],[-104.2066,20.4326]]]},"properties":{"CVE_ENT":"14","CVE_MUN":"011","CVEGEO":"14011","NOMGEO":"Atengo"}},
{"type":"Feature","geometry":{"type":"Polygon","coordinates":[[[-102.4213,20.5882],[-102.4429,20.5924],[-102.4406,20.6089],[-102.4245,20.6113],[-102.4195,20.6224],[-102.4322,20.6403],[-102.456,20.6585],[-102.4979,20.662],[-102.5159,20.648],[-102.5444,20.666],[-102.5945,20.6473],[-102.6016,20.6284],[-102.6528,20.6067],[-102.6692,20.5939],[-102.6681,20.5792],[-102.6359,20.5764],[-102.6294,20.5675],[-102.6345,20.5453],[-102.6262,20.5366],[-102.6304,20.5221],[-102.6494,20.5305],[-102.6694,20.5245],[-102.6824,20.5145],[-102.6895,20.4903],[-102.6786,20.4812],[-102.6615,20.4734],[-102.6464,20.4572],[-102.6267,20.4674],[-102.6205,20.4578],[-102.6032,20.4559],[-102.5951,20.4469],[-102.6095,20.4196],[-102.5865,20.4184],[-102.5688,20.4531],[-102.5439,20.4491],[-102.4829,20.4529],[-102.4808,20.4406],[-102.4532,20.4377],[-102.4417,20.4641],[-102.4607,20.4734],[-102.4606,20.4864],[-102.444,20.487],[-102.4403,20.5025],[-102.4236,20.5167],[-102.413,20.5437],[-102.4238,20.5504],[-102.4213,20.5882]]]},"properties":{"CVE_ENT":"14","CVE_MUN":"013","CVEGEO":"14013","NOMGEO":"Atotonilco el Alto"}},
{"type":"Feature","geometry":{"type":"Polygon","coordinates":[[[-103.762,20.2663],[-103.783,20.2652],[-103.7903,20.2721],[-103.8115,20.2687],[-103.8312,20.2978],[-103.8456,20.2898],[-103.8403,20.2678],[-103.8567,20.2573],[-103.8402,20.2439],[-103.8464,20.2215],[-103.841,20.2018],[-103.8207,20.1822],[-103.8277,20.1671],[-103.8138,20.1445],[-103.7837,20.1356],[-103.7709,20.1423],[-103.7663,20.1194],[-103.775,20.0929],[-103.7638,20.0609],[-103.7465,20.0639],[-103.7359,20.0791],[-103.715,20.0885],[-103.7024,20.0832],[-103.6831,20.0903],[-103.6676,20.0842],[-103.6452,20.0865],[-103.631,20.0843],[-103.6083,20.1014],[-103.5888,20.1337],[-103.5999,20.1402],[-103.6037,20.156],[-103.6242,20.1484],[-103.6429,20.1677],[-103.6565,20.171],[-103.6634,20.1965],[-103.6606,20.2301],[-103.6648,20.2394],[-103.7124,20.2285],[-103.7312,20.2433],[-103.7463,20.2637],[-103.762,20.2663]]]},"properties":{"CVE_ENT":"14","CVE_MUN":"010","CVEGEO":"14010","NOMGEO":"Atemajac de Brizuela"}},
{"type":"Feature","geometry":{"type":"Polygon","coordinates":[[[-104.3937,20.3363],[-104.4199,20.3333],[-104.4157,20.366],[-104.4617,20.4075],[-104.4444,20.4212],[-104.4566,20.4357],[-104.4787,20.4456],[-104.4619,20.4617],[-104.4819,20.4929],[-104.476,20.5014],[-104.5031,20.5132],[-104.5169,20.5126],[-104.5437,20.4895],[-104.5596,20.4878],[-104.5532,20.4664],[-104.5602,20.4545],[-104.5747,20.457],[-104.5802,20.4702],[-104.6138,20.4665],[-104.616,20.4396],[-104.6229,20.4141],[-104.6202,20.3989],[-104.6049,20.3854],[-104.6026,20.3689],[-104.6282,20.351],[-104.6373,20.3286],[-104.6358,20.3093],[-104.6671,20.2913],[-104.6773,20.2724],[-104.7077,20.2672],[-104.7182,20.2591],[-104.7066,20.2355],[-104.7061,20.2063],[-104.6741,20.1766],[-104.6582,20.181],[-104.6405,20.1633],[-104.6081,20.1825],[-104.5826,20.2195],[-104.5798,20.2313],[-104.5877,20.2527],[-104.5701,20.2572],[-104.5708,20.2726],[-104.557,20.2874],[-104.5369,20.2988],[-104.5212,20.2692],[-104.4982,20.2642],[-104.4918,20.2537],[-104.4618,20.2513],[-104.4413,20.2699],[-104.4156,20.2727],[-104.4048,20.291],[-104.385,20.3022],[-104.397,20.3202],[-104.3937,20.3363]]]},"properties":{"CVE_ENT":"14","CVE_MUN":"012","CVEGEO":"14012","NOMGEO":"Atenguillo"}},
{"type":"Feature","geometry":{"type":"Polygon","coordinates":[[[-102.1497,21.3878],[-102.1593,21.3815],[-102.1773,21.3926],[-102.2122,21.3825],[-102.2436,21.3819],[-102.2576,21.3944],[-102.2827,21.3834],[-102.3228,21.388],[-102.3408,21.4127],[-102.3713,21.3989],[-102.3809,21.3868],[-102.4004,21.3895],[-102.4032,21.4051],[-102.4179,21.4126],[-102.4315,21.4007],[-102.4493,21.4053],[-102.4612,21.394],[-102.459,21.3789],[-102.4865,21.3447],[-102.482,21.3269],[-102.472,21.336],[-102.448,21.3275],[-102.4344,21.3152],[-102.4567,21.2943],[-102.451,21.2804],[-102.4278,21.2665],[-102.4172,21.2396],[-102.4365,21.2307],[-102.4173,21.2215],[-102.3964,21.2001],[-102.4129,21.1921],[-102.4109,21.1717],[-102.3732,21.1592],[-102.3622,21.1642],[-102.3404,21.1597],[-102.3235,21.1502],[-102.3132,21.1362],[-102.3148,21.1054],[-102.2802,21.0999],[-102.2479,21.104],[-102.2467,21.1208],[-102.2234,21.0996],[-102.1992,21.102],[-102.1885,21.1155],[-102.2012,21.135],[-102.194,21.1621],[-102.171,21.1786],[-102.1706,21.1916],[-102.1424,21.2112],[-102.1441,21.2403],[-102.1367,21.2646],[-102.1262,21.269],[-102.1312,21.2978],[-102.1588,21.3046],[-102.1594,21.3389],[-102.1408,21.3526],[-102.1497,21.3878]]]},"properties":{"CVE_ENT":"14","CVE_MUN":"073","CVEGEO":"14073","NOMGEO":"San Juan de los Lagos"}},
{"type":"Feature","geometry":{"type":"Polygon","coordinates":[[[-103.3326,19.9608],[-103.3656,19.9557],[-103.3806,19.9322],[-103.404,19.9413],[-103.4258,19.9334],[-103.4315,19.9216],[-103.4263,19.8863],[-103.4768,19.8915],[-103.4993,19.8975],[-103.5095,19.8838],[-103.5119,19.8541],[-103.5414,19.864],[-103.546,19.8407],[-103.5582,19.8365],[-103.5649,19.815],[-103.5482,19.7896],[-103.5436,19.7743],[-103.5079,19.7694],[-103.4972,19.7622],[-103.4835,19.7722],[-103.4618,19.771],[-103.4517,19.7876],[-103.4333,19.7796],[-103.4279,19.7887],[-103.427,19.7983],[-103.4019,19.8143],[-103.3639,19.8108],[-103.3414,19.7939],[-103.3118,19.8379],[-103.2987,19.8403],[-103.3098,19.8647],[-103.3217,19.8726],[-103.3076,19.886],[-103.2694,19.8845],[-103.2805,19.8985],[-103.2797,19.9132],[-103.2921,19.9264],[-103.3195,19.9452],[-103.3331,19.944],[-103.3326,19.9608]]]},"properties":{"CVE_ENT":"14","CVE_MUN":"079","CVEGEO":"14079","NOMGEO":"Gómez Farías"}},
{"type":"Feature","geometry":{"type":"Polygon","coordinates":[[[-102.5647,20.9712],[-102.5795,20.9542],[-102.616,20.9424],[-102.6302,20.9437],[-102.6568,20.9602],[-102.6437,20.9733],[-102.6484,20.9816],[-102.6699,20.9623],[-102.6902,20.9819],[-102.6858,21.0035],[-102.7228,21.0073],[-102.7314,21.0395],[-102.7586,21.0319],[-102.7712,21.0361],[-102.7902,21.0316],[-102.8056,21.0118],[-102.8378,20.9972],[-102.8445,20.9834],[-102.8683,21.0136],[-102.8756,21.01],[-102.8866,20.9897],[-102.9035,20.9774],[-102.9041,20.9538],[-102.9131,20.9363],[-102.9241,20.9344],[-102.9437,20.9048],[-102.9431,20.8733],[-102.9203,20.8533],[-102.9016,20.8513],[-102.8617,20.8744],[-102.8425,20.8521],[-102.8257,20.8465],[-102.8299,20.8339],[-102.8092,20.8274],[-102.8131,20.8139],[-102.8048,20.7934],[-102.814,20.7782],[-102.8118,20.7567],[-102.8222,20.7379],[-102.8179,20.705],[-102.8646,20.7016],[-102.9041,20.6894],[-102.8973,20.6737],[-102.9071,20.6632],[-102.8934,20.6445],[-102.9152,20.645],[-102.9207,20.6221],[-102.9062,20.6131],[-102.886,20.6101],[-102.8729,20.5971],[-102.8347,20.6035],[-102.8195,20.6153],[-102.8204,20.6339],[-102.7923,20.6209],[-102.7754,20.6224],[-102.7542,20.6126],[-102.7424,20.6146],[-102.736,20.6359],[-102.7184,20.6494],[-102.7061,20.6287],[-102.6923,20.6281],[-102.6528,20.6067],[-102.6016,20.6284],[-102.5945,20.6473],[-102.5444,20.666],[-102.5487,20.6955],[-102.5435,20.7033],[-102.5588,20.7193],[-102.5803,20.731],[-102.59,20.7601],[-102.5905,20.7789],[-102.575,20.7935],[-102.5749,20.8031],[-102.5532,20.81],[-102.5314,20.8252],[-102.5334,20.8348],[-102.5076,20.8436],[-102.5049,20.8598],[-102.4828,20.8654],[-102.4949,20.8811],[-102.4933,20.908],[-102.5044,20.9161],[-102.5415,20.9299],[-102.5551,20.9399],[-102.5678,20.9604],[-102.5647,20.9712]]]},"properties":{"CVE_ENT":"14","CVE_MUN":"093","CVEGEO":"14093","NOMGEO":"Tepatitlán de Morelos"}},
{"type":"Feature","geometry":{"type":"Polygon","coordinates":[[[-103.9078,19.6566],[-103.9185,19.6581],[-103.9345,19.6376],[-103.9505,19.6389],[-103.9736,19.6158],[-103.9741,19.5995],[-103.9994,19.595],[-104.0149,19.5845],[-104.0188,19.6007],[-104.0355,19.5973],[-104.0665,19.6119],[-104.105,19.5842],[-104.1068,19.5697],[-104.104,19.5571],[-104.0852,19.5401],[-104.0774,19.5228],[-104.0773,19.4921],[-104.0715,19.4835],[-104.0617,19.4977],[-104.0391,19.4847],[-104.0056,19.4723],[-103.974,19.4746],[-103.9648,19.4542],[-103.8995,19.4345],[-103.9088,19.4536],[-103.8911,19.4636],[-103.8794,19.4445],[-103.8638,19.4474],[-103.8548,19.4309],[-103.8425,19.4373],[-103.8383,19.439],[-103.8371,19.4385],[-103.8362,19.4394],[-103.8356,19.4395],[-103.8352,19.4397],[-103.8345,19.4398],[-103.831,19.4805],[-103.8583,19.5021],[-103.865,19.4898],[-103.8911,19.5298],[-103.8758,19.5426],[-103.8353,19.5638],[-103.7871,19.564],[-103.7538,19.5699],[-103.7621,19.585],[-103.7522,19.5918],[-103.7235,19.5888],[-103.6986,19.5917],[-103.7062,19.6017],[-103.7458,19.6095],[-103.7706,19.6254],[-103.8177,19.6106],[-103.8291,19.6181],[-103.827,19.6406],[-103.8475,19.6422],[-103.8484,19.6541],[-103.8735,19.6521],[-103.9078,19.6566]]]},"properties":{"CVE_ENT":"14","CVE_MUN":"099","CVEGEO":"14099","NOMGEO":"Tolimán"}},
{"type":"Feature","geometry":{"type":"Polygon","coordinates":[[[-105.1311,20.1898],[-105.1425,20.1907],[-105.1649,20.1763],[-105.212,20.1686],[-105.2231,20.1709],[-105.2583,20.1635],[-105.26,20.1814],[-105.2709,20.1908],[-105.2987,20.1783],[-105.3079,20.1832],[-105.354,20.168],[-105.376,20.1886],[-105.3773,20.2069],[-105.4012,20.2216],[-105.4185,20.2166],[-105.451,20.2327],[-105.4752,20.2034],[-105.5311,20.1817],[-105.5432,20.1814],[-105.549,20.1618],[-105.5453,20.1118],[-105.5482,20.094],[-105.5104,20.0206],[-105.4924,19.9911],[-105.4245,19.9003],[-105.3888,19.8557],[-105.3583,19.8227],[-105.3329,19.7854],[-105.3303,19.7664],[-105.3094,19.749],[-105.2873,19.7163],[-105.2718,19.7055],[-105.26,19.6888],[-105.2613,19.6789],[-105.2203,19.6457],[-105.1876,19.6446],[-105.181,19.6545],[-105.1576,19.6624],[-105.1622,19.6914],[-105.1312,19.7277],[-105.1142,19.7187],[-105.0987,19.7223],[-105.0905,19.7328],[-105.0681,19.7375],[-105.0445,19.7571],[-105.0254,19.7637],[-105.0237,19.7868],[-105.0087,19.7919],[-105.0047,19.8252],[-104.9913,19.832],[-104.9795,19.8499],[-104.9837,19.8675],[-104.9968,19.8782],[-104.9817,19.8988],[-104.9713,19.8867],[-104.9448,19.8853],[-104.9453,19.9088],[-104.932,19.9148],[-104.9145,19.9322],[-104.9028,19.9278],[-104.904,19.9119],[-104.8831,19.9075],[-104.867,19.8964],[-104.8568,19.9001],[-104.8503,19.9187],[-104.8497,19.9403],[-104.8175,19.9439],[-104.7929,19.9581],[-104.7767,19.9783],[-104.7491,19.9978],[-104.7177,19.9988],[-104.717,20.0136],[-104.6765,20.0348],[-104.6454,20.023],[-104.6375,20.0395],[-104.6218,20.0446],[-104.6215,20.062],[-104.6434,20.075],[-104.6364,20.0953],[-104.6416,20.1068],[-104.6604,20.1117],[-104.6711,20.1241],[-104.6632,20.1354],[-104.6758,20.1491],[-104.706,20.1507],[-104.7454,20.1423],[-104.7712,20.1129],[-104.7646,20.1009],[-104.7766,20.0664],[-104.795,20.0655],[-104.8085,20.0578],[-104.8454,20.0605],[-104.8722,20.0456],[-104.8909,20.04],[-104.9104,20.0609],[-104.9437,20.0524],[-104.9766,20.0753],[-104.9827,20.0901],[-104.981,20.1101],[-104.9994,20.1215],[-105.0218,20.1249],[-105.0631,20.1565],[-105.0737,20.1719],[-105.0953,20.1723],[-105.0946,20.191],[-105.1077,20.1964],[-105.1311,20.1898]]]},"properties":{"CVE_ENT":"14","CVE_MUN":"100","CVEGEO":"14100","NOMGEO":"Tomatlán"}},
{"type":"Feature","geometry":{"type":"Polygon","coordinates":[[[-103.894,20.0023],[-103.9201,19.9855],[-103.93,19.9678],[-103.9593,19.9583],[-103.9622,19.9351],[-103.9795,19.8859],[-103.9686,19.8609],[-103.9981,19.862],[-104.0138,19.8686],[-104.0294,19.8419],[-104.0207,19.8317],[-104.0324,19.8115],[-104.0453,19.8153],[-104.0499,19.8069],[-104.0487,19.7812],[-104.0373,19.7657],[-104.0267,19.7642],[-104.0235,19.7435],[-103.9735,19.734],[-103.952,19.7357],[-103.9264,19.7313],[-103.9181,19.739],[-103.9423,19.7562],[-103.9495,19.7762],[-103.9311,19.799],[-103.8942,19.8041],[-103.8806,19.8192],[-103.8644,19.841],[-103.8679,19.8861],[-103.8885,19.9002],[-103.8843,19.9166],[-103.8951,19.9339],[-103.89,19.9578],[-103.8967,19.9819],[-103.894,20.0023]]]},"properties":{"CVE_ENT":"14","CVE_MUN":"102","CVEGEO":"14102","NOMGEO":"Tonaya"}},
{"type":"Feature","geometry":{"type":"Polygon","coordinates":[[[-103.4865,19.3379],[-103.4852,19.3623],[-103.4624,19.3808],[-103.4627,19.407],[-103.483,19.4194],[-103.472,19.4442],[-103.4943,19.4534],[-103.5238,19.4716],[-103.5616,19.4875],[-103.5681,19.5005],[-103.5864,19.5172],[-103.6183,19.5125],[-103.6062,19.5006],[-103.6114,19.4952],[-103.6141,19.495],[-103.6148,19.494],[-103.6137,19.4924],[-103.6132,19.4906],[-103.6126,19.4897],[-103.6124,19.4892],[-103.6124,19.4856],[-103.6154,19.475],[-103.6029,19.4639],[-103.5863,19.4395],[-103.5772,19.4169],[-103.5562,19.407],[-103.5248,19.3691],[-103.5235,19.3595],[-103.5019,19.345],[-103.4937,19.3462],[-103.4897,19.3412],[-103.4876,19.3402],[-103.487,19.3393],[-103.4871,19.3388],[-103.4869,19.3383],[-103.4866,19.3381],[-103.4865,19.3379]]]},"properties":{"CVE_ENT":"14","CVE_MUN":"103","CVEGEO":"14103","NOMGEO":"Tonila"}},
{"type":"Feature","geometry":{"type":"Polygon","coordinates":[[[-103.4496,22.1144],[-103.4701,22.1055],[-103.4769,22.1141],[-103.5016,22.1056],[-103.5159,22.1099],[-103.5158,22.129],[-103.5382,22.1214],[-103.5323,22.1068],[-103.5501,22.0798],[-103.5503,22.047],[-103.5419,22.033],[-103.5445,22.0058],[-103.531,21.9973],[-103.5602,21.9872],[-103.5512,21.9744],[-103.5372,21.9729],[-103.5705,21.9405],[-103.5771,21.9235],[-103.5497,21.9246],[-103.548,21.9024],[-103.5813,21.9004],[-103.5961,21.8681],[-103.6223,21.8694],[-103.6189,21.862],[-103.6241,21.8343],[-103.6134,21.8226],[-103.5855,21.8054],[-103.5726,21.8035],[-103.5606,21.8011],[-103.5261,21.8051],[-103.5315,21.8174],[-103.5028,21.8331],[-103.4947,21.8229],[-103.4585,21.8352],[-103.4517,21.8527],[-103.419,21.8962],[-103.4084,21.9076],[-103.3892,21.8987],[-103.3748,21.9137],[-103.3453,21.9144],[-103.3387,21.9423],[-103.3488,21.9722],[-103.341,21.9962],[-103.3707,22.0024],[-103.3801,22.0394],[-103.399,22.0574],[-103.3992,22.0871],[-103.421,22.1033],[-103.4333,22.0991],[-103.4496,22.1144]]]},"properties":{"CVE_ENT":"14","CVE_MUN":"104","CVEGEO":"14104","NOMGEO":"Totatiche"}},
{"type":"Feature","geometry":{"type":"Polygon","coordinates":[[[-102.6528,20.6067],[-102.6923,20.6281],[-102.7061,20.6287],[-102.7184,20.6494],[-102.736,20.6359],[-102.7424,20.6146],[-102.7542,20.6126],[-102.7754,20.6224],[-102.7923,20.6209],[-102.8204,20.6339],[-102.8195,20.6153],[-102.8347,20.6035],[-102.8729,20.5971],[-102.8698,20.5737],[-102.8878,20.5479],[-102.8594,20.5198],[-102.8119,20.531],[-102.8121,20.5225],[-102.7814,20.4924],[-102.7648,20.4911],[-102.7581,20.4324],[-102.7506,20.4457],[-102.7292,20.4258],[-102.6914,20.4492],[-102.6946,20.4664],[-102.6786,20.4812],[-102.6895,20.4903],[-102.6824,20.5145],[-102.6694,20.5245],[-102.6494,20.5305],[-102.6304,20.5221],[-102.6262,20.5366],[-102.6345,20.5453],[-102.6294,20.5675],[-102.6359,20.5764],[-102.6681,20.5792],[-102.6692,20.5939],[-102.6528,20.6067]]]},"properties":{"CVE_ENT":"14","CVE_MUN":"105","CVEGEO":"14105","NOMGEO":"Tototlán"}},
{"type":"Feature","geometry":{"type":"Polygon","coordinates":[[[-104.1366,20.0869],[-104.1157,20.0989],[-104.1146,20.1178],[-104.1003,20.1438],[-104.1107,20.1536],[-104.1093,20.1721],[-104.1196,20.1865],[-104.1128,20.2006],[-104.1263,20.2425],[-104.1431,20.2392],[-104.1505,20.2468],[-104.1249,20.2768],[-104.1327,20.2877],[-104.1564,20.2951],[-104.1777,20.2786],[-104.1852,20.2405],[-104.1935,20.2474],[-104.2368,20.2123],[-104.2833,20.2045],[-104.3038,20.192],[-104.2999,20.1698],[-104.2909,20.1619],[-104.2655,20.1812],[-104.2612,20.1701],[-104.2151,20.1899],[-104.1962,20.181],[-104.2054,20.1423],[-104.193,20.1397],[-104.1829,20.1267],[-104.1795,20.1027],[-104.1891,20.0951],[-104.1786,20.0672],[-104.1916,20.0538],[-104.1943,20.0372],[-104.184,20.0298],[-104.165,20.0307],[-104.1409,20.0157],[-104.1259,19.9954],[-104.1344,19.9809],[-104.1279,19.9758],[-104.0869,19.9802],[-104.0654,19.9926],[-104.0864,20.0073],[-104.1121,20.0383],[-104.138,20.0442],[-104.1275,20.0588],[-104.1366,20.0869]]]},"properties":{"CVE_ENT":"14","CVE_MUN":"090","CVEGEO":"14090","NOMGEO":"Tenamaxtlán"}},
{"type":"Feature","geometry":{"type":"Polygon","coordinates":[[[-102.4196,21.6694],[-102.4301,21.6572],[-102.4434,21.6494],[-102.4381,21.6342],[-102.4725,21.6202],[-102.4822,21.609],[-102.5059,21.5958],[-102.5251,21.5794],[-102.5464,21.5706],[-102.572,21.5794],[-102.5841,21.566],[-102.616,21.5723],[-102.6373,21.5973],[-102.6408,21.6081],[-102.6645,21.609],[-102.6913,21.6276],[-102.7082,21.6534],[-102.722,21.6438],[-102.7438,21.6618],[-102.7439,21.6982],[-102.7477,21.716],[-102.7615,21.6929],[-102.7792,21.6792],[-102.8053,21.671],[-102.8028,21.6675],[-102.7836,21.6598],[-102.7754,21.6216],[-102.7638,21.5958],[-102.7374,21.5868],[-102.7254,21.5898],[-102.7175,21.5715],[-102.6951,21.5729],[-102.6975,21.5491],[-102.642,21.5359],[-102.6422,21.5187],[-102.6248,21.5014],[-102.6488,21.4748],[-102.6369,21.4589],[-102.655,21.4401],[-102.6526,21.4059],[-102.6415,21.3865],[-102.6426,21.3672],[-102.6818,21.3392],[-102.7054,21.3192],[-102.6926,21.3139],[-102.6722,21.2849],[-102.6544,21.277],[-102.6531,21.2514],[-102.6356,21.2472],[-102.6196,21.2654],[-102.6265,21.2793],[-102.6135,21.29],[-102.6066,21.3052],[-102.5856,21.3083],[-102.5577,21.2948],[-102.5175,21.302],[-102.5043,21.3149],[-102.482,21.3269],[-102.4865,21.3447],[-102.459,21.3789],[-102.4612,21.394],[-102.4493,21.4053],[-102.4315,21.4007],[-102.4179,21.4126],[-102.4263,21.4444],[-102.4089,21.4522],[-102.4082,21.4779],[-102.3982,21.4994],[-102.3709,21.5155],[-102.3675,21.5663],[-102.3803,21.5801],[-102.398,21.5637],[-102.4052,21.5921],[-102.3975,21.619],[-102.3862,21.6239],[-102.3844,21.6519],[-102.4075,21.6595],[-102.4196,21.6694]]]},"properties":{"CVE_ENT":"14","CVE_MUN":"091","CVEGEO":"14091","NOMGEO":"Teocaltiche"}},
{"type":"Feature","geometry":{"type":"Polygon","coordinates":[[[-103.3421,20.174],[-103.35,20.1681],[-103.3748,20.1697],[-103.3906,20.1846],[-103.411,20.1825],[-103.4259,20.1986],[-103.4432,20.2075],[-103.4364,20.1914],[-103.4525,20.1756],[-103.4523,20.1601],[-103.4387,20.137],[-103.4664,20.1191],[-103.4758,20.1037],[-103.4967,20.0867],[-103.4686,20.0681],[-103.4544,20.0941],[-103.4336,20.0857],[-103.4057,20.0608],[-103.3834,20.0598],[-103.383,20.0387],[-103.3588,20.0176],[-103.3285,20.0172],[-103.318,20.0473],[-103.3027,20.0439],[-103.3003,20.0331],[-103.2731,20.0139],[-103.2667,20.0502],[-103.2804,20.0605],[-103.2633,20.0757],[-103.2364,20.0727],[-103.2294,20.0795],[-103.2381,20.1017],[-103.2154,20.1211],[-103.1934,20.1184],[-103.1886,20.1267],[-103.2345,20.15],[-103.3028,20.17],[-103.3421,20.174]]]},"properties":{"CVE_ENT":"14","CVE_MUN":"092","CVEGEO":"14092","NOMGEO":"Teocuitatlán de Corona"}}
]}