{"type":"FeatureCollection", "features": [
{"type":"Feature","geometry":{"type":"Polygon","coordinates":[[[-102.6677,20.0491],[-102.6958,20.0504],[-102.7167,20.0388],[-102.7173,20.0053],[-102.7454,20.0031],[-102.7895,20.0331],[-102.8062,20.0367],[-102.8208,20.0183],[-102.8306,20.0328],[-102.8625,20.0339],[-102.864,20.05],[-102.8789,20.0475],[-102.8825,20.0313],[-102.8658,20.0043],[-102.8839,20.0033],[-102.8893,19.986],[-102.882,19.9758],[-102.784,19.9512],[-102.7706,19.9299],[-102.7313,19.8989],[-102.7136,19.8892],[-102.6847,19.8833],[-102.671,19.8857],[-102.6693,19.9029],[-102.6861,19.9393],[-102.6647,19.9551],[-102.6537,19.9897],[-102.6649,19.9973],[-102.6612,20.0136],[-102.6677,20.0491]]]},"properties":{"CVE_ENT":"16","CVE_MUN":"045","CVEGEO":"16045","NOMGEO":"Jiquilpan"}},
{"type":"Feature","geometry":{"type":"Polygon","coordinates":[[[-100.1342,19.8455],[-100.1508,19.8395],[-100.1589,19.8504],[-100.1736,19.8496],[-100.1906,19.8681],[-100.2113,19.8697],[-100.2069,19.8522],[-100.2298,19.8311],[-100.2703,19.8287],[-100.2664,19.8082],[-100.2907,19.7789],[-100.2658,19.7603],[-100.2553,19.7468],[-100.2596,19.7368],[-100.2585,19.7002],[-100.2422,19.7072],[-100.2295,19.7022],[-100.1922,19.7016],[-100.186,19.713],[-100.1705,19.7128],[-100.1499,19.7277],[-100.1453,19.7572],[-100.1463,19.8147],[-100.1342,19.8455]]]},"properties":{"CVE_ENT":"16","CVE_MUN":"093","CVEGEO":"16093","NOMGEO":"Tlalpujahua"}},
{"type":"Feature","geometry":{"type":"Polygon","coordinates":[[[-100.7532,19.2881],[-100.7774,19.2678],[-100.7969,19.2585],[-100.831,19.2563],[-100.8327,19.2295],[-100.8456,19.2192],[-100.873,19.2198],[-100.8719,19.1937],[-100.9018,19.202],[-100.9116,19.2288],[-100.8759,19.2463],[-100.8777,19.2545],[-100.915,19.2563],[-100.9223,19.2749],[-100.9534,19.2943],[-100.9429,19.3273],[-100.9784,19.3369],[-100.9951,19.3354],[-101.0035,19.3479],[-101.0196,19.2983],[-101.0249,19.2729],[-101.0188,19.2683],[-101.0274,19.2464],[-101.0314,19.2164],[-101.0557,19.1886],[-101.0435,19.1863],[-101.0247,19.1514],[-101.0255,19.1408],[-101.0097,19.0958],[-100.9906,19.0809],[-100.9465,19.0931],[-100.9288,19.0721],[-100.9043,19.0616],[-100.8631,19.0133],[-100.8742,19.0021],[-100.8601,18.9883],[-100.8582,18.9642],[-100.8703,18.9484],[-100.8752,18.9225],[-100.8981,18.8845],[-100.8906,18.8606],[-100.8683,18.8555],[-100.853,18.8403],[-100.8479,18.8204],[-100.8356,18.8305],[-100.8093,18.8305],[-100.7905,18.8254],[-100.7918,18.8342],[-100.7667,18.8654],[-100.7499,18.8681],[-100.7369,18.852],[-100.724,18.8492],[-100.7032,18.8246],[-100.7058,18.7964],[-100.6929,18.8007],[-100.6717,18.8209],[-100.6657,18.8345],[-100.6508,18.8406],[-100.6375,18.8676],[-100.6233,18.8717],[-100.6131,18.8871],[-100.6005,18.8929],[-100.5899,18.9153],[-100.5742,18.9145],[-100.5495,18.9469],[-100.5448,18.9659],[-100.5239,18.9985],[-100.5276,19.0103],[-100.5287,19.0194],[-100.5477,19.0389],[-100.5559,19.0581],[-100.5731,19.0693],[-100.5935,19.0748],[-100.5926,19.0966],[-100.6329,19.1079],[-100.6446,19.0891],[-100.6519,19.0241],[-100.6609,19.0101],[-100.6777,19.015],[-100.699,19.0123],[-100.7092,19.0323],[-100.7075,19.066],[-100.7154,19.0882],[-100.7122,19.0961],[-100.7233,19.121],[-100.7192,19.1382],[-100.7265,19.1524],[-100.7415,19.1549],[-100.7452,19.1744],[-100.7301,19.1973],[-100.738,19.2168],[-100.7388,19.245],[-100.7534,19.2673],[-100.7532,19.2881]]]},"properties":{"CVE_ENT":"16","CVE_MUN":"092","CVEGEO":"16092","NOMGEO":"Tiquicheo de Nicolás Romero"}},
{"type":"Feature","geometry":{"type":"Polygon","coordinates":[[[-101.0931,19.8828],[-101.1456,19.8942],[-101.1619,19.8771],[-101.1799,19.8799],[-101.1794,19.8634],[-101.2003,19.8672],[-101.2279,19.8557],[-101.2568,19.8609],[-101.2791,19.8452],[-101.2709,19.8275],[-101.2543,19.8148],[-101.2299,19.7575],[-101.218,19.7615],[-101.194,19.7481],[-101.1569,19.7465],[-101.1576,19.7578],[-101.1134,19.7701],[-101.106,19.762],[-101.1089,19.7394],[-101.0898,19.7395],[-101.0729,19.7512],[-101.0651,19.7739],[-101.071,19.7973],[-101.0715,19.8672],[-101.0931,19.8828]]]},"properties":{"CVE_ENT":"16","CVE_MUN":"088","CVEGEO":"16088","NOMGEO":"Tarímbaro"}},
{"type":"Feature","geometry":{"type":"Polygon","coordinates":[[[-102.1389,19.9822],[-102.1582,19.9864],[-102.1849,19.9771],[-102.2073,19.9827],[-102.2258,19.9581],[-102.2371,19.9549],[-102.2476,19.9558],[-102.2518,19.9497],[-102.2586,19.9487],[-102.2683,19.9506],[-102.2626,19.9401],[-102.2432,19.9303],[-102.2509,19.9027],[-102.2731,19.8817],[-102.3067,19.8892],[-102.3194,19.8883],[-102.3313,19.904],[-102.3522,19.8866],[-102.3667,19.8803],[-102.395,19.8805],[-102.406,19.8665],[-102.3811,19.84],[-102.3894,19.8128],[-102.3848,19.7962],[-102.3645,19.7851],[-102.3535,19.7655],[-102.3378,19.7525],[-102.2933,19.7693],[-102.2806,19.7973],[-102.2564,19.8093],[-102.232,19.801],[-102.2123,19.8142],[-102.1958,19.8217],[-102.1964,19.8327],[-102.1797,19.8462],[-102.175,19.8616],[-102.1878,19.8739],[-102.1736,19.8853],[-102.1572,19.8779],[-102.1428,19.8888],[-102.1335,19.8786],[-102.1127,19.875],[-102.0953,19.8901],[-102.1077,19.943],[-102.1306,19.962],[-102.1389,19.9822]]]},"properties":{"CVE_ENT":"16","CVE_MUN":"085","CVEGEO":"16085","NOMGEO":"Tangancícuaro"}},
{"type":"Feature","geometry":{"type":"Polygon","coordinates":[[[-102.3696,19.9791],[-102.3717,19.98],[-102.3742,19.9839],[-102.3787,19.9883],[-102.3903,19.9915],[-102.4134,19.9811],[-102.432,19.9789],[-102.4579,19.9842],[-102.4838,19.9792],[-102.4972,19.9663],[-102.522,19.959],[-102.5249,19.9358],[-102.5111,19.9121],[-102.573,19.9008],[-102.5715,19.8928],[-102.5438,19.881],[-102.5378,19.8653],[-102.5206,19.8692],[-102.5159,19.8473],[-102.53,19.8456],[-102.5355,19.8217],[-102.5312,19.8086],[-102.4972,19.802],[-102.483,19.7931],[-102.45,19.7904],[-102.409,19.8045],[-102.3894,19.8128],[-102.3811,19.84],[-102.406,19.8665],[-102.395,19.8805],[-102.3667,19.8803],[-102.3522,19.8866],[-102.3671,19.8933],[-102.3716,19.9531],[-102.3778,19.9685],[-102.3696,19.9791]]]},"properties":{"CVE_ENT":"16","CVE_MUN":"084","CVEGEO":"16084","NOMGEO":"Tangamandapio"}},
{"type":"Feature","geometry":{"type":"Polygon","coordinates":[[[-102.7847,20.1376],[-102.8081,20.141],[-102.8019,20.123],[-102.8163,20.106],[-102.8454,20.1233],[-102.866,20.1624],[-102.8755,20.1576],[-102.9078,20.1621],[-102.9358,20.1707],[-102.9541,20.1709],[-102.9432,20.1498],[-102.9245,20.1363],[-102.9441,20.1308],[-102.9455,20.1054],[-102.9542,20.0824],[-102.9344,20.0788],[-102.9156,20.0674],[-102.9037,20.072],[-102.8804,20.0679],[-102.8789,20.0475],[-102.864,20.05],[-102.8503,20.0812],[-102.8118,20.0853],[-102.7943,20.082],[-102.7811,20.0882],[-102.7859,20.0988],[-102.781,20.1155],[-102.7847,20.1376]]]},"properties":{"CVE_ENT":"16","CVE_MUN":"074","CVEGEO":"16074","NOMGEO":"Cojumatlán de Régules"}},
{"type":"Feature","geometry":{"type":"Polygon","coordinates":[[[-102.046,19.0323],[-102.0643,19.0529],[-102.066,19.0839],[-102.0784,19.1073],[-102.0859,19.1093],[-102.1175,19.1075],[-102.129,19.0975],[-102.1498,19.0947],[-102.1842,19.0538],[-102.1959,19.018],[-102.1993,18.9796],[-102.2084,18.9509],[-102.1995,18.9151],[-102.1822,18.89],[-102.1781,18.8745],[-102.1652,18.863],[-102.1419,18.8554],[-102.1215,18.8256],[-102.1104,18.837],[-102.0907,18.8431],[-102.0688,18.8281],[-102.063,18.8402],[-102.0611,18.8743],[-102.0686,18.8765],[-102.0735,18.9048],[-102.0558,18.9242],[-102.0623,18.948],[-102.0506,18.9955],[-102.057,19.0111],[-102.046,19.0323]]]},"properties":{"CVE_ENT":"16","CVE_MUN":"055","CVEGEO":"16055","NOMGEO":"Múgica"}},
{"type":"Feature","geometry":{"type":"Polygon","coordinates":[[[-100.3551,19.6414],[-100.3745,19.6451],[-100.3877,19.6279],[-100.4181,19.6281],[-100.4265,19.611],[-100.4084,19.6044],[-100.4042,19.5845],[-100.3907,19.5625],[-100.3799,19.5566],[-100.3706,19.5304],[-100.3337,19.5312],[-100.3147,19.5276],[-100.3001,19.5325],[-100.2651,19.5329],[-100.2483,19.5486],[-100.2383,19.5437],[-100.2276,19.5579],[-100.2375,19.5572],[-100.2469,19.5977],[-100.2679,19.5899],[-100.291,19.5941],[-100.3204,19.5898],[-100.3399,19.6158],[-100.3489,19.6197],[-100.3551,19.6414]]]},"properties":{"CVE_ENT":"16","CVE_MUN":"061","CVEGEO":"16061","NOMGEO":"Ocampo"}},
{"type":"Feature","geometry":{"type":"Polygon","coordinates":[[[-101.4499,19.6413],[-101.4428,19.6497],[-101.4469,19.6665],[-101.4423,19.6823],[-101.4121,19.6957],[-101.4408,19.7242],[-101.4567,19.7032],[-101.4866,19.692],[-101.4958,19.7051],[-101.4923,19.7208],[-101.4967,19.7524],[-101.5089,19.7624],[-101.5066,19.7783],[-101.5411,19.7743],[-101.5764,19.7566],[-101.5746,19.742],[-101.5638,19.7301],[-101.5802,19.715],[-101.6041,19.7084],[-101.6417,19.7115],[-101.6411,19.6887],[-101.6683,19.6942],[-101.6655,19.675],[-101.6598,19.6593],[-101.6423,19.6484],[-101.6116,19.6625],[-101.5407,19.649],[-101.5114,19.6372],[-101.4911,19.6423],[-101.4766,19.6372],[-101.4499,19.6413]]]},"properties":{"CVE_ENT":"16","CVE_MUN":"073","CVEGEO":"16073","NOMGEO":"Quiroga"}},
{"type":"Feature","geometry":{"type":"Polygon","coordinates":[[[-102.524,20.082],[-102.5506,20.1017],[-102.5522,20.0884],[-102.5811,20.0778],[-102.6066,20.0791],[-102.6345,20.0791],[-102.6602,20.0956],[-102.6745,20.0831],[-102.6677,20.0491],[-102.6612,20.0136],[-102.6649,19.9973],[-102.6537,19.9897],[-102.6647,19.9551],[-102.6861,19.9393],[-102.6693,19.9029],[-102.6274,19.8981],[-102.6113,19.8818],[-102.5969,19.8991],[-102.573,19.9008],[-102.5111,19.9121],[-102.5249,19.9358],[-102.522,19.959],[-102.4972,19.9663],[-102.4838,19.9792],[-102.5002,19.9849],[-102.5012,20.0074],[-102.493,20.0132],[-102.4898,20.039],[-102.4794,20.0511],[-102.5035,20.0655],[-102.5185,20.0691],[-102.524,20.082]]]},"properties":{"CVE_ENT":"16","CVE_MUN":"104","CVEGEO":"16104","NOMGEO":"Villamar"}},
{"type":"Feature","geometry":{"type":"Polygon","coordinates":[[[-102.6635,19.06],[-102.664,19.0626],[-102.6631,19.0701],[-102.6645,19.0722],[-102.6716,19.0816],[-102.6843,19.0796],[-102.6926,19.0987],[-102.728,19.1114],[-102.7391,19.1246],[-102.741,19.1435],[-102.7799,19.1587],[-102.7751,19.185],[-102.7865,19.1973],[-102.7827,19.2179],[-102.7771,19.2159],[-102.7755,19.2219],[-102.7854,19.2204],[-102.7888,19.2229],[-102.7894,19.2352],[-102.7751,19.2401],[-102.7769,19.2436],[-102.7902,19.2425],[-102.7924,19.2278],[-102.8084,19.2233],[-102.8244,19.2057],[-102.8314,19.2146],[-102.8489,19.1997],[-102.8842,19.2057],[-102.9147,19.1796],[-102.9601,19.1741],[-102.9794,19.1524],[-102.9767,19.1264],[-102.9834,19.1214],[-103.0045,19.1376],[-103.0145,19.1356],[-103.0162,19.1336],[-103.0175,19.133],[-103.0179,19.1329],[-103.019,19.1326],[-103.0192,19.1325],[-103.0197,19.1324],[-103.0205,19.125],[-103.0119,19.1075],[-103.0195,19.1038],[-103.016,19.0792],[-102.9919,19.0529],[-103.0252,19.0531],[-103.0304,19.0361],[-103.0395,19.0212],[-103.0255,19.0085],[-103.0117,18.9864],[-102.9976,18.9815],[-102.9759,18.9589],[-102.9495,18.9807],[-102.9156,18.975],[-102.9188,18.958],[-102.9007,18.9509],[-102.8995,18.9413],[-102.8939,18.9381],[-102.8885,18.9357],[-102.8844,18.9313],[-102.8812,18.9262],[-102.8796,18.9253],[-102.8789,18.924],[-102.8789,18.9237],[-102.8789,18.9234],[-102.8784,18.9228],[-102.8779,18.9214],[-102.8552,18.9413],[-102.8293,18.9451],[-102.8171,18.9171],[-102.797,18.9221],[-102.7983,18.9455],[-102.7737,18.9667],[-102.7406,18.967],[-102.7282,18.9885],[-102.6983,19.0123],[-102.7006,19.0413],[-102.6858,19.0604],[-102.6635,19.06]]]},"properties":{"CVE_ENT":"16","CVE_MUN":"089","CVEGEO":"16089","NOMGEO":"Tepalcatepec"}},
{"type":"Feature","geometry":{"type":"Polygon","coordinates":[[[-102.5619,20.2062],[-102.5816,20.2129],[-102.6313,20.2099],[-102.6528,20.2148],[-102.6829,20.2067],[-102.6797,20.1715],[-102.6897,20.166],[-102.7306,20.1664],[-102.7847,20.1376],[-102.781,20.1155],[-102.7859,20.0988],[-102.7811,20.0882],[-102.748,20.0828],[-102.6933,20.0927],[-102.6745,20.0831],[-102.6602,20.0956],[-102.6345,20.0791],[-102.6066,20.0791],[-102.6117,20.0981],[-102.6022,20.1076],[-102.5966,20.1464],[-102.5701,20.1468],[-102.5624,20.1524],[-102.5613,20.1812],[-102.5706,20.1976],[-102.5619,20.2062]]]},"properties":{"CVE_ENT":"16","CVE_MUN":"103","CVEGEO":"16103","NOMGEO":"Venustiano Carranza"}},
{"type":"Feature","geometry":{"type":"Polygon","coordinates":[[[-101.9745,19.5783],[-101.9923,19.5787],[-102.0215,19.5685],[-102.0417,19.5895],[-102.0966,19.5934],[-102.1293,19.6266],[-102.1411,19.6195],[-102.1629,19.6173],[-102.1702,19.5992],[-102.1891,19.5823],[-102.1966,19.5901],[-102.1964,19.6229],[-102.2404,19.6233],[-102.2729,19.6137],[-102.2781,19.5941],[-102.2599,19.5836],[-102.2635,19.5622],[-102.2912,19.5585],[-102.3237,19.5835],[-102.3356,19.5703],[-102.3521,19.5776],[-102.3762,19.5693],[-102.3909,19.5758],[-102.3643,19.5432],[-102.3404,19.5325],[-102.3288,19.5246],[-102.3256,19.506],[-102.2766,19.5075],[-102.2518,19.4933],[-102.2203,19.4812],[-102.205,19.4638],[-102.1594,19.4749],[-102.1474,19.4685],[-102.1151,19.4699],[-102.1156,19.4369],[-102.1046,19.4109],[-102.1027,19.3778],[-102.1252,19.3796],[-102.1657,19.3642],[-102.1688,19.3508],[-102.1822,19.3426],[-102.1878,19.3245],[-102.2052,19.294],[-102.1939,19.2718],[-102.1755,19.2803],[-102.1472,19.2324],[-102.1436,19.2169],[-102.1239,19.1998],[-102.103,19.1958],[-102.0904,19.185],[-102.084,19.2235],[-102.0624,19.2393],[-102.0728,19.2479],[-102.0818,19.2726],[-102.0696,19.2779],[-102.0363,19.2725],[-101.9983,19.2529],[-101.9758,19.252],[-101.9499,19.2602],[-101.9425,19.2647],[-101.9618,19.2931],[-101.9775,19.3239],[-101.9968,19.3334],[-101.9916,19.3533],[-101.9708,19.3705],[-101.9535,19.3717],[-101.9774,19.4443],[-101.9515,19.4611],[-101.9846,19.4914],[-101.9808,19.5007],[-101.9542,19.5007],[-101.9401,19.5072],[-101.9368,19.536],[-101.9425,19.5551],[-101.9375,19.5627],[-101.9522,19.5606],[-101.9602,19.5785],[-101.9745,19.5783]]]},"properties":{"CVE_ENT":"16","CVE_MUN":"102","CVEGEO":"16102","NOMGEO":"Uruapan"}},
{"type":"Feature","geometry":{"type":"Polygon","coordinates":[[[-101.4583,20.2696],[-101.4888,20.2733],[-101.497,20.2577],[-101.5091,20.2524],[-101.5366,20.256],[-101.535,20.2393],[-101.57,20.2131],[-101.5676,20.1651],[-101.5859,20.152],[-101.6137,20.1553],[-101.6144,20.1633],[-101.6381,20.17],[-101.6439,20.1512],[-101.6844,20.1097],[-101.7111,20.0625],[-101.7021,20.0651],[-101.6767,20.0436],[-101.6668,20.0259],[-101.68,20.0103],[-101.6742,19.9943],[-101.6458,19.9791],[-101.6361,19.9636],[-101.6178,19.9558],[-101.5965,19.9549],[-101.5962,19.9688],[-101.5639,19.9859],[-101.5346,19.9982],[-101.513,20.0126],[-101.4797,20.0149],[-101.4643,20.0344],[-101.4428,20.035],[-101.4302,20.0291],[-101.4025,20.0448],[-101.3943,20.0529],[-101.3923,20.0833],[-101.4047,20.0802],[-101.4087,20.1231],[-101.391,20.1271],[-101.4225,20.1632],[-101.4199,20.2016],[-101.4056,20.2033],[-101.3632,20.1958],[-101.3529,20.234],[-101.3614,20.249],[-101.3953,20.2485],[-101.4197,20.2744],[-101.4369,20.2638],[-101.4583,20.2696]]]},"properties":{"CVE_ENT":"16","CVE_MUN":"071","CVEGEO":"16071","NOMGEO":"Puruándiro"}},
{"type":"Feature","geometry":{"type":"Polygon","coordinates":[[[-102.0904,19.185],[-102.103,19.1958],[-102.1239,19.1998],[-102.1436,19.2169],[-102.1472,19.2324],[-102.1755,19.2803],[-102.1939,19.2718],[-102.1941,19.2349],[-102.2115,19.2155],[-102.2239,19.1983],[-102.2172,19.184],[-102.2372,19.1502],[-102.2433,19.1297],[-102.2566,19.1199],[-102.2763,19.0729],[-102.2758,19.0623],[-102.2922,19.0505],[-102.2798,19.036],[-102.2909,19.0097],[-102.3247,18.9727],[-102.3272,18.9318],[-102.342,18.9283],[-102.3424,18.9123],[-102.3304,18.911],[-102.3227,18.8962],[-102.3021,18.8983],[-102.2926,18.8889],[-102.2787,18.8967],[-102.2514,18.8807],[-102.2408,18.8982],[-102.226,18.8858],[-102.1985,18.8808],[-102.197,18.863],[-102.1652,18.863],[-102.1781,18.8745],[-102.1822,18.89],[-102.1995,18.9151],[-102.2084,18.9509],[-102.1993,18.9796],[-102.1959,19.018],[-102.1842,19.0538],[-102.1498,19.0947],[-102.129,19.0975],[-102.1175,19.1075],[-102.0859,19.1093],[-102.0884,19.1202],[-102.0814,19.1449],[-102.0904,19.185]]]},"properties":{"CVE_ENT":"16","CVE_MUN":"064","CVEGEO":"16064","NOMGEO":"Parácuaro"}},
{"type":"Feature","geometry":{"type":"Polygon","coordinates":[[[-101.7111,20.0625],[-101.7301,20.059],[-101.7608,20.0366],[-101.799,20.0525],[-101.7784,20.0738],[-101.8013,20.1079],[-101.8122,20.1089],[-101.8422,20.0876],[-101.8392,20.0604],[-101.8802,19.9936],[-101.893,19.9944],[-101.9071,19.9656],[-101.8977,19.9438],[-101.8806,19.9494],[-101.8672,19.9508],[-101.8396,19.9422],[-101.8415,19.9261],[-101.7695,19.9399],[-101.7611,19.9502],[-101.7426,19.9538],[-101.7296,19.9372],[-101.7077,19.9391],[-101.6979,19.9656],[-101.6776,19.9609],[-101.6458,19.9791],[-101.6742,19.9943],[-101.68,20.0103],[-101.6668,20.0259],[-101.6767,20.0436],[-101.7021,20.0651],[-101.7111,20.0625]]]},"properties":{"CVE_ENT":"16","CVE_MUN":"063","CVEGEO":"16063","NOMGEO":"Panindícuaro"}},
{"type":"Feature","geometry":{"type":"Polygon","coordinates":[[[-102.5413,20.2199],[-102.5548,20.2243],[-102.5619,20.2062],[-102.5706,20.1976],[-102.5613,20.1812],[-102.5624,20.1524],[-102.5701,20.1468],[-102.5966,20.1464],[-102.6022,20.1076],[-102.6117,20.0981],[-102.6066,20.0791],[-102.5811,20.0778],[-102.5522,20.0884],[-102.5506,20.1017],[-102.524,20.082],[-102.5061,20.0955],[-102.4897,20.0987],[-102.4753,20.1154],[-102.4382,20.1077],[-102.4366,20.1179],[-102.4501,20.1325],[-102.4741,20.1495],[-102.4525,20.1578],[-102.4421,20.1861],[-102.4598,20.1879],[-102.5133,20.2138],[-102.5196,20.2098],[-102.5413,20.2199]]]},"properties":{"CVE_ENT":"16","CVE_MUN":"062","CVEGEO":"16062","NOMGEO":"Pajacuarán"}},
{"type":"Feature","geometry":{"type":"Polygon","coordinates":[[[-101.9149,20.1944],[-101.907,20.2133],[-101.9399,20.2271],[-101.9344,20.2493],[-101.9449,20.2551],[-101.9415,20.2795],[-101.9505,20.2989],[-101.9464,20.3432],[-101.9691,20.3356],[-101.9796,20.2951],[-101.994,20.2816],[-101.9897,20.2554],[-102.0046,20.2609],[-102.0106,20.2481],[-102.0008,20.231],[-101.9767,20.232],[-101.9696,20.2163],[-101.976,20.2042],[-101.956,20.182],[-101.9413,20.1951],[-101.9318,20.1879],[-101.9149,20.1944]]]},"properties":{"CVE_ENT":"16","CVE_MUN":"060","CVEGEO":"16060","NOMGEO":"Numarán"}},
{"type":"Feature","geometry":{"type":"Polygon","coordinates":[[[-101.814,19.0438],[-101.7965,19.0595],[-101.7749,19.0689],[-101.7831,19.0958],[-101.799,19.1084],[-101.7961,19.1324],[-101.8046,19.1437],[-101.7985,19.1578],[-101.8104,19.1696],[-101.7946,19.1917],[-101.8001,19.2131],[-101.8478,19.2445],[-101.8285,19.2485],[-101.8277,19.2643],[-101.8047,19.27],[-101.8037,19.2776],[-101.8385,19.2862],[-101.8554,19.2826],[-101.8619,19.2752],[-101.8966,19.2673],[-101.9065,19.278],[-101.9225,19.2766],[-101.9425,19.2647],[-101.9499,19.2602],[-101.9348,19.2345],[-101.9117,19.2189],[-101.9109,19.2025],[-101.9347,19.1529],[-101.9539,19.1453],[-101.9503,19.1217],[-101.9311,19.1053],[-101.9299,19.0899],[-101.9171,19.0732],[-101.8807,19.0744],[-101.8631,19.0629],[-101.85,19.0293],[-101.835,19.0317],[-101.814,19.0438]]]},"properties":{"CVE_ENT":"16","CVE_MUN":"059","CVEGEO":"16059","NOMGEO":"Nuevo Urecho"}},
{"type":"Feature","geometry":{"type":"Polygon","coordinates":[[[-102.2052,19.294],[-102.1878,19.3245],[-102.1822,19.3426],[-102.1688,19.3508],[-102.1657,19.3642],[-102.1252,19.3796],[-102.1027,19.3778],[-102.1046,19.4109],[-102.1156,19.4369],[-102.1151,19.4699],[-102.1474,19.4685],[-102.1594,19.4749],[-102.205,19.4638],[-102.2203,19.4812],[-102.2518,19.4933],[-102.2603,19.482],[-102.2587,19.4677],[-102.2746,19.4565],[-102.282,19.4395],[-102.2607,19.4076],[-102.2624,19.3656],[-102.2382,19.343],[-102.2349,19.3225],[-102.2052,19.294]]]},"properties":{"CVE_ENT":"16","CVE_MUN":"058","CVEGEO":"16058","NOMGEO":"Nuevo Parangaricutiro"}},
{"type":"Feature","geometry":{"type":"Polygon","coordinates":[[[-101.0802,19.1695],[-101.1073,19.1898],[-101.1631,19.1831],[-101.1767,19.1907],[-101.181,19.2064],[-101.2106,19.2229],[-101.2351,19.2129],[-101.294,19.2191],[-101.318,19.2188],[-101.311,19.1817],[-101.2988,19.1655],[-101.3062,19.1584],[-101.3182,19.1292],[-101.3318,19.1243],[-101.3207,19.0499],[-101.3013,19.0473],[-101.2978,19.0113],[-101.2859,18.9912],[-101.2815,18.9728],[-101.2385,18.9542],[-101.1973,18.9315],[-101.1932,18.9503],[-101.1677,18.95],[-101.1612,18.9588],[-101.1697,18.9786],[-101.1842,18.9882],[-101.1865,19.0076],[-101.1509,19.014],[-101.1263,19.0279],[-101.1048,19.0544],[-101.0837,19.0551],[-101.0972,19.0827],[-101.119,19.1127],[-101.124,19.1315],[-101.1093,19.1509],[-101.0965,19.1491],[-101.0816,19.1581],[-101.0802,19.1695]]]},"properties":{"CVE_ENT":"16","CVE_MUN":"057","CVEGEO":"16057","NOMGEO":"Nocupétaro"}},
{"type":"Feature","geometry":{"type":"Polygon","coordinates":[[[-101.8014,19.6921],[-101.7923,19.7126],[-101.7989,19.7214],[-101.7918,19.7385],[-101.8354,19.7503],[-101.8799,19.7498],[-101.8954,19.7334],[-101.9048,19.7095],[-101.934,19.6733],[-101.9262,19.6657],[-101.9487,19.6501],[-101.9713,19.6458],[-101.9878,19.6307],[-101.994,19.6039],[-101.9745,19.5783],[-101.9602,19.5785],[-101.9522,19.5606],[-101.9375,19.5627],[-101.9137,19.5488],[-101.9009,19.5657],[-101.8843,19.5594],[-101.861,19.5595],[-101.8242,19.5719],[-101.8103,19.5949],[-101.7964,19.6442],[-101.81,19.6607],[-101.8014,19.6921]]]},"properties":{"CVE_ENT":"16","CVE_MUN":"056","CVEGEO":"16056","NOMGEO":"Nahuatzen"}},
{"type":"Feature","geometry":{"type":"Polygon","coordinates":[[[-101.5125,19.4092],[-101.5309,19.4117],[-101.5474,19.4245],[-101.569,19.4326],[-101.6036,19.4343],[-101.61,19.4505],[-101.6366,19.4501],[-101.6605,19.4419],[-101.6797,19.4558],[-101.7167,19.4581],[-101.7433,19.4716],[-101.7582,19.4844],[-101.7816,19.491],[-101.8051,19.4886],[-101.8009,19.4655],[-101.8324,19.439],[-101.829,19.4169],[-101.8089,19.4026],[-101.8081,19.3696],[-101.7891,19.3482],[-101.7995,19.3399],[-101.8061,19.3178],[-101.8177,19.3085],[-101.8007,19.307],[-101.7925,19.2957],[-101.7519,19.286],[-101.7335,19.3004],[-101.7049,19.3],[-101.6833,19.2877],[-101.6714,19.3078],[-101.6439,19.3078],[-101.6211,19.2921],[-101.6038,19.2907],[-101.5785,19.2982],[-101.5659,19.3259],[-101.5688,19.3414],[-101.5477,19.3538],[-101.5292,19.3877],[-101.5149,19.3917],[-101.5125,19.4092]]]},"properties":{"CVE_ENT":"16","CVE_MUN":"079","CVEGEO":"16079","NOMGEO":"Salvador Escalante"}},
{"type":"Feature","geometry":{"type":"Polygon","coordinates":[[[-101.0118,20.0815],[-101.043,20.0914],[-101.0749,20.0884],[-101.0802,20.0828],[-101.1197,20.0735],[-101.132,20.0607],[-101.1176,20.0599],[-101.0975,20.0442],[-101.0414,20.0114],[-101.0244,19.9973],[-101.0187,19.9718],[-101.0031,19.9532],[-101.0025,19.965],[-100.9767,19.9827],[-100.9827,20.0026],[-100.9703,20.0052],[-100.9681,20.012],[-100.9897,20.0273],[-100.9976,20.0256],[-101.014,20.0457],[-100.9928,20.0649],[-101.0118,20.0815]]]},"properties":{"CVE_ENT":"16","CVE_MUN":"078","CVEGEO":"16078","NOMGEO":"Santa Ana Maya"}},
{"type":"Feature","geometry":{"type":"Polygon","coordinates":[[[-101.2072,19.9614],[-101.2324,19.9618],[-101.2725,19.9769],[-101.2883,19.9655],[-101.292,19.9101],[-101.2982,19.8836],[-101.2915,19.8598],[-101.2568,19.8609],[-101.2279,19.8557],[-101.2003,19.8672],[-101.1794,19.8634],[-101.1799,19.8799],[-101.1619,19.8771],[-101.1456,19.8942],[-101.1479,19.9074],[-101.1402,19.9253],[-101.1358,19.9577],[-101.1475,19.966],[-101.2072,19.9614]]]},"properties":{"CVE_ENT":"16","CVE_MUN":"018","CVEGEO":"16018","NOMGEO":"Copándaro"}},
{"type":"Feature","geometry":{"type":"Polygon","coordinates":[[[-102.6113,19.8818],[-102.6274,19.8981],[-102.6693,19.9029],[-102.671,19.8857],[-102.6847,19.8833],[-102.7136,19.8892],[-102.7313,19.8989],[-102.7425,19.8788],[-102.7303,19.8545],[-102.7431,19.8446],[-102.7485,19.829],[-102.7392,19.8177],[-102.7591,19.808],[-102.7943,19.8127],[-102.8183,19.7799],[-102.7942,19.7254],[-102.7805,19.7018],[-102.7967,19.6824],[-102.7927,19.6626],[-102.7792,19.6433],[-102.7772,19.629],[-102.7603,19.6272],[-102.7476,19.6128],[-102.7207,19.6107],[-102.716,19.6003],[-102.6952,19.6038],[-102.6716,19.63],[-102.6623,19.6522],[-102.6606,19.6899],[-102.6503,19.7028],[-102.6575,19.7157],[-102.6391,19.7289],[-102.6287,19.729],[-102.5978,19.7414],[-102.5808,19.74],[-102.5789,19.7717],[-102.5893,19.7849],[-102.5994,19.8166],[-102.5968,19.8281],[-102.6143,19.8378],[-102.6058,19.8663],[-102.6113,19.8818]]]},"properties":{"CVE_ENT":"16","CVE_MUN":"019","CVEGEO":"16019","NOMGEO":"Cotija"}},
{"type":"Feature","geometry":{"type":"Polygon","coordinates":[[[-101.132,20.0607],[-101.1537,20.0838],[-101.1652,20.0872],[-101.1767,20.0645],[-101.1963,20.0572],[-101.1604,20.0402],[-101.1832,20.0267],[-101.2015,20.0257],[-101.2031,20.0072],[-101.208,20.0013],[-101.2072,19.9614],[-101.1475,19.966],[-101.1358,19.9577],[-101.1402,19.9253],[-101.1479,19.9074],[-101.1456,19.8942],[-101.0931,19.8828],[-101.0937,19.9009],[-101.0562,19.9025],[-101.0309,19.9162],[-101.0284,19.9525],[-101.0187,19.9718],[-101.0244,19.9973],[-101.0414,20.0114],[-101.0975,20.0442],[-101.1176,20.0599],[-101.132,20.0607]]]},"properties":{"CVE_ENT":"16","CVE_MUN":"020","CVEGEO":"16020","NOMGEO":"Cuitzeo"}},
{"type":"Feature","geometry":{"type":"Polygon","coordinates":[[[-102.1785,19.7177],[-102.1963,19.7764],[-102.2102,19.7904],[-102.2123,19.8142],[-102.232,19.801],[-102.2564,19.8093],[-102.2806,19.7973],[-102.2695,19.7499],[-102.27,19.7342],[-102.2804,19.6965],[-102.2759,19.6757],[-102.2862,19.6572],[-102.2875,19.6352],[-102.3063,19.6128],[-102.2958,19.5908],[-102.2781,19.5941],[-102.2729,19.6137],[-102.2404,19.6233],[-102.1964,19.6229],[-102.1966,19.5901],[-102.1891,19.5823],[-102.1702,19.5992],[-102.1629,19.6173],[-102.1614,19.6367],[-102.1489,19.6573],[-102.1738,19.671],[-102.1695,19.6892],[-102.1785,19.7177]]]},"properties":{"CVE_ENT":"16","CVE_MUN":"021","CVEGEO":"16021","NOMGEO":"Charapan"}},
{"type":"Feature","geometry":{"type":"Polygon","coordinates":[[[-101.0021,19.7875],[-101.0103,19.7934],[-101.0393,19.7833],[-101.071,19.7973],[-101.0651,19.7739],[-101.0729,19.7512],[-101.0898,19.7395],[-101.0842,19.7244],[-101.0953,19.711],[-101.1002,19.6777],[-101.0845,19.6764],[-101.0775,19.6353],[-101.0522,19.6078],[-101.0455,19.5912],[-101.0516,19.5755],[-101.0657,19.5732],[-101.0605,19.5601],[-101.0325,19.5409],[-101.02,19.5574],[-100.9942,19.5563],[-100.9866,19.5694],[-100.9707,19.5676],[-100.9702,19.5946],[-100.9541,19.5943],[-100.9171,19.6228],[-100.919,19.6592],[-100.9234,19.6701],[-100.9393,19.6912],[-100.9416,19.7093],[-100.9759,19.7274],[-100.9962,19.7451],[-101.0034,19.7636],[-101.0021,19.7875]]]},"properties":{"CVE_ENT":"16","CVE_MUN":"022","CVEGEO":"16022","NOMGEO":"Charo"}},
{"type":"Feature","geometry":{"type":"Polygon","coordinates":[[[-101.7965,20.2128],[-101.8091,20.2044],[-101.8277,20.2141],[-101.8348,20.2247],[-101.8584,20.2114],[-101.8721,20.2103],[-101.8813,20.1991],[-101.8978,20.2041],[-101.9149,20.1944],[-101.9318,20.1879],[-101.9413,20.1951],[-101.956,20.182],[-101.9674,20.1825],[-101.9751,20.1526],[-101.9585,20.1352],[-101.9744,20.1089],[-101.9667,20.0931],[-101.9801,20.0789],[-101.9972,20.071],[-102.0062,20.0539],[-101.9765,20.0361],[-101.9719,20.007],[-101.9568,19.9916],[-101.9395,19.9856],[-101.9322,19.9675],[-101.9071,19.9656],[-101.893,19.9944],[-101.8802,19.9936],[-101.8392,20.0604],[-101.8422,20.0876],[-101.8122,20.1089],[-101.8201,20.1256],[-101.8088,20.1307],[-101.7987,20.1556],[-101.7797,20.1633],[-101.7829,20.194],[-101.7965,20.2128]]]},"properties":{"CVE_ENT":"16","CVE_MUN":"067","CVEGEO":"16067","NOMGEO":"Penjamillo"}},
{"type":"Feature","geometry":{"type":"Polygon","coordinates":[[[-100.774,19.7458],[-100.7997,19.7625],[-100.8114,19.7874],[-100.8259,19.8052],[-100.8367,19.8029],[-100.8466,19.8264],[-100.8435,19.8362],[-100.8857,19.8374],[-100.8973,19.8482],[-100.9314,19.8489],[-100.9578,19.855],[-100.9231,19.8268],[-100.896,19.7798],[-100.8787,19.7745],[-100.8908,19.7364],[-100.8865,19.7086],[-100.885,19.6647],[-100.8739,19.6573],[-100.8699,19.6414],[-100.8499,19.6229],[-100.8466,19.6029],[-100.8189,19.6112],[-100.7896,19.597],[-100.7676,19.6009],[-100.787,19.6453],[-100.8105,19.6647],[-100.8096,19.7025],[-100.8018,19.7182],[-100.7849,19.7271],[-100.774,19.7458]]]},"properties":{"CVE_ENT":"16","CVE_MUN":"072","CVEGEO":"16072","NOMGEO":"Queréndaro"}},
{"type":"Feature","geometry":{"type":"Polygon","coordinates":[[[-102.2979,20.3539],[-102.3152,20.3452],[-102.3269,20.3495],[-102.3472,20.3347],[-102.3688,20.3281],[-102.3737,20.3175],[-102.4101,20.3116],[-102.4345,20.2951],[-102.4406,20.2694],[-102.4358,20.237],[-102.4408,20.2211],[-102.3813,20.2239],[-102.3631,20.2013],[-102.3418,20.1881],[-102.3207,20.1891],[-102.3018,20.201],[-102.2823,20.195],[-102.239,20.2208],[-102.237,20.2322],[-102.2503,20.2691],[-102.2791,20.2816],[-102.306,20.2779],[-102.307,20.3044],[-102.3222,20.3236],[-102.2979,20.3539]]]},"properties":{"CVE_ENT":"16","CVE_MUN":"086","CVEGEO":"16086","NOMGEO":"Tanhuato"}},
{"type":"Feature","geometry":{"type":"Polygon","coordinates":[[[-101.8081,19.3696],[-101.8386,19.3648],[-101.8382,19.3864],[-101.8615,19.3801],[-101.8826,19.3821],[-101.8888,19.3759],[-101.927,19.366],[-101.936,19.3785],[-101.9535,19.3717],[-101.9708,19.3705],[-101.9916,19.3533],[-101.9968,19.3334],[-101.9775,19.3239],[-101.9618,19.2931],[-101.9425,19.2647],[-101.9225,19.2766],[-101.9065,19.278],[-101.8966,19.2673],[-101.8619,19.2752],[-101.8554,19.2826],[-101.8386,19.3034],[-101.8177,19.3085],[-101.8061,19.3178],[-101.7995,19.3399],[-101.7891,19.3482],[-101.8081,19.3696]]]},"properties":{"CVE_ENT":"16","CVE_MUN":"087","CVEGEO":"16087","NOMGEO":"Taretan"}},
{"type":"Feature","geometry":{"type":"Polygon","coordinates":[[[-100.4406,19.5141],[-100.4628,19.5043],[-100.471,19.5127],[-100.5199,19.504],[-100.5709,19.5161],[-100.5806,19.5041],[-100.5826,19.4929],[-100.6011,19.4902],[-100.6145,19.4746],[-100.6174,19.4539],[-100.6065,19.4417],[-100.5807,19.4187],[-100.5777,19.4091],[-100.5407,19.3715],[-100.5507,19.3528],[-100.5363,19.3312],[-100.5461,19.3216],[-100.5401,19.3014],[-100.5301,19.3007],[-100.5013,19.3244],[-100.4643,19.3276],[-100.4824,19.3355],[-100.479,19.3542],[-100.4821,19.3747],[-100.48,19.4111],[-100.4645,19.4247],[-100.4175,19.4475],[-100.4323,19.4722],[-100.4349,19.507],[-100.4406,19.5141]]]},"properties":{"CVE_ENT":"16","CVE_MUN":"047","CVEGEO":"16047","NOMGEO":"Jungapeo"}},
{"type":"Feature","geometry":{"type":"Polygon","coordinates":[[[-100.3778,19.3166],[-100.3833,19.3337],[-100.3967,19.3439],[-100.4467,19.346],[-100.4643,19.3276],[-100.5013,19.3244],[-100.5301,19.3007],[-100.5401,19.3014],[-100.5467,19.2753],[-100.5358,19.2634],[-100.5346,19.2497],[-100.5204,19.2369],[-100.5008,19.2436],[-100.4689,19.2431],[-100.4498,19.2512],[-100.4431,19.2664],[-100.4198,19.2692],[-100.3895,19.2648],[-100.3798,19.273],[-100.3856,19.2983],[-100.3778,19.3166]]]},"properties":{"CVE_ENT":"16","CVE_MUN":"046","CVEGEO":"16046","NOMGEO":"Juárez"}},
{"type":"Feature","geometry":{"type":"Polygon","coordinates":[[[-102.5446,19.4333],[-102.5556,19.4315],[-102.5651,19.4352],[-102.5688,19.4126],[-102.588,19.3887],[-102.6011,19.3645],[-102.6112,19.3228],[-102.6255,19.315],[-102.6382,19.2951],[-102.6382,19.2627],[-102.6456,19.2595],[-102.6518,19.2355],[-102.6766,19.218],[-102.6939,19.2263],[-102.6949,19.2478],[-102.7107,19.236],[-102.7538,19.2558],[-102.7732,19.2454],[-102.7751,19.2401],[-102.7894,19.2352],[-102.7888,19.2229],[-102.7827,19.2179],[-102.789,19.2081],[-102.7865,19.1973],[-102.7751,19.185],[-102.7799,19.1587],[-102.741,19.1435],[-102.7391,19.1246],[-102.728,19.1114],[-102.6926,19.0987],[-102.6843,19.0796],[-102.6716,19.0816],[-102.6645,19.0722],[-102.6631,19.0701],[-102.664,19.0626],[-102.6638,19.0607],[-102.6635,19.06],[-102.6631,19.0595],[-102.6541,19.0495],[-102.6478,19.0472],[-102.6347,19.0521],[-102.615,19.0458],[-102.595,19.0478],[-102.5689,19.0349],[-102.5694,19.0218],[-102.5462,19.0034],[-102.5227,18.9942],[-102.5104,19.0149],[-102.502,19.0135],[-102.5034,19.0438],[-102.5265,19.0592],[-102.5227,19.0871],[-102.5045,19.1418],[-102.477,19.1554],[-102.4677,19.136],[-102.4575,19.133],[-102.4347,19.1418],[-102.4191,19.1599],[-102.4132,19.1799],[-102.4113,19.2017],[-102.4385,19.2206],[-102.443,19.2374],[-102.4564,19.2458],[-102.453,19.2713],[-102.473,19.2935],[-102.4651,19.3233],[-102.4918,19.3352],[-102.4957,19.3665],[-102.4795,19.3962],[-102.4831,19.4092],[-102.4962,19.4057],[-102.5195,19.4093],[-102.5314,19.4283],[-102.5446,19.4333]]]},"properties":{"CVE_ENT":"16","CVE_MUN":"012","CVEGEO":"16012","NOMGEO":"Buenavista"}},
{"type":"Feature","geometry":{"type":"Polygon","coordinates":[[[-101.9713,19.6458],[-101.9728,19.675],[-101.9869,19.6781],[-102.009,19.7138],[-102.0432,19.701],[-102.0769,19.701],[-102.0905,19.6926],[-102.1123,19.698],[-102.1138,19.7173],[-102.1284,19.7416],[-102.1785,19.7177],[-102.1695,19.6892],[-102.1738,19.671],[-102.1489,19.6573],[-102.1614,19.6367],[-102.1629,19.6173],[-102.1411,19.6195],[-102.1293,19.6266],[-102.0966,19.5934],[-102.0417,19.5895],[-102.0215,19.5685],[-101.9923,19.5787],[-101.9745,19.5783],[-101.994,19.6039],[-101.9878,19.6307],[-101.9713,19.6458]]]},"properties":{"CVE_ENT":"16","CVE_MUN":"065","CVEGEO":"16065","NOMGEO":"Paracho"}},
{"type":"Feature","geometry":{"type":"Polygon","coordinates":[[[-101.5085,19.5652],[-101.5447,19.5711],[-101.6219,19.5643],[-101.6374,19.5671],[-101.6415,19.581],[-101.6322,19.5968],[-101.6478,19.6027],[-101.671,19.5526],[-101.6878,19.5263],[-101.7081,19.5224],[-101.7283,19.5265],[-101.7411,19.5448],[-101.7631,19.5481],[-101.7701,19.5675],[-101.795,19.5535],[-101.7773,19.5258],[-101.7775,19.5164],[-101.8121,19.4975],[-101.8051,19.4886],[-101.7816,19.491],[-101.7582,19.4844],[-101.7433,19.4716],[-101.7167,19.4581],[-101.6797,19.4558],[-101.6605,19.4419],[-101.6366,19.4501],[-101.61,19.4505],[-101.6036,19.4343],[-101.569,19.4326],[-101.5474,19.4245],[-101.5309,19.4117],[-101.5125,19.4092],[-101.4908,19.4006],[-101.457,19.4056],[-101.4413,19.4135],[-101.4262,19.4442],[-101.4263,19.4547],[-101.4189,19.4753],[-101.4488,19.4844],[-101.4558,19.4742],[-101.4892,19.4949],[-101.5169,19.5002],[-101.5101,19.5161],[-101.4848,19.5112],[-101.4834,19.5304],[-101.5085,19.5652]]]},"properties":{"CVE_ENT":"16","CVE_MUN":"066","CVEGEO":"16066","NOMGEO":"Pátzcuaro"}},
{"type":"Feature","geometry":{"type":"Polygon","coordinates":[[[-102.3909,19.5758],[-102.4395,19.5811],[-102.4526,19.5717],[-102.5029,19.5606],[-102.573,19.5174],[-102.5719,19.5112],[-102.5759,19.4981],[-102.5491,19.4924],[-102.5427,19.478],[-102.5647,19.4623],[-102.5682,19.4434],[-102.5587,19.447],[-102.5525,19.4335],[-102.5446,19.4333],[-102.5314,19.4283],[-102.5195,19.4093],[-102.4962,19.4057],[-102.4831,19.4092],[-102.451,19.4249],[-102.4162,19.4468],[-102.3937,19.4494],[-102.3359,19.4293],[-102.3434,19.4448],[-102.3379,19.4731],[-102.3558,19.4953],[-102.3359,19.5195],[-102.3404,19.5325],[-102.3643,19.5432],[-102.3909,19.5758]]]},"properties":{"CVE_ENT":"16","CVE_MUN":"068","CVEGEO":"16068","NOMGEO":"Peribán"}},
{"type":"Feature","geometry":{"type":"Polygon","coordinates":[[[-101.9464,20.3432],[-101.9627,20.3453],[-101.9678,20.3593],[-101.9964,20.3596],[-102.0138,20.3479],[-102.0251,20.3493],[-102.0179,20.3709],[-102.022,20.3812],[-102.065,20.3749],[-102.0963,20.3841],[-102.1089,20.378],[-102.1343,20.3759],[-102.1625,20.3796],[-102.1801,20.3553],[-102.1776,20.3474],[-102.1545,20.3265],[-102.1163,20.304],[-102.1426,20.2716],[-102.1695,20.2651],[-102.1641,20.2553],[-102.1751,20.2447],[-102.1539,20.245],[-102.1385,20.234],[-102.1032,20.2088],[-102.0853,20.2182],[-102.0773,20.2285],[-102.0315,20.2317],[-102.0106,20.2481],[-102.0046,20.2609],[-101.9897,20.2554],[-101.994,20.2816],[-101.9796,20.2951],[-101.9691,20.3356],[-101.9464,20.3432]]]},"properties":{"CVE_ENT":"16","CVE_MUN":"069","CVEGEO":"16069","NOMGEO":"La Piedad"}},
{"type":"Feature","geometry":{"type":"Polygon","coordinates":[[[-101.9373,19.9652],[-101.9719,19.9814],[-102.0031,19.9655],[-102.0502,19.9551],[-102.0472,19.9456],[-102.0584,19.928],[-102.067,19.928],[-102.0884,19.9478],[-102.1077,19.943],[-102.0953,19.8901],[-102.0707,19.8927],[-102.011,19.8869],[-102.0115,19.8629],[-101.9941,19.8445],[-101.9672,19.8395],[-101.944,19.845],[-101.9364,19.853],[-101.9087,19.8571],[-101.9101,19.8926],[-101.9158,19.9083],[-101.933,19.9139],[-101.9225,19.9333],[-101.9257,19.9522],[-101.9373,19.9652]]]},"properties":{"CVE_ENT":"16","CVE_MUN":"070","CVEGEO":"16070","NOMGEO":"Purépero"}},
{"type":"Feature","geometry":{"type":"Polygon","coordinates":[[[-102.2518,19.4933],[-102.2766,19.5075],[-102.3256,19.506],[-102.3288,19.5246],[-102.3404,19.5325],[-102.3359,19.5195],[-102.3558,19.4953],[-102.3379,19.4731],[-102.3434,19.4448],[-102.3359,19.4293],[-102.3937,19.4494],[-102.4162,19.4468],[-102.451,19.4249],[-102.4831,19.4092],[-102.4795,19.3962],[-102.4957,19.3665],[-102.4918,19.3352],[-102.4651,19.3233],[-102.473,19.2935],[-102.453,19.2713],[-102.4564,19.2458],[-102.443,19.2374],[-102.4385,19.2206],[-102.4113,19.2017],[-102.4132,19.1799],[-102.3931,19.173],[-102.3868,19.1856],[-102.3675,19.1829],[-102.3527,19.1958],[-102.3429,19.2131],[-102.3216,19.2162],[-102.3121,19.201],[-102.3014,19.208],[-102.2813,19.2011],[-102.253,19.228],[-102.231,19.2131],[-102.2115,19.2155],[-102.1941,19.2349],[-102.1939,19.2718],[-102.2052,19.294],[-102.2349,19.3225],[-102.2382,19.343],[-102.2624,19.3656],[-102.2607,19.4076],[-102.282,19.4395],[-102.2746,19.4565],[-102.2587,19.4677],[-102.2603,19.482],[-102.2518,19.4933]]]},"properties":{"CVE_ENT":"16","CVE_MUN":"083","CVEGEO":"16083","NOMGEO":"Tancítaro"}},
{"type":"Feature","geometry":{"type":"Polygon","coordinates":[[[-102.6635,19.06],[-102.6858,19.0604],[-102.7006,19.0413],[-102.6983,19.0123],[-102.7282,18.9885],[-102.7406,18.967],[-102.7737,18.9667],[-102.7983,18.9455],[-102.797,18.9221],[-102.8171,18.9171],[-102.8293,18.9451],[-102.8552,18.9413],[-102.8779,18.9214],[-102.8778,18.9211],[-102.8778,18.9209],[-102.8814,18.9194],[-102.8828,18.9181],[-102.8895,18.9155],[-102.8925,18.9121],[-102.891,18.9097],[-102.8929,18.9046],[-102.9045,18.9027],[-102.9121,18.8906],[-102.929,18.8875],[-102.9316,18.8852],[-102.9321,18.8838],[-102.9336,18.8818],[-102.9326,18.8544],[-102.9237,18.8424],[-102.9341,18.8017],[-102.9049,18.7807],[-102.8989,18.7689],[-102.9154,18.7556],[-102.9209,18.7408],[-102.9144,18.7253],[-102.8915,18.7083],[-102.8995,18.6993],[-102.8969,18.6795],[-102.9021,18.6675],[-102.8978,18.6485],[-102.9056,18.6202],[-102.9012,18.6103],[-102.9067,18.6022],[-102.9084,18.585],[-102.9036,18.5688],[-102.8791,18.5648],[-102.8449,18.5419],[-102.8308,18.5281],[-102.8052,18.515],[-102.8019,18.5028],[-102.7817,18.4967],[-102.7782,18.512],[-102.7598,18.5203],[-102.7188,18.5222],[-102.7056,18.5365],[-102.7119,18.5495],[-102.732,18.5579],[-102.7369,18.5763],[-102.7192,18.5759],[-102.7129,18.6117],[-102.7149,18.6501],[-102.7019,18.6522],[-102.6815,18.6695],[-102.6595,18.6668],[-102.6434,18.6805],[-102.639,18.701],[-102.6238,18.6917],[-102.606,18.6926],[-102.5683,18.7028],[-102.5641,18.7261],[-102.5922,18.7443],[-102.6038,18.7665],[-102.6063,18.793],[-102.6277,18.8127],[-102.6335,18.8383],[-102.6473,18.8576],[-102.6347,18.8812],[-102.6394,18.8957],[-102.6169,18.9208],[-102.6107,18.9463],[-102.6151,18.986],[-102.6029,19.0048],[-102.6059,19.0191],[-102.5989,19.0458],[-102.615,19.0458],[-102.6347,19.0521],[-102.6478,19.0472],[-102.6541,19.0495],[-102.6568,19.0534],[-102.6594,19.0556],[-102.6612,19.0581],[-102.6624,19.0593],[-102.6631,19.0595],[-102.6635,19.06]]]},"properties":{"CVE_ENT":"16","CVE_MUN":"002","CVEGEO":"16002","NOMGEO":"Aguililla"}},
{"type":"Feature","geometry":{"type":"Polygon","coordinates":[[[-102.0062,20.0539],[-102.0489,20.0481],[-102.0974,20.0453],[-102.0965,20.0746],[-102.1053,20.0862],[-102.1344,20.1016],[-102.1327,20.0882],[-102.1444,20.0771],[-102.128,20.0594],[-102.1533,20.0341],[-102.1344,20.0191],[-102.1251,20.0196],[-102.1314,19.9891],[-102.1389,19.9822],[-102.1306,19.962],[-102.1077,19.943],[-102.0884,19.9478],[-102.067,19.928],[-102.0584,19.928],[-102.0472,19.9456],[-102.0502,19.9551],[-102.0031,19.9655],[-101.9719,19.9814],[-101.9373,19.9652],[-101.9322,19.9675],[-101.9395,19.9856],[-101.9568,19.9916],[-101.9719,20.007],[-101.9765,20.0361],[-102.0062,20.0539]]]},"properties":{"CVE_ENT":"16","CVE_MUN":"094","CVEGEO":"16094","NOMGEO":"Tlazazalca"}},
{"type":"Feature","geometry":{"type":"Polygon","coordinates":[[[-102.4428,19.7108],[-102.4614,19.7204],[-102.5074,19.7235],[-102.5138,19.715],[-102.545,19.7221],[-102.5625,19.7324],[-102.5349,19.7585],[-102.542,19.7935],[-102.5595,19.8099],[-102.5587,19.8338],[-102.5877,19.8673],[-102.6058,19.8663],[-102.6143,19.8378],[-102.5968,19.8281],[-102.5994,19.8166],[-102.5893,19.7849],[-102.5789,19.7717],[-102.5808,19.74],[-102.5978,19.7414],[-102.6287,19.729],[-102.6391,19.7289],[-102.6575,19.7157],[-102.6503,19.7028],[-102.6606,19.6899],[-102.6623,19.6522],[-102.6716,19.63],[-102.6952,19.6038],[-102.716,19.6003],[-102.7253,19.5839],[-102.7135,19.5633],[-102.7106,19.5413],[-102.7224,19.518],[-102.7389,19.4987],[-102.7241,19.493],[-102.6895,19.5134],[-102.673,19.512],[-102.6708,19.4906],[-102.6575,19.4872],[-102.6205,19.4988],[-102.5823,19.5283],[-102.5766,19.5423],[-102.5862,19.5597],[-102.591,19.5885],[-102.56,19.6116],[-102.5358,19.6076],[-102.5087,19.6195],[-102.4502,19.6212],[-102.4586,19.6495],[-102.4484,19.7008],[-102.4428,19.7108]]]},"properties":{"CVE_ENT":"16","CVE_MUN":"095","CVEGEO":"16095","NOMGEO":"Tocumbo"}},
{"type":"Feature","geometry":{"type":"Polygon","coordinates":[[[-101.4499,19.6413],[-101.4766,19.6372],[-101.4911,19.6423],[-101.5114,19.6372],[-101.5407,19.649],[-101.6116,19.6625],[-101.6423,19.6484],[-101.6523,19.6039],[-101.6478,19.6027],[-101.6322,19.5968],[-101.6415,19.581],[-101.6374,19.5671],[-101.6219,19.5643],[-101.5447,19.5711],[-101.5085,19.5652],[-101.4703,19.5772],[-101.4558,19.5818],[-101.4303,19.6122],[-101.4325,19.628],[-101.4499,19.6413]]]},"properties":{"CVE_ENT":"16","CVE_MUN":"100","CVEGEO":"16100","NOMGEO":"Tzintzuntzan"}},
{"type":"Feature","geometry":{"type":"Polygon","coordinates":[[[-102.3688,20.3281],[-102.3907,20.3339],[-102.4003,20.3279],[-102.4324,20.341],[-102.4478,20.3383],[-102.4861,20.3201],[-102.4906,20.3086],[-102.5308,20.2951],[-102.5224,20.2757],[-102.5413,20.2199],[-102.5196,20.2098],[-102.5133,20.2138],[-102.4598,20.1879],[-102.4421,20.1861],[-102.4287,20.1975],[-102.4408,20.2211],[-102.4358,20.237],[-102.4406,20.2694],[-102.4345,20.2951],[-102.4101,20.3116],[-102.3737,20.3175],[-102.3688,20.3281]]]},"properties":{"CVE_ENT":"16","CVE_MUN":"105","CVEGEO":"16105","NOMGEO":"Vista Hermosa"}},
{"type":"Feature","geometry":{"type":"Polygon","coordinates":[[[-100.885,19.6647],[-100.9011,19.6609],[-100.9234,19.6701],[-100.919,19.6592],[-100.9171,19.6228],[-100.9541,19.5943],[-100.9702,19.5946],[-100.9707,19.5676],[-100.9866,19.5694],[-100.9942,19.5563],[-101.02,19.5574],[-101.0325,19.5409],[-101.0605,19.5601],[-101.0657,19.5732],[-101.0855,19.5842],[-101.107,19.5881],[-101.1281,19.5684],[-101.1292,19.551],[-101.1165,19.5389],[-101.1157,19.5315],[-101.0902,19.5162],[-101.071,19.5182],[-101.0703,19.5074],[-101.0458,19.4935],[-101.056,19.4759],[-101.0614,19.4521],[-101.0759,19.4403],[-101.0583,19.433],[-101.0442,19.4395],[-101.0276,19.4361],[-101.0362,19.4195],[-101.0253,19.3957],[-101.0266,19.3817],[-101.0019,19.3599],[-101.0035,19.3479],[-100.9951,19.3354],[-100.9784,19.3369],[-100.9429,19.3273],[-100.9534,19.2943],[-100.9223,19.2749],[-100.915,19.2563],[-100.8777,19.2545],[-100.8759,19.2463],[-100.9116,19.2288],[-100.9018,19.202],[-100.8719,19.1937],[-100.873,19.2198],[-100.8456,19.2192],[-100.8327,19.2295],[-100.831,19.2563],[-100.7969,19.2585],[-100.7774,19.2678],[-100.7532,19.2881],[-100.76,19.3066],[-100.7496,19.323],[-100.7635,19.3485],[-100.761,19.3736],[-100.7764,19.3956],[-100.7936,19.4298],[-100.7968,19.4455],[-100.8134,19.4589],[-100.8399,19.4704],[-100.8521,19.4918],[-100.8507,19.5271],[-100.8567,19.5421],[-100.8494,19.5502],[-100.8448,19.5851],[-100.8466,19.6029],[-100.8499,19.6229],[-100.8699,19.6414],[-100.8739,19.6573],[-100.885,19.6647]]]},"properties":{"CVE_ENT":"16","CVE_MUN":"101","CVEGEO":"16101","NOMGEO":"Tzitzio"}},
{"type":"Feature","geometry":{"type":"Polygon","coordinates":[[[-101.829,19.4169],[-101.8827,19.4342],[-101.8816,19.4523],[-101.8978,19.4808],[-101.91,19.4894],[-101.9087,19.5047],[-101.9231,19.5119],[-101.9401,19.5072],[-101.9542,19.5007],[-101.9808,19.5007],[-101.9846,19.4914],[-101.9515,19.4611],[-101.9774,19.4443],[-101.9535,19.3717],[-101.936,19.3785],[-101.927,19.366],[-101.8888,19.3759],[-101.8826,19.3821],[-101.8615,19.3801],[-101.8382,19.3864],[-101.8386,19.3648],[-101.8081,19.3696],[-101.8089,19.4026],[-101.829,19.4169]]]},"properties":{"CVE_ENT":"16","CVE_MUN":"111","CVEGEO":"16111","NOMGEO":"Ziracuaretiro"}},
{"type":"Feature","geometry":{"type":"Polygon","coordinates":[[[-100.5248,19.772],[-100.5348,19.7853],[-100.5558,19.7964],[-100.5745,19.7965],[-100.5964,19.8055],[-100.5846,19.8301],[-100.5988,19.8625],[-100.6101,19.8216],[-100.6379,19.8211],[-100.6593,19.81],[-100.6858,19.8035],[-100.7069,19.8045],[-100.718,19.7867],[-100.6997,19.77],[-100.7094,19.7526],[-100.7062,19.735],[-100.774,19.7458],[-100.7849,19.7271],[-100.8018,19.7182],[-100.8096,19.7025],[-100.8105,19.6647],[-100.787,19.6453],[-100.7676,19.6009],[-100.7896,19.597],[-100.8189,19.6112],[-100.8466,19.6029],[-100.8448,19.5851],[-100.8494,19.5502],[-100.8567,19.5421],[-100.8507,19.5271],[-100.8521,19.4918],[-100.8399,19.4704],[-100.8134,19.4589],[-100.7968,19.4455],[-100.7936,19.4298],[-100.7764,19.3956],[-100.7548,19.3898],[-100.7199,19.4038],[-100.7134,19.4167],[-100.6935,19.4307],[-100.661,19.4254],[-100.6503,19.4174],[-100.6073,19.4142],[-100.6065,19.4417],[-100.6174,19.4539],[-100.6145,19.4746],[-100.6011,19.4902],[-100.5826,19.4929],[-100.5806,19.5041],[-100.5903,19.5218],[-100.5824,19.5573],[-100.5615,19.5653],[-100.5683,19.5782],[-100.5828,19.5856],[-100.5771,19.6113],[-100.5646,19.6194],[-100.5294,19.6259],[-100.5049,19.6186],[-100.4864,19.6378],[-100.5048,19.6771],[-100.5056,19.7092],[-100.4966,19.7196],[-100.5157,19.741],[-100.5248,19.772]]]},"properties":{"CVE_ENT":"16","CVE_MUN":"034","CVEGEO":"16034","NOMGEO":"Hidalgo"}},
{"type":"Feature","geometry":{"type":"Polygon","coordinates":[[[-100.1379,20.0443],[-100.1471,20.0577],[-100.1762,20.072],[-100.2016,20.0759],[-100.2146,20.0669],[-100.2323,20.0409],[-100.2555,20.0381],[-100.2804,20.0445],[-100.2934,20.0373],[-100.3178,20.04],[-100.3358,20.0341],[-100.345,20.0119],[-100.3388,20.0012],[-100.3289,19.9962],[-100.3068,20.005],[-100.2819,20.0025],[-100.2741,19.9728],[-100.2893,19.944],[-100.3012,19.9316],[-100.3161,19.902],[-100.2928,19.884],[-100.2544,19.9072],[-100.24,19.8894],[-100.2388,19.876],[-100.2113,19.8697],[-100.1906,19.8681],[-100.1736,19.8496],[-100.1589,19.8504],[-100.1508,19.8395],[-100.1342,19.8455],[-100.1254,19.8567],[-100.1032,19.8538],[-100.0911,19.86],[-100.1192,19.9121],[-100.1301,19.9162],[-100.1314,19.982],[-100.116,20.0061],[-100.1577,20.0179],[-100.1525,20.0528],[-100.1379,20.0443]]]},"properties":{"CVE_ENT":"16","CVE_MUN":"017","CVEGEO":"16017","NOMGEO":"Contepec"}},
{"type":"Feature","geometry":{"type":"Polygon","coordinates":[[[-101.5969,19.8983],[-101.6302,19.9003],[-101.6591,19.8805],[-101.7023,19.893],[-101.7107,19.8398],[-101.6967,19.834],[-101.6947,19.8177],[-101.7084,19.8171],[-101.7211,19.8029],[-101.7279,19.7686],[-101.7196,19.7576],[-101.7324,19.7471],[-101.7341,19.7181],[-101.7438,19.6953],[-101.7317,19.6904],[-101.7117,19.7028],[-101.6908,19.7003],[-101.6828,19.6778],[-101.6655,19.675],[-101.6683,19.6942],[-101.6411,19.6887],[-101.6417,19.7115],[-101.6041,19.7084],[-101.5802,19.715],[-101.5638,19.7301],[-101.5746,19.742],[-101.5764,19.7566],[-101.5411,19.7743],[-101.5066,19.7783],[-101.498,19.8028],[-101.5049,19.8157],[-101.4952,19.8307],[-101.5097,19.8622],[-101.5828,19.8701],[-101.5996,19.882],[-101.5969,19.8983]]]},"properties":{"CVE_ENT":"16","CVE_MUN":"016","CVEGEO":"16016","NOMGEO":"Coeneo"}},
{"type":"Feature","geometry":{"type":"Polygon","coordinates":[[[-103.045,19.032],[-103.0667,19.0223],[-103.0621,19.0022],[-103.0881,18.9841],[-103.1082,18.9517],[-103.1345,18.9311],[-103.151,18.9261],[-103.1734,18.9363],[-103.2049,18.9685],[-103.2032,18.9785],[-103.2247,19.0193],[-103.2484,19.0145],[-103.2874,18.9924],[-103.3325,18.9733],[-103.3583,18.98],[-103.3842,18.9778],[-103.3957,18.9673],[-103.3787,18.9365],[-103.3523,18.9305],[-103.3327,18.9128],[-103.3453,18.8966],[-103.3417,18.8844],[-103.3197,18.8693],[-103.3082,18.8386],[-103.3281,18.8317],[-103.3135,18.8024],[-103.2979,18.7931],[-103.29,18.7717],[-103.2681,18.7606],[-103.2624,18.7348],[-103.2531,18.7344],[-103.2443,18.7154],[-103.2649,18.6959],[-103.2651,18.6769],[-103.2467,18.6537],[-103.2876,18.6531],[-103.3024,18.645],[-103.2958,18.6296],[-103.2942,18.607],[-103.3005,18.5802],[-103.3164,18.5522],[-103.3034,18.5518],[-103.3028,18.5347],[-103.262,18.527],[-103.2509,18.5343],[-103.2368,18.5299],[-103.2233,18.5369],[-103.2122,18.512],[-103.2334,18.4936],[-103.2308,18.484],[-103.2486,18.4532],[-103.2505,18.4298],[-103.2425,18.4143],[-103.2187,18.4259],[-103.1964,18.4241],[-103.1745,18.4077],[-103.1466,18.4156],[-103.1257,18.4169],[-103.1066,18.3992],[-103.1074,18.3804],[-103.0974,18.3746],[-103.0772,18.3814],[-103.0675,18.3622],[-103.0431,18.3318],[-102.9948,18.3302],[-102.9661,18.3393],[-102.9459,18.3333],[-102.9245,18.3453],[-102.8916,18.3157],[-102.8558,18.3339],[-102.8591,18.3425],[-102.8551,18.3743],[-102.8245,18.4058],[-102.8514,18.4255],[-102.8578,18.4422],[-102.8526,18.4588],[-102.8791,18.4603],[-102.9006,18.4798],[-102.8759,18.4928],[-102.8335,18.5255],[-102.8449,18.5419],[-102.8791,18.5648],[-102.9036,18.5688],[-102.9084,18.585],[-102.9067,18.6022],[-102.9012,18.6103],[-102.9056,18.6202],[-102.8978,18.6485],[-102.9021,18.6675],[-102.8969,18.6795],[-102.8995,18.6993],[-102.8915,18.7083],[-102.9144,18.7253],[-102.9209,18.7408],[-102.9154,18.7556],[-102.8989,18.7689],[-102.9049,18.7807],[-102.9341,18.8017],[-102.9237,18.8424],[-102.9326,18.8544],[-102.9336,18.8818],[-102.9316,18.8852],[-102.929,18.8875],[-102.9121,18.8906],[-102.9045,18.9027],[-102.8929,18.9046],[-102.891,18.9097],[-102.8925,18.9121],[-102.8895,18.9155],[-102.8828,18.9181],[-102.8814,18.9194],[-102.8778,18.9209],[-102.8778,18.9211],[-102.8784,18.9228],[-102.8789,18.9234],[-102.8789,18.924],[-102.8796,18.9253],[-102.8812,18.9262],[-102.8844,18.9313],[-102.8885,18.9357],[-102.8995,18.9413],[-102.9007,18.9509],[-102.9188,18.958],[-102.9156,18.975],[-102.9495,18.9807],[-102.9759,18.9589],[-102.9976,18.9815],[-103.0117,18.9864],[-103.0255,19.0085],[-103.0325,19.002],[-103.045,19.032]]]},"properties":{"CVE_ENT":"16","CVE_MUN":"015","CVEGEO":"16015","NOMGEO":"Coalcomán de Vázquez Pallares"}},
{"type":"Feature","geometry":{"type":"Polygon","coordinates":[[[-103.5812,18.8759],[-103.6016,18.8813],[-103.6203,18.893],[-103.6406,18.8672],[-103.6183,18.8454],[-103.6246,18.8261],[-103.62,18.8014],[-103.6375,18.7835],[-103.6807,18.7721],[-103.6854,18.7573],[-103.6976,18.7559],[-103.7189,18.7104],[-103.738,18.6941],[-103.6911,18.6389],[-103.6856,18.6245],[-103.6253,18.6282],[-103.6202,18.6561],[-103.5807,18.6783],[-103.5558,18.6785],[-103.5428,18.6855],[-103.5293,18.7222],[-103.5348,18.7355],[-103.5085,18.7588],[-103.508,18.7869],[-103.5299,18.8074],[-103.5226,18.822],[-103.5524,18.8253],[-103.5527,18.8369],[-103.575,18.8428],[-103.5625,18.8637],[-103.5725,18.8722],[-103.5812,18.8759]]]},"properties":{"CVE_ENT":"16","CVE_MUN":"014","CVEGEO":"16014","NOMGEO":"Coahuayana"}},
{"type":"Feature","geometry":{"type":"Polygon","coordinates":[[[-101.2568,19.8609],[-101.2915,19.8598],[-101.307,19.8577],[-101.3506,19.84],[-101.359,19.8211],[-101.3769,19.8284],[-101.4271,19.8223],[-101.4683,19.8193],[-101.4794,19.7995],[-101.498,19.8028],[-101.5066,19.7783],[-101.5089,19.7624],[-101.4967,19.7524],[-101.4923,19.7208],[-101.4958,19.7051],[-101.4866,19.692],[-101.4567,19.7032],[-101.4408,19.7242],[-101.4121,19.6957],[-101.4423,19.6823],[-101.4469,19.6665],[-101.4428,19.6497],[-101.4499,19.6413],[-101.4325,19.628],[-101.4303,19.6122],[-101.4171,19.6295],[-101.4023,19.6322],[-101.3672,19.6211],[-101.3858,19.5955],[-101.3736,19.5845],[-101.3903,19.5404],[-101.3831,19.5354],[-101.3879,19.5161],[-101.4098,19.5149],[-101.4056,19.4896],[-101.4189,19.4753],[-101.4263,19.4547],[-101.4106,19.4648],[-101.3956,19.4589],[-101.3804,19.476],[-101.3879,19.4972],[-101.3575,19.5185],[-101.3363,19.5429],[-101.3133,19.538],[-101.3061,19.5258],[-101.285,19.5225],[-101.2674,19.5277],[-101.2675,19.5123],[-101.2582,19.5055],[-101.2689,19.4842],[-101.2635,19.4657],[-101.2342,19.4802],[-101.2231,19.4805],[-101.1991,19.4575],[-101.1801,19.4538],[-101.1845,19.4798],[-101.1688,19.5215],[-101.1461,19.5368],[-101.1309,19.5287],[-101.1165,19.5389],[-101.1292,19.551],[-101.1281,19.5684],[-101.107,19.5881],[-101.0855,19.5842],[-101.0657,19.5732],[-101.0516,19.5755],[-101.0455,19.5912],[-101.0522,19.6078],[-101.0775,19.6353],[-101.0845,19.6764],[-101.1002,19.6777],[-101.0953,19.711],[-101.0842,19.7244],[-101.0898,19.7395],[-101.1089,19.7394],[-101.106,19.762],[-101.1134,19.7701],[-101.1576,19.7578],[-101.1569,19.7465],[-101.194,19.7481],[-101.218,19.7615],[-101.2299,19.7575],[-101.2543,19.8148],[-101.2709,19.8275],[-101.2791,19.8452],[-101.2568,19.8609]]]},"properties":{"CVE_ENT":"16","CVE_MUN":"053","CVEGEO":"16053","NOMGEO":"Morelia"}},
{"type":"Feature","geometry":{"type":"Polygon","coordinates":[[[-102.1311,18.1889],[-102.1198,18.2002],[-102.1138,18.2353],[-102.1369,18.2417],[-102.156,18.2354],[-102.1963,18.2471],[-102.2218,18.2424],[-102.2544,18.2504],[-102.2542,18.2301],[-102.2617,18.2128],[-102.2781,18.2202],[-102.2893,18.2329],[-102.3126,18.2317],[-102.3337,18.2212],[-102.3267,18.2027],[-102.3279,18.178],[-102.3783,18.1706],[-102.4009,18.161],[-102.4307,18.1643],[-102.434,18.1477],[-102.4232,18.1439],[-102.4205,18.1222],[-102.4482,18.1159],[-102.4494,18.106],[-102.4988,18.091],[-102.5129,18.0906],[-102.5223,18.1045],[-102.5265,18.1256],[-102.5778,18.1216],[-102.5758,18.1362],[-102.5842,18.1577],[-102.617,18.1505],[-102.6386,18.1361],[-102.6303,18.1191],[-102.6558,18.1077],[-102.6738,18.1194],[-102.7101,18.1273],[-102.6998,18.1402],[-102.6996,18.1528],[-102.7349,18.1506],[-102.7462,18.154],[-102.7555,18.1389],[-102.7846,18.1518],[-102.8011,18.1343],[-102.7868,18.1099],[-102.7934,18.0978],[-102.7901,18.0831],[-102.7599,18.0734],[-102.7252,18.0703],[-102.719,18.061],[-102.6945,18.0551],[-102.6699,18.0585],[-102.6536,18.0503],[-102.6115,18.0485],[-102.5586,18.0327],[-102.4589,18.0113],[-102.3813,17.9878],[-102.3092,17.9695],[-102.2675,17.9533],[-102.1916,17.9155],[-102.1639,17.9225],[-102.1368,17.94],[-102.1376,17.9697],[-102.1733,17.9896],[-102.1802,17.9989],[-102.1843,18.0276],[-102.1784,18.0379],[-102.1841,18.0616],[-102.1745,18.1144],[-102.1763,18.1274],[-102.1662,18.1373],[-102.1609,18.1654],[-102.1445,18.1849],[-102.1311,18.1889]]]},"properties":{"CVE_ENT":"16","CVE_MUN":"052","CVEGEO":"16052","NOMGEO":"Lázaro Cárdenas"}},
{"type":"Feature","geometry":{"type":"Polygon","coordinates":[[[-102.9441,20.1308],[-102.9564,20.1411],[-102.9645,20.1271],[-102.996,20.1256],[-103.0048,20.1382],[-103.0314,20.1366],[-103.0329,20.1108],[-103.0412,20.0899],[-103.031,20.0659],[-103.0216,20.0533],[-103.0248,20.0348],[-103.0456,20.0111],[-103.0503,19.9966],[-103.0362,19.9694],[-103.0155,19.9598],[-103.011,19.9711],[-102.9938,19.9839],[-102.9585,19.9954],[-102.9436,19.9841],[-102.9263,19.9842],[-102.9089,19.9707],[-102.882,19.9758],[-102.8893,19.986],[-102.8839,20.0033],[-102.8658,20.0043],[-102.8825,20.0313],[-102.8789,20.0475],[-102.8804,20.0679],[-102.9037,20.072],[-102.9156,20.0674],[-102.9344,20.0788],[-102.9542,20.0824],[-102.9455,20.1054],[-102.9441,20.1308]]]},"properties":{"CVE_ENT":"16","CVE_MUN":"051","CVEGEO":"16051","NOMGEO":"Marcos Castellanos"}},
{"type":"Feature","geometry":{"type":"Polygon","coordinates":[[[-100.2113,19.8697],[-100.2388,19.876],[-100.24,19.8894],[-100.2544,19.9072],[-100.2928,19.884],[-100.3161,19.902],[-100.3012,19.9316],[-100.2893,19.944],[-100.2741,19.9728],[-100.2819,20.0025],[-100.3068,20.005],[-100.3289,19.9962],[-100.3388,20.0012],[-100.3497,19.9887],[-100.3629,19.9899],[-100.405,19.9838],[-100.4485,19.9828],[-100.4616,19.9802],[-100.5104,19.9555],[-100.5118,19.9422],[-100.53,19.9393],[-100.5268,19.9658],[-100.5524,19.9576],[-100.5694,19.9655],[-100.5579,19.9917],[-100.5956,19.9917],[-100.6019,19.9859],[-100.6197,19.9572],[-100.6081,19.9548],[-100.6056,19.936],[-100.5948,19.9271],[-100.5918,19.9052],[-100.6033,19.8996],[-100.6063,19.8845],[-100.5988,19.8625],[-100.5846,19.8301],[-100.5964,19.8055],[-100.5745,19.7965],[-100.5558,19.7964],[-100.5348,19.7853],[-100.5248,19.772],[-100.5063,19.7893],[-100.4766,19.7805],[-100.4541,19.786],[-100.4396,19.7829],[-100.4107,19.8085],[-100.381,19.8093],[-100.3745,19.8171],[-100.3524,19.8148],[-100.3443,19.807],[-100.3126,19.8043],[-100.3105,19.826],[-100.2898,19.8375],[-100.2703,19.8287],[-100.2298,19.8311],[-100.2069,19.8522],[-100.2113,19.8697]]]},"properties":{"CVE_ENT":"16","CVE_MUN":"050","CVEGEO":"16050","NOMGEO":"Maravatío"}},
{"type":"Feature","geometry":{"type":"Polygon","coordinates":[[[-101.0035,19.3479],[-101.0019,19.3599],[-101.0266,19.3817],[-101.0253,19.3957],[-101.0362,19.4195],[-101.0276,19.4361],[-101.0442,19.4395],[-101.0583,19.433],[-101.0759,19.4403],[-101.0614,19.4521],[-101.056,19.4759],[-101.0458,19.4935],[-101.0703,19.5074],[-101.071,19.5182],[-101.0902,19.5162],[-101.1157,19.5315],[-101.1165,19.5389],[-101.1309,19.5287],[-101.1461,19.5368],[-101.1688,19.5215],[-101.1845,19.4798],[-101.1801,19.4538],[-101.1991,19.4575],[-101.2231,19.4805],[-101.2342,19.4802],[-101.2635,19.4657],[-101.2835,19.4435],[-101.2826,19.429],[-101.2988,19.4214],[-101.3156,19.4238],[-101.3194,19.4102],[-101.3365,19.4088],[-101.3553,19.4001],[-101.3466,19.3651],[-101.3515,19.3481],[-101.3464,19.3305],[-101.3392,19.2817],[-101.3253,19.2738],[-101.3475,19.2375],[-101.3347,19.2203],[-101.318,19.2188],[-101.294,19.2191],[-101.2351,19.2129],[-101.2106,19.2229],[-101.181,19.2064],[-101.1767,19.1907],[-101.1631,19.1831],[-101.1073,19.1898],[-101.0802,19.1695],[-101.0557,19.1886],[-101.0314,19.2164],[-101.0274,19.2464],[-101.0188,19.2683],[-101.0249,19.2729],[-101.0196,19.2983],[-101.0035,19.3479]]]},"properties":{"CVE_ENT":"16","CVE_MUN":"049","CVEGEO":"16049","NOMGEO":"Madero"}},
{"type":"Feature","geometry":{"type":"Polygon","coordinates":[[[-102.3631,20.2013],[-102.3813,20.2239],[-102.4408,20.2211],[-102.4287,20.1975],[-102.4421,20.1861],[-102.4525,20.1578],[-102.4741,20.1495],[-102.4501,20.1325],[-102.4366,20.1179],[-102.4382,20.1077],[-102.4223,20.0865],[-102.389,20.0824],[-102.3723,20.0739],[-102.3681,20.0776],[-102.3642,20.0943],[-102.366,20.1037],[-102.3592,20.1063],[-102.366,20.1192],[-102.3573,20.1408],[-102.3735,20.168],[-102.3631,20.2013]]]},"properties":{"CVE_ENT":"16","CVE_MUN":"042","CVEGEO":"16042","NOMGEO":"Ixtlán"}},
{"type":"Feature","geometry":{"type":"Polygon","coordinates":[[[-100.4396,19.7829],[-100.4541,19.786],[-100.4766,19.7805],[-100.5063,19.7893],[-100.5248,19.772],[-100.5157,19.741],[-100.4966,19.7196],[-100.5056,19.7092],[-100.5048,19.6771],[-100.4864,19.6378],[-100.4762,19.6349],[-100.4593,19.6438],[-100.4503,19.6575],[-100.4308,19.6564],[-100.4244,19.6818],[-100.4138,19.6956],[-100.3979,19.703],[-100.4198,19.7206],[-100.4428,19.755],[-100.4396,19.7829]]]},"properties":{"CVE_ENT":"16","CVE_MUN":"041","CVEGEO":"16041","NOMGEO":"Irimbo"}},
{"type":"Feature","geometry":{"type":"Polygon","coordinates":[[[-100.8906,18.8606],[-100.9004,18.8502],[-100.9171,18.8537],[-100.9314,18.8422],[-100.9561,18.8511],[-100.9798,18.8449],[-100.9859,18.8298],[-101.0097,18.8179],[-101.0211,18.821],[-101.0411,18.856],[-101.0592,18.8642],[-101.0674,18.8754],[-101.0868,18.868],[-101.1111,18.849],[-101.1363,18.839],[-101.1452,18.8238],[-101.2008,18.8126],[-101.2142,18.814],[-101.2359,18.7999],[-101.237,18.7763],[-101.2458,18.7548],[-101.2421,18.7461],[-101.2659,18.736],[-101.2752,18.72],[-101.2934,18.7169],[-101.3148,18.7038],[-101.3482,18.6996],[-101.3841,18.7091],[-101.4163,18.7028],[-101.4295,18.7073],[-101.4473,18.6862],[-101.4328,18.6693],[-101.4429,18.645],[-101.4442,18.6221],[-101.4593,18.6085],[-101.4582,18.5877],[-101.4473,18.5819],[-101.4509,18.5589],[-101.4614,18.5495],[-101.4751,18.5235],[-101.4853,18.5139],[-101.4812,18.4905],[-101.47,18.487],[-101.4587,18.4971],[-101.4464,18.4893],[-101.4322,18.5017],[-101.414,18.5005],[-101.3762,18.509],[-101.364,18.5186],[-101.3352,18.5282],[-101.2961,18.5343],[-101.2821,18.5447],[-101.2392,18.5343],[-101.2128,18.5365],[-101.187,18.5177],[-101.1687,18.5211],[-101.142,18.5106],[-101.0887,18.5059],[-101.0769,18.5141],[-101.0333,18.5268],[-101.0094,18.5248],[-101.006,18.4937],[-100.9752,18.4834],[-100.9608,18.465],[-100.9668,18.4528],[-100.9514,18.4465],[-100.9419,18.455],[-100.9207,18.4457],[-100.9106,18.4723],[-100.8953,18.4628],[-100.8798,18.4884],[-100.8366,18.4729],[-100.8245,18.4742],[-100.8453,18.489],[-100.8288,18.5343],[-100.8266,18.5628],[-100.8446,18.6186],[-100.8438,18.6518],[-100.854,18.6809],[-100.8392,18.6966],[-100.8522,18.7199],[-100.8411,18.7339],[-100.8439,18.7672],[-100.8537,18.7938],[-100.8479,18.8204],[-100.853,18.8403],[-100.8683,18.8555],[-100.8906,18.8606]]]},"properties":{"CVE_ENT":"16","CVE_MUN":"038","CVEGEO":"16038","NOMGEO":"Huetamo"}},
{"type":"Feature","geometry":{"type":"Polygon","coordinates":[[[-101.4271,19.8223],[-101.435,19.8443],[-101.4295,19.8584],[-101.4418,19.864],[-101.4279,19.8887],[-101.3936,19.8942],[-101.4167,19.9123],[-101.4185,19.9302],[-101.4296,19.9565],[-101.4654,19.9452],[-101.4842,19.9469],[-101.5074,19.9398],[-101.5377,19.9398],[-101.5478,19.948],[-101.5681,19.9395],[-101.5887,19.9375],[-101.6009,19.9101],[-101.5969,19.8983],[-101.5996,19.882],[-101.5828,19.8701],[-101.5097,19.8622],[-101.4952,19.8307],[-101.5049,19.8157],[-101.498,19.8028],[-101.4794,19.7995],[-101.4683,19.8193],[-101.4271,19.8223]]]},"properties":{"CVE_ENT":"16","CVE_MUN":"037","CVEGEO":"16037","NOMGEO":"Huaniqueo"}},
{"type":"Feature","geometry":{"type":"Polygon","coordinates":[[[-101.2917,20.0361],[-101.3165,20.0374],[-101.3283,20.032],[-101.3371,20.0126],[-101.3291,19.9912],[-101.3618,19.9675],[-101.3285,19.9519],[-101.3176,19.9523],[-101.3047,19.9715],[-101.2883,19.9655],[-101.2725,19.9769],[-101.2324,19.9618],[-101.2072,19.9614],[-101.208,20.0013],[-101.2031,20.0072],[-101.2207,20.0114],[-101.2383,20.0321],[-101.253,20.0355],[-101.281,20.0275],[-101.2917,20.0361]]]},"properties":{"CVE_ENT":"16","CVE_MUN":"036","CVEGEO":"16036","NOMGEO":"Huandacareo"}},
{"type":"Feature","geometry":{"type":"Polygon","coordinates":[[[-101.814,19.0438],[-101.835,19.0317],[-101.85,19.0293],[-101.8631,19.0629],[-101.8807,19.0744],[-101.9171,19.0732],[-101.9534,19.0559],[-101.9649,19.0569],[-101.9772,19.0399],[-101.9999,19.0494],[-102.0323,19.056],[-102.046,19.0323],[-102.057,19.0111],[-102.0506,18.9955],[-102.0623,18.948],[-102.0558,18.9242],[-102.0735,18.9048],[-102.0686,18.8765],[-102.0611,18.8743],[-102.063,18.8402],[-102.0688,18.8281],[-102.0907,18.8431],[-102.1104,18.837],[-102.1215,18.8256],[-102.1419,18.8554],[-102.1652,18.863],[-102.197,18.863],[-102.2072,18.8567],[-102.2277,18.8243],[-102.2174,18.8106],[-102.22,18.7955],[-102.2125,18.7842],[-102.2246,18.7669],[-102.2106,18.7429],[-102.2054,18.7184],[-102.1913,18.708],[-102.1816,18.6787],[-102.1515,18.6846],[-102.1313,18.6774],[-102.0975,18.6876],[-102.0855,18.6654],[-102.0635,18.6441],[-102.0319,18.6259],[-101.9989,18.6442],[-101.9868,18.6415],[-101.9555,18.6569],[-101.9417,18.6503],[-101.936,18.6373],[-101.88,18.6242],[-101.8557,18.6363],[-101.8504,18.6505],[-101.8354,18.6651],[-101.8196,18.6702],[-101.8132,18.6884],[-101.7911,18.7038],[-101.7769,18.7204],[-101.7719,18.7451],[-101.7498,18.7507],[-101.7348,18.7438],[-101.7081,18.7605],[-101.7038,18.8038],[-101.6903,18.8259],[-101.6712,18.8395],[-101.644,18.8509],[-101.6343,18.8625],[-101.6371,18.8776],[-101.6197,18.9056],[-101.6257,18.9093],[-101.6286,18.9479],[-101.6127,18.9538],[-101.6283,18.9737],[-101.6393,18.975],[-101.6672,18.9652],[-101.6751,18.9682],[-101.6988,18.9501],[-101.7012,18.9703],[-101.7182,18.9732],[-101.7178,18.9937],[-101.741,18.9999],[-101.7647,18.9978],[-101.7685,19.014],[-101.7843,19.0177],[-101.7998,19.0365],[-101.814,19.0438]]]},"properties":{"CVE_ENT":"16","CVE_MUN":"035","CVEGEO":"16035","NOMGEO":"La Huacana"}},
{"type":"Feature","geometry":{"type":"Polygon","coordinates":[[[-102.4382,20.1077],[-102.4753,20.1154],[-102.4897,20.0987],[-102.5061,20.0955],[-102.524,20.082],[-102.5185,20.0691],[-102.5035,20.0655],[-102.4794,20.0511],[-102.4898,20.039],[-102.493,20.0132],[-102.5012,20.0074],[-102.5002,19.9849],[-102.4838,19.9792],[-102.4579,19.9842],[-102.432,19.9789],[-102.4134,19.9811],[-102.3903,19.9915],[-102.3837,19.9994],[-102.3762,20.0057],[-102.3965,20.0117],[-102.4042,20.0443],[-102.3794,20.0483],[-102.3723,20.0739],[-102.389,20.0824],[-102.4223,20.0865],[-102.4382,20.1077]]]},"properties":{"CVE_ENT":"16","CVE_MUN":"023","CVEGEO":"16023","NOMGEO":"Chavinda"}},
{"type":"Feature","geometry":{"type":"Polygon","coordinates":[[[-101.9941,19.8445],[-102.0115,19.8629],[-102.011,19.8869],[-102.0707,19.8927],[-102.0953,19.8901],[-102.1127,19.875],[-102.1335,19.8786],[-102.1428,19.8888],[-102.1572,19.8779],[-102.1736,19.8853],[-102.1878,19.8739],[-102.175,19.8616],[-102.1797,19.8462],[-102.1964,19.8327],[-102.1958,19.8217],[-102.2123,19.8142],[-102.2102,19.7904],[-102.1963,19.7764],[-102.1785,19.7177],[-102.1284,19.7416],[-102.1084,19.766],[-102.0693,19.7612],[-102.068,19.7454],[-102.0414,19.74],[-102.0294,19.7457],[-102.0101,19.7437],[-102.0064,19.8306],[-102.0004,19.8335],[-101.9941,19.8445]]]},"properties":{"CVE_ENT":"16","CVE_MUN":"025","CVEGEO":"16025","NOMGEO":"Chilchota"}},
{"type":"Feature","geometry":{"type":"Polygon","coordinates":[[[-100.9578,19.855],[-100.9758,19.8715],[-101.01,19.8183],[-100.9994,19.8089],[-101.0021,19.7875],[-101.0034,19.7636],[-100.9962,19.7451],[-100.9759,19.7274],[-100.9416,19.7093],[-100.9393,19.6912],[-100.9234,19.6701],[-100.9011,19.6609],[-100.885,19.6647],[-100.8865,19.7086],[-100.8908,19.7364],[-100.8787,19.7745],[-100.896,19.7798],[-100.9231,19.8268],[-100.9578,19.855]]]},"properties":{"CVE_ENT":"16","CVE_MUN":"040","CVEGEO":"16040","NOMGEO":"Indaparapeo"}},
{"type":"Feature","geometry":{"type":"Polygon","coordinates":[[[-101.4098,19.5149],[-101.429,19.5543],[-101.4478,19.5556],[-101.4703,19.5772],[-101.5085,19.5652],[-101.4834,19.5304],[-101.4848,19.5112],[-101.5101,19.5161],[-101.5169,19.5002],[-101.4892,19.4949],[-101.4558,19.4742],[-101.4488,19.4844],[-101.4189,19.4753],[-101.4056,19.4896],[-101.4098,19.5149]]]},"properties":{"CVE_ENT":"16","CVE_MUN":"039","CVEGEO":"16039","NOMGEO":"Huiramba"}},
{"type":"Feature","geometry":{"type":"Polygon","coordinates":[[[-103.3957,18.9673],[-103.4112,18.9676],[-103.4195,18.9813],[-103.4413,18.9835],[-103.4605,18.977],[-103.4778,18.9841],[-103.4886,18.9649],[-103.5225,18.9279],[-103.5284,18.9123],[-103.5574,18.9068],[-103.5689,18.8925],[-103.569,18.8837],[-103.5725,18.8722],[-103.5625,18.8637],[-103.575,18.8428],[-103.5527,18.8369],[-103.5524,18.8253],[-103.5226,18.822],[-103.5299,18.8074],[-103.508,18.7869],[-103.5085,18.7588],[-103.5348,18.7355],[-103.5293,18.7222],[-103.5428,18.6855],[-103.5095,18.6438],[-103.4798,18.6199],[-103.4422,18.6217],[-103.4293,18.5999],[-103.3951,18.6214],[-103.3821,18.603],[-103.3537,18.5767],[-103.3758,18.5525],[-103.3775,18.5207],[-103.3456,18.502],[-103.3034,18.5121],[-103.3028,18.5347],[-103.3034,18.5518],[-103.3164,18.5522],[-103.3005,18.5802],[-103.2942,18.607],[-103.2958,18.6296],[-103.3024,18.645],[-103.2876,18.6531],[-103.2467,18.6537],[-103.2651,18.6769],[-103.2649,18.6959],[-103.2443,18.7154],[-103.2531,18.7344],[-103.2624,18.7348],[-103.2681,18.7606],[-103.29,18.7717],[-103.2979,18.7931],[-103.3135,18.8024],[-103.3281,18.8317],[-103.3082,18.8386],[-103.3197,18.8693],[-103.3417,18.8844],[-103.3453,18.8966],[-103.3327,18.9128],[-103.3523,18.9305],[-103.3787,18.9365],[-103.3957,18.9673]]]},"properties":{"CVE_ENT":"16","CVE_MUN":"026","CVEGEO":"16026","NOMGEO":"Chinicuila"}},
{"type":"Feature","geometry":{"type":"Polygon","coordinates":[[[-101.2883,19.9655],[-101.3047,19.9715],[-101.3176,19.9523],[-101.3285,19.9519],[-101.3618,19.9675],[-101.3761,19.9605],[-101.3973,19.9634],[-101.4083,19.9557],[-101.4296,19.9565],[-101.4185,19.9302],[-101.4167,19.9123],[-101.3936,19.8942],[-101.4279,19.8887],[-101.4418,19.864],[-101.4295,19.8584],[-101.435,19.8443],[-101.4271,19.8223],[-101.3769,19.8284],[-101.359,19.8211],[-101.3506,19.84],[-101.307,19.8577],[-101.2915,19.8598],[-101.2982,19.8836],[-101.292,19.9101],[-101.2883,19.9655]]]},"properties":{"CVE_ENT":"16","CVE_MUN":"027","CVEGEO":"16027","NOMGEO":"Chucándiro"}},
{"type":"Feature","geometry":{"type":"Polygon","coordinates":[[[-102.0853,20.2182],[-102.1032,20.2088],[-102.1385,20.234],[-102.1497,20.1784],[-102.1652,20.169],[-102.1518,20.1306],[-102.1512,20.1064],[-102.1344,20.1016],[-102.1053,20.0862],[-102.0965,20.0746],[-102.0974,20.0453],[-102.0489,20.0481],[-102.0062,20.0539],[-101.9972,20.071],[-101.9801,20.0789],[-101.9667,20.0931],[-101.9744,20.1089],[-102.011,20.1244],[-102.0321,20.1388],[-102.0577,20.1677],[-102.0513,20.1899],[-102.0853,20.2182]]]},"properties":{"CVE_ENT":"16","CVE_MUN":"028","CVEGEO":"16028","NOMGEO":"Churintzio"}},
{"type":"Feature","geometry":{"type":"Polygon","coordinates":[[[-101.4295,18.7073],[-101.4567,18.7261],[-101.4893,18.756],[-101.509,18.768],[-101.514,18.7973],[-101.5218,18.8163],[-101.5125,18.832],[-101.522,18.8379],[-101.5468,18.8385],[-101.5406,18.8598],[-101.5518,18.8796],[-101.5693,18.8886],[-101.5964,18.9154],[-101.5862,18.9443],[-101.6127,18.9538],[-101.6286,18.9479],[-101.6257,18.9093],[-101.6197,18.9056],[-101.6371,18.8776],[-101.6343,18.8625],[-101.644,18.8509],[-101.6712,18.8395],[-101.6903,18.8259],[-101.7038,18.8038],[-101.7081,18.7605],[-101.7348,18.7438],[-101.7498,18.7507],[-101.7719,18.7451],[-101.7769,18.7204],[-101.7911,18.7038],[-101.8132,18.6884],[-101.8196,18.6702],[-101.8354,18.6651],[-101.8504,18.6505],[-101.8557,18.6363],[-101.88,18.6242],[-101.8764,18.6184],[-101.868,18.5688],[-101.8559,18.5595],[-101.8438,18.5744],[-101.7718,18.6037],[-101.7248,18.6125],[-101.7135,18.6102],[-101.7057,18.5908],[-101.6901,18.5894],[-101.6711,18.597],[-101.639,18.6025],[-101.6245,18.5992],[-101.6075,18.5779],[-101.5962,18.5461],[-101.5836,18.521],[-101.5642,18.5099],[-101.547,18.5074],[-101.5353,18.497],[-101.5181,18.496],[-101.5013,18.487],[-101.4812,18.4905],[-101.4853,18.5139],[-101.4751,18.5235],[-101.4614,18.5495],[-101.4509,18.5589],[-101.4473,18.5819],[-101.4582,18.5877],[-101.4593,18.6085],[-101.4442,18.6221],[-101.4429,18.645],[-101.4328,18.6693],[-101.4473,18.6862],[-101.4295,18.7073]]]},"properties":{"CVE_ENT":"16","CVE_MUN":"029","CVEGEO":"16029","NOMGEO":"Churumuco"}},
{"type":"Feature","geometry":{"type":"Polygon","coordinates":[[[-102.1385,20.234],[-102.1539,20.245],[-102.1751,20.2447],[-102.1887,20.2372],[-102.237,20.2322],[-102.239,20.2208],[-102.2823,20.195],[-102.3018,20.201],[-102.3207,20.1891],[-102.3418,20.1881],[-102.3631,20.2013],[-102.3735,20.168],[-102.3573,20.1408],[-102.366,20.1192],[-102.3592,20.1063],[-102.342,20.1015],[-102.3176,20.1095],[-102.3015,20.1045],[-102.2898,20.0899],[-102.2671,20.0874],[-102.2635,20.0972],[-102.2275,20.0987],[-102.2039,20.0841],[-102.1444,20.0771],[-102.1327,20.0882],[-102.1344,20.1016],[-102.1512,20.1064],[-102.1518,20.1306],[-102.1652,20.169],[-102.1497,20.1784],[-102.1385,20.234]]]},"properties":{"CVE_ENT":"16","CVE_MUN":"030","CVEGEO":"16030","NOMGEO":"Ecuandureo"}},
{"type":"Feature","geometry":{"type":"Polygon","coordinates":[[[-101.3283,20.032],[-101.3482,20.0321],[-101.3749,20.0404],[-101.3881,20.0304],[-101.4025,20.0448],[-101.4302,20.0291],[-101.4428,20.035],[-101.4643,20.0344],[-101.4797,20.0149],[-101.513,20.0126],[-101.5346,19.9982],[-101.5639,19.9859],[-101.5665,19.9686],[-101.5478,19.948],[-101.5377,19.9398],[-101.5074,19.9398],[-101.4842,19.9469],[-101.4654,19.9452],[-101.4296,19.9565],[-101.4083,19.9557],[-101.3973,19.9634],[-101.3761,19.9605],[-101.3618,19.9675],[-101.3291,19.9912],[-101.3371,20.0126],[-101.3283,20.032]]]},"properties":{"CVE_ENT":"16","CVE_MUN":"054","CVEGEO":"16054","NOMGEO":"Morelos"}},
{"type":"Feature","geometry":{"type":"Polygon","coordinates":[[[-101.9499,19.2602],[-101.9758,19.252],[-101.9983,19.2529],[-102.0363,19.2725],[-102.0696,19.2779],[-102.0818,19.2726],[-102.0728,19.2479],[-102.0624,19.2393],[-102.084,19.2235],[-102.0904,19.185],[-102.0814,19.1449],[-102.0884,19.1202],[-102.0859,19.1093],[-102.0784,19.1073],[-102.066,19.0839],[-102.0643,19.0529],[-102.046,19.0323],[-102.0323,19.056],[-101.9999,19.0494],[-101.9772,19.0399],[-101.9649,19.0569],[-101.9534,19.0559],[-101.9171,19.0732],[-101.9299,19.0899],[-101.9311,19.1053],[-101.9503,19.1217],[-101.9539,19.1453],[-101.9347,19.1529],[-101.9109,19.2025],[-101.9117,19.2189],[-101.9348,19.2345],[-101.9499,19.2602]]]},"properties":{"CVE_ENT":"16","CVE_MUN":"033","CVEGEO":"16033","NOMGEO":"Gabriel Zamora"}},
{"type":"Feature","geometry":{"type":"Polygon","coordinates":[[[-102.6745,20.0831],[-102.6933,20.0927],[-102.748,20.0828],[-102.7811,20.0882],[-102.7943,20.082],[-102.8118,20.0853],[-102.8503,20.0812],[-102.864,20.05],[-102.8625,20.0339],[-102.8306,20.0328],[-102.8208,20.0183],[-102.8062,20.0367],[-102.7895,20.0331],[-102.7454,20.0031],[-102.7173,20.0053],[-102.7167,20.0388],[-102.6958,20.0504],[-102.6677,20.0491],[-102.6745,20.0831]]]},"properties":{"CVE_ENT":"16","CVE_MUN":"076","CVEGEO":"16076","NOMGEO":"Sahuayo"}},
{"type":"Feature","geometry":{"type":"Polygon","coordinates":[[[-102.2806,19.7973],[-102.2933,19.7693],[-102.3378,19.7525],[-102.3535,19.7655],[-102.3645,19.7851],[-102.3848,19.7962],[-102.3894,19.8128],[-102.409,19.8045],[-102.3979,19.7844],[-102.4057,19.7551],[-102.4227,19.7221],[-102.4428,19.7108],[-102.4484,19.7008],[-102.4586,19.6495],[-102.4502,19.6212],[-102.5087,19.6195],[-102.5358,19.6076],[-102.56,19.6116],[-102.591,19.5885],[-102.5862,19.5597],[-102.5766,19.5423],[-102.5823,19.5283],[-102.5719,19.5112],[-102.573,19.5174],[-102.5029,19.5606],[-102.4526,19.5717],[-102.4395,19.5811],[-102.3909,19.5758],[-102.3762,19.5693],[-102.3521,19.5776],[-102.3356,19.5703],[-102.3237,19.5835],[-102.2912,19.5585],[-102.2635,19.5622],[-102.2599,19.5836],[-102.2781,19.5941],[-102.2958,19.5908],[-102.3063,19.6128],[-102.2875,19.6352],[-102.2862,19.6572],[-102.2759,19.6757],[-102.2804,19.6965],[-102.27,19.7342],[-102.2695,19.7499],[-102.2806,19.7973]]]},"properties":{"CVE_ENT":"16","CVE_MUN":"075","CVEGEO":"16075","NOMGEO":"Los Reyes"}},
{"type":"Feature","geometry":{"type":"Polygon","coordinates":[[[-100.2703,19.8287],[-100.2898,19.8375],[-100.3105,19.826],[-100.3126,19.8043],[-100.3443,19.807],[-100.3524,19.8148],[-100.3745,19.8171],[-100.381,19.8093],[-100.4107,19.8085],[-100.4396,19.7829],[-100.4428,19.755],[-100.4198,19.7206],[-100.3979,19.703],[-100.3728,19.6972],[-100.3635,19.6769],[-100.3358,19.6637],[-100.3374,19.6553],[-100.3183,19.6695],[-100.2651,19.662],[-100.2675,19.6772],[-100.2585,19.7002],[-100.2596,19.7368],[-100.2553,19.7468],[-100.2658,19.7603],[-100.2907,19.7789],[-100.2664,19.8082],[-100.2703,19.8287]]]},"properties":{"CVE_ENT":"16","CVE_MUN":"080","CVEGEO":"16080","NOMGEO":"Senguio"}},
{"type":"Feature","geometry":{"type":"Polygon","coordinates":[[[-100.318,19.3181],[-100.3455,19.3147],[-100.3684,19.3217],[-100.3778,19.3166],[-100.3856,19.2983],[-100.3798,19.273],[-100.3895,19.2648],[-100.4198,19.2692],[-100.4431,19.2664],[-100.4498,19.2512],[-100.4689,19.2431],[-100.4735,19.2119],[-100.4615,19.2066],[-100.4607,19.1871],[-100.4465,19.1726],[-100.4449,19.1497],[-100.4517,19.141],[-100.4803,19.1355],[-100.4684,19.118],[-100.477,19.103],[-100.4714,19.0858],[-100.4776,19.0742],[-100.474,19.0437],[-100.479,19.032],[-100.459,19.033],[-100.4471,19.052],[-100.4141,19.0648],[-100.4088,19.0752],[-100.4092,19.0854],[-100.3956,19.1171],[-100.3895,19.1429],[-100.3616,19.1547],[-100.3782,19.1711],[-100.3725,19.1937],[-100.3377,19.227],[-100.3313,19.2305],[-100.3197,19.2618],[-100.3207,19.3068],[-100.318,19.3181]]]},"properties":{"CVE_ENT":"16","CVE_MUN":"081","CVEGEO":"16081","NOMGEO":"Susupuato"}},
{"type":"Feature","geometry":{"type":"Polygon","coordinates":[[[-101.3553,19.4001],[-101.3649,19.3998],[-101.3821,19.4155],[-101.4262,19.4078],[-101.4413,19.4135],[-101.457,19.4056],[-101.4908,19.4006],[-101.5125,19.4092],[-101.5149,19.3917],[-101.5292,19.3877],[-101.5477,19.3538],[-101.5688,19.3414],[-101.5659,19.3259],[-101.5785,19.2982],[-101.5802,19.2876],[-101.5724,19.2631],[-101.5767,19.2474],[-101.5981,19.2321],[-101.602,19.2185],[-101.6215,19.2032],[-101.6206,19.1765],[-101.6017,19.1746],[-101.5947,19.1847],[-101.5744,19.1818],[-101.5728,19.1652],[-101.5408,19.1518],[-101.5198,19.1362],[-101.5199,19.1132],[-101.5144,19.0975],[-101.4895,19.0944],[-101.4813,19.1106],[-101.4516,19.1125],[-101.447,19.1258],[-101.4228,19.1309],[-101.4134,19.1208],[-101.3964,19.1197],[-101.3855,19.1394],[-101.3621,19.1349],[-101.3603,19.1248],[-101.3443,19.1173],[-101.3318,19.1243],[-101.3182,19.1292],[-101.3062,19.1584],[-101.2988,19.1655],[-101.311,19.1817],[-101.318,19.2188],[-101.3347,19.2203],[-101.3475,19.2375],[-101.3253,19.2738],[-101.3392,19.2817],[-101.3464,19.3305],[-101.3515,19.3481],[-101.3466,19.3651],[-101.3553,19.4001]]]},"properties":{"CVE_ENT":"16","CVE_MUN":"082","CVEGEO":"16082","NOMGEO":"Tacámbaro"}},
{"type":"Feature","geometry":{"type":"Polygon","coordinates":[[[-100.5401,19.3014],[-100.5461,19.3216],[-100.5363,19.3312],[-100.5507,19.3528],[-100.5407,19.3715],[-100.5777,19.4091],[-100.5807,19.4187],[-100.6065,19.4417],[-100.6073,19.4142],[-100.6503,19.4174],[-100.661,19.4254],[-100.6935,19.4307],[-100.7134,19.4167],[-100.7199,19.4038],[-100.7548,19.3898],[-100.7764,19.3956],[-100.761,19.3736],[-100.7635,19.3485],[-100.7496,19.323],[-100.76,19.3066],[-100.7532,19.2881],[-100.7534,19.2673],[-100.7388,19.245],[-100.738,19.2168],[-100.7301,19.1973],[-100.7452,19.1744],[-100.7415,19.1549],[-100.7265,19.1524],[-100.7192,19.1382],[-100.7233,19.121],[-100.7122,19.0961],[-100.7154,19.0882],[-100.7075,19.066],[-100.7092,19.0323],[-100.699,19.0123],[-100.6777,19.015],[-100.6609,19.0101],[-100.6519,19.0241],[-100.6446,19.0891],[-100.6329,19.1079],[-100.5926,19.0966],[-100.5935,19.0748],[-100.5731,19.0693],[-100.5559,19.0581],[-100.5477,19.0389],[-100.5287,19.0194],[-100.5276,19.0103],[-100.516,19.0091],[-100.4787,19.0268],[-100.479,19.032],[-100.474,19.0437],[-100.4776,19.0742],[-100.4714,19.0858],[-100.477,19.103],[-100.4684,19.118],[-100.4803,19.1355],[-100.4517,19.141],[-100.4449,19.1497],[-100.4465,19.1726],[-100.4607,19.1871],[-100.4615,19.2066],[-100.4735,19.2119],[-100.4689,19.2431],[-100.5008,19.2436],[-100.5204,19.2369],[-100.5346,19.2497],[-100.5358,19.2634],[-100.5467,19.2753],[-100.5401,19.3014]]]},"properties":{"CVE_ENT":"16","CVE_MUN":"099","CVEGEO":"16099","NOMGEO":"Tuzantla"}},
{"type":"Feature","geometry":{"type":"Polygon","coordinates":[[[-101.0031,19.9532],[-101.0187,19.9718],[-101.0284,19.9525],[-101.0309,19.9162],[-101.0562,19.9025],[-101.0937,19.9009],[-101.0931,19.8828],[-101.0715,19.8672],[-101.071,19.7973],[-101.0393,19.7833],[-101.0103,19.7934],[-101.0021,19.7875],[-100.9994,19.8089],[-101.01,19.8183],[-100.9758,19.8715],[-100.9703,19.8814],[-100.9515,19.8873],[-100.9587,19.9308],[-100.9718,19.93],[-100.9838,19.9567],[-101.0031,19.9532]]]},"properties":{"CVE_ENT":"16","CVE_MUN":"003","CVEGEO":"16003","NOMGEO":"Álvaro Obregón"}},
{"type":"Feature","geometry":{"type":"Polygon","coordinates":[[[-101.7701,19.5675],[-101.7736,19.5945],[-101.8103,19.5949],[-101.8242,19.5719],[-101.861,19.5595],[-101.8843,19.5594],[-101.9009,19.5657],[-101.9137,19.5488],[-101.9375,19.5627],[-101.9425,19.5551],[-101.9368,19.536],[-101.9401,19.5072],[-101.9231,19.5119],[-101.9087,19.5047],[-101.91,19.4894],[-101.8978,19.4808],[-101.8816,19.4523],[-101.8827,19.4342],[-101.829,19.4169],[-101.8324,19.439],[-101.8009,19.4655],[-101.8051,19.4886],[-101.8121,19.4975],[-101.7775,19.5164],[-101.7773,19.5258],[-101.795,19.5535],[-101.7701,19.5675]]]},"properties":{"CVE_ENT":"16","CVE_MUN":"090","CVEGEO":"16090","NOMGEO":"Tingambato"}},
{"type":"Feature","geometry":{"type":"Polygon","coordinates":[[[-102.409,19.8045],[-102.45,19.7904],[-102.483,19.7931],[-102.4972,19.802],[-102.5312,19.8086],[-102.5355,19.8217],[-102.53,19.8456],[-102.5159,19.8473],[-102.5206,19.8692],[-102.5378,19.8653],[-102.5438,19.881],[-102.5715,19.8928],[-102.573,19.9008],[-102.5969,19.8991],[-102.6113,19.8818],[-102.6058,19.8663],[-102.5877,19.8673],[-102.5587,19.8338],[-102.5595,19.8099],[-102.542,19.7935],[-102.5349,19.7585],[-102.5625,19.7324],[-102.545,19.7221],[-102.5138,19.715],[-102.5074,19.7235],[-102.4614,19.7204],[-102.4428,19.7108],[-102.4227,19.7221],[-102.4057,19.7551],[-102.3979,19.7844],[-102.409,19.8045]]]},"properties":{"CVE_ENT":"16","CVE_MUN":"091","CVEGEO":"16091","NOMGEO":"Tingüindín"}},
{"type":"Feature","geometry":{"type":"Polygon","coordinates":[[[-101.4098,19.5149],[-101.3879,19.5161],[-101.3831,19.5354],[-101.3903,19.5404],[-101.3736,19.5845],[-101.3858,19.5955],[-101.3672,19.6211],[-101.4023,19.6322],[-101.4171,19.6295],[-101.4303,19.6122],[-101.4558,19.5818],[-101.4703,19.5772],[-101.4478,19.5556],[-101.429,19.5543],[-101.4098,19.5149]]]},"properties":{"CVE_ENT":"16","CVE_MUN":"048","CVEGEO":"16048","NOMGEO":"Lagunillas"}},
{"type":"Feature","geometry":{"type":"Polygon","coordinates":[[[-101.2635,19.4657],[-101.2689,19.4842],[-101.2582,19.5055],[-101.2675,19.5123],[-101.2674,19.5277],[-101.285,19.5225],[-101.3061,19.5258],[-101.3133,19.538],[-101.3363,19.5429],[-101.3575,19.5185],[-101.3879,19.4972],[-101.3804,19.476],[-101.3956,19.4589],[-101.4106,19.4648],[-101.4263,19.4547],[-101.4262,19.4442],[-101.4413,19.4135],[-101.4262,19.4078],[-101.3821,19.4155],[-101.3649,19.3998],[-101.3553,19.4001],[-101.3365,19.4088],[-101.3194,19.4102],[-101.3156,19.4238],[-101.2988,19.4214],[-101.2826,19.429],[-101.2835,19.4435],[-101.2635,19.4657]]]},"properties":{"CVE_ENT":"16","CVE_MUN":"001","CVEGEO":"16001","NOMGEO":"Acuitzio"}},
{"type":"Feature","geometry":{"type":"Polygon","coordinates":[[[-101.8799,19.7498],[-101.908,19.7769],[-101.9324,19.7909],[-101.9546,19.7874],[-101.962,19.8027],[-101.9763,19.8029],[-102.0004,19.8335],[-102.0064,19.8306],[-102.0101,19.7437],[-102.0294,19.7457],[-102.0414,19.74],[-102.068,19.7454],[-102.0693,19.7612],[-102.1084,19.766],[-102.1284,19.7416],[-102.1138,19.7173],[-102.1123,19.698],[-102.0905,19.6926],[-102.0769,19.701],[-102.0432,19.701],[-102.009,19.7138],[-101.9869,19.6781],[-101.9728,19.675],[-101.9713,19.6458],[-101.9487,19.6501],[-101.9262,19.6657],[-101.934,19.6733],[-101.9048,19.7095],[-101.8954,19.7334],[-101.8799,19.7498]]]},"properties":{"CVE_ENT":"16","CVE_MUN":"024","CVEGEO":"16024","NOMGEO":"Cherán"}},
{"type":"Feature","geometry":{"type":"Polygon","coordinates":[[[-101.5785,19.2982],[-101.6038,19.2907],[-101.6211,19.2921],[-101.6439,19.3078],[-101.6714,19.3078],[-101.6833,19.2877],[-101.7049,19.3],[-101.7335,19.3004],[-101.7519,19.286],[-101.7925,19.2957],[-101.8007,19.307],[-101.8177,19.3085],[-101.8386,19.3034],[-101.8554,19.2826],[-101.8385,19.2862],[-101.8037,19.2776],[-101.8047,19.27],[-101.8277,19.2643],[-101.8285,19.2485],[-101.8478,19.2445],[-101.8001,19.2131],[-101.7946,19.1917],[-101.8104,19.1696],[-101.7985,19.1578],[-101.8046,19.1437],[-101.7961,19.1324],[-101.799,19.1084],[-101.7831,19.0958],[-101.7749,19.0689],[-101.7965,19.0595],[-101.814,19.0438],[-101.7998,19.0365],[-101.7843,19.0177],[-101.7685,19.014],[-101.7647,18.9978],[-101.741,18.9999],[-101.7178,18.9937],[-101.7182,18.9732],[-101.7012,18.9703],[-101.6988,18.9501],[-101.6751,18.9682],[-101.6672,18.9652],[-101.6393,18.975],[-101.6451,18.9946],[-101.6314,19.0275],[-101.612,19.0361],[-101.6109,19.0462],[-101.6262,19.0603],[-101.6277,19.0798],[-101.6353,19.0983],[-101.6194,19.1183],[-101.6221,19.1394],[-101.6172,19.1501],[-101.6327,19.1632],[-101.6206,19.1765],[-101.6215,19.2032],[-101.602,19.2185],[-101.5981,19.2321],[-101.5767,19.2474],[-101.5724,19.2631],[-101.5802,19.2876],[-101.5785,19.2982]]]},"properties":{"CVE_ENT":"16","CVE_MUN":"009","CVEGEO":"16009","NOMGEO":"Ario"}},
{"type":"Feature","geometry":{"type":"Polygon","coordinates":[[[-103.3028,18.5347],[-103.3034,18.5121],[-103.3456,18.502],[-103.3775,18.5207],[-103.3758,18.5525],[-103.3537,18.5767],[-103.3821,18.603],[-103.3951,18.6214],[-103.4293,18.5999],[-103.4422,18.6217],[-103.4798,18.6199],[-103.5095,18.6438],[-103.5428,18.6855],[-103.5558,18.6785],[-103.5807,18.6783],[-103.6202,18.6561],[-103.6253,18.6282],[-103.6856,18.6245],[-103.6903,18.6124],[-103.7087,18.5933],[-103.6884,18.5899],[-103.6231,18.5446],[-103.5941,18.5177],[-103.5755,18.4938],[-103.5612,18.4666],[-103.5611,18.4554],[-103.5406,18.4298],[-103.5291,18.4035],[-103.5297,18.3829],[-103.5133,18.3613],[-103.5134,18.3524],[-103.4918,18.3292],[-103.3992,18.2893],[-103.3779,18.2815],[-103.3607,18.2645],[-103.3396,18.2708],[-103.3116,18.2621],[-103.2927,18.2489],[-103.25,18.2348],[-103.2123,18.232],[-103.2057,18.2249],[-103.182,18.2201],[-103.1429,18.2009],[-103.1172,18.2025],[-103.1153,18.1934],[-103.0636,18.1941],[-103.0345,18.1885],[-102.9909,18.173],[-102.8703,18.119],[-102.8293,18.1026],[-102.7901,18.0831],[-102.7934,18.0978],[-102.7868,18.1099],[-102.8011,18.1343],[-102.7846,18.1518],[-102.793,18.1633],[-102.7885,18.1894],[-102.8,18.1988],[-102.7896,18.2117],[-102.7902,18.2255],[-102.7431,18.2441],[-102.7378,18.2679],[-102.7537,18.2753],[-102.7581,18.3104],[-102.7763,18.3031],[-102.7969,18.3085],[-102.806,18.302],[-102.8228,18.3057],[-102.8326,18.3156],[-102.8485,18.3137],[-102.8558,18.3339],[-102.8916,18.3157],[-102.9245,18.3453],[-102.9459,18.3333],[-102.9661,18.3393],[-102.9948,18.3302],[-103.0431,18.3318],[-103.0675,18.3622],[-103.0772,18.3814],[-103.0974,18.3746],[-103.1074,18.3804],[-103.1066,18.3992],[-103.1257,18.4169],[-103.1466,18.4156],[-103.1745,18.4077],[-103.1964,18.4241],[-103.2187,18.4259],[-103.2425,18.4143],[-103.2505,18.4298],[-103.2486,18.4532],[-103.2308,18.484],[-103.2334,18.4936],[-103.2122,18.512],[-103.2233,18.5369],[-103.2368,18.5299],[-103.2509,18.5343],[-103.262,18.527],[-103.3028,18.5347]]]},"properties":{"CVE_ENT":"16","CVE_MUN":"008","CVEGEO":"16008","NOMGEO":"Aquila"}},
{"type":"Feature","geometry":{"type":"Polygon","coordinates":[[[-100.3979,19.703],[-100.4138,19.6956],[-100.4244,19.6818],[-100.4308,19.6564],[-100.4503,19.6575],[-100.4593,19.6438],[-100.4181,19.6281],[-100.3877,19.6279],[-100.3745,19.6451],[-100.3551,19.6414],[-100.3374,19.6553],[-100.3358,19.6637],[-100.3635,19.6769],[-100.3728,19.6972],[-100.3979,19.703]]]},"properties":{"CVE_ENT":"16","CVE_MUN":"007","CVEGEO":"16007","NOMGEO":"Aporo"}},
{"type":"Feature","geometry":{"type":"Polygon","coordinates":[[[-102.2115,19.2155],[-102.231,19.2131],[-102.253,19.228],[-102.2813,19.2011],[-102.3014,19.208],[-102.3121,19.201],[-102.3216,19.2162],[-102.3429,19.2131],[-102.3527,19.1958],[-102.3675,19.1829],[-102.3868,19.1856],[-102.3931,19.173],[-102.4132,19.1799],[-102.4191,19.1599],[-102.4347,19.1418],[-102.4575,19.133],[-102.4677,19.136],[-102.477,19.1554],[-102.5045,19.1418],[-102.5227,19.0871],[-102.5265,19.0592],[-102.5034,19.0438],[-102.502,19.0135],[-102.5104,19.0149],[-102.5227,18.9942],[-102.5462,19.0034],[-102.5694,19.0218],[-102.5689,19.0349],[-102.595,19.0478],[-102.6059,19.0191],[-102.6029,19.0048],[-102.6151,18.986],[-102.6107,18.9463],[-102.6169,18.9208],[-102.6394,18.8957],[-102.6347,18.8812],[-102.6473,18.8576],[-102.6335,18.8383],[-102.6277,18.8127],[-102.6063,18.793],[-102.6038,18.7665],[-102.5922,18.7443],[-102.5641,18.7261],[-102.5449,18.7192],[-102.4602,18.73],[-102.4516,18.7162],[-102.4374,18.7113],[-102.4104,18.721],[-102.3772,18.7183],[-102.3524,18.712],[-102.3441,18.7231],[-102.3062,18.7275],[-102.2836,18.7339],[-102.2589,18.7499],[-102.2561,18.7765],[-102.2747,18.7888],[-102.28,18.8353],[-102.2574,18.8464],[-102.2367,18.8415],[-102.2277,18.8243],[-102.2072,18.8567],[-102.197,18.863],[-102.1985,18.8808],[-102.226,18.8858],[-102.2408,18.8982],[-102.2514,18.8807],[-102.2787,18.8967],[-102.2926,18.8889],[-102.3021,18.8983],[-102.3227,18.8962],[-102.3304,18.911],[-102.3424,18.9123],[-102.342,18.9283],[-102.3272,18.9318],[-102.3247,18.9727],[-102.2909,19.0097],[-102.2798,19.036],[-102.2922,19.0505],[-102.2758,19.0623],[-102.2763,19.0729],[-102.2566,19.1199],[-102.2433,19.1297],[-102.2372,19.1502],[-102.2172,19.184],[-102.2239,19.1983],[-102.2115,19.2155]]]},"properties":{"CVE_ENT":"16","CVE_MUN":"006","CVEGEO":"16006","NOMGEO":"Apatzingán"}},
{"type":"Feature","geometry":{"type":"Polygon","coordinates":[[[-100.2651,19.662],[-100.3183,19.6695],[-100.3374,19.6553],[-100.3551,19.6414],[-100.3489,19.6197],[-100.3399,19.6158],[-100.3204,19.5898],[-100.291,19.5941],[-100.2679,19.5899],[-100.2469,19.5977],[-100.2521,19.6175],[-100.2475,19.6345],[-100.2651,19.662]]]},"properties":{"CVE_ENT":"16","CVE_MUN":"005","CVEGEO":"16005","NOMGEO":"Angangueo"}},
{"type":"Feature","geometry":{"type":"Polygon","coordinates":[[[-101.6474,20.2384],[-101.6633,20.2376],[-101.6693,20.2194],[-101.6855,20.2185],[-101.6938,20.192],[-101.7106,20.2053],[-101.7327,20.2107],[-101.7604,20.2019],[-101.7866,20.2193],[-101.7965,20.2128],[-101.7829,20.194],[-101.7797,20.1633],[-101.7987,20.1556],[-101.8088,20.1307],[-101.8201,20.1256],[-101.8122,20.1089],[-101.8013,20.1079],[-101.7784,20.0738],[-101.799,20.0525],[-101.7608,20.0366],[-101.7301,20.059],[-101.7111,20.0625],[-101.6844,20.1097],[-101.6439,20.1512],[-101.6381,20.17],[-101.6323,20.1984],[-101.6482,20.2015],[-101.6474,20.2384]]]},"properties":{"CVE_ENT":"16","CVE_MUN":"004","CVEGEO":"16004","NOMGEO":"Angamacutiro"}},
{"type":"Feature","geometry":{"type":"Polygon","coordinates":[[[-102.5224,20.2757],[-102.5467,20.2786],[-102.5678,20.265],[-102.5902,20.2585],[-102.6109,20.2687],[-102.6133,20.2551],[-102.6273,20.2294],[-102.6387,20.2241],[-102.6609,20.2315],[-102.679,20.2269],[-102.6846,20.2122],[-102.6829,20.2067],[-102.6528,20.2148],[-102.6313,20.2099],[-102.5816,20.2129],[-102.5619,20.2062],[-102.5548,20.2243],[-102.5413,20.2199],[-102.5224,20.2757]]]},"properties":{"CVE_ENT":"16","CVE_MUN":"011","CVEGEO":"16011","NOMGEO":"Briseñas"}},
{"type":"Feature","geometry":{"type":"Polygon","coordinates":[[[-101.88,18.6242],[-101.936,18.6373],[-101.9417,18.6503],[-101.9555,18.6569],[-101.9868,18.6415],[-101.9989,18.6442],[-102.0319,18.6259],[-102.0635,18.6441],[-102.0855,18.6654],[-102.0975,18.6876],[-102.1313,18.6774],[-102.1515,18.6846],[-102.1816,18.6787],[-102.1867,18.6645],[-102.1676,18.6379],[-102.1715,18.6285],[-102.2136,18.6266],[-102.225,18.6129],[-102.2296,18.5929],[-102.2633,18.5962],[-102.2812,18.5751],[-102.2872,18.5611],[-102.2697,18.5321],[-102.2767,18.5264],[-102.283,18.4911],[-102.2985,18.4838],[-102.3134,18.4945],[-102.3246,18.4927],[-102.3471,18.4682],[-102.3414,18.4611],[-102.3508,18.439],[-102.349,18.4177],[-102.3818,18.4068],[-102.396,18.4153],[-102.4041,18.3998],[-102.4565,18.4044],[-102.476,18.393],[-102.4906,18.3632],[-102.5013,18.3531],[-102.499,18.3283],[-102.5126,18.3211],[-102.5317,18.3296],[-102.5446,18.3458],[-102.5815,18.3369],[-102.615,18.3523],[-102.639,18.3423],[-102.6566,18.3431],[-102.6683,18.3355],[-102.682,18.3608],[-102.7175,18.3723],[-102.745,18.3902],[-102.7717,18.3795],[-102.8245,18.4058],[-102.8551,18.3743],[-102.8591,18.3425],[-102.8558,18.3339],[-102.8485,18.3137],[-102.8326,18.3156],[-102.8228,18.3057],[-102.806,18.302],[-102.7969,18.3085],[-102.7763,18.3031],[-102.7581,18.3104],[-102.7537,18.2753],[-102.7378,18.2679],[-102.7431,18.2441],[-102.7902,18.2255],[-102.7896,18.2117],[-102.8,18.1988],[-102.7885,18.1894],[-102.793,18.1633],[-102.7846,18.1518],[-102.7555,18.1389],[-102.7462,18.154],[-102.7349,18.1506],[-102.6996,18.1528],[-102.6998,18.1402],[-102.7101,18.1273],[-102.6738,18.1194],[-102.6558,18.1077],[-102.6303,18.1191],[-102.6386,18.1361],[-102.617,18.1505],[-102.5842,18.1577],[-102.5758,18.1362],[-102.5778,18.1216],[-102.5265,18.1256],[-102.5223,18.1045],[-102.5129,18.0906],[-102.4988,18.091],[-102.4494,18.106],[-102.4482,18.1159],[-102.4205,18.1222],[-102.4232,18.1439],[-102.434,18.1477],[-102.4307,18.1643],[-102.4009,18.161],[-102.3783,18.1706],[-102.3279,18.178],[-102.3267,18.2027],[-102.3337,18.2212],[-102.3126,18.2317],[-102.2893,18.2329],[-102.2781,18.2202],[-102.2617,18.2128],[-102.2542,18.2301],[-102.2544,18.2504],[-102.2218,18.2424],[-102.1963,18.2471],[-102.156,18.2354],[-102.1369,18.2417],[-102.1138,18.2353],[-102.1198,18.2002],[-102.1311,18.1889],[-102.1177,18.1869],[-102.0884,18.1954],[-102.0562,18.1955],[-102.0387,18.2082],[-102.0191,18.2021],[-101.9781,18.2073],[-101.9716,18.2331],[-101.952,18.2279],[-101.9274,18.2318],[-101.9046,18.2479],[-101.9072,18.2607],[-101.8968,18.2771],[-101.8648,18.2857],[-101.8702,18.3083],[-101.8565,18.3162],[-101.8706,18.3328],[-101.8619,18.3572],[-101.8747,18.3701],[-101.8739,18.3854],[-101.8889,18.3991],[-101.887,18.4121],[-101.8738,18.4375],[-101.8617,18.4449],[-101.8865,18.4772],[-101.889,18.499],[-101.8795,18.5393],[-101.8559,18.5595],[-101.868,18.5688],[-101.8764,18.6184],[-101.88,18.6242]]]},"properties":{"CVE_ENT":"16","CVE_MUN":"010","CVEGEO":"16010","NOMGEO":"Arteaga"}},
{"type":"Feature","geometry":{"type":"Polygon","coordinates":[[[-100.6197,19.9572],[-100.6538,19.9597],[-100.6604,19.9645],[-100.6806,19.9505],[-100.7188,19.9405],[-100.7471,19.9131],[-100.7788,19.9151],[-100.7921,19.9556],[-100.8022,19.9583],[-100.8243,19.9783],[-100.8329,19.9724],[-100.8302,19.9541],[-100.8358,19.9346],[-100.8537,19.9345],[-100.8603,19.9489],[-100.8826,19.9439],[-100.9016,19.9595],[-100.9307,19.956],[-100.9475,19.9625],[-100.9479,19.9336],[-100.9587,19.9308],[-100.9515,19.8873],[-100.9703,19.8814],[-100.9758,19.8715],[-100.9578,19.855],[-100.9314,19.8489],[-100.8973,19.8482],[-100.8857,19.8374],[-100.8435,19.8362],[-100.8466,19.8264],[-100.8367,19.8029],[-100.8259,19.8052],[-100.8114,19.7874],[-100.7997,19.7625],[-100.774,19.7458],[-100.7062,19.735],[-100.7094,19.7526],[-100.6997,19.77],[-100.718,19.7867],[-100.7069,19.8045],[-100.6858,19.8035],[-100.6593,19.81],[-100.6379,19.8211],[-100.6101,19.8216],[-100.5988,19.8625],[-100.6063,19.8845],[-100.6033,19.8996],[-100.5918,19.9052],[-100.5948,19.9271],[-100.6056,19.936],[-100.6081,19.9548],[-100.6197,19.9572]]]},"properties":{"CVE_ENT":"16","CVE_MUN":"110","CVEGEO":"16110","NOMGEO":"Zinapécuaro"}},
{"type":"Feature","geometry":{"type":"Polygon","coordinates":[[[-101.956,20.182],[-101.976,20.2042],[-101.9696,20.2163],[-101.9767,20.232],[-102.0008,20.231],[-102.0106,20.2481],[-102.0315,20.2317],[-102.0773,20.2285],[-102.0853,20.2182],[-102.0513,20.1899],[-102.0577,20.1677],[-102.0321,20.1388],[-102.011,20.1244],[-101.9744,20.1089],[-101.9585,20.1352],[-101.9751,20.1526],[-101.9674,20.1825],[-101.956,20.182]]]},"properties":{"CVE_ENT":"16","CVE_MUN":"109","CVEGEO":"16109","NOMGEO":"Zináparo"}},
{"type":"Feature","geometry":{"type":"Polygon","coordinates":[[[-102.3015,20.1045],[-102.3176,20.1095],[-102.342,20.1015],[-102.366,20.1037],[-102.3681,20.0776],[-102.3794,20.0483],[-102.4042,20.0443],[-102.3965,20.0117],[-102.3762,20.0057],[-102.3837,19.9994],[-102.39,19.9915],[-102.3787,19.9883],[-102.3717,19.98],[-102.3637,19.9819],[-102.3583,19.9801],[-102.3549,19.9839],[-102.3437,19.9901],[-102.3306,19.9938],[-102.3089,19.9912],[-102.3091,19.9744],[-102.2945,19.972],[-102.275,19.9599],[-102.265,19.9501],[-102.2518,19.9497],[-102.2476,19.9558],[-102.2258,19.9581],[-102.2073,19.9827],[-102.1849,19.9771],[-102.1582,19.9864],[-102.1389,19.9822],[-102.1314,19.9891],[-102.1251,20.0196],[-102.1344,20.0191],[-102.1533,20.0341],[-102.128,20.0594],[-102.1444,20.0771],[-102.2039,20.0841],[-102.2275,20.0987],[-102.2635,20.0972],[-102.2671,20.0874],[-102.2898,20.0899],[-102.3015,20.1045]]]},"properties":{"CVE_ENT":"16","CVE_MUN":"108","CVEGEO":"16108","NOMGEO":"Zamora"}},
{"type":"Feature","geometry":{"type":"Polygon","coordinates":[[[-101.9322,19.9675],[-101.9373,19.9652],[-101.9257,19.9522],[-101.9225,19.9333],[-101.933,19.9139],[-101.9158,19.9083],[-101.9101,19.8926],[-101.9087,19.8571],[-101.9364,19.853],[-101.944,19.845],[-101.9672,19.8395],[-101.9941,19.8445],[-102.0004,19.8335],[-101.9763,19.8029],[-101.962,19.8027],[-101.9546,19.7874],[-101.9324,19.7909],[-101.908,19.7769],[-101.8799,19.7498],[-101.8354,19.7503],[-101.7918,19.7385],[-101.7989,19.7214],[-101.7923,19.7126],[-101.8014,19.6921],[-101.7438,19.6953],[-101.7341,19.7181],[-101.7324,19.7471],[-101.7196,19.7576],[-101.7279,19.7686],[-101.7211,19.8029],[-101.7084,19.8171],[-101.6947,19.8177],[-101.6967,19.834],[-101.7107,19.8398],[-101.7023,19.893],[-101.7172,19.896],[-101.7352,19.8879],[-101.7797,19.8969],[-101.7849,19.9058],[-101.8092,19.9007],[-101.8182,19.8918],[-101.8421,19.8912],[-101.857,19.914],[-101.8751,19.9124],[-101.8728,19.9298],[-101.8806,19.9494],[-101.8977,19.9438],[-101.9071,19.9656],[-101.9322,19.9675]]]},"properties":{"CVE_ENT":"16","CVE_MUN":"107","CVEGEO":"16107","NOMGEO":"Zacapu"}},
{"type":"Feature","geometry":{"type":"Polygon","coordinates":[[[-102.1801,20.3553],[-102.2194,20.3511],[-102.2215,20.3446],[-102.2537,20.3354],[-102.2678,20.3357],[-102.2979,20.3539],[-102.3222,20.3236],[-102.307,20.3044],[-102.306,20.2779],[-102.2791,20.2816],[-102.2503,20.2691],[-102.237,20.2322],[-102.1887,20.2372],[-102.1751,20.2447],[-102.1641,20.2553],[-102.1695,20.2651],[-102.1426,20.2716],[-102.1163,20.304],[-102.1545,20.3265],[-102.1776,20.3474],[-102.1801,20.3553]]]},"properties":{"CVE_ENT":"16","CVE_MUN":"106","CVEGEO":"16106","NOMGEO":"Yurécuaro"}},
{"type":"Feature","geometry":{"type":"Polygon","coordinates":[[[-101.0557,19.1886],[-101.0802,19.1695],[-101.0816,19.1581],[-101.0965,19.1491],[-101.1093,19.1509],[-101.124,19.1315],[-101.119,19.1127],[-101.0972,19.0827],[-101.0837,19.0551],[-101.1048,19.0544],[-101.1263,19.0279],[-101.1509,19.014],[-101.1865,19.0076],[-101.1842,18.9882],[-101.1697,18.9786],[-101.1612,18.9588],[-101.1677,18.95],[-101.1932,18.9503],[-101.1973,18.9315],[-101.2007,18.9049],[-101.2162,18.8826],[-101.2079,18.8693],[-101.2328,18.844],[-101.2144,18.8243],[-101.2142,18.814],[-101.2008,18.8126],[-101.1452,18.8238],[-101.1363,18.839],[-101.1111,18.849],[-101.0868,18.868],[-101.0674,18.8754],[-101.0592,18.8642],[-101.0411,18.856],[-101.0211,18.821],[-101.0097,18.8179],[-100.9859,18.8298],[-100.9798,18.8449],[-100.9561,18.8511],[-100.9314,18.8422],[-100.9171,18.8537],[-100.9004,18.8502],[-100.8906,18.8606],[-100.8981,18.8845],[-100.8752,18.9225],[-100.8703,18.9484],[-100.8582,18.9642],[-100.8601,18.9883],[-100.8742,19.0021],[-100.8631,19.0133],[-100.9043,19.0616],[-100.9288,19.0721],[-100.9465,19.0931],[-100.9906,19.0809],[-101.0097,19.0958],[-101.0255,19.1408],[-101.0247,19.1514],[-101.0435,19.1863],[-101.0557,19.1886]]]},"properties":{"CVE_ENT":"16","CVE_MUN":"013","CVEGEO":"16013","NOMGEO":"Carácuaro"}},
{"type":"Feature","geometry":{"type":"Polygon","coordinates":[[[-101.5639,19.9859],[-101.5962,19.9688],[-101.5965,19.9549],[-101.6178,19.9558],[-101.6361,19.9636],[-101.6458,19.9791],[-101.6776,19.9609],[-101.6979,19.9656],[-101.7077,19.9391],[-101.7296,19.9372],[-101.7426,19.9538],[-101.7611,19.9502],[-101.7695,19.9399],[-101.8415,19.9261],[-101.8396,19.9422],[-101.8672,19.9508],[-101.8806,19.9494],[-101.8728,19.9298],[-101.8751,19.9124],[-101.857,19.914],[-101.8421,19.8912],[-101.8182,19.8918],[-101.8092,19.9007],[-101.7849,19.9058],[-101.7797,19.8969],[-101.7352,19.8879],[-101.7172,19.896],[-101.7023,19.893],[-101.6591,19.8805],[-101.6302,19.9003],[-101.5969,19.8983],[-101.6009,19.9101],[-101.5887,19.9375],[-101.5681,19.9395],[-101.5478,19.948],[-101.5665,19.9686],[-101.5639,19.9859]]]},"properties":{"CVE_ENT":"16","CVE_MUN":"044","CVEGEO":"16044","NOMGEO":"Jiménez"}},
{"type":"Feature","geometry":{"type":"Polygon","coordinates":[[[-102.2683,19.9506],[-102.2945,19.972],[-102.3091,19.9744],[-102.3089,19.9912],[-102.3306,19.9938],[-102.3437,19.9901],[-102.3549,19.9839],[-102.3583,19.9801],[-102.3603,19.9808],[-102.3637,19.9819],[-102.3696,19.9791],[-102.3778,19.9685],[-102.3716,19.9531],[-102.3671,19.8933],[-102.3522,19.8866],[-102.3313,19.904],[-102.3194,19.8883],[-102.3067,19.8892],[-102.2731,19.8817],[-102.2509,19.9027],[-102.2432,19.9303],[-102.2626,19.9401],[-102.2683,19.9506]]]},"properties":{"CVE_ENT":"16","CVE_MUN":"043","CVEGEO":"16043","NOMGEO":"Jacona"}},
{"type":"Feature","geometry":{"type":"Polygon","coordinates":[[[-100.7905,18.8254],[-100.8093,18.8305],[-100.8356,18.8305],[-100.8479,18.8204],[-100.8537,18.7938],[-100.8439,18.7672],[-100.8411,18.7339],[-100.8522,18.7199],[-100.8392,18.6966],[-100.854,18.6809],[-100.8438,18.6518],[-100.8446,18.6186],[-100.8266,18.5628],[-100.8288,18.5343],[-100.8453,18.489],[-100.8245,18.4742],[-100.799,18.4806],[-100.7903,18.4726],[-100.7759,18.4382],[-100.7498,18.4256],[-100.7374,18.4273],[-100.7277,18.4062],[-100.6983,18.4189],[-100.6881,18.4098],[-100.6837,18.3869],[-100.677,18.3732],[-100.643,18.3462],[-100.6397,18.3639],[-100.6269,18.3757],[-100.6087,18.3792],[-100.5892,18.4083],[-100.5903,18.4147],[-100.6353,18.443],[-100.6372,18.4577],[-100.6495,18.4621],[-100.7095,18.496],[-100.732,18.521],[-100.7442,18.5181],[-100.7649,18.5612],[-100.7642,18.5817],[-100.7516,18.6335],[-100.7655,18.6642],[-100.7637,18.6829],[-100.7852,18.6946],[-100.7729,18.7326],[-100.7969,18.7463],[-100.7924,18.7622],[-100.7978,18.7868],[-100.7825,18.8017],[-100.7905,18.8254]]]},"properties":{"CVE_ENT":"16","CVE_MUN":"077","CVEGEO":"16077","NOMGEO":"San Lucas"}},
{"type":"Feature","geometry":{"type":"Polygon","coordinates":[[[-101.6655,19.675],[-101.6828,19.6778],[-101.6908,19.7003],[-101.7117,19.7028],[-101.7317,19.6904],[-101.7438,19.6953],[-101.8014,19.6921],[-101.81,19.6607],[-101.7964,19.6442],[-101.8103,19.5949],[-101.7736,19.5945],[-101.7701,19.5675],[-101.7631,19.5481],[-101.7411,19.5448],[-101.7283,19.5265],[-101.7081,19.5224],[-101.6878,19.5263],[-101.671,19.5526],[-101.6478,19.6027],[-101.6523,19.6039],[-101.6423,19.6484],[-101.6598,19.6593],[-101.6655,19.675]]]},"properties":{"CVE_ENT":"16","CVE_MUN":"032","CVEGEO":"16032","NOMGEO":"Erongarícuaro"}},
{"type":"Feature","geometry":{"type":"Polygon","coordinates":[[[-100.3075,20.2855],[-100.3458,20.298],[-100.3507,20.2884],[-100.3441,20.2729],[-100.3258,20.261],[-100.3236,20.2519],[-100.3552,20.219],[-100.3528,20.2014],[-100.3403,20.1897],[-100.3558,20.1824],[-100.3599,20.1643],[-100.3809,20.1301],[-100.3915,20.121],[-100.3853,20.1045],[-100.3971,20.0971],[-100.3898,20.0808],[-100.3583,20.0649],[-100.362,20.0534],[-100.3544,20.0278],[-100.3704,20.0213],[-100.3629,19.9899],[-100.3497,19.9887],[-100.3388,20.0012],[-100.345,20.0119],[-100.3358,20.0341],[-100.3178,20.04],[-100.2934,20.0373],[-100.2804,20.0445],[-100.2555,20.0381],[-100.2323,20.0409],[-100.2146,20.0669],[-100.2016,20.0759],[-100.1976,20.1299],[-100.2356,20.1435],[-100.1919,20.176],[-100.1816,20.2031],[-100.1965,20.2223],[-100.2451,20.2504],[-100.2602,20.2673],[-100.3075,20.2855]]]},"properties":{"CVE_ENT":"16","CVE_MUN":"031","CVEGEO":"16031","NOMGEO":"Epitacio Huerta"}},
{"type":"Feature","geometry":{"type":"Polygon","coordinates":[[[-100.4593,19.6438],[-100.4762,19.6349],[-100.4864,19.6378],[-100.5049,19.6186],[-100.5294,19.6259],[-100.5646,19.6194],[-100.5771,19.6113],[-100.5828,19.5856],[-100.5683,19.5782],[-100.5615,19.5653],[-100.5824,19.5573],[-100.5903,19.5218],[-100.5806,19.5041],[-100.5709,19.5161],[-100.5199,19.504],[-100.471,19.5127],[-100.4628,19.5043],[-100.4406,19.5141],[-100.4014,19.5329],[-100.3706,19.5304],[-100.3799,19.5566],[-100.3907,19.5625],[-100.4042,19.5845],[-100.4084,19.6044],[-100.4265,19.611],[-100.4181,19.6281],[-100.4593,19.6438]]]},"properties":{"CVE_ENT":"16","CVE_MUN":"098","CVEGEO":"16098","NOMGEO":"Tuxpan"}},
{"type":"Feature","geometry":{"type":"Polygon","coordinates":[[[-101.3318,19.1243],[-101.3443,19.1173],[-101.3603,19.1248],[-101.3621,19.1349],[-101.3855,19.1394],[-101.3964,19.1197],[-101.4134,19.1208],[-101.4228,19.1309],[-101.447,19.1258],[-101.4516,19.1125],[-101.4813,19.1106],[-101.4895,19.0944],[-101.5144,19.0975],[-101.5199,19.1132],[-101.5198,19.1362],[-101.5408,19.1518],[-101.5728,19.1652],[-101.5744,19.1818],[-101.5947,19.1847],[-101.6017,19.1746],[-101.6206,19.1765],[-101.6327,19.1632],[-101.6172,19.1501],[-101.6221,19.1394],[-101.6194,19.1183],[-101.6353,19.0983],[-101.6277,19.0798],[-101.6262,19.0603],[-101.6109,19.0462],[-101.612,19.0361],[-101.6314,19.0275],[-101.6451,18.9946],[-101.6393,18.975],[-101.6283,18.9737],[-101.6127,18.9538],[-101.5862,18.9443],[-101.5964,18.9154],[-101.5693,18.8886],[-101.5518,18.8796],[-101.5406,18.8598],[-101.5468,18.8385],[-101.522,18.8379],[-101.5125,18.832],[-101.5218,18.8163],[-101.514,18.7973],[-101.509,18.768],[-101.4893,18.756],[-101.4567,18.7261],[-101.4295,18.7073],[-101.4163,18.7028],[-101.3841,18.7091],[-101.3482,18.6996],[-101.3148,18.7038],[-101.2934,18.7169],[-101.2752,18.72],[-101.2659,18.736],[-101.2421,18.7461],[-101.2458,18.7548],[-101.237,18.7763],[-101.2359,18.7999],[-101.2142,18.814],[-101.2144,18.8243],[-101.2328,18.844],[-101.2079,18.8693],[-101.2162,18.8826],[-101.2007,18.9049],[-101.1973,18.9315],[-101.2385,18.9542],[-101.2815,18.9728],[-101.2859,18.9912],[-101.2978,19.0113],[-101.3013,19.0473],[-101.3207,19.0499],[-101.3318,19.1243]]]},"properties":{"CVE_ENT":"16","CVE_MUN":"097","CVEGEO":"16097","NOMGEO":"Turicato"}},
{"type":"Feature","geometry":{"type":"Polygon","coordinates":[[[-102.2277,18.8243],[-102.2367,18.8415],[-102.2574,18.8464],[-102.28,18.8353],[-102.2747,18.7888],[-102.2561,18.7765],[-102.2589,18.7499],[-102.2836,18.7339],[-102.3062,18.7275],[-102.3441,18.7231],[-102.3524,18.712],[-102.3772,18.7183],[-102.4104,18.721],[-102.4374,18.7113],[-102.4516,18.7162],[-102.4602,18.73],[-102.5449,18.7192],[-102.5641,18.7261],[-102.5683,18.7028],[-102.606,18.6926],[-102.6238,18.6917],[-102.639,18.701],[-102.6434,18.6805],[-102.6595,18.6668],[-102.6815,18.6695],[-102.7019,18.6522],[-102.7149,18.6501],[-102.7129,18.6117],[-102.7192,18.5759],[-102.7369,18.5763],[-102.732,18.5579],[-102.7119,18.5495],[-102.7056,18.5365],[-102.7188,18.5222],[-102.7598,18.5203],[-102.7782,18.512],[-102.7817,18.4967],[-102.8019,18.5028],[-102.8052,18.515],[-102.8335,18.5255],[-102.8759,18.4928],[-102.9006,18.4798],[-102.8791,18.4603],[-102.8526,18.4588],[-102.8578,18.4422],[-102.8514,18.4255],[-102.8245,18.4058],[-102.7717,18.3795],[-102.745,18.3902],[-102.7175,18.3723],[-102.682,18.3608],[-102.6683,18.3355],[-102.6566,18.3431],[-102.639,18.3423],[-102.615,18.3523],[-102.5815,18.3369],[-102.5446,18.3458],[-102.5317,18.3296],[-102.5126,18.3211],[-102.499,18.3283],[-102.5013,18.3531],[-102.4906,18.3632],[-102.476,18.393],[-102.4565,18.4044],[-102.4041,18.3998],[-102.396,18.4153],[-102.3818,18.4068],[-102.349,18.4177],[-102.3508,18.439],[-102.3414,18.4611],[-102.3471,18.4682],[-102.3246,18.4927],[-102.3134,18.4945],[-102.2985,18.4838],[-102.283,18.4911],[-102.2767,18.5264],[-102.2697,18.5321],[-102.2872,18.5611],[-102.2812,18.5751],[-102.2633,18.5962],[-102.2296,18.5929],[-102.225,18.6129],[-102.2136,18.6266],[-102.1715,18.6285],[-102.1676,18.6379],[-102.1867,18.6645],[-102.1816,18.6787],[-102.1913,18.708],[-102.2054,18.7184],[-102.2106,18.7429],[-102.2246,18.7669],[-102.2125,18.7842],[-102.22,18.7955],[-102.2174,18.8106],[-102.2277,18.8243]]]},"properties":{"CVE_ENT":"16","CVE_MUN":"096","CVEGEO":"16096","NOMGEO":"Tumbiscatío"}},
{"type":"Feature","geometry":{"type":"Polygon","coordinates":[[[-101.4601,20.3235],[-101.4811,20.3297],[-101.4932,20.314],[-101.5378,20.3244],[-101.5506,20.3325],[-101.5636,20.3205],[-101.5778,20.3264],[-101.5993,20.3071],[-101.6199,20.3155],[-101.6271,20.3034],[-101.6344,20.2903],[-101.6255,20.267],[-101.6438,20.2657],[-101.6508,20.2529],[-101.6474,20.2384],[-101.6482,20.2015],[-101.6323,20.1984],[-101.6381,20.17],[-101.6144,20.1633],[-101.6137,20.1553],[-101.5859,20.152],[-101.5676,20.1651],[-101.57,20.2131],[-101.535,20.2393],[-101.5366,20.256],[-101.5091,20.2524],[-101.497,20.2577],[-101.4888,20.2733],[-101.4583,20.2696],[-101.4567,20.3044],[-101.4601,20.3235]]]},"properties":{"CVE_ENT":"16","CVE_MUN":"113","CVEGEO":"16113","NOMGEO":"José Sixto Verduzco"}},
{"type":"Feature","geometry":{"type":"Polygon","coordinates":[[[-100.1777,19.4926],[-100.2019,19.4995],[-100.2019,19.5229],[-100.1964,19.5317],[-100.2147,19.5528],[-100.2276,19.5579],[-100.2383,19.5437],[-100.2483,19.5486],[-100.2651,19.5329],[-100.3001,19.5325],[-100.3147,19.5276],[-100.3337,19.5312],[-100.3706,19.5304],[-100.4014,19.5329],[-100.4406,19.5141],[-100.4349,19.507],[-100.4323,19.4722],[-100.4175,19.4475],[-100.4645,19.4247],[-100.48,19.4111],[-100.4821,19.3747],[-100.479,19.3542],[-100.4824,19.3355],[-100.4643,19.3276],[-100.4467,19.346],[-100.3967,19.3439],[-100.3833,19.3337],[-100.3778,19.3166],[-100.3684,19.3217],[-100.3455,19.3147],[-100.318,19.3181],[-100.3068,19.3269],[-100.3017,19.3429],[-100.3124,19.3624],[-100.2944,19.3809],[-100.2931,19.3951],[-100.2638,19.4032],[-100.2374,19.4035],[-100.2159,19.4134],[-100.1897,19.4405],[-100.2075,19.4611],[-100.201,19.4928],[-100.1777,19.4926]]]},"properties":{"CVE_ENT":"16","CVE_MUN":"112","CVEGEO":"16112","NOMGEO":"Zitácuaro"}}
]}