{"type":"FeatureCollection", "features": [
{"type":"Feature","geometry":{"type":"Polygon","coordinates":[[[-96.9256,16.6377],[-96.9676,16.6279],[-96.9752,16.6171],[-96.9639,16.5895],[-96.9722,16.5671],[-96.9812,16.5604],[-96.9775,16.5452],[-96.9613,16.558],[-96.956,16.5756],[-96.9365,16.5743],[-96.9236,16.5751],[-96.9292,16.6095],[-96.9256,16.6377]]]},"properties":{"CVE_ENT":"20","CVE_MUN":"155","CVEGEO":"20155","NOMGEO":"San Ildefonso Sola"}},
{"type":"Feature","geometry":{"type":"Polygon","coordinates":[[[-97.7426,17.0709],[-97.7565,17.068],[-97.7746,17.0766],[-97.7696,17.0503],[-97.7617,17.0436],[-97.7679,17.0158],[-97.7822,17.0179],[-97.7947,17.0105],[-97.7868,16.9847],[-97.8085,16.9617],[-97.817,16.967],[-97.8074,16.9607],[-97.7756,16.9717],[-97.7553,16.9734],[-97.7508,16.9585],[-97.7341,16.9714],[-97.722,17],[-97.7301,17.0187],[-97.7426,17.0709]]]},"properties":{"CVE_ENT":"20","CVE_MUN":"481","CVEGEO":"20481","NOMGEO":"Santiago Nuyoó"}},
{"type":"Feature","geometry":{"type":"Polygon","coordinates":[[[-96.8479,16.7972],[-96.8776,16.801],[-96.8846,16.8067],[-96.9205,16.8081],[-96.9302,16.8173],[-96.9498,16.8182],[-96.9717,16.8164],[-96.9821,16.7935],[-96.9583,16.7794],[-96.9187,16.7904],[-96.8761,16.7876],[-96.8698,16.7707],[-96.8561,16.7558],[-96.8353,16.7463],[-96.8185,16.7462],[-96.8361,16.7693],[-96.8389,16.7843],[-96.8479,16.7972]]]},"properties":{"CVE_ENT":"20","CVE_MUN":"378","CVEGEO":"20378","NOMGEO":"Santa Cruz Mixtepec"}},
{"type":"Feature","geometry":{"type":"Polygon","coordinates":[[[-97.4676,16.2645],[-97.4721,16.2731],[-97.5342,16.2449],[-97.5901,16.2378],[-97.5948,16.2433],[-97.599,16.2437],[-97.6018,16.2413],[-97.6244,16.2352],[-97.6244,16.2096],[-97.6401,16.2062],[-97.6619,16.2365],[-97.6799,16.235],[-97.7232,16.2025],[-97.717,16.1934],[-97.7387,16.1644],[-97.7442,16.1461],[-97.7267,16.0895],[-97.7512,16.0393],[-97.7911,16.0137],[-97.7888,15.9821],[-97.767,15.9763],[-97.6941,15.9641],[-97.6767,15.9634],[-97.6584,15.9777],[-97.6257,15.9763],[-97.5649,15.9629],[-97.5212,15.9675],[-97.4793,15.9538],[-97.4205,15.9415],[-97.415,15.9442],[-97.3664,15.9373],[-97.3442,15.9462],[-97.2847,15.9374],[-97.272,15.9378],[-97.2106,15.9227],[-97.179,15.9834],[-97.1935,15.997],[-97.2266,16.0056],[-97.2498,16.0177],[-97.2631,16.0189],[-97.2691,16.028],[-97.2889,16.0238],[-97.2957,16.0086],[-97.3206,16.0043],[-97.3213,15.9899],[-97.3506,15.9792],[-97.3596,15.9876],[-97.3794,15.9653],[-97.4069,16.0059],[-97.4155,16.0502],[-97.4062,16.0789],[-97.3917,16.1107],[-97.404,16.1284],[-97.4068,16.1414],[-97.441,16.1634],[-97.4376,16.1879],[-97.4457,16.1987],[-97.4621,16.1984],[-97.4526,16.2678],[-97.4676,16.2645]]]},"properties":{"CVE_ENT":"20","CVE_MUN":"334","CVEGEO":"20334","NOMGEO":"Villa de Tututepec"}},
{"type":"Feature","geometry":{"type":"Polygon","coordinates":[[[-95.9627,17.1372],[-95.9806,17.1887],[-95.9979,17.174],[-96.0108,17.1438],[-96.0387,17.1653],[-96.0622,17.165],[-96.0775,17.1441],[-96.0769,17.1313],[-96.0919,17.1193],[-96.136,17.1245],[-96.1599,17.123],[-96.1686,17.1026],[-96.1554,17.0832],[-96.1334,17.0843],[-96.1206,17.0646],[-96.1052,17.078],[-96.0671,17.0696],[-96.0467,17.0704],[-96.0347,17.0636],[-96.0136,17.0684],[-96.0034,17.0778],[-96.0041,17.0965],[-95.9944,17.1049],[-95.964,17.1138],[-95.9701,17.1243],[-95.9627,17.1372]]]},"properties":{"CVE_ENT":"20","CVE_MUN":"437","CVEGEO":"20437","NOMGEO":"Santa María Tlahuitoltepec"}},
{"type":"Feature","geometry":{"type":"Polygon","coordinates":[[[-95.0735,16.3316],[-95.0684,16.3259],[-95.0415,16.3224],[-95.0322,16.3303],[-95.0074,16.3334],[-94.9853,16.3282],[-94.9669,16.3389],[-94.9593,16.3655],[-94.9947,16.3778],[-95.0043,16.4032],[-95.0207,16.4189],[-95.0269,16.405],[-95.045,16.4113],[-95.0636,16.401],[-95.0636,16.3683],[-95.0886,16.3679],[-95.0735,16.3316]]]},"properties":{"CVE_ENT":"20","CVE_MUN":"441","CVEGEO":"20441","NOMGEO":"Santa María Xadani"}},
{"type":"Feature","geometry":{"type":"Polygon","coordinates":[[[-97.7746,17.0766],[-97.7864,17.0856],[-97.811,17.0918],[-97.8162,17.0753],[-97.8311,17.074],[-97.8439,17.0788],[-97.835,17.0719],[-97.8409,17.0519],[-97.8373,17.0258],[-97.8242,17.005],[-97.817,16.967],[-97.8085,16.9617],[-97.7868,16.9847],[-97.7947,17.0105],[-97.7822,17.0179],[-97.7679,17.0158],[-97.7617,17.0436],[-97.7696,17.0503],[-97.7746,17.0766]]]},"properties":{"CVE_ENT":"20","CVE_MUN":"446","CVEGEO":"20446","NOMGEO":"Santa María Yucuhiti"}},
{"type":"Feature","geometry":{"type":"Polygon","coordinates":[[[-97.8458,16.744],[-97.864,16.7859],[-97.8666,16.8268],[-97.8795,16.8333],[-97.8705,16.8484],[-97.8787,16.8635],[-97.9032,16.8922],[-97.9139,16.8904],[-97.9132,16.8744],[-97.9208,16.8498],[-97.9746,16.877],[-98.0039,16.8857],[-98.0156,16.8804],[-98.0807,16.885],[-98.0726,16.8754],[-98.0811,16.8334],[-98.1001,16.7986],[-98.1082,16.761],[-98.1354,16.7574],[-98.1085,16.7416],[-98.0937,16.7304],[-98.0794,16.743],[-98.0687,16.7403],[-98.0365,16.7119],[-98.0278,16.6978],[-97.9764,16.6798],[-97.9407,16.6435],[-97.9287,16.6606],[-97.9001,16.6641],[-97.8936,16.6809],[-97.8928,16.7116],[-97.8612,16.7186],[-97.837,16.7171],[-97.8458,16.744]]]},"properties":{"CVE_ENT":"20","CVE_MUN":"447","CVEGEO":"20447","NOMGEO":"Santa María Zacatepec"}},
{"type":"Feature","geometry":{"type":"Polygon","coordinates":[[[-97.9962,17.3924],[-98.0175,17.3972],[-98.0164,17.3483],[-98.0287,17.3333],[-98.046,17.3274],[-98.0804,17.291],[-98.0837,17.2611],[-98.1085,17.2221],[-98.1201,17.2286],[-98.1272,17.2533],[-98.1671,17.2828],[-98.1863,17.2867],[-98.2104,17.2617],[-98.2109,17.245],[-98.2023,17.2312],[-98.173,17.2415],[-98.1745,17.2271],[-98.1571,17.1977],[-98.1638,17.1875],[-98.1595,17.1576],[-98.1662,17.1252],[-98.1835,17.1177],[-98.1534,17.1104],[-98.15,17.1024],[-98.118,17.0955],[-98.0988,17.0839],[-98.0842,17.106],[-98.0858,17.1177],[-98.0697,17.1241],[-98.0605,17.1079],[-98.0604,17.0787],[-98.0726,17.0644],[-98.0457,17.0573],[-98.0073,17.0401],[-98.0252,17.0192],[-98.0003,17.0197],[-97.9802,17.0251],[-97.9913,17.048],[-98.0133,17.062],[-98.0256,17.0559],[-98.0396,17.0748],[-98.0354,17.0849],[-98.0167,17.0887],[-98.0136,17.0712],[-98.0021,17.0601],[-97.9849,17.064],[-97.9679,17.0555],[-97.9534,17.0676],[-97.9264,17.0494],[-97.9263,17.0494],[-97.9192,17.0479],[-97.9151,17.047],[-97.9092,17.0487],[-97.8911,17.0459],[-97.876,17.0618],[-97.874,17.0954],[-97.8822,17.0931],[-97.8929,17.1273],[-97.8814,17.1495],[-97.8821,17.1721],[-97.886,17.177],[-97.8827,17.183],[-97.8919,17.1785],[-97.8999,17.1799],[-97.9158,17.2024],[-97.8948,17.2338],[-97.9268,17.2637],[-97.9466,17.3018],[-97.9441,17.3168],[-97.9116,17.3297],[-97.9029,17.3493],[-97.9351,17.3356],[-97.9402,17.3464],[-97.9602,17.3599],[-97.9836,17.39],[-97.9962,17.3924]]]},"properties":{"CVE_ENT":"20","CVE_MUN":"469","CVEGEO":"20469","NOMGEO":"Santiago Juxtlahuaca"}},
{"type":"Feature","geometry":{"type":"Polygon","coordinates":[[[-95.5428,16.6066],[-95.5593,16.6218],[-95.5743,16.6457],[-95.6207,16.6785],[-95.6646,16.6895],[-95.6516,16.6718],[-95.6613,16.6486],[-95.6765,16.6376],[-95.6783,16.612],[-95.5892,16.5605],[-95.5428,16.6066]]]},"properties":{"CVE_ENT":"20","CVE_MUN":"440","CVEGEO":"20440","NOMGEO":"Santa María Totolapilla"}},
{"type":"Feature","geometry":{"type":"Polygon","coordinates":[[[-95.2413,16.9857],[-95.2556,16.9841],[-95.2683,16.9917],[-95.2944,16.9836],[-95.312,16.9832],[-95.3157,16.9586],[-95.324,16.9491],[-95.2954,16.916],[-95.2843,16.8942],[-95.2435,16.7758],[-95.2354,16.7254],[-95.1997,16.7117],[-95.1622,16.7112],[-95.1455,16.7582],[-95.1679,16.7662],[-95.1354,16.7924],[-95.1321,16.8084],[-95.1389,16.825],[-95.1752,16.8856],[-95.1507,16.8884],[-95.1554,16.9128],[-95.1401,16.9119],[-95.1328,16.9074],[-95.13,16.9076],[-95.1301,16.9086],[-95.1297,16.9093],[-95.1661,16.9271],[-95.2177,16.9335],[-95.2413,16.9857]]]},"properties":{"CVE_ENT":"20","CVE_MUN":"513","CVEGEO":"20513","NOMGEO":"Santo Domingo Petapa"}},
{"type":"Feature","geometry":{"type":"Polygon","coordinates":[[[-96.3196,18.3583],[-96.3721,18.3466],[-96.3817,18.3558],[-96.3912,18.3806],[-96.411,18.3812],[-96.4171,18.3948],[-96.437,18.3979],[-96.4402,18.3883],[-96.4168,18.3696],[-96.4226,18.3635],[-96.4664,18.3979],[-96.4742,18.3882],[-96.4209,18.322],[-96.4367,18.3146],[-96.4469,18.3004],[-96.476,18.3331],[-96.5116,18.3577],[-96.5118,18.3756],[-96.535,18.3824],[-96.5439,18.3779],[-96.546,18.3506],[-96.5531,18.3332],[-96.577,18.3177],[-96.6227,18.344],[-96.6311,18.3533],[-96.6612,18.3583],[-96.6686,18.3509],[-96.6481,18.3366],[-96.6411,18.322],[-96.6269,18.3119],[-96.6131,18.3132],[-96.5963,18.2977],[-96.6109,18.2754],[-96.5951,18.2674],[-96.6237,18.2198],[-96.6133,18.2088],[-96.5852,18.2097],[-96.5806,18.22],[-96.5327,18.1903],[-96.5103,18.1679],[-96.5014,18.1645],[-96.4894,18.1355],[-96.4958,18.1243],[-96.4692,18.1237],[-96.4742,18.1128],[-96.4469,18.1008],[-96.4359,18.1163],[-96.4176,18.1231],[-96.3883,18.154],[-96.3593,18.1362],[-96.3182,18.1617],[-96.296,18.1468],[-96.2864,18.1675],[-96.2757,18.1678],[-96.2737,18.1995],[-96.2554,18.2077],[-96.2689,18.2247],[-96.2687,18.2284],[-96.2664,18.2425],[-96.2685,18.2462],[-96.2815,18.2584],[-96.3025,18.2728],[-96.3107,18.2863],[-96.3018,18.318],[-96.3135,18.3281],[-96.3196,18.3583]]]},"properties":{"CVE_ENT":"20","CVE_MUN":"278","CVEGEO":"20278","NOMGEO":"San Miguel Soyaltepec"}},
{"type":"Feature","geometry":{"type":"Polygon","coordinates":[[[-96.0717,17.5864],[-96.0997,17.6101],[-96.1275,17.6234],[-96.0937,17.6259],[-96.0923,17.6425],[-96.1189,17.6564],[-96.1174,17.6684],[-96.136,17.6614],[-96.1247,17.6548],[-96.1333,17.6383],[-96.1462,17.6405],[-96.1624,17.6143],[-96.18,17.5708],[-96.1876,17.5671],[-96.2142,17.5712],[-96.2289,17.5663],[-96.2344,17.5431],[-96.2601,17.538],[-96.2739,17.5298],[-96.2836,17.4989],[-96.2683,17.484],[-96.2484,17.4678],[-96.2399,17.4484],[-96.2186,17.4237],[-96.1863,17.4357],[-96.1602,17.4284],[-96.1677,17.46],[-96.1396,17.4543],[-96.1263,17.4421],[-96.1144,17.4471],[-96.1007,17.4665],[-96.1009,17.4843],[-96.0885,17.5008],[-96.0975,17.5138],[-96.0959,17.5275],[-96.0763,17.5653],[-96.0717,17.5864]]]},"properties":{"CVE_ENT":"20","CVE_MUN":"457","CVEGEO":"20457","NOMGEO":"Santiago Camotlán"}},
{"type":"Feature","geometry":{"type":"Polygon","coordinates":[[[-98.1879,16.4719],[-98.1972,16.4773],[-98.2079,16.4759],[-98.2126,16.4591],[-98.2069,16.4393],[-98.2166,16.4366],[-98.2203,16.4057],[-98.1978,16.3874],[-98.2008,16.373],[-98.2378,16.3467],[-98.2382,16.3407],[-98.2957,16.3574],[-98.3094,16.3528],[-98.3232,16.3125],[-98.3283,16.2578],[-98.2812,16.2495],[-98.2256,16.2367],[-98.1927,16.2219],[-98.1837,16.2119],[-98.1363,16.1927],[-98.0858,16.1684],[-97.9897,16.1152],[-97.9949,16.1296],[-97.9725,16.1565],[-97.9653,16.1792],[-97.9716,16.1933],[-97.9618,16.2209],[-97.9672,16.2478],[-98.0074,16.2854],[-98.0027,16.3029],[-97.9861,16.3146],[-97.9739,16.2996],[-97.9512,16.3137],[-97.9758,16.3363],[-97.9846,16.3307],[-98.0015,16.3419],[-97.9834,16.3556],[-98.0077,16.3873],[-97.9933,16.4098],[-98.0101,16.4227],[-98.0182,16.4145],[-98.0353,16.3997],[-98.0624,16.3932],[-98.1096,16.3974],[-98.1544,16.4291],[-98.157,16.4511],[-98.1941,16.4521],[-98.1879,16.4719]]]},"properties":{"CVE_ENT":"20","CVE_MUN":"482","CVEGEO":"20482","NOMGEO":"Santiago Pinotepa Nacional"}},
{"type":"Feature","geometry":{"type":"Polygon","coordinates":[[[-97.2326,17.0357],[-97.2449,17.0506],[-97.2541,17.0755],[-97.2641,17.0657],[-97.2885,17.0278],[-97.3069,17.0257],[-97.3214,17.0392],[-97.3186,17.0148],[-97.3216,16.9923],[-97.3143,16.972],[-97.3226,16.9502],[-97.3007,16.9518],[-97.2409,16.9304],[-97.248,16.9422],[-97.2357,16.9569],[-97.2339,16.9854],[-97.2677,16.9967],[-97.2337,17.0061],[-97.2282,17.0149],[-97.2326,17.0357]]]},"properties":{"CVE_ENT":"20","CVE_MUN":"329","CVEGEO":"20329","NOMGEO":"San Pedro Teozacoalco"}},
{"type":"Feature","geometry":{"type":"Polygon","coordinates":[[[-96.5167,18.0206],[-96.5492,18.0382],[-96.6088,18.0316],[-96.6133,18.0449],[-96.6303,18.0458],[-96.6421,18.0182],[-96.7095,18.0058],[-96.7227,17.9865],[-96.7283,17.9583],[-96.7144,17.9468],[-96.7099,17.9265],[-96.6914,17.9161],[-96.6758,17.9162],[-96.6694,17.9307],[-96.6954,17.9466],[-96.6964,17.9643],[-96.6747,17.9764],[-96.6557,17.966],[-96.6264,17.9589],[-96.6121,17.9608],[-96.5952,17.9459],[-96.5806,17.9523],[-96.5715,17.9685],[-96.5558,17.9743],[-96.5529,18.0028],[-96.5244,17.9993],[-96.5167,18.0206]]]},"properties":{"CVE_ENT":"20","CVE_MUN":"330","CVEGEO":"20330","NOMGEO":"San Pedro Teutila"}},
{"type":"Feature","geometry":{"type":"Polygon","coordinates":[[[-96.3074,16.4479],[-96.3368,16.4575],[-96.3762,16.4372],[-96.3855,16.4193],[-96.3721,16.4174],[-96.3548,16.3817],[-96.3619,16.3591],[-96.3526,16.3296],[-96.3322,16.3496],[-96.3079,16.3539],[-96.3038,16.3615],[-96.3053,16.3742],[-96.2955,16.392],[-96.293,16.4011],[-96.3101,16.4295],[-96.3074,16.4479]]]},"properties":{"CVE_ENT":"20","CVE_MUN":"170","CVEGEO":"20170","NOMGEO":"San José Lachiguiri"}},
{"type":"Feature","geometry":{"type":"Polygon","coordinates":[[[-98.0843,17.6445],[-98.1131,17.6547],[-98.1235,17.6854],[-98.1367,17.6798],[-98.1467,17.6827],[-98.1672,17.6714],[-98.1551,17.6532],[-98.1542,17.6366],[-98.1225,17.6181],[-98.1296,17.5853],[-98.1377,17.5662],[-98.1094,17.5697],[-98.0966,17.5991],[-98.0988,17.6135],[-98.0927,17.6364],[-98.0843,17.6445]]]},"properties":{"CVE_ENT":"20","CVE_MUN":"230","CVEGEO":"20230","NOMGEO":"San Lorenzo Victoria"}},
{"type":"Feature","geometry":{"type":"Polygon","coordinates":[[[-96.2944,18.3124],[-96.3018,18.318],[-96.3107,18.2863],[-96.3025,18.2728],[-96.2815,18.2584],[-96.2685,18.2462],[-96.2664,18.2425],[-96.2687,18.2284],[-96.2689,18.2247],[-96.2554,18.2077],[-96.2737,18.1995],[-96.2757,18.1678],[-96.2864,18.1675],[-96.296,18.1468],[-96.2758,18.127],[-96.2687,18.1122],[-96.3131,18.089],[-96.28,18.0399],[-96.2544,18.0437],[-96.2422,18.026],[-96.2427,18.0147],[-96.2638,18.005],[-96.2519,17.9709],[-96.2398,17.9728],[-96.2496,17.994],[-96.2089,17.9805],[-96.2016,17.9942],[-96.1948,18.0069],[-96.1779,17.9945],[-96.157,18.0063],[-96.1316,18.0043],[-96.1299,17.9875],[-96.1012,17.9636],[-96.101,17.9319],[-96.091,17.9201],[-96.0699,17.933],[-96.055,17.9287],[-96.0453,17.9097],[-96.0266,17.8999],[-96.0305,17.8901],[-95.9911,17.8536],[-95.9761,17.8531],[-95.9693,17.829],[-95.9416,17.7938],[-95.9228,17.7834],[-95.9134,17.79],[-95.8664,17.8208],[-95.8589,17.8445],[-95.8485,17.8481],[-95.8682,17.8603],[-95.8956,17.8561],[-95.9049,17.8749],[-95.8885,17.8818],[-95.9023,17.8948],[-95.9244,17.8974],[-95.9233,17.9095],[-95.9426,17.9116],[-95.9517,17.941],[-95.9497,17.9714],[-95.9676,18.0046],[-95.9888,18.0234],[-95.9791,18.0437],[-95.9856,18.049],[-95.9861,18.0838],[-95.9736,18.0823],[-95.9729,18.1182],[-95.9785,18.1203],[-95.976,18.1347],[-95.9777,18.1413],[-95.9792,18.1463],[-95.9793,18.1467],[-95.9906,18.1512],[-96.0277,18.1334],[-96.0411,18.1385],[-96.0664,18.1316],[-96.0839,18.1618],[-96.1143,18.1641],[-96.1241,18.1404],[-96.1497,18.1316],[-96.1797,18.1406],[-96.1883,18.1513],[-96.1864,18.1672],[-96.1691,18.1721],[-96.1714,18.1864],[-96.2031,18.1749],[-96.2175,18.162],[-96.231,18.1897],[-96.2683,18.2255],[-96.2661,18.2385],[-96.2658,18.2431],[-96.2668,18.2457],[-96.2867,18.2641],[-96.2737,18.2757],[-96.2775,18.2937],[-96.2944,18.3124]]]},"properties":{"CVE_ENT":"20","CVE_MUN":"184","CVEGEO":"20184","NOMGEO":"San Juan Bautista Tuxtepec"}},
{"type":"Feature","geometry":{"type":"Polygon","coordinates":[[[-96.6027,17.7331],[-96.6158,17.7402],[-96.6238,17.7657],[-96.6487,17.7604],[-96.6718,17.7883],[-96.6797,17.7547],[-96.6721,17.7457],[-96.6857,17.7272],[-96.6603,17.7136],[-96.6331,17.7159],[-96.6426,17.7012],[-96.6563,17.6958],[-96.6737,17.7091],[-96.694,17.7073],[-96.7044,17.6654],[-96.695,17.6668],[-96.6716,17.6477],[-96.6407,17.6024],[-96.6544,17.586],[-96.6591,17.5714],[-96.651,17.5602],[-96.62,17.5582],[-96.5899,17.5633],[-96.5854,17.5708],[-96.5811,17.5905],[-96.5697,17.598],[-96.5221,17.6188],[-96.5225,17.6328],[-96.5483,17.6356],[-96.5924,17.6339],[-96.6129,17.6159],[-96.6182,17.6444],[-96.6068,17.6463],[-96.5685,17.6705],[-96.5758,17.6905],[-96.6051,17.7092],[-96.6027,17.7331]]]},"properties":{"CVE_ENT":"20","CVE_MUN":"214","CVEGEO":"20214","NOMGEO":"San Juan Quiotepec"}},
{"type":"Feature","geometry":{"type":"Polygon","coordinates":[[[-96.7154,17.8271],[-96.7453,17.8313],[-96.7768,17.8186],[-96.7993,17.7682],[-96.7818,17.75],[-96.7891,17.7367],[-96.8162,17.7508],[-96.8313,17.7648],[-96.8492,17.7539],[-96.8698,17.7538],[-96.8798,17.7298],[-96.8745,17.6973],[-96.863,17.6998],[-96.8548,17.6737],[-96.8362,17.6779],[-96.8285,17.6675],[-96.81,17.665],[-96.8013,17.6805],[-96.7708,17.6763],[-96.7519,17.6916],[-96.7304,17.6773],[-96.7188,17.6814],[-96.7044,17.6654],[-96.694,17.7073],[-96.6737,17.7091],[-96.6563,17.6958],[-96.6426,17.7012],[-96.6331,17.7159],[-96.6603,17.7136],[-96.6857,17.7272],[-96.6721,17.7457],[-96.6797,17.7547],[-96.6718,17.7883],[-96.697,17.7919],[-96.7154,17.8271]]]},"properties":{"CVE_ENT":"20","CVE_MUN":"220","CVEGEO":"20220","NOMGEO":"San Juan Tepeuxila"}},
{"type":"Feature","geometry":{"type":"Polygon","coordinates":[[[-96.4632,17.2898],[-96.4791,17.2932],[-96.4905,17.2719],[-96.4717,17.2709],[-96.47,17.256],[-96.4834,17.2392],[-96.47,17.2185],[-96.4664,17.1968],[-96.4702,17.171],[-96.4588,17.1541],[-96.4691,17.1426],[-96.4721,17.1259],[-96.4672,17.107],[-96.445,17.124],[-96.4087,17.145],[-96.4292,17.1493],[-96.4402,17.1798],[-96.4487,17.1869],[-96.452,17.2239],[-96.4608,17.2465],[-96.4462,17.2615],[-96.4361,17.2593],[-96.4382,17.2784],[-96.4596,17.2881],[-96.4632,17.2898]]]},"properties":{"CVE_ENT":"20","CVE_MUN":"262","CVEGEO":"20262","NOMGEO":"San Miguel Amatlán"}},
{"type":"Feature","geometry":{"type":"Polygon","coordinates":[[[-95.9672,15.9375],[-95.9942,15.9542],[-95.9979,15.9658],[-96.0019,16.0256],[-96.0101,16.0035],[-96.034,16.0048],[-96.0509,15.9941],[-96.0614,16.0382],[-96.0456,16.0368],[-96.0314,16.0474],[-96.0204,16.076],[-96.0509,16.0917],[-96.0919,16.0976],[-96.1194,16.1142],[-96.1339,16.0958],[-96.1318,16.0756],[-96.1361,16.0591],[-96.1499,16.0429],[-96.167,16.0347],[-96.1324,16.0304],[-96.1182,16.0075],[-96.1173,15.997],[-96.1372,15.9876],[-96.1483,15.9598],[-96.1785,15.9718],[-96.2064,15.9496],[-96.2312,15.965],[-96.2448,15.9534],[-96.2362,15.9441],[-96.2468,15.9161],[-96.2475,15.8796],[-96.2417,15.872],[-96.2167,15.8673],[-96.1121,15.8704],[-96.1086,15.8478],[-96.0669,15.8251],[-96.0638,15.8128],[-96.0504,15.8047],[-96.0443,15.7934],[-96.031,15.792],[-96.0034,15.8081],[-96.0148,15.8701],[-96.0095,15.8994],[-95.9817,15.9196],[-95.9672,15.9375]]]},"properties":{"CVE_ENT":"20","CVE_MUN":"266","CVEGEO":"20266","NOMGEO":"San Miguel del Puerto"}},
{"type":"Feature","geometry":{"type":"Polygon","coordinates":[[[-94.0456,16.695],[-94.0443,16.7122],[-94.2211,16.714],[-94.6048,16.7172],[-94.6668,16.7253],[-94.7487,16.7508],[-94.8112,16.7728],[-94.8215,16.7708],[-94.8354,16.7486],[-94.8225,16.7258],[-94.827,16.7053],[-94.8115,16.6885],[-94.8136,16.6704],[-94.8299,16.6707],[-94.849,16.6312],[-94.8343,16.619],[-94.7981,16.6158],[-94.7551,16.6119],[-94.7536,16.6255],[-94.7596,16.6523],[-94.6951,16.6399],[-94.6689,16.6382],[-94.6645,16.6456],[-94.6358,16.6441],[-94.6371,16.6299],[-94.4901,16.6],[-94.4798,16.6376],[-94.4684,16.6382],[-94.464,16.5948],[-94.4157,16.5852],[-94.4234,16.5711],[-94.4042,16.5767],[-94.3779,16.5643],[-94.3587,16.5857],[-94.3161,16.597],[-94.3129,16.5729],[-94.2688,16.5859],[-94.2702,16.5522],[-94.2451,16.5706],[-94.2334,16.558],[-94.1987,16.5449],[-94.1862,16.5084],[-94.1309,16.5075],[-94.1335,16.476],[-94.0456,16.695]]]},"properties":{"CVE_ENT":"20","CVE_MUN":"265","CVEGEO":"20265","NOMGEO":"San Miguel Chimalapa"}},
{"type":"Feature","geometry":{"type":"Polygon","coordinates":[[[-96.9003,15.9895],[-96.9152,15.994],[-96.9274,15.9887],[-96.9636,15.9857],[-96.9983,15.9879],[-96.9978,16.0174],[-97.0116,16.005],[-97.0403,16.0031],[-97.0635,16.0096],[-97.1018,16.0132],[-97.1217,16.025],[-97.14,16.0169],[-97.1429,16.0033],[-97.179,15.9834],[-97.2106,15.9227],[-97.166,15.9074],[-97.1247,15.8866],[-97.1036,15.869],[-97.0754,15.8559],[-97.0623,15.8602],[-97.0499,15.884],[-97.0152,15.9049],[-97.0117,15.9215],[-96.9956,15.9186],[-96.9776,15.9303],[-96.8949,15.9687],[-96.9003,15.9895]]]},"properties":{"CVE_ENT":"20","CVE_MUN":"318","CVEGEO":"20318","NOMGEO":"San Pedro Mixtepec"}},
{"type":"Feature","geometry":{"type":"Polygon","coordinates":[[[-94.1391,16.4618],[-94.1995,16.4841],[-94.2072,16.4454],[-94.2372,16.4262],[-94.2498,16.4378],[-94.2589,16.4327],[-94.2751,16.4009],[-94.2735,16.3806],[-94.2863,16.3548],[-94.314,16.3348],[-94.3421,16.3426],[-94.3642,16.3386],[-94.3699,16.2992],[-94.4148,16.2855],[-94.4181,16.2742],[-94.4094,16.2599],[-94.4181,16.2383],[-94.4275,16.2462],[-94.4409,16.237],[-94.4432,16.2167],[-94.4185,16.1956],[-94.3726,16.1719],[-94.3639,16.1733],[-94.3274,16.1616],[-94.2851,16.1437],[-94.2494,16.1466],[-94.217,16.1356],[-94.2044,16.1521],[-94.1693,16.1356],[-94.153,16.1231],[-94.1064,16.1509],[-94.1028,16.1425],[-94.1096,16.1791],[-94.0954,16.1855],[-94.0485,16.2162],[-94.0385,16.2302],[-94.0351,16.2483],[-94.0435,16.2557],[-94.033,16.2759],[-94.0507,16.3297],[-94.1025,16.4075],[-94.1391,16.4618]],[[-94.1868,16.3104],[-94.1841,16.3019],[-94.1994,16.241],[-94.229,16.2448],[-94.214,16.2973],[-94.1868,16.3104]]]},"properties":{"CVE_ENT":"20","CVE_MUN":"327","CVEGEO":"20327","NOMGEO":"San Pedro Tapanatepec"}},
{"type":"Feature","geometry":{"type":"Polygon","coordinates":[[[-97.5101,17.7964],[-97.5208,17.7869],[-97.5095,17.7565],[-97.4801,17.769],[-97.4783,17.7808],[-97.4869,17.7777],[-97.5101,17.7964]]]},"properties":{"CVE_ENT":"20","CVE_MUN":"556","CVEGEO":"20556","NOMGEO":"La Trinidad Vista Hermosa"}},
{"type":"Feature","geometry":{"type":"Polygon","coordinates":[[[-94.886,16.8356],[-94.8954,16.8275],[-94.9226,16.8548],[-95.0186,16.7737],[-94.9982,16.7525],[-95.0137,16.726],[-95.0438,16.7051],[-95.001,16.6813],[-95.0176,16.648],[-95.0008,16.6317],[-95.0214,16.5806],[-95.0599,16.5356],[-95.1199,16.5175],[-95.1563,16.5192],[-95.1596,16.5489],[-95.1869,16.5525],[-95.2023,16.5355],[-95.1826,16.5388],[-95.183,16.5138],[-95.1752,16.5001],[-95.1627,16.4998],[-95.1283,16.4847],[-95.1198,16.4678],[-95.1198,16.4408],[-95.1198,16.4339],[-95.0858,16.4337],[-95.062,16.4879],[-95.0223,16.4999],[-95.0072,16.5128],[-94.9818,16.5132],[-94.9766,16.5237],[-94.9692,16.5386],[-94.9761,16.5545],[-94.9701,16.5681],[-94.9536,16.5708],[-94.914,16.5907],[-94.8764,16.5764],[-94.8766,16.6093],[-94.8343,16.619],[-94.849,16.6312],[-94.8299,16.6707],[-94.8136,16.6704],[-94.8115,16.6885],[-94.827,16.7053],[-94.8225,16.7258],[-94.8354,16.7486],[-94.8215,16.7708],[-94.8112,16.7728],[-94.808,16.7851],[-94.8177,16.8042],[-94.8319,16.8126],[-94.8436,16.8024],[-94.8667,16.8123],[-94.886,16.8356]]]},"properties":{"CVE_ENT":"20","CVE_MUN":"005","CVEGEO":"20005","NOMGEO":"Asunción Ixtaltepec"}},
{"type":"Feature","geometry":{"type":"Polygon","coordinates":[[[-96.05,16.9874],[-96.07,16.9882],[-96.0798,16.9679],[-96.0819,16.9507],[-96.1088,16.9535],[-96.1068,16.984],[-96.128,16.9824],[-96.1513,16.9596],[-96.171,16.9604],[-96.1565,16.9372],[-96.1403,16.9205],[-96.1261,16.9195],[-96.1117,16.9076],[-96.09,16.8983],[-96.0171,16.8799],[-95.9824,16.8915],[-95.9869,16.8972],[-96.0405,16.926],[-96.0264,16.9429],[-96.0232,16.9655],[-96.0451,16.9619],[-96.0524,16.9715],[-96.05,16.9874]]]},"properties":{"CVE_ENT":"20","CVE_MUN":"517","CVEGEO":"20517","NOMGEO":"Santo Domingo Tepuxtepec"}},
{"type":"Feature","geometry":{"type":"Polygon","coordinates":[[[-96.7628,16.9637],[-96.78,16.9646],[-96.8107,16.9763],[-96.8103,16.9961],[-96.8241,17.0211],[-96.8401,17.0085],[-96.8333,16.9906],[-96.8457,16.9841],[-96.8591,16.9619],[-96.8449,16.9652],[-96.8416,16.9503],[-96.828,16.9422],[-96.7934,16.9465],[-96.7694,16.9453],[-96.7721,16.9312],[-96.752,16.9234],[-96.7563,16.9072],[-96.7449,16.9083],[-96.7394,16.929],[-96.7245,16.9249],[-96.7147,16.9068],[-96.7005,16.9011],[-96.6872,16.8864],[-96.6758,16.9181],[-96.6617,16.9161],[-96.6613,16.9235],[-96.6848,16.9308],[-96.7261,16.9471],[-96.7283,16.9614],[-96.7326,16.9658],[-96.7472,16.972],[-96.7628,16.9637]]]},"properties":{"CVE_ENT":"20","CVE_MUN":"565","CVEGEO":"20565","NOMGEO":"Villa de Zaachila"}},
{"type":"Feature","geometry":{"type":"Polygon","coordinates":[[[-96.249,17.2323],[-96.2534,17.2366],[-96.2661,17.227],[-96.2547,17.2001],[-96.2393,17.1966],[-96.238,17.2252],[-96.249,17.2323]]]},"properties":{"CVE_ENT":"20","CVE_MUN":"503","CVEGEO":"20503","NOMGEO":"Santiago Zoochila"}},
{"type":"Feature","geometry":{"type":"Polygon","coordinates":[[[-97.5431,16.9261],[-97.5578,16.9535],[-97.5763,16.9592],[-97.5791,16.9487],[-97.6027,16.9555],[-97.6143,16.9424],[-97.6371,16.9372],[-97.6429,16.9195],[-97.6161,16.8444],[-97.6038,16.7987],[-97.5757,16.7686],[-97.5745,16.7396],[-97.5529,16.7264],[-97.5422,16.7431],[-97.5277,16.7518],[-97.5147,16.7833],[-97.4896,16.803],[-97.4517,16.8121],[-97.38,16.8144],[-97.3671,16.8275],[-97.3834,16.8641],[-97.408,16.8679],[-97.4527,16.8769],[-97.5114,16.8722],[-97.4988,16.8879],[-97.4737,16.8859],[-97.4592,16.8948],[-97.5024,16.9048],[-97.5114,16.8858],[-97.5297,16.8838],[-97.5435,16.9038],[-97.5431,16.9261]]]},"properties":{"CVE_ENT":"20","CVE_MUN":"500","CVEGEO":"20500","NOMGEO":"Santiago Yosondúa"}},
{"type":"Feature","geometry":{"type":"Polygon","coordinates":[[[-96.5582,16.4794],[-96.5863,16.4763],[-96.6058,16.4594],[-96.6282,16.4724],[-96.6435,16.4688],[-96.6603,16.473],[-96.7032,16.4951],[-96.7371,16.4785],[-96.735,16.4707],[-96.7316,16.4587],[-96.7178,16.4581],[-96.7135,16.4405],[-96.7249,16.4249],[-96.7104,16.4177],[-96.7042,16.449],[-96.688,16.4638],[-96.6699,16.4562],[-96.6728,16.4362],[-96.683,16.4224],[-96.6988,16.4388],[-96.7044,16.4158],[-96.697,16.4018],[-96.6847,16.3834],[-96.6532,16.3715],[-96.6331,16.413],[-96.6236,16.4098],[-96.6123,16.3723],[-96.6165,16.35],[-96.6383,16.3296],[-96.6281,16.3294],[-96.6251,16.2969],[-96.6379,16.2834],[-96.6446,16.2668],[-96.6684,16.2616],[-96.6761,16.291],[-96.6983,16.2723],[-96.7189,16.2873],[-96.7128,16.2981],[-96.7352,16.3045],[-96.7423,16.2963],[-96.7632,16.3352],[-96.7872,16.3162],[-96.7952,16.3318],[-96.817,16.3414],[-96.8517,16.3303],[-96.862,16.3179],[-96.8557,16.3109],[-96.8683,16.2907],[-96.8408,16.2927],[-96.834,16.2862],[-96.8001,16.2503],[-96.7761,16.2517],[-96.7614,16.2366],[-96.7387,16.2356],[-96.7139,16.2415],[-96.6954,16.2526],[-96.6591,16.2361],[-96.6579,16.227],[-96.6367,16.2463],[-96.6105,16.2649],[-96.5964,16.2802],[-96.5703,16.2801],[-96.5519,16.2891],[-96.5349,16.2514],[-96.5289,16.2408],[-96.4883,16.2509],[-96.5087,16.2719],[-96.5092,16.2924],[-96.5297,16.3007],[-96.5294,16.3118],[-96.5113,16.3135],[-96.5051,16.3246],[-96.4958,16.3458],[-96.4786,16.3486],[-96.4525,16.3129],[-96.4363,16.3198],[-96.4298,16.3494],[-96.4541,16.3468],[-96.4848,16.3539],[-96.5211,16.3564],[-96.5168,16.3452],[-96.5281,16.322],[-96.54,16.3244],[-96.5444,16.3523],[-96.559,16.3634],[-96.5573,16.3784],[-96.5402,16.4123],[-96.5352,16.4532],[-96.5522,16.4632],[-96.5582,16.4794]]]},"properties":{"CVE_ENT":"20","CVE_MUN":"059","CVEGEO":"20059","NOMGEO":"Miahuatlán de Porfirio Díaz"}},
{"type":"Feature","geometry":{"type":"Polygon","coordinates":[[[-96.8889,17.9336],[-96.9211,17.9446],[-96.9361,17.9362],[-96.9641,17.9302],[-96.9718,17.9173],[-96.9854,17.9167],[-97.002,17.9259],[-97.0198,17.9023],[-97.0309,17.8954],[-97.0117,17.8697],[-97.0481,17.864],[-97.0674,17.8557],[-97.0913,17.8386],[-97.1084,17.8108],[-97.1362,17.7998],[-97.1362,17.7895],[-97.1147,17.779],[-97.1,17.7915],[-97.0733,17.7985],[-97.0526,17.7902],[-97.0277,17.8024],[-97.0025,17.8251],[-96.9842,17.7933],[-96.96,17.7843],[-96.9482,17.7549],[-96.9458,17.7345],[-96.961,17.7343],[-96.969,17.722],[-96.9812,17.7174],[-97.0128,17.6493],[-97.0427,17.6441],[-97.0415,17.587],[-97.0349,17.5538],[-97.0414,17.5348],[-97.0217,17.5151],[-96.9954,17.5064],[-96.9936,17.5224],[-97.0155,17.5403],[-97.0101,17.5511],[-96.9933,17.546],[-96.9874,17.556],[-97.008,17.5667],[-96.9995,17.5894],[-96.9788,17.6035],[-96.9475,17.6162],[-96.946,17.6013],[-96.8779,17.5889],[-96.8806,17.6221],[-96.8677,17.6588],[-96.8548,17.6737],[-96.863,17.6998],[-96.8745,17.6973],[-96.8798,17.7298],[-96.8698,17.7538],[-96.8825,17.7529],[-96.9035,17.7624],[-96.9298,17.7849],[-96.926,17.7944],[-96.9422,17.8048],[-96.9364,17.8168],[-96.9431,17.8212],[-96.9494,17.8697],[-96.9272,17.9057],[-96.894,17.904],[-96.8768,17.9128],[-96.864,17.928],[-96.8889,17.9336]]]},"properties":{"CVE_ENT":"20","CVE_MUN":"177","CVEGEO":"20177","NOMGEO":"San Juan Bautista Cuicatlán"}},
{"type":"Feature","geometry":{"type":"Polygon","coordinates":[[[-97.2309,16.3729],[-97.2623,16.3752],[-97.2845,16.3887],[-97.3046,16.394],[-97.3097,16.3872],[-97.3074,16.3746],[-97.3221,16.3466],[-97.3178,16.3314],[-97.2947,16.3444],[-97.2897,16.3313],[-97.2955,16.3187],[-97.2638,16.3154],[-97.242,16.3228],[-97.2406,16.3119],[-97.2565,16.2961],[-97.2575,16.2848],[-97.3238,16.2677],[-97.3253,16.2298],[-97.3586,16.2331],[-97.36,16.2248],[-97.3831,16.2159],[-97.3915,16.2266],[-97.4073,16.2282],[-97.4255,16.2113],[-97.398,16.1883],[-97.3834,16.1637],[-97.3907,16.1462],[-97.404,16.1284],[-97.3917,16.1107],[-97.4062,16.0789],[-97.4155,16.0502],[-97.4069,16.0059],[-97.3794,15.9653],[-97.3596,15.9876],[-97.3506,15.9792],[-97.3213,15.9899],[-97.3206,16.0043],[-97.2957,16.0086],[-97.2889,16.0238],[-97.2691,16.028],[-97.2631,16.0189],[-97.2266,16.0514],[-97.2407,16.0775],[-97.2487,16.1104],[-97.2579,16.1106],[-97.2601,16.146],[-97.2432,16.1543],[-97.2509,16.176],[-97.2688,16.192],[-97.2684,16.2055],[-97.2773,16.224],[-97.2164,16.2389],[-97.2163,16.2465],[-97.2033,16.249],[-97.1845,16.2413],[-97.1814,16.2554],[-97.1423,16.2786],[-97.1435,16.3506],[-97.158,16.3566],[-97.1741,16.3537],[-97.2037,16.3642],[-97.2124,16.3607],[-97.2309,16.3729]]]},"properties":{"CVE_ENT":"20","CVE_MUN":"364","CVEGEO":"20364","NOMGEO":"Santa Catarina Juquila"}},
{"type":"Feature","geometry":{"type":"MultiPolygon","coordinates":[[[[-95.171,17.3107],[-95.1791,17.3103],[-95.1925,17.311],[-95.1895,17.2941],[-95.195,17.2782],[-95.248,17.2796],[-95.2482,17.308],[-95.2658,17.3117],[-95.2749,17.2452],[-95.2616,17.2385],[-95.2343,17.2366],[-95.2257,17.2445],[-95.198,17.2476],[-95.1925,17.2335],[-95.2189,17.2354],[-95.2022,17.2118],[-95.2018,17.1983],[-95.2199,17.1916],[-95.2689,17.1972],[-95.2692,17.208],[-95.3005,17.2074],[-95.297,17.1489],[-95.2806,17.1496],[-95.282,17.1737],[-95.2484,17.1703],[-95.2459,17.172],[-95.2327,17.1771],[-95.2231,17.1799],[-95.2212,17.183],[-95.1865,17.1918],[-95.1731,17.2037],[-95.176,17.2324],[-95.1758,17.283],[-95.1589,17.2877],[-95.1595,17.3041],[-95.171,17.3107]]],[[[-94.9605,16.9957],[-94.9574,16.979],[-94.941,16.9568],[-94.9536,16.9272],[-94.9809,16.921],[-94.9925,16.9317],[-95.0186,16.9079],[-95.0455,16.9035],[-95.0528,16.8585],[-95.0619,16.8564],[-95.0638,16.8354],[-95.0521,16.8353],[-95.0502,16.8331],[-95.0444,16.8442],[-95.0386,16.8487],[-95.0248,16.8544],[-95.0172,16.848],[-94.9948,16.8499],[-94.9893,16.8585],[-94.9718,16.8596],[-94.9479,16.877],[-94.9159,16.8801],[-94.9034,16.8972],[-94.8933,16.895],[-94.8899,16.898],[-94.8853,16.9007],[-94.8769,16.9083],[-94.8687,16.9101],[-94.8562,16.8943],[-94.8344,16.8956],[-94.8061,16.9071],[-94.7953,16.9038],[-94.7749,16.9124],[-94.7708,16.9283],[-94.775,16.949],[-94.7957,16.9504],[-94.8163,16.9706],[-94.844,16.9874],[-94.8486,17.0007],[-94.882,17.008],[-94.8888,17.0497],[-94.8658,17.0563],[-94.8449,17.0493],[-94.8328,17.0377],[-94.8127,17.0289],[-94.804,17.0446],[-94.781,17.0333],[-94.7773,17.0444],[-94.7424,17.045],[-94.7234,17.0673],[-94.7097,17.0749],[-94.7047,17.0904],[-94.7172,17.0934],[-94.7254,17.1076],[-94.7481,17.1031],[-94.7549,17.1146],[-94.7902,17.1147],[-94.8019,17.1257],[-94.8176,17.1546],[-94.8256,17.179],[-94.8236,17.1888],[-94.9228,17.1938],[-94.915,17.2066],[-94.8954,17.2564],[-94.9097,17.268],[-94.9148,17.2926],[-94.8896,17.2998],[-94.8908,17.3111],[-94.9083,17.3138],[-94.9289,17.3247],[-94.9458,17.3141],[-94.9712,17.331],[-95.0766,17.3729],[-95.1221,17.432],[-95.1438,17.4289],[-95.1389,17.412],[-95.1526,17.4113],[-95.1527,17.4276],[-95.1825,17.4232],[-95.1868,17.3722],[-95.2141,17.3805],[-95.2178,17.3677],[-95.2184,17.3341],[-95.2034,17.3155],[-95.1684,17.3223],[-95.1889,17.3498],[-95.1791,17.3565],[-95.1442,17.3511],[-95.1353,17.3544],[-95.1416,17.3131],[-95.1538,17.3106],[-95.1478,17.2775],[-95.1542,17.2463],[-95.1661,17.2317],[-95.1553,17.2214],[-95.1585,17.1895],[-95.1428,17.1793],[-95.1129,17.1925],[-95.1071,17.1667],[-95.0849,17.1488],[-95.0701,17.1447],[-95.0685,17.128],[-95.0754,17.0992],[-95.0551,17.0952],[-95.0443,17.1062],[-95.0522,17.1192],[-95.0251,17.1169],[-95.0145,17.1205],[-94.9948,17.1045],[-94.9867,17.1196],[-94.9637,17.1399],[-94.9418,17.1129],[-94.959,17.1035],[-94.9651,17.0705],[-94.9804,17.0482],[-94.9776,17.0339],[-94.9536,17.0356],[-94.9436,17.0231],[-94.9469,16.9976],[-94.9605,16.9957]],[[-94.9945,17.2552],[-94.9595,17.2458],[-94.9543,17.2328],[-94.9573,17.2148],[-94.9875,17.2029],[-94.9876,17.2303],[-94.9945,17.2552]]]]},"properties":{"CVE_ENT":"20","CVE_MUN":"057","CVEGEO":"20057","NOMGEO":"Matías Romero Avendaño"}},
{"type":"Feature","geometry":{"type":"Polygon","coordinates":[[[-96.5858,17.375],[-96.6093,17.3671],[-96.648,17.3758],[-96.6697,17.4022],[-96.6701,17.3897],[-96.6874,17.3753],[-96.7236,17.3608],[-96.7338,17.3551],[-96.7196,17.3294],[-96.7137,17.3043],[-96.7474,17.2835],[-96.7272,17.2496],[-96.7054,17.2368],[-96.695,17.2448],[-96.6981,17.2562],[-96.6882,17.2694],[-96.6941,17.2834],[-96.6817,17.2976],[-96.6563,17.3056],[-96.6183,17.3247],[-96.593,17.3199],[-96.5885,17.3367],[-96.5762,17.3498],[-96.5858,17.375]]]},"properties":{"CVE_ENT":"20","CVE_MUN":"544","CVEGEO":"20544","NOMGEO":"Teococuilco de Marcos Pérez"}},
{"type":"Feature","geometry":{"type":"Polygon","coordinates":[[[-95.7568,16.407],[-95.8086,16.4172],[-95.8449,16.4388],[-95.8451,16.3886],[-95.8516,16.3844],[-95.8959,16.2904],[-95.9127,16.2797],[-95.9284,16.3046],[-95.9285,16.3145],[-95.9455,16.3284],[-95.9432,16.3559],[-95.9573,16.3569],[-95.98,16.3353],[-95.9606,16.3131],[-95.9834,16.2934],[-96.0095,16.2592],[-96.0183,16.2627],[-96.0188,16.2399],[-96.0275,16.224],[-96.0141,16.2097],[-95.9648,16.1968],[-95.9352,16.2124],[-95.9397,16.2245],[-95.9237,16.2364],[-95.8953,16.2332],[-95.8769,16.2145],[-95.8488,16.2118],[-95.8476,16.2036],[-95.8101,16.1835],[-95.8368,16.177],[-95.8431,16.1638],[-95.9013,16.1415],[-95.9109,16.1251],[-95.935,16.1223],[-95.9247,16.1387],[-95.9576,16.1529],[-95.959,16.1281],[-95.9423,16.1109],[-95.9294,16.1052],[-95.9259,16.0903],[-95.8993,16.0959],[-95.9021,16.1211],[-95.8737,16.1273],[-95.8759,16.1163],[-95.8659,16.0764],[-95.8269,16.0052],[-95.8117,16.0113],[-95.787,16.0375],[-95.7827,16.0513],[-95.7643,16.082],[-95.8052,16.1494],[-95.8058,16.1756],[-95.7918,16.1872],[-95.7908,16.2046],[-95.8097,16.2183],[-95.8121,16.2509],[-95.8046,16.2725],[-95.7954,16.2796],[-95.8282,16.3145],[-95.7627,16.3424],[-95.738,16.3854],[-95.7568,16.407]]]},"properties":{"CVE_ENT":"20","CVE_MUN":"410","CVEGEO":"20410","NOMGEO":"Santa María Ecatepec"}},
{"type":"Feature","geometry":{"type":"Polygon","coordinates":[[[-95.9452,16.995],[-95.9588,16.992],[-95.9745,17.0039],[-95.9839,16.9984],[-95.9983,17.0084],[-96.0147,17.0049],[-96.0222,16.9928],[-96.0114,16.9671],[-96.0232,16.9655],[-96.0264,16.9429],[-96.0405,16.926],[-95.9869,16.8972],[-95.9824,16.8915],[-95.9644,16.8768],[-95.971,16.901],[-95.953,16.9344],[-95.9452,16.995]]]},"properties":{"CVE_ENT":"20","CVE_MUN":"435","CVEGEO":"20435","NOMGEO":"Santa María Tepantlali"}},
{"type":"Feature","geometry":{"type":"Polygon","coordinates":[[[-96.0305,17.8901],[-96.0421,17.8618],[-96.0618,17.8832],[-96.0771,17.8783],[-96.0694,17.8368],[-96.0803,17.8244],[-96.1054,17.8199],[-96.144,17.8269],[-96.148,17.8831],[-96.1397,17.8846],[-96.1519,17.9115],[-96.1628,17.9232],[-96.173,17.9173],[-96.2055,17.9292],[-96.2016,17.9942],[-96.2089,17.9805],[-96.2496,17.994],[-96.2398,17.9728],[-96.2519,17.9709],[-96.2343,17.936],[-96.2311,17.9015],[-96.2808,17.8839],[-96.26,17.8672],[-96.2579,17.8369],[-96.2323,17.827],[-96.2288,17.8018],[-96.2172,17.7894],[-96.1806,17.7814],[-96.1676,17.7869],[-96.1669,17.7946],[-96.1144,17.8021],[-96.0952,17.7812],[-96.0896,17.7636],[-96.0963,17.7506],[-96.0882,17.7424],[-96.0751,17.7641],[-96.0621,17.7606],[-96.0364,17.7798],[-96.011,17.7812],[-96.0017,17.7978],[-95.9715,17.8138],[-95.9639,17.7903],[-95.9416,17.7938],[-95.9693,17.829],[-95.9761,17.8531],[-95.9911,17.8536],[-96.0305,17.8901]]]},"properties":{"CVE_ENT":"20","CVE_MUN":"417","CVEGEO":"20417","NOMGEO":"Santa María Jacatepec"}},
{"type":"Feature","geometry":{"type":"Polygon","coordinates":[[[-96.7023,15.8412],[-96.6997,15.862],[-96.7004,15.9068],[-96.7505,15.8877],[-96.8118,15.894],[-96.8281,15.8273],[-96.8372,15.8171],[-96.8369,15.7988],[-96.8464,15.7806],[-96.8422,15.7436],[-96.8528,15.7372],[-96.839,15.7328],[-96.7981,15.7319],[-96.7474,15.7256],[-96.7017,15.7169],[-96.6584,15.7015],[-96.6103,15.6779],[-96.5717,15.6663],[-96.525,15.6621],[-96.5055,15.6958],[-96.5062,15.7551],[-96.5204,15.7787],[-96.5312,15.8102],[-96.5663,15.7964],[-96.5905,15.7987],[-96.6199,15.7882],[-96.6448,15.7899],[-96.6633,15.7855],[-96.6744,15.7965],[-96.6763,15.8109],[-96.7042,15.8368],[-96.7023,15.8412]]]},"properties":{"CVE_ENT":"20","CVE_MUN":"439","CVEGEO":"20439","NOMGEO":"Santa María Tonameca"}},
{"type":"Feature","geometry":{"type":"Polygon","coordinates":[[[-98.3712,17.63],[-98.4004,17.653],[-98.4035,17.6931],[-98.4409,17.6879],[-98.4548,17.6789],[-98.4707,17.6781],[-98.461,17.6304],[-98.4505,17.6333],[-98.4331,17.623],[-98.4124,17.601],[-98.377,17.6053],[-98.3712,17.63]]]},"properties":{"CVE_ENT":"20","CVE_MUN":"251","CVEGEO":"20251","NOMGEO":"San Mateo Nejápam"}},
{"type":"Feature","geometry":{"type":"Polygon","coordinates":[[[-97.6981,16.443],[-97.7098,16.4638],[-97.7372,16.461],[-97.7569,16.441],[-97.7736,16.4135],[-97.7793,16.387],[-97.7964,16.3578],[-97.7923,16.347],[-97.8333,16.299],[-97.8611,16.296],[-97.8496,16.2661],[-97.878,16.1934],[-97.8839,16.1528],[-97.9068,16.0625],[-97.858,16.0275],[-97.7925,15.9889],[-97.7911,16.0137],[-97.7512,16.0393],[-97.7267,16.0895],[-97.7442,16.1461],[-97.7387,16.1644],[-97.717,16.1934],[-97.7232,16.2025],[-97.6799,16.235],[-97.6619,16.2365],[-97.6401,16.2062],[-97.6244,16.2096],[-97.6244,16.2352],[-97.6127,16.2261],[-97.607,16.2253],[-97.6075,16.2328],[-97.6018,16.2413],[-97.599,16.2437],[-97.5987,16.2592],[-97.6103,16.2577],[-97.6384,16.2652],[-97.6598,16.2522],[-97.7384,16.2418],[-97.7672,16.2536],[-97.765,16.2699],[-97.7745,16.2846],[-97.7874,16.3182],[-97.7777,16.335],[-97.7585,16.3421],[-97.7169,16.3188],[-97.7054,16.3079],[-97.6832,16.3527],[-97.7023,16.3741],[-97.7075,16.4057],[-97.6981,16.443]]]},"properties":{"CVE_ENT":"20","CVE_MUN":"467","CVEGEO":"20467","NOMGEO":"Santiago Jamiltepec"}},
{"type":"Feature","geometry":{"type":"Polygon","coordinates":[[[-96.2311,17.9015],[-96.262,17.9287],[-96.2799,17.922],[-96.3404,17.9704],[-96.3431,17.9926],[-96.3638,17.9867],[-96.3485,17.9621],[-96.3569,17.942],[-96.376,17.9376],[-96.3989,17.9472],[-96.4212,17.8929],[-96.4361,17.8637],[-96.4327,17.8505],[-96.4516,17.8409],[-96.4482,17.8161],[-96.4367,17.8085],[-96.4478,17.7459],[-96.4619,17.7379],[-96.4763,17.718],[-96.4983,17.7113],[-96.5105,17.6418],[-96.5039,17.6519],[-96.4871,17.655],[-96.4822,17.6656],[-96.45,17.6762],[-96.4215,17.6738],[-96.4054,17.6887],[-96.3831,17.6981],[-96.357,17.6946],[-96.3657,17.67],[-96.3163,17.6976],[-96.3043,17.7194],[-96.2823,17.7267],[-96.2676,17.7111],[-96.2537,17.6912],[-96.1851,17.6843],[-96.178,17.6917],[-96.1685,17.7241],[-96.1792,17.7388],[-96.1654,17.753],[-96.1622,17.7666],[-96.1676,17.7869],[-96.1806,17.7814],[-96.2172,17.7894],[-96.2288,17.8018],[-96.2323,17.827],[-96.2579,17.8369],[-96.26,17.8672],[-96.2808,17.8839],[-96.2311,17.9015]]]},"properties":{"CVE_ENT":"20","CVE_MUN":"559","CVEGEO":"20559","NOMGEO":"San Juan Bautista Valle Nacional"}},
{"type":"Feature","geometry":{"type":"Polygon","coordinates":[[[-96.6109,18.2754],[-96.6247,18.2778],[-96.6271,18.2984],[-96.6535,18.2834],[-96.6805,18.2886],[-96.6898,18.2772],[-96.6826,18.2614],[-96.681,18.2508],[-96.6545,18.2254],[-96.6237,18.2198],[-96.5951,18.2674],[-96.6109,18.2754]]]},"properties":{"CVE_ENT":"20","CVE_MUN":"169","CVEGEO":"20169","NOMGEO":"San José Independencia"}},
{"type":"Feature","geometry":{"type":"Polygon","coordinates":[[[-96.476,16.921],[-96.5087,16.9294],[-96.5158,16.9018],[-96.5202,16.888],[-96.524,16.8717],[-96.5247,16.871],[-96.5185,16.8678],[-96.4986,16.8621],[-96.4774,16.9005],[-96.476,16.921]]]},"properties":{"CVE_ENT":"20","CVE_MUN":"118","CVEGEO":"20118","NOMGEO":"San Bartolomé Quialana"}},
{"type":"Feature","geometry":{"type":"Polygon","coordinates":[[[-97.8193,17.9147],[-97.8324,17.9085],[-97.8791,17.9179],[-97.8794,17.9147],[-97.8742,17.9],[-97.8621,17.8867],[-97.8582,17.8645],[-97.8437,17.8446],[-97.8308,17.8571],[-97.8047,17.8465],[-97.8042,17.8648],[-97.8107,17.8847],[-97.804,17.9025],[-97.8193,17.9147]]]},"properties":{"CVE_ENT":"20","CVE_MUN":"568","CVEGEO":"20568","NOMGEO":"Zapotitlán Palmas"}},
{"type":"Feature","geometry":{"type":"MultiPolygon","coordinates":[[[[-95.962,17.4609],[-95.9988,17.4496],[-96.0125,17.4614],[-96.0425,17.4457],[-96.0427,17.4306],[-96.0789,17.3983],[-96.0775,17.3709],[-96.0441,17.3591],[-96.0259,17.3649],[-95.9966,17.3857],[-95.9908,17.3796],[-95.9682,17.3793],[-95.9555,17.3715],[-95.9449,17.3435],[-95.9082,17.3331],[-95.8818,17.3371],[-95.8895,17.3054],[-95.9021,17.2789],[-95.8814,17.2819],[-95.8548,17.2603],[-95.8374,17.2596],[-95.8065,17.2938],[-95.795,17.3132],[-95.7917,17.3323],[-95.8137,17.3469],[-95.825,17.3678],[-95.8253,17.4022],[-95.8476,17.4115],[-95.8595,17.4035],[-95.8633,17.3877],[-95.8969,17.3986],[-95.9192,17.4117],[-95.9165,17.4242],[-95.9004,17.4387],[-95.9561,17.446],[-95.962,17.4609]]],[[[-95.7354,17.5132],[-95.7689,17.4911],[-95.7716,17.4782],[-95.7525,17.4642],[-95.7399,17.4771],[-95.752,17.489],[-95.7258,17.5016],[-95.7354,17.5132]]]]},"properties":{"CVE_ENT":"20","CVE_MUN":"460","CVEGEO":"20460","NOMGEO":"Santiago Choápam"}},
{"type":"Feature","geometry":{"type":"MultiPolygon","coordinates":[[[[-95.8559,17.8366],[-95.8664,17.8208],[-95.8989,17.8016],[-95.9235,17.7999],[-95.9159,17.7914],[-95.9134,17.79],[-95.9107,17.7853],[-95.9099,17.7809],[-95.9066,17.7788],[-95.9037,17.77],[-95.8988,17.7657],[-95.8911,17.7668],[-95.8789,17.7735],[-95.8672,17.7732],[-95.8668,17.7996],[-95.8549,17.8071],[-95.8492,17.8276],[-95.8559,17.8366]]],[[[-95.9445,18.1574],[-95.9525,18.1598],[-95.9591,18.1571],[-95.9626,18.1521],[-95.9702,18.1507],[-95.9775,18.1491],[-95.9792,18.1463],[-95.976,18.1347],[-95.9785,18.1203],[-95.9729,18.1182],[-95.9736,18.0823],[-95.9861,18.0838],[-95.9856,18.049],[-95.9791,18.0437],[-95.9888,18.0234],[-95.9676,18.0046],[-95.9497,17.9714],[-95.9517,17.941],[-95.9426,17.9116],[-95.9233,17.9095],[-95.9244,17.8974],[-95.9023,17.8948],[-95.8885,17.8818],[-95.9049,17.8749],[-95.8956,17.8561],[-95.8682,17.8603],[-95.8485,17.8481],[-95.8305,17.8859],[-95.8132,17.9222],[-95.803,17.9436],[-95.802,17.9457],[-95.8006,17.9486],[-95.8,17.9498],[-95.7999,17.95],[-95.8332,18.129],[-95.9028,18.1357],[-95.9125,18.1506],[-95.934,18.1452],[-95.9445,18.1574]]]]},"properties":{"CVE_ENT":"20","CVE_MUN":"044","CVEGEO":"20044","NOMGEO":"Loma Bonita"}},
{"type":"Feature","geometry":{"type":"Polygon","coordinates":[[[-98.3155,16.3929],[-98.3366,16.3871],[-98.3526,16.394],[-98.3681,16.4092],[-98.3614,16.4213],[-98.364,16.4218],[-98.3659,16.4237],[-98.3992,16.3805],[-98.3995,16.3805],[-98.4051,16.3419],[-98.4216,16.2841],[-98.4317,16.2736],[-98.4065,16.2668],[-98.3283,16.2578],[-98.3232,16.3125],[-98.3094,16.3528],[-98.3155,16.3929]]]},"properties":{"CVE_ENT":"20","CVE_MUN":"507","CVEGEO":"20507","NOMGEO":"Santo Domingo Armenta"}},
{"type":"Feature","geometry":{"type":"MultiPolygon","coordinates":[[[[-95.5137,15.9638],[-95.4977,15.9656],[-95.4897,15.9749],[-95.4361,15.9762],[-95.4259,15.9977],[-95.3987,16.0067],[-95.3935,16.0138],[-95.3693,16.0196],[-95.3783,16.0449],[-95.3547,16.0785],[-95.34,16.0873],[-95.3055,16.0944],[-95.2765,16.108],[-95.2828,16.117],[-95.289,16.2065],[-95.2734,16.2057],[-95.2569,16.2193],[-95.1919,16.2642],[-95.1807,16.2427],[-95.1652,16.2498],[-95.1741,16.2633],[-95.1755,16.271],[-95.1904,16.2823],[-95.189,16.3016],[-95.2148,16.3208],[-95.2128,16.3451],[-95.1835,16.3403],[-95.2038,16.3715],[-95.1833,16.3959],[-95.1962,16.4086],[-95.2018,16.4259],[-95.2173,16.3915],[-95.2405,16.382],[-95.2396,16.3651],[-95.2527,16.3608],[-95.2567,16.3488],[-95.2812,16.3585],[-95.349,16.4259],[-95.4426,16.3757],[-95.4603,16.3645],[-95.4916,16.3649],[-95.5232,16.346],[-95.4846,16.2954],[-95.4713,16.2741],[-95.4886,16.2431],[-95.5097,16.1658],[-95.5054,16.1602],[-95.5133,16.1322],[-95.525,16.1509],[-95.5531,16.162],[-95.5611,16.1701],[-95.5963,16.1572],[-95.5841,16.1427],[-95.575,16.1107],[-95.5792,16.0955],[-95.5363,16.0631],[-95.5191,16.0033],[-95.5201,15.9876],[-95.5137,15.9638]]],[[[-95.472,16.9321],[-95.4788,16.9326],[-95.4862,16.9214],[-95.4951,16.9203],[-95.4998,16.9099],[-95.5086,16.9018],[-95.5094,16.8984],[-95.518,16.8986],[-95.5183,16.8946],[-95.5205,16.8927],[-95.4982,16.8827],[-95.479,16.8903],[-95.4684,16.8804],[-95.4517,16.9177],[-95.4623,16.9294],[-95.472,16.9321]]]]},"properties":{"CVE_ENT":"20","CVE_MUN":"515","CVEGEO":"20515","NOMGEO":"Santo Domingo Tehuantepec"}},
{"type":"Feature","geometry":{"type":"Polygon","coordinates":[[[-97.1569,16.5908],[-97.1911,16.6358],[-97.2009,16.6579],[-97.1951,16.6706],[-97.2025,16.699],[-97.2087,16.6695],[-97.2259,16.6435],[-97.2468,16.6422],[-97.2573,16.6388],[-97.2731,16.6159],[-97.2948,16.6056],[-97.331,16.6177],[-97.3462,16.6133],[-97.3616,16.5857],[-97.3711,16.5906],[-97.3892,16.5783],[-97.38,16.5598],[-97.346,16.5306],[-97.333,16.511],[-97.3277,16.491],[-97.3179,16.4801],[-97.2868,16.4957],[-97.2893,16.5039],[-97.259,16.5091],[-97.2409,16.5232],[-97.2241,16.5494],[-97.2157,16.5776],[-97.2004,16.5916],[-97.1784,16.5981],[-97.1569,16.5908]]]},"properties":{"CVE_ENT":"20","CVE_MUN":"516","CVEGEO":"20516","NOMGEO":"Santo Domingo Teojomulco"}},
{"type":"Feature","geometry":{"type":"Polygon","coordinates":[[[-96.5463,16.9307],[-96.5677,16.9338],[-96.5815,16.9312],[-96.5893,16.9179],[-96.577,16.8822],[-96.5567,16.8447],[-96.5338,16.8517],[-96.5185,16.8678],[-96.5247,16.871],[-96.5308,16.8776],[-96.54,16.8902],[-96.5445,16.8925],[-96.5463,16.9307]]]},"properties":{"CVE_ENT":"20","CVE_MUN":"051","CVEGEO":"20051","NOMGEO":"Magdalena Teitipac"}},
{"type":"Feature","geometry":{"type":"Polygon","coordinates":[[[-96.753,18.2262],[-96.765,18.2328],[-96.7959,18.2011],[-96.8335,18.1931],[-96.8459,18.1795],[-96.8532,18.1517],[-96.8612,18.1286],[-96.8733,18.0958],[-96.8515,18.0723],[-96.8321,18.073],[-96.8171,18.0601],[-96.8107,18.0908],[-96.8308,18.0908],[-96.8366,18.099],[-96.82,18.116],[-96.7915,18.113],[-96.7717,18.106],[-96.731,18.0728],[-96.7425,18.129],[-96.7453,18.1768],[-96.7508,18.1963],[-96.753,18.2262]]]},"properties":{"CVE_ENT":"20","CVE_MUN":"041","CVEGEO":"20041","NOMGEO":"Huautla de Jiménez"}},
{"type":"Feature","geometry":{"type":"Polygon","coordinates":[[[-96.136,17.6614],[-96.1654,17.6645],[-96.2361,17.65],[-96.2867,17.6573],[-96.3006,17.6314],[-96.2944,17.6057],[-96.3397,17.5822],[-96.3475,17.5899],[-96.3692,17.5814],[-96.3748,17.5699],[-96.3958,17.57],[-96.3961,17.5442],[-96.3907,17.537],[-96.4002,17.5094],[-96.3981,17.5011],[-96.4618,17.4351],[-96.4942,17.4128],[-96.4935,17.3957],[-96.5091,17.3585],[-96.5225,17.3453],[-96.5278,17.3097],[-96.5127,17.3088],[-96.495,17.3284],[-96.4861,17.308],[-96.4964,17.2996],[-96.4791,17.2932],[-96.4632,17.2898],[-96.471,17.3123],[-96.4333,17.3429],[-96.4022,17.3418],[-96.3848,17.358],[-96.3574,17.3692],[-96.3394,17.3812],[-96.319,17.3763],[-96.3111,17.4076],[-96.3152,17.423],[-96.3069,17.4498],[-96.2944,17.4619],[-96.2699,17.4748],[-96.2683,17.484],[-96.2836,17.4989],[-96.2739,17.5298],[-96.2601,17.538],[-96.2344,17.5431],[-96.2289,17.5663],[-96.2142,17.5712],[-96.1876,17.5671],[-96.18,17.5708],[-96.1624,17.6143],[-96.1462,17.6405],[-96.1333,17.6383],[-96.1247,17.6548],[-96.136,17.6614]],[[-96.4052,17.4572],[-96.3679,17.4359],[-96.3385,17.4234],[-96.3508,17.408],[-96.3739,17.4029],[-96.3838,17.3941],[-96.4044,17.3973],[-96.4043,17.4102],[-96.3852,17.4065],[-96.4,17.4316],[-96.4164,17.443],[-96.4052,17.4572]]]},"properties":{"CVE_ENT":"20","CVE_MUN":"042","CVEGEO":"20042","NOMGEO":"Ixtlán de Juárez"}},
{"type":"Feature","geometry":{"type":"Polygon","coordinates":[[[-96.4216,15.9682],[-96.4458,15.9667],[-96.4685,15.97],[-96.4641,15.9655],[-96.4739,15.9367],[-96.4904,15.9256],[-96.4945,15.9094],[-96.4895,15.887],[-96.4569,15.8871],[-96.426,15.8814],[-96.4059,15.8728],[-96.4004,15.8862],[-96.3753,15.8692],[-96.3724,15.8857],[-96.361,15.8866],[-96.3521,15.9037],[-96.3946,15.9297],[-96.3856,15.9546],[-96.412,15.9652],[-96.4216,15.9682]]]},"properties":{"CVE_ENT":"20","CVE_MUN":"071","CVEGEO":"20071","NOMGEO":"Pluma Hidalgo"}},
{"type":"Feature","geometry":{"type":"Polygon","coordinates":[[[-96.1602,17.4284],[-96.1863,17.4357],[-96.2186,17.4237],[-96.2086,17.3992],[-96.1909,17.3855],[-96.18,17.3833],[-96.146,17.3986],[-96.1507,17.4192],[-96.1602,17.4284]]]},"properties":{"CVE_ENT":"20","CVE_MUN":"223","CVEGEO":"20223","NOMGEO":"San Juan Yatzona"}},
{"type":"Feature","geometry":{"type":"Polygon","coordinates":[[[-95.2046,17.5387],[-95.2532,17.6015],[-95.2639,17.5725],[-95.2659,17.5501],[-95.3006,17.5398],[-95.3145,17.5394],[-95.3276,17.5248],[-95.3128,17.5157],[-95.3239,17.5042],[-95.3425,17.5178],[-95.3509,17.4898],[-95.3605,17.4917],[-95.3923,17.4708],[-95.4064,17.4551],[-95.4285,17.4583],[-95.4469,17.4424],[-95.4765,17.4529],[-95.491,17.4414],[-95.515,17.4446],[-95.5407,17.4207],[-95.5603,17.4227],[-95.5631,17.4076],[-95.5783,17.3759],[-95.6037,17.3633],[-95.6037,17.3509],[-95.6308,17.3255],[-95.6487,17.3159],[-95.6724,17.2776],[-95.6649,17.2703],[-95.6738,17.2413],[-95.6901,17.2345],[-95.7153,17.254],[-95.7152,17.2703],[-95.7429,17.2836],[-95.749,17.2675],[-95.7878,17.2552],[-95.8058,17.235],[-95.7908,17.222],[-95.7968,17.2043],[-95.8198,17.208],[-95.8394,17.2022],[-95.8156,17.1735],[-95.8035,17.1548],[-95.8234,17.1293],[-95.7824,17.0801],[-95.7807,17.072],[-95.7872,17.0598],[-95.747,17.0324],[-95.7182,17.0278],[-95.7096,17.0329],[-95.6927,17.0233],[-95.6832,17.0582],[-95.6649,17.0619],[-95.637,17.1311],[-95.633,17.1584],[-95.6015,17.168],[-95.6016,17.2101],[-95.5613,17.2263],[-95.5567,17.2564],[-95.5696,17.2742],[-95.5418,17.2858],[-95.5278,17.2748],[-95.5415,17.2387],[-95.5009,17.2653],[-95.4713,17.2618],[-95.4426,17.2677],[-95.4356,17.2622],[-95.3935,17.2647],[-95.3871,17.2796],[-95.405,17.2981],[-95.4105,17.3157],[-95.4061,17.3374],[-95.4105,17.3502],[-95.3698,17.3581],[-95.3485,17.3554],[-95.3413,17.3658],[-95.3183,17.3552],[-95.3048,17.3669],[-95.2984,17.3489],[-95.2832,17.3633],[-95.2607,17.3723],[-95.2598,17.3455],[-95.2183,17.3419],[-95.2178,17.3677],[-95.2141,17.3805],[-95.1868,17.3722],[-95.1825,17.4232],[-95.1527,17.4276],[-95.1526,17.4113],[-95.1389,17.412],[-95.1438,17.4289],[-95.1221,17.432],[-95.2046,17.5387]]]},"properties":{"CVE_ENT":"20","CVE_MUN":"190","CVEGEO":"20190","NOMGEO":"San Juan Cotzocón"}},
{"type":"Feature","geometry":{"type":"Polygon","coordinates":[[[-96.2442,17.3126],[-96.2663,17.3024],[-96.272,17.2931],[-96.2509,17.2612],[-96.2357,17.2591],[-96.2267,17.2335],[-96.2141,17.236],[-96.1993,17.2506],[-96.1819,17.2585],[-96.1779,17.2669],[-96.1799,17.2873],[-96.1962,17.2903],[-96.1957,17.3102],[-96.2209,17.2966],[-96.238,17.3005],[-96.2442,17.3126]]]},"properties":{"CVE_ENT":"20","CVE_MUN":"097","CVEGEO":"20097","NOMGEO":"San Andrés Solaga"}},
{"type":"Feature","geometry":{"type":"Polygon","coordinates":[[[-96.4935,18.0164],[-96.5167,18.0206],[-96.5244,17.9993],[-96.5529,18.0028],[-96.5558,17.9743],[-96.5715,17.9685],[-96.5806,17.9523],[-96.5952,17.9459],[-96.6121,17.9608],[-96.6264,17.9589],[-96.6557,17.966],[-96.6747,17.9764],[-96.6964,17.9643],[-96.6954,17.9466],[-96.6694,17.9307],[-96.6758,17.9162],[-96.6914,17.9161],[-96.7099,17.9265],[-96.7,17.8997],[-96.6866,17.8933],[-96.6852,17.8981],[-96.6424,17.8842],[-96.6233,17.8855],[-96.6139,17.9041],[-96.5912,17.9118],[-96.569,17.9082],[-96.5735,17.8927],[-96.5519,17.8768],[-96.5612,17.8931],[-96.5654,17.9233],[-96.5566,17.9441],[-96.5193,17.9429],[-96.5112,17.9519],[-96.49,17.9979],[-96.4935,18.0164]]]},"properties":{"CVE_ENT":"20","CVE_MUN":"098","CVEGEO":"20098","NOMGEO":"San Andrés Teotilálpam"}},
{"type":"Feature","geometry":{"type":"Polygon","coordinates":[[[-96.8394,16.5929],[-96.8796,16.6233],[-96.873,16.5991],[-96.8522,16.5868],[-96.8394,16.5929]]]},"properties":{"CVE_ENT":"20","CVE_MUN":"101","CVEGEO":"20101","NOMGEO":"San Andrés Zabache"}},
{"type":"Feature","geometry":{"type":"Polygon","coordinates":[[[-97.0025,16.8623],[-97.0304,16.868],[-97.0445,16.8804],[-97.0713,16.8776],[-97.0767,16.8685],[-97.1568,16.853],[-97.158,16.8508],[-97.1599,16.8491],[-97.16,16.8485],[-97.1599,16.8485],[-97.1594,16.8481],[-97.1588,16.8463],[-97.1619,16.8411],[-97.1592,16.8346],[-97.1446,16.8336],[-97.1356,16.85],[-97.1235,16.8555],[-97.1139,16.8434],[-97.1286,16.8302],[-97.1145,16.8182],[-97.0904,16.8172],[-97.0753,16.825],[-97.0431,16.831],[-97.0403,16.8107],[-97.0206,16.7825],[-97.0167,16.7664],[-97.0158,16.7622],[-97.0132,16.779],[-96.9959,16.7732],[-96.9821,16.7935],[-96.9717,16.8164],[-96.9498,16.8182],[-96.9818,16.8318],[-97.0025,16.8623]]]},"properties":{"CVE_ENT":"20","CVE_MUN":"104","CVEGEO":"20104","NOMGEO":"San Antonino el Alto"}},
{"type":"Feature","geometry":{"type":"Polygon","coordinates":[[[-96.253,15.9525],[-96.2699,15.9442],[-96.2912,15.9392],[-96.2965,15.9245],[-96.277,15.9181],[-96.276,15.9256],[-96.2672,15.9222],[-96.264,15.9201],[-96.2631,15.9187],[-96.263,15.9183],[-96.2625,15.9174],[-96.263,15.9135],[-96.2668,15.9076],[-96.2692,15.9007],[-96.2706,15.8915],[-96.2608,15.8641],[-96.291,15.8626],[-96.3106,15.8658],[-96.3656,15.8622],[-96.3594,15.8423],[-96.3369,15.8042],[-96.3294,15.7398],[-96.3286,15.6992],[-96.3331,15.6877],[-96.2852,15.6835],[-96.2415,15.6846],[-96.2282,15.69],[-96.201,15.7123],[-96.1928,15.7046],[-96.1665,15.7226],[-96.1273,15.7378],[-96.1307,15.7537],[-96.1174,15.7625],[-96.1007,15.758],[-96.0626,15.7789],[-96.049,15.7922],[-96.0504,15.8047],[-96.0638,15.8128],[-96.0669,15.8251],[-96.1086,15.8478],[-96.1121,15.8704],[-96.2167,15.8673],[-96.2417,15.872],[-96.2475,15.8796],[-96.2468,15.9161],[-96.2362,15.9441],[-96.253,15.9525]]]},"properties":{"CVE_ENT":"20","CVE_MUN":"413","CVEGEO":"20413","NOMGEO":"Santa María Huatulco"}},
{"type":"Feature","geometry":{"type":"Polygon","coordinates":[[[-96.2267,17.2335],[-96.2357,17.2591],[-96.2509,17.2612],[-96.2618,17.2472],[-96.2534,17.2366],[-96.249,17.2323],[-96.2267,17.2335]]]},"properties":{"CVE_ENT":"20","CVE_MUN":"120","CVEGEO":"20120","NOMGEO":"San Bartolomé Zoogocho"}},
{"type":"Feature","geometry":{"type":"Polygon","coordinates":[[[-97.2309,17.6424],[-97.2676,17.6506],[-97.2944,17.6476],[-97.2997,17.6548],[-97.2999,17.6167],[-97.3243,17.6084],[-97.3322,17.5859],[-97.3698,17.5767],[-97.3994,17.5728],[-97.4058,17.5563],[-97.4003,17.5277],[-97.39,17.5011],[-97.3695,17.4995],[-97.3555,17.5153],[-97.356,17.5245],[-97.386,17.5425],[-97.3975,17.5435],[-97.3925,17.5675],[-97.3544,17.5772],[-97.3261,17.5746],[-97.2999,17.5566],[-97.2949,17.5749],[-97.282,17.5925],[-97.2917,17.6253],[-97.2737,17.6161],[-97.286,17.5803],[-97.2754,17.5732],[-97.2447,17.6022],[-97.2495,17.6271],[-97.2309,17.6424]]]},"properties":{"CVE_ENT":"20","CVE_MUN":"121","CVEGEO":"20121","NOMGEO":"San Bartolo Soyaltepec"}},
{"type":"Feature","geometry":{"type":"Polygon","coordinates":[[[-96.593,16.5285],[-96.6108,16.5285],[-96.6141,16.5414],[-96.639,16.554],[-96.6681,16.5924],[-96.6772,16.5825],[-96.6785,16.5605],[-96.6974,16.543],[-96.6831,16.5353],[-96.6963,16.5182],[-96.7032,16.4951],[-96.6603,16.473],[-96.6435,16.4688],[-96.6282,16.4724],[-96.6058,16.4594],[-96.5863,16.4763],[-96.5582,16.4794],[-96.5661,16.4917],[-96.5612,16.5206],[-96.5742,16.5291],[-96.593,16.5285]]]},"properties":{"CVE_ENT":"20","CVE_MUN":"015","CVEGEO":"20015","NOMGEO":"Coatecas Altas"}},
{"type":"Feature","geometry":{"type":"Polygon","coordinates":[[[-95.5916,16.8746],[-95.6097,16.8775],[-95.6136,16.8887],[-95.6584,16.9076],[-95.6944,16.8729],[-95.717,16.8896],[-95.7446,16.8882],[-95.7776,16.8864],[-95.7929,16.8552],[-95.8095,16.8317],[-95.8373,16.7997],[-95.8421,16.7784],[-95.8587,16.7788],[-95.8815,16.7646],[-95.8821,16.7491],[-95.9075,16.7376],[-95.9096,16.7473],[-95.9161,16.733],[-95.9181,16.7043],[-95.9238,16.6943],[-95.9147,16.6846],[-95.821,16.6191],[-95.8171,16.5983],[-95.8082,16.5922],[-95.803,16.5729],[-95.8384,16.5439],[-95.8382,16.5352],[-95.8593,16.5186],[-95.8448,16.4534],[-95.8639,16.469],[-95.9002,16.4739],[-95.9116,16.467],[-95.9402,16.4813],[-95.9643,16.4846],[-95.9833,16.4948],[-95.9826,16.4656],[-96.0185,16.4629],[-96.0351,16.4888],[-96.0597,16.5052],[-96.0606,16.5234],[-96.0448,16.5665],[-96.0497,16.6188],[-96.0607,16.6372],[-96.0641,16.6381],[-96.1238,16.5838],[-96.1693,16.5675],[-96.2019,16.622],[-96.262,16.6008],[-96.2441,16.5857],[-96.2595,16.5329],[-96.2683,16.5278],[-96.2474,16.5013],[-96.2261,16.4641],[-96.2032,16.4361],[-96.1872,16.4229],[-96.199,16.387],[-96.2398,16.3886],[-96.2539,16.3831],[-96.2955,16.392],[-96.2876,16.3736],[-96.2618,16.3465],[-96.2278,16.336],[-96.2043,16.3558],[-96.1909,16.3183],[-96.1923,16.301],[-96.2101,16.2792],[-96.209,16.2735],[-96.1844,16.2586],[-96.1744,16.2435],[-96.1782,16.2234],[-96.1638,16.2082],[-96.1316,16.2016],[-96.1026,16.1626],[-96.1135,16.1393],[-96.1194,16.1142],[-96.0919,16.0976],[-96.0509,16.0917],[-96.0204,16.076],[-96.0314,16.0474],[-96.0456,16.0368],[-96.0614,16.0382],[-96.0509,15.9941],[-96.034,16.0048],[-96.0101,16.0035],[-96.0019,16.0256],[-95.9979,15.9658],[-95.9942,15.9542],[-95.9672,15.9375],[-95.9247,15.9633],[-95.9098,15.9679],[-95.8784,15.9571],[-95.8524,15.9585],[-95.8269,16.0052],[-95.8659,16.0764],[-95.8759,16.1163],[-95.8737,16.1273],[-95.9021,16.1211],[-95.8993,16.0959],[-95.9259,16.0903],[-95.9294,16.1052],[-95.9423,16.1109],[-95.959,16.1281],[-95.9576,16.1529],[-95.9247,16.1387],[-95.935,16.1223],[-95.9109,16.1251],[-95.9013,16.1415],[-95.8431,16.1638],[-95.8368,16.177],[-95.8101,16.1835],[-95.8476,16.2036],[-95.8488,16.2118],[-95.8769,16.2145],[-95.8953,16.2332],[-95.9237,16.2364],[-95.9397,16.2245],[-95.9352,16.2124],[-95.9648,16.1968],[-96.0141,16.2097],[-96.0275,16.224],[-96.0437,16.2353],[-96.0689,16.2404],[-96.0934,16.2215],[-96.1082,16.2241],[-96.1172,16.2535],[-96.1128,16.2709],[-96.0935,16.2881],[-96.089,16.3011],[-96.0992,16.3419],[-96.0791,16.3664],[-96.0599,16.3683],[-96.0423,16.3916],[-96.0105,16.3758],[-95.9871,16.3538],[-96.0027,16.3115],[-95.9947,16.3015],[-96.0065,16.2809],[-96.0331,16.2746],[-96.0183,16.2627],[-96.0095,16.2592],[-95.9834,16.2934],[-95.9606,16.3131],[-95.98,16.3353],[-95.9573,16.3569],[-95.9432,16.3559],[-95.9455,16.3284],[-95.9285,16.3145],[-95.9284,16.3046],[-95.9127,16.2797],[-95.8959,16.2904],[-95.8516,16.3844],[-95.8607,16.3988],[-95.8738,16.3971],[-95.8853,16.4103],[-95.9003,16.4046],[-95.9115,16.4136],[-95.96,16.3791],[-95.9941,16.4232],[-96.0154,16.4351],[-96,16.4468],[-95.9883,16.4384],[-95.9778,16.4598],[-95.9638,16.4735],[-95.8858,16.4332],[-95.8709,16.4346],[-95.8634,16.4487],[-95.8449,16.4388],[-95.8086,16.4172],[-95.7568,16.407],[-95.7211,16.4581],[-95.6864,16.5117],[-95.7606,16.5374],[-95.7552,16.5626],[-95.7751,16.6082],[-95.7832,16.6199],[-95.7883,16.6431],[-95.7568,16.6675],[-95.7583,16.6963],[-95.7397,16.7021],[-95.7357,16.7172],[-95.7523,16.7245],[-95.7085,16.7688],[-95.7091,16.7881],[-95.6716,16.8044],[-95.688,16.8148],[-95.6799,16.8247],[-95.6562,16.8109],[-95.6177,16.8273],[-95.6073,16.8383],[-95.6194,16.8498],[-95.6411,16.8538],[-95.6194,16.8743],[-95.6096,16.8647],[-95.6028,16.864],[-95.5948,16.8724],[-95.5929,16.8732],[-95.5916,16.8746]]]},"properties":{"CVE_ENT":"20","CVE_MUN":"125","CVEGEO":"20125","NOMGEO":"San Carlos Yautepec"}},
{"type":"Feature","geometry":{"type":"Polygon","coordinates":[[[-95.1198,16.4408],[-95.1244,16.4515],[-95.1514,16.4544],[-95.1749,16.4339],[-95.2009,16.4235],[-95.1962,16.4086],[-95.1833,16.3959],[-95.2038,16.3715],[-95.1835,16.3403],[-95.2128,16.3451],[-95.2148,16.3208],[-95.189,16.3016],[-95.1904,16.2823],[-95.1755,16.271],[-95.1716,16.2638],[-95.1235,16.2649],[-95.1243,16.2835],[-95.1184,16.3023],[-95.0969,16.3068],[-95.0735,16.3316],[-95.0886,16.3679],[-95.0916,16.3883],[-95.1006,16.4017],[-95.0964,16.42],[-95.0858,16.4337],[-95.1198,16.4339],[-95.1198,16.4408]]]},"properties":{"CVE_ENT":"20","CVE_MUN":"124","CVEGEO":"20124","NOMGEO":"Heroica Villa de San Blas Atempa"}},
{"type":"Feature","geometry":{"type":"MultiPolygon","coordinates":[[[[-97.9263,17.0494],[-97.9264,17.0494],[-97.9534,17.0676],[-97.9679,17.0555],[-97.9849,17.064],[-98.0021,17.0601],[-98.0136,17.0712],[-98.0167,17.0887],[-98.0354,17.0849],[-98.0396,17.0748],[-98.0256,17.0559],[-98.0133,17.062],[-97.9913,17.048],[-97.9802,17.0251],[-98.0003,17.0197],[-98.0302,17.0158],[-98.0196,17.0044],[-98.0088,17.0112],[-97.9506,17.0272],[-97.9402,17.0277],[-97.9263,17.0494]]],[[[-98.0655,17.0718],[-98.0604,17.0787],[-98.0605,17.1079],[-98.0697,17.1241],[-98.0858,17.1177],[-98.0842,17.106],[-98.0988,17.0839],[-98.0809,17.0666],[-98.0726,17.0644],[-98.0655,17.0718]]]]},"properties":{"CVE_ENT":"20","CVE_MUN":"020","CVEGEO":"20020","NOMGEO":"Constancia del Rosario"}},
{"type":"Feature","geometry":{"type":"Polygon","coordinates":[[[-96.9557,16.0298],[-96.9539,16.0204],[-97.0033,16.0359],[-97.0206,16.0502],[-97.0213,16.0738],[-97.0304,16.0859],[-97.034,16.1184],[-97.0604,16.1367],[-97.1026,16.1306],[-97.1045,16.1237],[-97.1063,16.0978],[-97.1184,16.0799],[-97.1117,16.0659],[-97.124,16.0557],[-97.1529,16.0177],[-97.14,16.0169],[-97.1217,16.025],[-97.1018,16.0132],[-97.0635,16.0096],[-97.0403,16.0031],[-97.0116,16.005],[-96.9978,16.0174],[-96.9983,15.9879],[-96.9636,15.9857],[-96.9274,15.9887],[-96.9152,15.994],[-96.9003,15.9895],[-96.9087,16.0129],[-96.9345,16.0192],[-96.9557,16.0298]]]},"properties":{"CVE_ENT":"20","CVE_MUN":"153","CVEGEO":"20153","NOMGEO":"San Gabriel Mixtepec"}},
{"type":"Feature","geometry":{"type":"Polygon","coordinates":[[[-94.4629,16.3541],[-94.4656,16.3393],[-94.4395,16.3135],[-94.462,16.2847],[-94.4338,16.2807],[-94.429,16.2632],[-94.4456,16.2457],[-94.464,16.2476],[-94.465,16.2257],[-94.4933,16.2258],[-94.5047,16.2404],[-94.5259,16.2818],[-94.562,16.2835],[-94.5539,16.2941],[-94.5253,16.2991],[-94.5094,16.3091],[-94.4963,16.3061],[-94.4894,16.3508],[-94.5075,16.3413],[-94.5135,16.3647],[-94.5522,16.3606],[-94.5727,16.368],[-94.5669,16.3887],[-94.5795,16.3962],[-94.5796,16.4117],[-94.6265,16.409],[-94.6107,16.3816],[-94.6125,16.3528],[-94.6672,16.3642],[-94.738,16.2252],[-94.7394,16.2081],[-94.6998,16.2099],[-94.5408,16.192],[-94.4813,16.1818],[-94.4274,16.1698],[-94.34,16.1452],[-94.2733,16.1233],[-94.2024,16.0968],[-94.1665,16.0809],[-94.0912,16.0436],[-94.0002,16.0031],[-94.036,16.0221],[-94.0394,16.0301],[-94.1008,16.139],[-94.1028,16.1425],[-94.1064,16.1509],[-94.153,16.1231],[-94.1693,16.1356],[-94.2044,16.1521],[-94.217,16.1356],[-94.2494,16.1466],[-94.2851,16.1437],[-94.3274,16.1616],[-94.3639,16.1733],[-94.3726,16.1719],[-94.4185,16.1956],[-94.4432,16.2167],[-94.4409,16.237],[-94.4275,16.2462],[-94.4181,16.2383],[-94.4094,16.2599],[-94.4181,16.2742],[-94.4148,16.2855],[-94.4213,16.2838],[-94.4071,16.3476],[-94.411,16.3533],[-94.4629,16.3541]]]},"properties":{"CVE_ENT":"20","CVE_MUN":"141","CVEGEO":"20141","NOMGEO":"San Francisco del Mar"}},
{"type":"Feature","geometry":{"type":"Polygon","coordinates":[[[-97.3162,17.3879],[-97.3461,17.3863],[-97.3602,17.3652],[-97.3572,17.3531],[-97.3389,17.3335],[-97.3185,17.3409],[-97.311,17.3837],[-97.3162,17.3879]]]},"properties":{"CVE_ENT":"20","CVE_MUN":"147","CVEGEO":"20147","NOMGEO":"San Francisco Nuxaño"}},
{"type":"Feature","geometry":{"type":"Polygon","coordinates":[[[-96.9281,17.4489],[-96.9457,17.4523],[-96.9654,17.4329],[-96.9967,17.4122],[-97.0151,17.4112],[-96.9965,17.3879],[-96.9823,17.3451],[-96.9746,17.3413],[-96.9629,17.3145],[-96.9637,17.2873],[-96.9013,17.2856],[-96.8925,17.3244],[-96.8528,17.3841],[-96.8437,17.3831],[-96.8725,17.4471],[-96.9302,17.4131],[-96.9332,17.4313],[-96.9281,17.4489]]]},"properties":{"CVE_ENT":"20","CVE_MUN":"150","CVEGEO":"20150","NOMGEO":"San Francisco Telixtlahuaca"}},
{"type":"Feature","geometry":{"type":"Polygon","coordinates":[[[-98.0669,17.7197],[-98.0956,17.7221],[-98.1065,17.7162],[-98.1237,17.7285],[-98.1346,17.7252],[-98.1366,17.7191],[-98.1323,17.7139],[-98.1296,17.6902],[-98.1235,17.6854],[-98.1131,17.6547],[-98.0843,17.6445],[-98.0693,17.6467],[-98.061,17.6735],[-98.0601,17.6949],[-98.0515,17.7016],[-98.0498,17.7206],[-98.0669,17.7197]]]},"properties":{"CVE_ENT":"20","CVE_MUN":"164","CVEGEO":"20164","NOMGEO":"San Jorge Nuchita"}},
{"type":"Feature","geometry":{"type":"Polygon","coordinates":[[[-95.8593,16.5186],[-95.8703,16.5302],[-95.9182,16.5627],[-95.9416,16.5598],[-95.9488,16.5475],[-95.9988,16.5313],[-95.9848,16.5169],[-95.9833,16.4948],[-95.9643,16.4846],[-95.9402,16.4813],[-95.9116,16.467],[-95.9002,16.4739],[-95.8639,16.469],[-95.8448,16.4534],[-95.8593,16.5186]]]},"properties":{"CVE_ENT":"20","CVE_MUN":"204","CVEGEO":"20204","NOMGEO":"San Juan Lajarcia"}},
{"type":"Feature","geometry":{"type":"Polygon","coordinates":[[[-96.4964,17.2996],[-96.4861,17.308],[-96.495,17.3284],[-96.5127,17.3088],[-96.4964,17.2996]]]},"properties":{"CVE_ENT":"20","CVE_MUN":"035","CVEGEO":"20035","NOMGEO":"Guelatao de Juárez"}},
{"type":"Feature","geometry":{"type":"Polygon","coordinates":[[[-97.0874,16.267],[-97.1108,16.2823],[-97.1301,16.2877],[-97.1423,16.2786],[-97.1814,16.2554],[-97.1845,16.2413],[-97.2033,16.249],[-97.2163,16.2465],[-97.1993,16.1939],[-97.18,16.2069],[-97.1724,16.1673],[-97.1449,16.1698],[-97.146,16.1376],[-97.1244,16.1391],[-97.1045,16.1237],[-97.1026,16.1306],[-97.0604,16.1367],[-97.0563,16.1364],[-97.0646,16.202],[-97.0201,16.219],[-97.0271,16.2324],[-97.0625,16.2458],[-97.0758,16.2628],[-97.0874,16.267]]]},"properties":{"CVE_ENT":"20","CVE_MUN":"202","CVEGEO":"20202","NOMGEO":"San Juan Lachao"}},
{"type":"Feature","geometry":{"type":"Polygon","coordinates":[[[-97.2223,16.8671],[-97.2139,16.8728],[-97.2071,16.8984],[-97.2088,16.9187],[-97.23,16.9006],[-97.2807,16.8963],[-97.282,16.8777],[-97.295,16.8494],[-97.3245,16.8153],[-97.3471,16.8164],[-97.356,16.8016],[-97.3854,16.8036],[-97.4144,16.7494],[-97.4482,16.7134],[-97.4644,16.7515],[-97.4999,16.763],[-97.5147,16.7833],[-97.5277,16.7518],[-97.5422,16.7431],[-97.5529,16.7264],[-97.5554,16.7016],[-97.5643,16.6857],[-97.5548,16.6771],[-97.5425,16.6801],[-97.5266,16.6996],[-97.524,16.7229],[-97.4996,16.7251],[-97.5114,16.7074],[-97.4964,16.6913],[-97.4848,16.6966],[-97.4772,16.6799],[-97.462,16.6799],[-97.4507,16.6646],[-97.4345,16.6783],[-97.4461,16.7048],[-97.429,16.7045],[-97.4088,16.7116],[-97.4135,16.7338],[-97.4045,16.7448],[-97.4074,16.7584],[-97.3966,16.7644],[-97.3842,16.7847],[-97.3658,16.7797],[-97.3548,16.7897],[-97.3316,16.7933],[-97.3114,16.7866],[-97.2778,16.782],[-97.2565,16.7965],[-97.2442,16.8145],[-97.2653,16.8445],[-97.2455,16.8608],[-97.2223,16.8671]]]},"properties":{"CVE_ENT":"20","CVE_MUN":"566","CVEGEO":"20566","NOMGEO":"San Mateo Yucutindoo"}},
{"type":"Feature","geometry":{"type":"Polygon","coordinates":[[[-97.1829,17.2539],[-97.1951,17.2563],[-97.2131,17.2428],[-97.2227,17.2234],[-97.2404,17.2076],[-97.2342,17.1867],[-97.243,17.1734],[-97.2609,17.1501],[-97.2574,17.1206],[-97.2642,17.1051],[-97.2541,17.0755],[-97.2449,17.0506],[-97.2326,17.0357],[-97.2074,17.0052],[-97.2082,17.0246],[-97.1983,17.039],[-97.1889,17.0156],[-97.1657,16.9978],[-97.1702,16.9796],[-97.1474,16.9913],[-97.152,17.0227],[-97.119,17.0591],[-97.0809,17.0763],[-97.0745,17.061],[-97.0574,17.0647],[-97.0522,17.0855],[-97.0552,17.1147],[-97.0629,17.1227],[-97.0666,17.1461],[-97.0942,17.1597],[-97.1076,17.1748],[-97.1285,17.1624],[-97.1702,17.2014],[-97.1829,17.2539]]]},"properties":{"CVE_ENT":"20","CVE_MUN":"217","CVEGEO":"20217","NOMGEO":"San Juan Tamazola"}},
{"type":"Feature","geometry":{"type":"Polygon","coordinates":[[[-98.1863,17.2867],[-98.213,17.2924],[-98.224,17.284],[-98.2489,17.2897],[-98.2546,17.3088],[-98.2702,17.2878],[-98.2788,17.289],[-98.2975,17.2727],[-98.3227,17.2748],[-98.3021,17.2463],[-98.2884,17.2386],[-98.2772,17.2501],[-98.2648,17.2464],[-98.2424,17.2506],[-98.2226,17.2386],[-98.2031,17.2163],[-98.2049,17.1913],[-98.2177,17.1869],[-98.2172,17.186],[-98.2147,17.1853],[-98.2167,17.1698],[-98.2235,17.1483],[-98.2204,17.1266],[-98.1971,17.1162],[-98.1835,17.1177],[-98.1662,17.1252],[-98.1595,17.1576],[-98.1638,17.1875],[-98.1571,17.1977],[-98.1745,17.2271],[-98.173,17.2415],[-98.2023,17.2312],[-98.2109,17.245],[-98.2104,17.2617],[-98.1863,17.2867]]]},"properties":{"CVE_ENT":"20","CVE_MUN":"016","CVEGEO":"20016","NOMGEO":"Coicoyán de las Flores"}},
{"type":"Feature","geometry":{"type":"Polygon","coordinates":[[[-97.1569,16.5908],[-97.1784,16.5981],[-97.2004,16.5916],[-97.2157,16.5776],[-97.2241,16.5494],[-97.2409,16.5232],[-97.259,16.5091],[-97.2893,16.5039],[-97.2868,16.4957],[-97.2503,16.4899],[-97.2291,16.4917],[-97.1894,16.4713],[-97.1647,16.4762],[-97.1201,16.4849],[-97.1177,16.5064],[-97.1346,16.552],[-97.1459,16.5542],[-97.1569,16.5908]]]},"properties":{"CVE_ENT":"20","CVE_MUN":"229","CVEGEO":"20229","NOMGEO":"San Lorenzo Texmelúcan"}},
{"type":"Feature","geometry":{"type":"Polygon","coordinates":[[[-96.296,18.1468],[-96.3182,18.1617],[-96.3593,18.1362],[-96.3883,18.154],[-96.4176,18.1231],[-96.4359,18.1163],[-96.4469,18.1008],[-96.4599,18.0852],[-96.4692,18.0465],[-96.4935,18.0384],[-96.4935,18.0164],[-96.49,17.9979],[-96.488,17.9658],[-96.4652,17.9635],[-96.4429,17.9752],[-96.4408,17.9623],[-96.4235,17.9444],[-96.4169,17.9615],[-96.3989,17.9472],[-96.376,17.9376],[-96.3569,17.942],[-96.3485,17.9621],[-96.3638,17.9867],[-96.3431,17.9926],[-96.3404,17.9704],[-96.2799,17.922],[-96.262,17.9287],[-96.2311,17.9015],[-96.2343,17.936],[-96.2519,17.9709],[-96.2638,18.005],[-96.2427,18.0147],[-96.2422,18.026],[-96.2544,18.0437],[-96.28,18.0399],[-96.3131,18.089],[-96.2687,18.1122],[-96.2758,18.127],[-96.296,18.1468]]]},"properties":{"CVE_ENT":"20","CVE_MUN":"232","CVEGEO":"20232","NOMGEO":"San Lucas Ojitlán"}},
{"type":"Feature","geometry":{"type":"Polygon","coordinates":[[[-96.3762,16.4372],[-96.3968,16.4605],[-96.4255,16.4717],[-96.4291,16.4872],[-96.4725,16.5949],[-96.477,16.5925],[-96.5033,16.5443],[-96.5057,16.516],[-96.5224,16.5135],[-96.5473,16.5252],[-96.5612,16.5206],[-96.5661,16.4917],[-96.5582,16.4794],[-96.5522,16.4632],[-96.5352,16.4532],[-96.5402,16.4123],[-96.5348,16.3635],[-96.5211,16.3564],[-96.4848,16.3539],[-96.4541,16.3468],[-96.458,16.3759],[-96.4374,16.3919],[-96.4113,16.3769],[-96.3855,16.4193],[-96.3762,16.4372]]]},"properties":{"CVE_ENT":"20","CVE_MUN":"235","CVEGEO":"20235","NOMGEO":"San Luis Amatlán"}},
{"type":"Feature","geometry":{"type":"Polygon","coordinates":[[[-96.3674,16.0433],[-96.3827,16.0871],[-96.4121,16.1002],[-96.4256,16.0984],[-96.4244,16.0776],[-96.4099,16.0556],[-96.4167,16.0318],[-96.4381,15.9985],[-96.4239,15.982],[-96.4216,15.9682],[-96.412,15.9652],[-96.4062,15.9907],[-96.3923,15.9993],[-96.4006,16.0099],[-96.387,16.02],[-96.3802,16.0456],[-96.3674,16.0433]]]},"properties":{"CVE_ENT":"20","CVE_MUN":"236","CVEGEO":"20236","NOMGEO":"San Marcial Ozolotepec"}},
{"type":"Feature","geometry":{"type":"Polygon","coordinates":[[[-94.1335,16.476],[-94.1309,16.5075],[-94.1862,16.5084],[-94.1987,16.5449],[-94.2334,16.558],[-94.2451,16.5706],[-94.2702,16.5522],[-94.2688,16.5859],[-94.3129,16.5729],[-94.3161,16.597],[-94.3587,16.5857],[-94.3779,16.5643],[-94.4042,16.5767],[-94.4234,16.5711],[-94.4554,16.513],[-94.4696,16.4946],[-94.4702,16.4749],[-94.4816,16.4488],[-94.4707,16.4199],[-94.4651,16.4158],[-94.4632,16.4287],[-94.4404,16.4364],[-94.4212,16.4207],[-94.4425,16.3988],[-94.411,16.3533],[-94.4071,16.3476],[-94.4213,16.2838],[-94.4148,16.2855],[-94.3699,16.2992],[-94.3642,16.3386],[-94.3421,16.3426],[-94.314,16.3348],[-94.2863,16.3548],[-94.2735,16.3806],[-94.2751,16.4009],[-94.2589,16.4327],[-94.2498,16.4378],[-94.2372,16.4262],[-94.2072,16.4454],[-94.1995,16.4841],[-94.1391,16.4618],[-94.1335,16.476]]]},"properties":{"CVE_ENT":"20","CVE_MUN":"525","CVEGEO":"20525","NOMGEO":"Santo Domingo Zanatepec"}},
{"type":"Feature","geometry":{"type":"Polygon","coordinates":[[[-97.2241,16.1726],[-97.2351,16.1822],[-97.2509,16.176],[-97.2432,16.1543],[-97.2601,16.146],[-97.2579,16.1106],[-97.2487,16.1104],[-97.2407,16.0775],[-97.2266,16.0514],[-97.2631,16.0189],[-97.2498,16.0177],[-97.2266,16.0056],[-97.1935,15.997],[-97.179,15.9834],[-97.1429,16.0033],[-97.14,16.0169],[-97.1529,16.0177],[-97.124,16.0557],[-97.1117,16.0659],[-97.1184,16.0799],[-97.1063,16.0978],[-97.1045,16.1237],[-97.1244,16.1391],[-97.146,16.1376],[-97.1559,16.1289],[-97.1748,16.1311],[-97.186,16.1487],[-97.2241,16.1726]]]},"properties":{"CVE_ENT":"20","CVE_MUN":"526","CVEGEO":"20526","NOMGEO":"Santos Reyes Nopala"}},
{"type":"Feature","geometry":{"type":"Polygon","coordinates":[[[-95.5232,16.346],[-95.5239,16.4375],[-95.5381,16.4572],[-95.5838,16.4808],[-95.6309,16.5285],[-95.6692,16.5365],[-95.6717,16.5726],[-95.7155,16.5836],[-95.7227,16.5892],[-95.7066,16.6122],[-95.7292,16.609],[-95.7463,16.5873],[-95.7552,16.5626],[-95.7606,16.5374],[-95.6864,16.5117],[-95.7211,16.4581],[-95.7568,16.407],[-95.738,16.3854],[-95.7627,16.3424],[-95.6953,16.3363],[-95.7163,16.2809],[-95.7371,16.2861],[-95.784,16.2672],[-95.7656,16.2389],[-95.7465,16.2324],[-95.7375,16.198],[-95.7567,16.1951],[-95.748,16.1773],[-95.7456,16.1557],[-95.7298,16.117],[-95.7235,16.1118],[-95.7007,16.1232],[-95.68,16.1168],[-95.6532,16.1262],[-95.6277,16.1243],[-95.6143,16.1325],[-95.6086,16.1483],[-95.6068,16.1717],[-95.6276,16.2102],[-95.6006,16.2734],[-95.513,16.323],[-95.5007,16.3155],[-95.5232,16.346]]]},"properties":{"CVE_ENT":"20","CVE_MUN":"052","CVEGEO":"20052","NOMGEO":"Magdalena Tequisistlán"}},
{"type":"Feature","geometry":{"type":"Polygon","coordinates":[[[-98.1147,17.756],[-98.1122,17.7818],[-98.1287,17.7851],[-98.1364,17.7965],[-98.1491,17.7901],[-98.1319,17.7723],[-98.1436,17.7594],[-98.1147,17.756]]]},"properties":{"CVE_ENT":"20","CVE_MUN":"290","CVEGEO":"20290","NOMGEO":"San Nicolás Hidalgo"}},
{"type":"Feature","geometry":{"type":"Polygon","coordinates":[[[-94.7981,16.6158],[-94.8343,16.619],[-94.8766,16.6093],[-94.8764,16.5764],[-94.914,16.5907],[-94.9536,16.5708],[-94.9701,16.5681],[-94.9761,16.5545],[-94.9692,16.5386],[-94.9766,16.5237],[-94.9686,16.5154],[-94.9892,16.4779],[-94.9994,16.4808],[-95.0235,16.4727],[-95.0447,16.4591],[-95.0399,16.432],[-95.1006,16.4017],[-95.0916,16.3883],[-95.0886,16.3679],[-95.0636,16.3683],[-95.0636,16.401],[-95.045,16.4113],[-95.0269,16.405],[-95.0207,16.4189],[-95.0043,16.4032],[-94.9947,16.3778],[-94.9593,16.3655],[-94.9669,16.3389],[-94.9853,16.3282],[-95.0074,16.3334],[-95.0322,16.3303],[-95.0415,16.3224],[-95.0684,16.3259],[-95.0735,16.3316],[-95.0969,16.3068],[-95.1184,16.3023],[-95.1243,16.2835],[-95.1235,16.2649],[-95.1167,16.2348],[-95.0806,16.2261],[-95.0169,16.2258],[-94.9407,16.233],[-94.9334,16.209],[-94.9236,16.2076],[-94.8651,16.214],[-94.8318,16.2145],[-94.7566,16.2101],[-94.7675,16.2231],[-94.8073,16.2224],[-94.8371,16.2272],[-94.8559,16.2615],[-94.8452,16.27],[-94.8602,16.2838],[-94.8262,16.2923],[-94.7873,16.3102],[-94.7717,16.3297],[-94.799,16.3466],[-94.8118,16.384],[-94.8093,16.4073],[-94.7982,16.443],[-94.7889,16.4461],[-94.8241,16.4679],[-94.8377,16.4578],[-94.8385,16.4406],[-94.8698,16.4632],[-94.8867,16.4596],[-94.904,16.4964],[-94.9024,16.5172],[-94.893,16.5266],[-94.8735,16.5328],[-94.8579,16.519],[-94.8449,16.5164],[-94.8391,16.5337],[-94.8144,16.5193],[-94.8041,16.5631],[-94.8063,16.5929],[-94.7981,16.6158]]]},"properties":{"CVE_ENT":"20","CVE_MUN":"043","CVEGEO":"20043","NOMGEO":"Heroica Ciudad de Juchitán de Zaragoza"}},
{"type":"Feature","geometry":{"type":"Polygon","coordinates":[[[-95.1652,16.2498],[-95.1807,16.2427],[-95.1919,16.2642],[-95.2569,16.2193],[-95.2734,16.2057],[-95.289,16.2065],[-95.283,16.1207],[-95.266,16.1303],[-95.2475,16.1333],[-95.2479,16.1473],[-95.2352,16.1561],[-95.2134,16.1562],[-95.202,16.1672],[-95.1518,16.1679],[-95.1564,16.1808],[-95.1387,16.1887],[-95.1393,16.2201],[-95.1791,16.2189],[-95.1793,16.2308],[-95.1618,16.24],[-95.1652,16.2498]]]},"properties":{"CVE_ENT":"20","CVE_MUN":"079","CVEGEO":"20079","NOMGEO":"Salina Cruz"}},
{"type":"Feature","geometry":{"type":"Polygon","coordinates":[[[-95.2183,17.3419],[-95.2598,17.3455],[-95.2607,17.3723],[-95.2832,17.3633],[-95.2984,17.3489],[-95.3048,17.3669],[-95.3183,17.3552],[-95.3413,17.3658],[-95.3485,17.3554],[-95.3698,17.3581],[-95.4105,17.3502],[-95.4061,17.3374],[-95.4105,17.3157],[-95.405,17.2981],[-95.3871,17.2796],[-95.3935,17.2647],[-95.4356,17.2622],[-95.4426,17.2677],[-95.4713,17.2618],[-95.5009,17.2653],[-95.5415,17.2387],[-95.5278,17.2748],[-95.5418,17.2858],[-95.5696,17.2742],[-95.5567,17.2564],[-95.5613,17.2263],[-95.6016,17.2101],[-95.6015,17.168],[-95.633,17.1584],[-95.637,17.1311],[-95.6649,17.0619],[-95.6832,17.0582],[-95.6927,17.0233],[-95.6922,16.9935],[-95.6687,16.9595],[-95.649,16.9638],[-95.6483,16.9815],[-95.6053,16.9785],[-95.5822,16.9898],[-95.5632,16.9817],[-95.5399,16.9482],[-95.531,16.9493],[-95.5025,16.9609],[-95.4933,16.9738],[-95.4484,16.925],[-95.4328,16.9377],[-95.4112,16.9499],[-95.3829,16.9411],[-95.3788,16.9285],[-95.3659,16.9217],[-95.3599,16.9283],[-95.3561,16.9278],[-95.3546,16.9241],[-95.3403,16.9284],[-95.342,16.9311],[-95.3459,16.933],[-95.3475,16.9368],[-95.3335,16.9557],[-95.324,16.9491],[-95.3157,16.9586],[-95.312,16.9832],[-95.2944,16.9836],[-95.2683,16.9917],[-95.2556,16.9841],[-95.2413,16.9857],[-95.2288,16.9964],[-95.2508,17.0066],[-95.2556,17.0336],[-95.2518,17.0574],[-95.24,17.0816],[-95.2816,17.0795],[-95.2951,17.0884],[-95.2898,17.1224],[-95.2355,17.1256],[-95.2152,17.1177],[-95.2147,17.1078],[-95.162,17.1053],[-95.1415,17.1196],[-95.1417,17.1394],[-95.1541,17.1489],[-95.1756,17.1392],[-95.2008,17.1435],[-95.2457,17.144],[-95.2475,17.1615],[-95.2477,17.1632],[-95.2479,17.1661],[-95.2484,17.1703],[-95.2488,17.1752],[-95.282,17.1737],[-95.2806,17.1496],[-95.297,17.1489],[-95.3005,17.2074],[-95.2692,17.208],[-95.2689,17.1972],[-95.2199,17.1916],[-95.2018,17.1983],[-95.2022,17.2118],[-95.2189,17.2354],[-95.1925,17.2335],[-95.198,17.2476],[-95.2257,17.2445],[-95.2343,17.2366],[-95.2616,17.2385],[-95.2749,17.2452],[-95.2658,17.3117],[-95.2482,17.308],[-95.248,17.2796],[-95.195,17.2782],[-95.1895,17.2941],[-95.1902,17.3076],[-95.1925,17.311],[-95.1791,17.3103],[-95.1714,17.3128],[-95.1416,17.3131],[-95.1353,17.3544],[-95.1442,17.3511],[-95.1791,17.3565],[-95.1889,17.3498],[-95.1684,17.3223],[-95.2034,17.3155],[-95.2184,17.3341],[-95.2183,17.3419]]]},"properties":{"CVE_ENT":"20","CVE_MUN":"207","CVEGEO":"20207","NOMGEO":"San Juan Mazatlán"}},
{"type":"Feature","geometry":{"type":"Polygon","coordinates":[[[-96.451,16.9848],[-96.4407,17.0142],[-96.4461,17.0377],[-96.4669,17.0514],[-96.4969,16.9871],[-96.4948,16.9864],[-96.4838,16.9823],[-96.451,16.9848]]]},"properties":{"CVE_ENT":"20","CVE_MUN":"356","CVEGEO":"20356","NOMGEO":"Santa Ana del Valle"}},
{"type":"Feature","geometry":{"type":"Polygon","coordinates":[[[-97.6516,18.1769],[-97.6528,18.1782],[-97.6546,18.1796],[-97.6663,18.1611],[-97.6434,18.139],[-97.623,18.1371],[-97.621,18.1037],[-97.615,18.0926],[-97.6218,18.0679],[-97.6601,18.084],[-97.6837,18.0807],[-97.687,18.0935],[-97.6668,18.13],[-97.6784,18.1482],[-97.7099,18.1181],[-97.725,18.1111],[-97.7369,18.1242],[-97.7618,18.1237],[-97.7661,18.1336],[-97.7886,18.1242],[-97.7687,18.097],[-97.7694,18.0827],[-97.7872,18.0708],[-97.8007,18.0688],[-97.817,18.083],[-97.8266,18.1038],[-97.8398,18.1074],[-97.8606,18.1027],[-97.8495,18.0837],[-97.8184,18.073],[-97.8137,18.0629],[-97.8348,18.0498],[-97.8369,18.0326],[-97.8125,18.0289],[-97.7985,18.0358],[-97.7717,18.0684],[-97.7425,18.0555],[-97.7299,18.0373],[-97.6988,18.0217],[-97.6865,18.0287],[-97.6815,18.0492],[-97.6853,18.0652],[-97.6686,18.0645],[-97.6642,18.0439],[-97.6349,18.044],[-97.6323,18.0564],[-97.6166,18.0576],[-97.6033,18.0754],[-97.5989,18.0905],[-97.5797,18.0884],[-97.574,18.0835],[-97.5681,18.0921],[-97.5696,18.1034],[-97.5975,18.1265],[-97.6086,18.1514],[-97.61,18.1539],[-97.6121,18.1525],[-97.6141,18.1526],[-97.6153,18.1533],[-97.6164,18.1527],[-97.618,18.1537],[-97.6206,18.1561],[-97.6377,18.1656],[-97.6532,18.1753],[-97.6516,18.1769]]]},"properties":{"CVE_ENT":"20","CVE_MUN":"340","CVEGEO":"20340","NOMGEO":"San Pedro y San Pablo Tequixtepec"}},
{"type":"Feature","geometry":{"type":"Polygon","coordinates":[[[-97.3918,17.1139],[-97.442,17.1256],[-97.4755,17.1049],[-97.4713,17.0942],[-97.4775,17.0771],[-97.4561,17.0669],[-97.4538,17.0391],[-97.4404,17.0254],[-97.4197,17.0237],[-97.402,17.0333],[-97.3918,17.1139]]]},"properties":{"CVE_ENT":"20","CVE_MUN":"218","CVEGEO":"20218","NOMGEO":"San Juan Teita"}},
{"type":"Feature","geometry":{"type":"Polygon","coordinates":[[[-97.4074,16.5965],[-97.4438,16.5944],[-97.4551,16.6018],[-97.4672,16.5803],[-97.5041,16.578],[-97.5485,16.5832],[-97.5749,16.5733],[-97.5698,16.5562],[-97.5394,16.504],[-97.5406,16.4803],[-97.5887,16.4581],[-97.6094,16.4356],[-97.6183,16.4378],[-97.6043,16.4265],[-97.6124,16.3969],[-97.6059,16.3879],[-97.5894,16.3844],[-97.5519,16.3595],[-97.4823,16.362],[-97.4681,16.3493],[-97.445,16.339],[-97.4334,16.3556],[-97.4362,16.3733],[-97.4148,16.3893],[-97.3971,16.3949],[-97.3791,16.4426],[-97.3813,16.4525],[-97.3929,16.4788],[-97.3903,16.5014],[-97.403,16.5124],[-97.405,16.5348],[-97.38,16.5598],[-97.3892,16.5783],[-97.4074,16.5965]]]},"properties":{"CVE_ENT":"20","CVE_MUN":"386","CVEGEO":"20386","NOMGEO":"Santa Cruz Zenzontepec"}},
{"type":"Feature","geometry":{"type":"Polygon","coordinates":[[[-96.7959,17.4895],[-96.8239,17.491],[-96.8278,17.4823],[-96.8531,17.477],[-96.8725,17.4471],[-96.8437,17.3831],[-96.8206,17.3936],[-96.8175,17.4055],[-96.7644,17.3821],[-96.7446,17.4696],[-96.7722,17.4756],[-96.7959,17.4895]]]},"properties":{"CVE_ENT":"20","CVE_MUN":"179","CVEGEO":"20179","NOMGEO":"San Juan Bautista Jayacatlán"}},
{"type":"Feature","geometry":{"type":"Polygon","coordinates":[[[-97.6758,17.6559],[-97.6908,17.6712],[-97.7156,17.6524],[-97.7271,17.645],[-97.7435,17.6214],[-97.716,17.6066],[-97.6798,17.6123],[-97.6604,17.6485],[-97.6758,17.6559]]]},"properties":{"CVE_ENT":"20","CVE_MUN":"524","CVEGEO":"20524","NOMGEO":"Santo Domingo Yodohino"}},
{"type":"Feature","geometry":{"type":"Polygon","coordinates":[[[-97.1615,17.5888],[-97.1624,17.651],[-97.1795,17.6733],[-97.2309,17.6424],[-97.2495,17.6271],[-97.2447,17.6022],[-97.2097,17.5969],[-97.1984,17.5916],[-97.1615,17.5888]]]},"properties":{"CVE_ENT":"20","CVE_MUN":"264","CVEGEO":"20264","NOMGEO":"San Miguel Chicahua"}},
{"type":"Feature","geometry":{"type":"Polygon","coordinates":[[[-96.2001,16.7226],[-96.2302,16.7021],[-96.2512,16.715],[-96.284,16.7482],[-96.3076,16.7461],[-96.3218,16.7383],[-96.3508,16.7096],[-96.3774,16.6967],[-96.4039,16.6971],[-96.4049,16.6934],[-96.4152,16.6775],[-96.397,16.6704],[-96.327,16.6206],[-96.3129,16.6171],[-96.2771,16.5987],[-96.262,16.6008],[-96.2019,16.622],[-96.1693,16.5675],[-96.1238,16.5838],[-96.0641,16.6381],[-96.0793,16.6404],[-96.0996,16.67],[-96.11,16.6927],[-96.142,16.7311],[-96.1405,16.7372],[-96.1768,16.7308],[-96.2001,16.7226]]]},"properties":{"CVE_ENT":"20","CVE_MUN":"333","CVEGEO":"20333","NOMGEO":"San Pedro Totolápam"}},
{"type":"Feature","geometry":{"type":"MultiPolygon","coordinates":[[[[-94.9945,17.2552],[-94.9876,17.2303],[-94.9875,17.2029],[-94.9573,17.2148],[-94.9543,17.2328],[-94.9595,17.2458],[-94.9945,17.2552]]],[[[-94.9605,16.9957],[-94.9469,16.9976],[-94.9436,17.0231],[-94.9536,17.0356],[-94.9776,17.0339],[-94.9804,17.0482],[-94.9651,17.0705],[-94.959,17.1035],[-94.9418,17.1129],[-94.9637,17.1399],[-94.9867,17.1196],[-94.9948,17.1045],[-95.0145,17.1205],[-95.0251,17.1169],[-95.0522,17.1192],[-95.0443,17.1062],[-95.0551,17.0952],[-95.0754,17.0992],[-95.0685,17.128],[-95.0701,17.1447],[-95.0849,17.1488],[-95.1071,17.1667],[-95.1129,17.1925],[-95.1428,17.1793],[-95.1585,17.1895],[-95.1553,17.2214],[-95.1661,17.2317],[-95.1542,17.2463],[-95.1478,17.2775],[-95.1538,17.3106],[-95.171,17.3107],[-95.1595,17.3041],[-95.1589,17.2877],[-95.1758,17.283],[-95.176,17.2324],[-95.1731,17.2037],[-95.1865,17.1918],[-95.2212,17.183],[-95.2231,17.1799],[-95.2327,17.1771],[-95.2459,17.172],[-95.2484,17.1703],[-95.2479,17.1661],[-95.2477,17.1632],[-95.2475,17.1615],[-95.2467,17.1545],[-95.2457,17.144],[-95.2008,17.1435],[-95.1756,17.1392],[-95.1541,17.1489],[-95.1417,17.1394],[-95.1415,17.1196],[-95.162,17.1053],[-95.2147,17.1078],[-95.2152,17.1177],[-95.2355,17.1256],[-95.2898,17.1224],[-95.2951,17.0884],[-95.2816,17.0795],[-95.24,17.0816],[-95.2518,17.0574],[-95.2556,17.0336],[-95.2508,17.0066],[-95.2288,16.9964],[-95.2413,16.9857],[-95.2177,16.9335],[-95.1661,16.9271],[-95.1297,16.9093],[-95.125,16.907],[-95.1138,16.9033],[-95.1058,16.9047],[-95.0969,16.8979],[-95.0845,16.8982],[-95.0559,16.9162],[-95.0332,16.9245],[-94.9908,16.9601],[-94.9742,16.953],[-94.9624,16.9785],[-94.9605,16.9957]]]]},"properties":{"CVE_ENT":"20","CVE_MUN":"198","CVEGEO":"20198","NOMGEO":"San Juan Guichicovi"}},
{"type":"Feature","geometry":{"type":"Polygon","coordinates":[[[-96.4672,17.107],[-96.4721,17.1259],[-96.4691,17.1426],[-96.4588,17.1541],[-96.4702,17.171],[-96.4664,17.1968],[-96.47,17.2185],[-96.4834,17.2392],[-96.47,17.256],[-96.4717,17.2709],[-96.4905,17.2719],[-96.4962,17.2559],[-96.5169,17.2376],[-96.5391,17.2308],[-96.5239,17.1898],[-96.5222,17.1721],[-96.538,17.1315],[-96.5233,17.114],[-96.5067,17.1027],[-96.4907,17.1132],[-96.4672,17.107]]]},"properties":{"CVE_ENT":"20","CVE_MUN":"365","CVEGEO":"20365","NOMGEO":"Santa Catarina Lachatao"}},
{"type":"Feature","geometry":{"type":"Polygon","coordinates":[[[-96.3196,18.3583],[-96.3214,18.3679],[-96.3473,18.3823],[-96.3522,18.4066],[-96.3838,18.4241],[-96.4002,18.4445],[-96.4203,18.5079],[-96.4551,18.5495],[-96.4572,18.5703],[-96.5088,18.5894],[-96.5612,18.5878],[-96.5842,18.6021],[-96.5942,18.5892],[-96.6306,18.5741],[-96.6405,18.5775],[-96.6568,18.5627],[-96.6428,18.5417],[-96.6569,18.5343],[-96.6683,18.5171],[-96.6591,18.4924],[-96.6824,18.4997],[-96.6841,18.4742],[-96.6951,18.4585],[-96.6997,18.4573],[-96.7044,18.4524],[-96.7059,18.4229],[-96.681,18.4122],[-96.6816,18.3756],[-96.6963,18.3649],[-96.702,18.3531],[-96.6845,18.3476],[-96.6686,18.3509],[-96.6612,18.3583],[-96.6311,18.3533],[-96.6227,18.344],[-96.577,18.3177],[-96.5531,18.3332],[-96.546,18.3506],[-96.5439,18.3779],[-96.535,18.3824],[-96.5118,18.3756],[-96.5116,18.3577],[-96.476,18.3331],[-96.4469,18.3004],[-96.4367,18.3146],[-96.4209,18.322],[-96.4742,18.3882],[-96.4664,18.3979],[-96.4226,18.3635],[-96.4168,18.3696],[-96.4402,18.3883],[-96.437,18.3979],[-96.4171,18.3948],[-96.411,18.3812],[-96.3912,18.3806],[-96.3817,18.3558],[-96.3721,18.3466],[-96.3196,18.3583]]]},"properties":{"CVE_ENT":"20","CVE_MUN":"002","CVEGEO":"20002","NOMGEO":"Acatlán de Pérez Figueroa"}},
{"type":"Feature","geometry":{"type":"MultiPolygon","coordinates":[[[[-97.2534,17.2309],[-97.2797,17.2289],[-97.2869,17.2151],[-97.2788,17.1875],[-97.2676,17.1881],[-97.243,17.1734],[-97.2342,17.1867],[-97.2404,17.2076],[-97.2596,17.21],[-97.2534,17.2309]]],[[[-97.1841,17.5897],[-97.1998,17.5788],[-97.2325,17.5446],[-97.2557,17.5291],[-97.2556,17.5004],[-97.2602,17.4989],[-97.2572,17.4808],[-97.2599,17.4667],[-97.2593,17.4616],[-97.2568,17.4491],[-97.2253,17.4202],[-97.2119,17.4194],[-97.1993,17.3756],[-97.1695,17.3833],[-97.1609,17.3777],[-97.156,17.3305],[-97.1319,17.3256],[-97.124,17.3204],[-97.12,17.3203],[-97.1128,17.3173],[-97.1089,17.3142],[-97.1055,17.3138],[-97.0855,17.3642],[-97.0847,17.3746],[-97.1271,17.3891],[-97.1443,17.4014],[-97.1054,17.4318],[-97.0951,17.4218],[-97.0764,17.4178],[-97.0438,17.4201],[-97.021,17.4412],[-96.9987,17.444],[-97.0053,17.4839],[-97.019,17.4802],[-97.0295,17.4814],[-97.0338,17.4686],[-97.0271,17.4494],[-97.0603,17.4281],[-97.1037,17.4351],[-97.112,17.4535],[-97.1302,17.4721],[-97.1468,17.4807],[-97.1705,17.4826],[-97.1818,17.5136],[-97.1695,17.54],[-97.1492,17.5508],[-97.1367,17.5463],[-97.1095,17.5246],[-97.0881,17.5247],[-97.0691,17.5761],[-97.0756,17.5819],[-97.0973,17.5737],[-97.1313,17.5791],[-97.1396,17.5615],[-97.1615,17.5888],[-97.1841,17.5897]]]]},"properties":{"CVE_ENT":"20","CVE_MUN":"006","CVEGEO":"20006","NOMGEO":"Asunción Nochixtlán"}},
{"type":"Feature","geometry":{"type":"Polygon","coordinates":[[[-95.7235,16.1118],[-95.7298,16.117],[-95.7456,16.1557],[-95.748,16.1773],[-95.7567,16.1951],[-95.7375,16.198],[-95.7465,16.2324],[-95.7656,16.2389],[-95.784,16.2672],[-95.7371,16.2861],[-95.7163,16.2809],[-95.6953,16.3363],[-95.7627,16.3424],[-95.8282,16.3145],[-95.7954,16.2796],[-95.8046,16.2725],[-95.8121,16.2509],[-95.8097,16.2183],[-95.7908,16.2046],[-95.7918,16.1872],[-95.8058,16.1756],[-95.8052,16.1494],[-95.7643,16.082],[-95.7351,16.0784],[-95.7235,16.1118]]]},"properties":{"CVE_ENT":"20","CVE_MUN":"008","CVEGEO":"20008","NOMGEO":"Asunción Tlacolulita"}},
{"type":"Feature","geometry":{"type":"Polygon","coordinates":[[[-96.0882,17.7424],[-96.0963,17.7506],[-96.0896,17.7636],[-96.0952,17.7812],[-96.1144,17.8021],[-96.1669,17.7946],[-96.1676,17.7869],[-96.1622,17.7666],[-96.1654,17.753],[-96.1792,17.7388],[-96.1685,17.7241],[-96.178,17.6917],[-96.1851,17.6843],[-96.2537,17.6912],[-96.2676,17.7111],[-96.2909,17.6824],[-96.2867,17.6573],[-96.2361,17.65],[-96.1654,17.6645],[-96.136,17.6614],[-96.1174,17.6684],[-96.1093,17.6712],[-96.1024,17.7033],[-96.1152,17.7153],[-96.1057,17.7314],[-96.0882,17.7424]]]},"properties":{"CVE_ENT":"20","CVE_MUN":"009","CVEGEO":"20009","NOMGEO":"Ayotzintepec"}},
{"type":"Feature","geometry":{"type":"Polygon","coordinates":[[[-94.8916,16.8947],[-94.8933,16.895],[-94.8967,16.8977],[-94.9034,16.8972],[-94.9159,16.8801],[-94.9479,16.877],[-94.9718,16.8596],[-94.9893,16.8585],[-94.9948,16.8499],[-95.0172,16.848],[-95.0248,16.8544],[-95.0287,16.8503],[-95.0386,16.8487],[-95.0444,16.8442],[-95.0502,16.8331],[-95.0622,16.8146],[-95.0911,16.8128],[-95.0964,16.8204],[-95.1233,16.8016],[-95.1321,16.8084],[-95.1354,16.7924],[-95.1679,16.7662],[-95.1455,16.7582],[-95.1622,16.7112],[-95.1452,16.7093],[-95.1226,16.7175],[-95.0897,16.71],[-95.0438,16.7051],[-95.0137,16.726],[-94.9982,16.7525],[-95.0186,16.7737],[-94.9226,16.8548],[-94.8954,16.8275],[-94.886,16.8356],[-94.9026,16.8501],[-94.9013,16.8732],[-94.8916,16.8947]]]},"properties":{"CVE_ENT":"20","CVE_MUN":"010","CVEGEO":"20010","NOMGEO":"El Barrio de la Soledad"}},
{"type":"Feature","geometry":{"type":"Polygon","coordinates":[[[-97.8611,16.296],[-97.8904,16.3013],[-97.9041,16.3132],[-97.9208,16.3161],[-97.9512,16.3137],[-97.9739,16.2996],[-97.9861,16.3146],[-98.0027,16.3029],[-98.0074,16.2854],[-97.9672,16.2478],[-97.9618,16.2209],[-97.9716,16.1933],[-97.9653,16.1792],[-97.9725,16.1565],[-97.9949,16.1296],[-97.9897,16.1152],[-97.9619,16.1006],[-97.9068,16.0625],[-97.8839,16.1528],[-97.878,16.1934],[-97.8496,16.2661],[-97.8611,16.296]]]},"properties":{"CVE_ENT":"20","CVE_MUN":"414","CVEGEO":"20414","NOMGEO":"Santa María Huazolotitlán"}},
{"type":"Feature","geometry":{"type":"Polygon","coordinates":[[[-96.6954,16.2526],[-96.7139,16.2415],[-96.7387,16.2356],[-96.7614,16.2366],[-96.7761,16.2517],[-96.8001,16.2503],[-96.834,16.2862],[-96.8368,16.2664],[-96.8504,16.2461],[-96.8078,16.2132],[-96.8338,16.0896],[-96.8521,16.0924],[-96.8767,16.087],[-96.8634,16.0714],[-96.8586,16.0395],[-96.8453,16.0221],[-96.8352,16.0263],[-96.8219,16.051],[-96.8368,16.0755],[-96.8317,16.0938],[-96.8229,16.0997],[-96.7922,16.1023],[-96.7816,16.1221],[-96.762,16.1275],[-96.7336,16.1405],[-96.7277,16.1908],[-96.7143,16.2111],[-96.6954,16.2526]]]},"properties":{"CVE_ENT":"20","CVE_MUN":"291","CVEGEO":"20291","NOMGEO":"San Pablo Coatlán"}},
{"type":"Feature","geometry":{"type":"Polygon","coordinates":[[[-96.2077,17.0122],[-96.23,17.0415],[-96.2336,17.0644],[-96.242,17.0771],[-96.2943,17.0547],[-96.3071,17.0313],[-96.3328,17.0323],[-96.3246,16.9852],[-96.366,16.9952],[-96.4089,16.952],[-96.4231,16.9456],[-96.4132,16.9313],[-96.4138,16.9228],[-96.4156,16.9236],[-96.4164,16.9239],[-96.4152,16.9185],[-96.3938,16.9009],[-96.3537,16.8863],[-96.3332,16.8748],[-96.325,16.8583],[-96.3109,16.8728],[-96.3147,16.8753],[-96.2896,16.9503],[-96.2829,16.9447],[-96.2497,16.9604],[-96.2161,16.9501],[-96.2044,16.9382],[-96.2053,16.9269],[-96.1815,16.9214],[-96.1659,16.9244],[-96.1565,16.9372],[-96.171,16.9604],[-96.1861,16.9709],[-96.2077,17.0122]]]},"properties":{"CVE_ENT":"20","CVE_MUN":"298","CVEGEO":"20298","NOMGEO":"San Pablo Villa de Mitla"}},
{"type":"Feature","geometry":{"type":"Polygon","coordinates":[[[-96.7129,17.0293],[-96.7232,17.0464],[-96.7637,17.0451],[-96.7729,17.048],[-96.7698,17.0417],[-96.807,17.0442],[-96.777,17.0156],[-96.7569,17.0158],[-96.7628,16.9975],[-96.7398,16.9967],[-96.7472,16.972],[-96.7326,16.9658],[-96.7252,16.9801],[-96.7186,17.0005],[-96.713,17.018],[-96.7129,17.0293]]]},"properties":{"CVE_ENT":"20","CVE_MUN":"385","CVEGEO":"20385","NOMGEO":"Santa Cruz Xoxocotlán"}},
{"type":"Feature","geometry":{"type":"Polygon","coordinates":[[[-96.807,17.0442],[-96.8245,17.0421],[-96.8321,17.0501],[-96.8615,17.0291],[-96.8401,17.0085],[-96.8241,17.0211],[-96.8103,16.9961],[-96.8107,16.9763],[-96.78,16.9646],[-96.7628,16.9637],[-96.7628,16.9975],[-96.7569,17.0158],[-96.777,17.0156],[-96.807,17.0442]]]},"properties":{"CVE_ENT":"20","CVE_MUN":"023","CVEGEO":"20023","NOMGEO":"Cuilápam de Guerrero"}},
{"type":"Feature","geometry":{"type":"Polygon","coordinates":[[[-96.4167,16.0318],[-96.4664,16.0457],[-96.4895,16.0701],[-96.5049,16.0601],[-96.5199,16.0358],[-96.5249,16.0138],[-96.52,16.0025],[-96.5002,15.9972],[-96.4685,15.97],[-96.4458,15.9667],[-96.4216,15.9682],[-96.4239,15.982],[-96.4381,15.9985],[-96.4167,16.0318]]]},"properties":{"CVE_ENT":"20","CVE_MUN":"306","CVEGEO":"20306","NOMGEO":"San Pedro el Alto"}},
{"type":"Feature","geometry":{"type":"Polygon","coordinates":[[[-96.7698,17.0417],[-96.783,17.0505],[-96.7897,17.0666],[-96.814,17.0719],[-96.8321,17.0602],[-96.8702,17.051],[-96.8727,17.0299],[-96.8615,17.0291],[-96.8321,17.0501],[-96.8245,17.0421],[-96.807,17.0442],[-96.7698,17.0417]]]},"properties":{"CVE_ENT":"20","CVE_MUN":"310","CVEGEO":"20310","NOMGEO":"San Pedro Ixtlahuaca"}},
{"type":"Feature","geometry":{"type":"Polygon","coordinates":[[[-96.4742,18.1128],[-96.4692,18.1237],[-96.4958,18.1243],[-96.4894,18.1355],[-96.5014,18.1645],[-96.5103,18.1679],[-96.5327,18.1903],[-96.5806,18.22],[-96.5852,18.2097],[-96.6133,18.2088],[-96.6207,18.1935],[-96.5969,18.1804],[-96.5975,18.1642],[-96.5794,18.1402],[-96.5958,18.1259],[-96.5835,18.1087],[-96.5575,18.113],[-96.5523,18.1167],[-96.4742,18.1128]]]},"properties":{"CVE_ENT":"20","CVE_MUN":"309","CVEGEO":"20309","NOMGEO":"San Pedro Ixcatlán"}},
{"type":"Feature","geometry":{"type":"Polygon","coordinates":[[[-96.2631,15.9187],[-96.2642,15.919],[-96.2658,15.9191],[-96.2693,15.9189],[-96.2738,15.9177],[-96.2828,15.9063],[-96.2897,15.9136],[-96.3346,15.9124],[-96.3521,15.9037],[-96.361,15.8866],[-96.3724,15.8857],[-96.3753,15.8692],[-96.4004,15.8862],[-96.4059,15.8728],[-96.426,15.8814],[-96.4569,15.8871],[-96.4895,15.887],[-96.4856,15.8567],[-96.4894,15.8399],[-96.5043,15.8199],[-96.5312,15.8102],[-96.5204,15.7787],[-96.5062,15.7551],[-96.5055,15.6958],[-96.525,15.6621],[-96.4946,15.6587],[-96.4776,15.6735],[-96.4544,15.6808],[-96.4403,15.6917],[-96.4199,15.6953],[-96.3631,15.6838],[-96.3395,15.6846],[-96.3286,15.6992],[-96.3294,15.7398],[-96.3369,15.8042],[-96.3594,15.8423],[-96.3656,15.8622],[-96.3106,15.8658],[-96.291,15.8626],[-96.2608,15.8641],[-96.2706,15.8915],[-96.2692,15.9007],[-96.263,15.9135],[-96.2636,15.9149],[-96.2633,15.9167],[-96.2625,15.9174],[-96.2631,15.9187]]]},"properties":{"CVE_ENT":"20","CVE_MUN":"324","CVEGEO":"20324","NOMGEO":"San Pedro Pochutla"}},
{"type":"Feature","geometry":{"type":"Polygon","coordinates":[[[-96.1618,17.1245],[-96.1743,17.1264],[-96.1886,17.1158],[-96.1817,17.1115],[-96.1776,17.0637],[-96.2058,17.0413],[-96.2077,17.0122],[-96.1861,16.9709],[-96.171,16.9604],[-96.1513,16.9596],[-96.128,16.9824],[-96.1068,16.984],[-96.1088,16.9535],[-96.0819,16.9507],[-96.0798,16.9679],[-96.07,16.9882],[-96.05,16.9874],[-96.0566,17],[-96.0486,17.0186],[-96.0576,17.0338],[-96.0802,17.0432],[-96.0827,17.0518],[-96.1123,17.055],[-96.1206,17.0646],[-96.1334,17.0843],[-96.1554,17.0832],[-96.1686,17.1026],[-96.1599,17.123],[-96.1618,17.1245]]]},"properties":{"CVE_ENT":"20","CVE_MUN":"337","CVEGEO":"20337","NOMGEO":"San Pedro y San Pablo Ayutla"}},
{"type":"Feature","geometry":{"type":"Polygon","coordinates":[[[-96.697,16.4018],[-96.7044,16.4158],[-96.6988,16.4388],[-96.683,16.4224],[-96.6728,16.4362],[-96.6699,16.4562],[-96.688,16.4638],[-96.7042,16.449],[-96.7104,16.4177],[-96.7249,16.4249],[-96.7528,16.3945],[-96.778,16.3985],[-96.7862,16.3985],[-96.7808,16.3728],[-96.7427,16.3606],[-96.7144,16.3718],[-96.7014,16.3845],[-96.697,16.4018]]]},"properties":{"CVE_ENT":"20","CVE_MUN":"351","CVEGEO":"20351","NOMGEO":"San Simón Almolongas"}},
{"type":"Feature","geometry":{"type":"Polygon","coordinates":[[[-97.3461,17.3863],[-97.3673,17.4076],[-97.3956,17.4011],[-97.4299,17.3863],[-97.4441,17.3576],[-97.4427,17.3495],[-97.4431,17.3484],[-97.3932,17.3637],[-97.3602,17.3652],[-97.3461,17.3863]]]},"properties":{"CVE_ENT":"20","CVE_MUN":"562","CVEGEO":"20562","NOMGEO":"Magdalena Yodocono de Porfirio Díaz"}},
{"type":"Feature","geometry":{"type":"Polygon","coordinates":[[[-96.9637,17.1512],[-96.9835,17.1518],[-97.0009,17.1337],[-97.0073,17.1196],[-97.0288,17.1175],[-97.0352,17.0929],[-97.0522,17.0855],[-97.0574,17.0647],[-97.0745,17.061],[-97.0809,17.0763],[-97.119,17.0591],[-97.152,17.0227],[-97.1474,16.9913],[-97.131,16.9953],[-97.0915,16.9874],[-97.0658,16.9763],[-97.0693,16.9668],[-97.0636,16.9605],[-97.0351,16.977],[-97.0043,16.9846],[-96.9983,16.977],[-96.9685,16.9742],[-96.9407,16.9879],[-96.9556,16.9848],[-96.9618,16.9964],[-96.981,17.0026],[-96.9925,17.0131],[-97.0055,17.0102],[-97.0246,17.0155],[-97.0189,17.0342],[-97.0254,17.0463],[-97.0166,17.0596],[-96.9805,17.0506],[-96.9543,17.0636],[-96.9468,17.0618],[-96.9259,17.0816],[-96.9308,17.106],[-96.9637,17.1512]]]},"properties":{"CVE_ENT":"20","CVE_MUN":"426","CVEGEO":"20426","NOMGEO":"Santa María Peñoles"}},
{"type":"Feature","geometry":{"type":"Polygon","coordinates":[[[-95.0502,16.8331],[-95.0638,16.8354],[-95.0619,16.8564],[-95.0528,16.8585],[-95.0455,16.9035],[-95.0186,16.9079],[-94.9925,16.9317],[-94.9809,16.921],[-94.9536,16.9272],[-94.941,16.9568],[-94.9574,16.979],[-94.9742,16.953],[-94.9908,16.9601],[-95.0332,16.9245],[-95.0559,16.9162],[-95.0845,16.8982],[-95.0969,16.8979],[-95.1058,16.9047],[-95.1138,16.9033],[-95.1297,16.9093],[-95.1301,16.9086],[-95.13,16.9076],[-95.1328,16.9074],[-95.1401,16.9119],[-95.1554,16.9128],[-95.1507,16.8884],[-95.1752,16.8856],[-95.1389,16.825],[-95.1321,16.8084],[-95.1233,16.8016],[-95.0964,16.8204],[-95.0911,16.8128],[-95.0622,16.8146],[-95.0502,16.8331]]]},"properties":{"CVE_ENT":"20","CVE_MUN":"427","CVEGEO":"20427","NOMGEO":"Santa María Petapa"}},
{"type":"Feature","geometry":{"type":"Polygon","coordinates":[[[-96.6282,18.6319],[-96.6833,18.6693],[-96.6841,18.6443],[-96.6722,18.6186],[-96.6938,18.5912],[-96.6909,18.568],[-96.6996,18.5533],[-96.7156,18.5732],[-96.7242,18.559],[-96.7118,18.5481],[-96.7269,18.5298],[-96.7062,18.5263],[-96.7029,18.5103],[-96.688,18.5126],[-96.6824,18.4997],[-96.6591,18.4924],[-96.6683,18.5171],[-96.6569,18.5343],[-96.6428,18.5417],[-96.6568,18.5627],[-96.6405,18.5775],[-96.6306,18.5741],[-96.5942,18.5892],[-96.5842,18.6021],[-96.6282,18.6319]]]},"properties":{"CVE_ENT":"20","CVE_MUN":"021","CVEGEO":"20021","NOMGEO":"Cosolapa"}},
{"type":"Feature","geometry":{"type":"Polygon","coordinates":[[[-96.7044,17.6654],[-96.7188,17.6814],[-96.7304,17.6773],[-96.7519,17.6916],[-96.7708,17.6763],[-96.8013,17.6805],[-96.81,17.665],[-96.8285,17.6675],[-96.8362,17.6779],[-96.8548,17.6737],[-96.8677,17.6588],[-96.8806,17.6221],[-96.8779,17.5889],[-96.8666,17.5282],[-96.8377,17.509],[-96.7996,17.4989],[-96.7959,17.4895],[-96.7722,17.4756],[-96.7185,17.495],[-96.7155,17.5023],[-96.6967,17.5313],[-96.651,17.5602],[-96.6591,17.5714],[-96.6544,17.586],[-96.6407,17.6024],[-96.6716,17.6477],[-96.695,17.6668],[-96.7044,17.6654]]]},"properties":{"CVE_ENT":"20","CVE_MUN":"175","CVEGEO":"20175","NOMGEO":"San Juan Bautista Atatlahuca"}},
{"type":"Feature","geometry":{"type":"Polygon","coordinates":[[[-97.6254,16.6091],[-97.6712,16.6197],[-97.703,16.6222],[-97.7227,16.6141],[-97.7447,16.6237],[-97.7923,16.6226],[-97.779,16.5931],[-97.7984,16.6007],[-97.8043,16.5885],[-97.8269,16.5968],[-97.8419,16.5933],[-97.8396,16.578],[-97.8594,16.5657],[-97.8545,16.5542],[-97.8394,16.5363],[-97.8328,16.5137],[-97.8464,16.5106],[-97.8497,16.4852],[-97.8105,16.4837],[-97.773,16.4759],[-97.7523,16.4797],[-97.7481,16.4983],[-97.7255,16.472],[-97.7089,16.4844],[-97.6841,16.4693],[-97.6638,16.4761],[-97.6304,16.4651],[-97.62,16.4524],[-97.6183,16.4378],[-97.6094,16.4356],[-97.5887,16.4581],[-97.5406,16.4803],[-97.5394,16.504],[-97.5698,16.5562],[-97.5749,16.5733],[-97.5879,16.584],[-97.6224,16.5866],[-97.6254,16.6091]]]},"properties":{"CVE_ENT":"20","CVE_MUN":"466","CVEGEO":"20466","NOMGEO":"Santiago Ixtayutla"}},
{"type":"Feature","geometry":{"type":"Polygon","coordinates":[[[-95.9416,17.7938],[-95.9639,17.7903],[-95.9715,17.8138],[-96.0017,17.7978],[-96.011,17.7812],[-96.0364,17.7798],[-96.0621,17.7606],[-96.0751,17.7641],[-96.0882,17.7424],[-96.1057,17.7314],[-96.1152,17.7153],[-96.1024,17.7033],[-96.1093,17.6712],[-96.1174,17.6684],[-96.1189,17.6564],[-96.0923,17.6425],[-96.0937,17.6259],[-96.1275,17.6234],[-96.0997,17.6101],[-96.0717,17.5864],[-96.0577,17.5874],[-96.0515,17.5733],[-96.0266,17.5733],[-96.0201,17.5581],[-95.9943,17.5396],[-95.9969,17.5211],[-95.9679,17.5005],[-95.9556,17.4918],[-95.8975,17.4913],[-95.894,17.5098],[-95.9007,17.5282],[-95.928,17.5375],[-95.8947,17.5555],[-95.8798,17.5811],[-95.8594,17.6043],[-95.8699,17.6173],[-95.8684,17.6539],[-95.8978,17.69],[-95.8953,17.7045],[-95.8911,17.7124],[-95.9011,17.7287],[-95.899,17.7543],[-95.8911,17.7668],[-95.8988,17.7657],[-95.9037,17.77],[-95.9066,17.7788],[-95.9134,17.79],[-95.9228,17.7834],[-95.9416,17.7938]]]},"properties":{"CVE_ENT":"20","CVE_MUN":"468","CVEGEO":"20468","NOMGEO":"Santiago Jocotepec"}},
{"type":"Feature","geometry":{"type":"Polygon","coordinates":[[[-95.4328,16.9377],[-95.4484,16.925],[-95.4933,16.9738],[-95.5025,16.9609],[-95.531,16.9493],[-95.5238,16.9396],[-95.5027,16.9299],[-95.4862,16.9214],[-95.4788,16.9326],[-95.4623,16.9294],[-95.4517,16.9177],[-95.4684,16.8804],[-95.479,16.8903],[-95.4982,16.8827],[-95.5161,16.8903],[-95.5202,16.8877],[-95.5205,16.8927],[-95.5183,16.8946],[-95.5211,16.8991],[-95.5491,16.902],[-95.5804,16.8824],[-95.5773,16.8654],[-95.565,16.8444],[-95.5928,16.8214],[-95.5647,16.8112],[-95.5681,16.7686],[-95.6008,16.7391],[-95.6119,16.7131],[-95.6286,16.7306],[-95.6747,16.7043],[-95.6646,16.6895],[-95.6207,16.6785],[-95.5743,16.6457],[-95.5593,16.6218],[-95.5428,16.6066],[-95.532,16.6271],[-95.5018,16.6189],[-95.4555,16.667],[-95.4856,16.701],[-95.4771,16.7273],[-95.4894,16.7475],[-95.4825,16.7577],[-95.4738,16.7623],[-95.4637,16.7731],[-95.4701,16.8153],[-95.4868,16.8349],[-95.4507,16.8528],[-95.4196,16.8561],[-95.4085,16.8693],[-95.4188,16.88],[-95.416,16.8984],[-95.4195,16.918],[-95.4328,16.9377]],[[-95.5433,16.7617],[-95.5346,16.7595],[-95.5321,16.754],[-95.5338,16.7388],[-95.5491,16.7287],[-95.5704,16.7471],[-95.5554,16.7575],[-95.5433,16.7617]]]},"properties":{"CVE_ENT":"20","CVE_MUN":"470","CVEGEO":"20470","NOMGEO":"Santiago Lachiguiri"}},
{"type":"Feature","geometry":{"type":"Polygon","coordinates":[[[-97.3862,17.4587],[-97.4007,17.4625],[-97.4069,17.4464],[-97.4006,17.4331],[-97.4049,17.4208],[-97.3956,17.4011],[-97.3673,17.4076],[-97.3619,17.4128],[-97.3648,17.4242],[-97.3803,17.4434],[-97.3862,17.4587]]]},"properties":{"CVE_ENT":"20","CVE_MUN":"479","CVEGEO":"20479","NOMGEO":"Santiago Nejapilla"}},
{"type":"Feature","geometry":{"type":"Polygon","coordinates":[[[-95.2532,17.6015],[-95.2675,17.6035],[-95.2713,17.6247],[-95.253,17.6334],[-95.2184,17.6393],[-95.2091,17.6525],[-95.1924,17.6549],[-95.1815,17.6858],[-95.2389,17.7393],[-95.2603,17.7301],[-95.265,17.718],[-95.2912,17.7163],[-95.3102,17.7074],[-95.3336,17.6756],[-95.3512,17.6782],[-95.3517,17.6718],[-95.3876,17.6633],[-95.3953,17.6518],[-95.4107,17.6497],[-95.438,17.6317],[-95.4769,17.5884],[-95.4832,17.6012],[-95.514,17.5855],[-95.5172,17.571],[-95.5301,17.571],[-95.5254,17.5613],[-95.5561,17.5557],[-95.5726,17.5486],[-95.5717,17.5287],[-95.5829,17.5193],[-95.6078,17.5238],[-95.614,17.513],[-95.5835,17.5017],[-95.602,17.4766],[-95.6289,17.475],[-95.6383,17.4689],[-95.6818,17.4778],[-95.6607,17.4475],[-95.6773,17.427],[-95.7098,17.4103],[-95.7437,17.3829],[-95.7298,17.3601],[-95.729,17.3355],[-95.7489,17.3185],[-95.7694,17.3228],[-95.778,17.3331],[-95.7917,17.3323],[-95.795,17.3132],[-95.8065,17.2938],[-95.8374,17.2596],[-95.8245,17.2562],[-95.8058,17.235],[-95.7878,17.2552],[-95.749,17.2675],[-95.7429,17.2836],[-95.7152,17.2703],[-95.7153,17.254],[-95.6901,17.2345],[-95.6738,17.2413],[-95.6649,17.2703],[-95.6724,17.2776],[-95.6487,17.3159],[-95.6308,17.3255],[-95.6037,17.3509],[-95.6037,17.3633],[-95.5783,17.3759],[-95.5631,17.4076],[-95.5603,17.4227],[-95.5407,17.4207],[-95.515,17.4446],[-95.491,17.4414],[-95.4765,17.4529],[-95.4469,17.4424],[-95.4285,17.4583],[-95.4064,17.4551],[-95.3923,17.4708],[-95.3605,17.4917],[-95.3509,17.4898],[-95.3425,17.5178],[-95.3239,17.5042],[-95.3128,17.5157],[-95.3276,17.5248],[-95.3145,17.5394],[-95.3006,17.5398],[-95.2659,17.5501],[-95.2639,17.5725],[-95.2532,17.6015]]]},"properties":{"CVE_ENT":"20","CVE_MUN":"498","CVEGEO":"20498","NOMGEO":"Santiago Yaveo"}},
{"type":"Feature","geometry":{"type":"Polygon","coordinates":[[[-97.6533,17.1227],[-97.6786,17.1268],[-97.7064,17.1169],[-97.7247,17.1158],[-97.7326,17.1263],[-97.7459,17.1041],[-97.7426,17.0709],[-97.7301,17.0187],[-97.6955,17.0222],[-97.6632,17.04],[-97.646,17.0436],[-97.6332,17.0906],[-97.6533,17.1227]]]},"properties":{"CVE_ENT":"20","CVE_MUN":"133","CVEGEO":"20133","NOMGEO":"San Esteban Atatlahuca"}},
{"type":"Feature","geometry":{"type":"Polygon","coordinates":[[[-96.4742,18.1128],[-96.5523,18.1167],[-96.5575,18.113],[-96.5606,18.1014],[-96.5768,18.0817],[-96.592,18.0831],[-96.6037,18.0702],[-96.6215,18.0753],[-96.6394,18.0649],[-96.6472,18.0554],[-96.6303,18.0458],[-96.6133,18.0449],[-96.6088,18.0316],[-96.5492,18.0382],[-96.5167,18.0206],[-96.4935,18.0164],[-96.4935,18.0384],[-96.4692,18.0465],[-96.4599,18.0852],[-96.4469,18.1008],[-96.4742,18.1128]]]},"properties":{"CVE_ENT":"20","CVE_MUN":"134","CVEGEO":"20134","NOMGEO":"San Felipe Jalapa de Díaz"}},
{"type":"Feature","geometry":{"type":"Polygon","coordinates":[[[-96.2393,17.1966],[-96.2547,17.2001],[-96.2718,17.1926],[-96.2932,17.1931],[-96.314,17.204],[-96.3359,17.1819],[-96.3155,17.1786],[-96.2878,17.1648],[-96.2742,17.1652],[-96.2562,17.1712],[-96.2494,17.1573],[-96.2401,17.1567],[-96.2232,17.1608],[-96.2106,17.1775],[-96.2002,17.1772],[-96.1935,17.1908],[-96.2393,17.1966]]]},"properties":{"CVE_ENT":"20","CVE_MUN":"138","CVEGEO":"20138","NOMGEO":"San Francisco Cajonos"}},
{"type":"Feature","geometry":{"type":"Polygon","coordinates":[[[-96.9236,16.5751],[-96.9365,16.5743],[-96.9231,16.562],[-96.9397,16.5537],[-96.9576,16.5372],[-96.9755,16.508],[-96.9404,16.4742],[-96.922,16.4698],[-96.9093,16.4779],[-96.8545,16.4622],[-96.865,16.4808],[-96.8588,16.4915],[-96.8463,16.4933],[-96.8297,16.5205],[-96.862,16.5302],[-96.8652,16.5385],[-96.8953,16.5577],[-96.9236,16.5751]]]},"properties":{"CVE_ENT":"20","CVE_MUN":"149","CVEGEO":"20149","NOMGEO":"San Francisco Sola"}},
{"type":"Feature","geometry":{"type":"Polygon","coordinates":[[[-96.9281,17.4489],[-96.9453,17.4846],[-96.9559,17.5366],[-96.976,17.5088],[-96.9907,17.5008],[-97.0175,17.498],[-97.019,17.4802],[-97.0053,17.4839],[-96.9987,17.444],[-97.021,17.4412],[-97.0438,17.4201],[-97.0764,17.4178],[-97.0951,17.4218],[-97.1054,17.4318],[-97.1443,17.4014],[-97.1271,17.3891],[-97.0847,17.3746],[-97.0855,17.3642],[-97.1007,17.3297],[-97.1047,17.3272],[-97.1045,17.323],[-97.1055,17.3138],[-97.1057,17.3131],[-97.0767,17.2795],[-97.0436,17.2532],[-97.0314,17.2319],[-97.033,17.2632],[-97.0281,17.2873],[-97.0341,17.2969],[-97.0336,17.329],[-97.0202,17.3381],[-97.0205,17.3494],[-97.0104,17.3762],[-96.9965,17.3879],[-97.0151,17.4112],[-96.9967,17.4122],[-96.9654,17.4329],[-96.9457,17.4523],[-96.9281,17.4489]]]},"properties":{"CVE_ENT":"20","CVE_MUN":"161","CVEGEO":"20161","NOMGEO":"San Jerónimo Sosola"}},
{"type":"Feature","geometry":{"type":"Polygon","coordinates":[[[-96.8683,16.2907],[-96.885,16.2933],[-96.9104,16.3054],[-96.9086,16.315],[-96.9567,16.3231],[-96.9732,16.3179],[-96.9924,16.3221],[-96.9984,16.3338],[-97.0122,16.3339],[-97.0185,16.3482],[-97.0316,16.3539],[-97.0469,16.3475],[-97.0623,16.363],[-97.0782,16.3658],[-97.0703,16.3181],[-97.0904,16.2905],[-97.0874,16.267],[-97.0758,16.2628],[-97.0625,16.2458],[-97.0271,16.2324],[-97.0201,16.219],[-97.0646,16.202],[-97.0563,16.1364],[-97.0604,16.1367],[-97.034,16.1184],[-97.0304,16.0859],[-97.0213,16.0738],[-97.0206,16.0502],[-97.0033,16.0359],[-96.9539,16.0204],[-96.9557,16.0298],[-96.9284,16.0767],[-96.9098,16.0941],[-96.909,16.1048],[-96.8896,16.1439],[-96.8626,16.1906],[-96.8646,16.2052],[-96.85,16.2311],[-96.8504,16.2461],[-96.8368,16.2664],[-96.834,16.2862],[-96.8408,16.2927],[-96.8683,16.2907]]]},"properties":{"CVE_ENT":"20","CVE_MUN":"159","CVEGEO":"20159","NOMGEO":"San Jerónimo Coatlán"}},
{"type":"Feature","geometry":{"type":"Polygon","coordinates":[[[-97.4685,17.8254],[-97.5068,17.8305],[-97.5101,17.7964],[-97.4869,17.7777],[-97.4783,17.7808],[-97.4562,17.7913],[-97.4546,17.815],[-97.4478,17.8267],[-97.4685,17.8254]]]},"properties":{"CVE_ENT":"20","CVE_MUN":"047","CVEGEO":"20047","NOMGEO":"Santa Magdalena Jicotlán"}},
{"type":"Feature","geometry":{"type":"Polygon","coordinates":[[[-97.0314,17.2319],[-97.0436,17.2532],[-97.0767,17.2795],[-97.1282,17.2523],[-97.1414,17.2282],[-97.131,17.2379],[-97.1167,17.2294],[-97.0729,17.2239],[-97.0391,17.2027],[-96.9836,17.178],[-96.9839,17.1955],[-96.9953,17.2072],[-97.0314,17.2319]]]},"properties":{"CVE_ENT":"20","CVE_MUN":"094","CVEGEO":"20094","NOMGEO":"San Andrés Nuxiño"}},
{"type":"Feature","geometry":{"type":"Polygon","coordinates":[[[-95.9608,17.083],[-95.968,17.0805],[-95.9944,17.1049],[-96.0041,17.0965],[-96.0034,17.0778],[-96.0136,17.0684],[-96.0347,17.0636],[-96.0467,17.0704],[-96.0671,17.0696],[-96.1052,17.078],[-96.1206,17.0646],[-96.1123,17.055],[-96.0827,17.0518],[-96.0802,17.0432],[-96.0576,17.0338],[-96.0486,17.0186],[-96.0566,17],[-96.05,16.9874],[-96.0524,16.9715],[-96.0451,16.9619],[-96.0232,16.9655],[-96.0114,16.9671],[-96.0222,16.9928],[-96.0147,17.0049],[-95.9983,17.0084],[-95.9839,16.9984],[-95.9745,17.0039],[-95.9588,16.992],[-95.9452,16.995],[-95.957,17.001],[-95.9722,17.0226],[-95.9743,17.0392],[-95.9629,17.0664],[-95.9608,17.083]]]},"properties":{"CVE_ENT":"20","CVE_MUN":"031","CVEGEO":"20031","NOMGEO":"Tamazulápam del Espíritu Santo"}},
{"type":"Feature","geometry":{"type":"Polygon","coordinates":[[[-96.4333,16.1126],[-96.4428,16.1256],[-96.4615,16.1243],[-96.4677,16.1094],[-96.4832,16.1201],[-96.5127,16.1023],[-96.4984,16.0822],[-96.5049,16.0601],[-96.4895,16.0701],[-96.4664,16.0457],[-96.4167,16.0318],[-96.4099,16.0556],[-96.4244,16.0776],[-96.4256,16.0984],[-96.4333,16.1126]]]},"properties":{"CVE_ENT":"20","CVE_MUN":"279","CVEGEO":"20279","NOMGEO":"San Miguel Suchixtepec"}},
{"type":"Feature","geometry":{"type":"Polygon","coordinates":[[[-96.8288,15.9609],[-96.8539,15.9662],[-96.8949,15.9687],[-96.9776,15.9303],[-96.9956,15.9186],[-97.0117,15.9215],[-97.0152,15.9049],[-97.0499,15.884],[-97.0623,15.8602],[-97.0466,15.8358],[-97.0491,15.8283],[-97.0169,15.8062],[-96.9773,15.7969],[-96.9352,15.7831],[-96.9095,15.7707],[-96.8528,15.7372],[-96.8422,15.7436],[-96.8464,15.7806],[-96.8369,15.7988],[-96.8372,15.8171],[-96.8281,15.8273],[-96.8118,15.894],[-96.8384,15.9209],[-96.8459,15.9496],[-96.8285,15.9603],[-96.8288,15.9609]]]},"properties":{"CVE_ENT":"20","CVE_MUN":"401","CVEGEO":"20401","NOMGEO":"Santa María Colotepec"}},
{"type":"Feature","geometry":{"type":"Polygon","coordinates":[[[-97.7964,16.3578],[-97.8176,16.3622],[-97.8315,16.3727],[-97.8345,16.3887],[-97.8607,16.3792],[-97.8727,16.3252],[-97.8611,16.296],[-97.8333,16.299],[-97.7923,16.347],[-97.7964,16.3578]]]},"properties":{"CVE_ENT":"20","CVE_MUN":"367","CVEGEO":"20367","NOMGEO":"Santa Catarina Mechoacán"}},
{"type":"Feature","geometry":{"type":"Polygon","coordinates":[[[-96.5718,17.4129],[-96.6101,17.4129],[-96.6449,17.427],[-96.6623,17.421],[-96.6697,17.4022],[-96.648,17.3758],[-96.6093,17.3671],[-96.5858,17.375],[-96.5748,17.3924],[-96.5684,17.4102],[-96.5718,17.4129]]]},"properties":{"CVE_ENT":"20","CVE_MUN":"359","CVEGEO":"20359","NOMGEO":"Santa Ana Yareni"}},
{"type":"Feature","geometry":{"type":"Polygon","coordinates":[[[-96.9836,17.178],[-97.0391,17.2027],[-97.0729,17.2239],[-97.1167,17.2294],[-97.131,17.2379],[-97.1414,17.2282],[-97.1702,17.2014],[-97.1285,17.1624],[-97.1076,17.1748],[-97.0942,17.1597],[-97.0666,17.1461],[-97.0629,17.1227],[-97.0552,17.1147],[-97.0522,17.0855],[-97.0352,17.0929],[-97.0288,17.1175],[-97.0073,17.1196],[-97.0009,17.1337],[-96.9835,17.1518],[-96.9827,17.1778],[-96.9836,17.178]]]},"properties":{"CVE_ENT":"20","CVE_MUN":"511","CVEGEO":"20511","NOMGEO":"Santo Domingo Nuxaá"}},
{"type":"Feature","geometry":{"type":"Polygon","coordinates":[[[-97.2939,17.4993],[-97.3087,17.5092],[-97.3358,17.5051],[-97.3275,17.4771],[-97.3145,17.4775],[-97.3033,17.491],[-97.2829,17.4818],[-97.2956,17.4667],[-97.287,17.4602],[-97.2593,17.4616],[-97.2599,17.4667],[-97.2585,17.4772],[-97.2579,17.4807],[-97.2727,17.4919],[-97.2939,17.4993]]]},"properties":{"CVE_ENT":"20","CVE_MUN":"096","CVEGEO":"20096","NOMGEO":"San Andrés Sinaxtla"}},
{"type":"Feature","geometry":{"type":"Polygon","coordinates":[[[-96.593,17.3199],[-96.6183,17.3247],[-96.6563,17.3056],[-96.6817,17.2976],[-96.6941,17.2834],[-96.6882,17.2694],[-96.6981,17.2562],[-96.695,17.2448],[-96.6849,17.2375],[-96.6575,17.1811],[-96.6533,17.1737],[-96.6477,17.1897],[-96.6308,17.2014],[-96.6178,17.2505],[-96.6047,17.2655],[-96.6055,17.2802],[-96.593,17.3199]]]},"properties":{"CVE_ENT":"20","CVE_MUN":"504","CVEGEO":"20504","NOMGEO":"Nuevo Zoquiápam"}},
{"type":"Feature","geometry":{"type":"MultiPolygon","coordinates":[[[[-98.3221,17.5975],[-98.3416,17.5747],[-98.3285,17.5691],[-98.3095,17.5742],[-98.314,17.5952],[-98.3221,17.5975]]],[[[-98.244,17.7877],[-98.2525,17.7975],[-98.2587,17.7869],[-98.2676,17.7842],[-98.2647,17.7689],[-98.2267,17.7415],[-98.2032,17.7306],[-98.2014,17.7175],[-98.1822,17.7198],[-98.1821,17.6798],[-98.1936,17.6636],[-98.1986,17.6419],[-98.1712,17.633],[-98.1798,17.6233],[-98.1833,17.6009],[-98.1878,17.5847],[-98.1995,17.5443],[-98.2043,17.5424],[-98.2129,17.5027],[-98.2121,17.4866],[-98.202,17.4825],[-98.2036,17.4148],[-98.1857,17.4112],[-98.1675,17.3824],[-98.1418,17.3797],[-98.1397,17.3943],[-98.1247,17.4296],[-98.116,17.4346],[-98.1079,17.4593],[-98.0856,17.4677],[-98.0795,17.4847],[-98.0669,17.4872],[-98.0636,17.5074],[-98.0673,17.5294],[-98.046,17.5249],[-98.0376,17.5119],[-98.0231,17.5094],[-98.0377,17.5545],[-98.0421,17.5905],[-98.0335,17.6101],[-98.0441,17.6273],[-98.0444,17.627],[-98.0454,17.628],[-98.0463,17.628],[-98.0492,17.6264],[-98.0534,17.6258],[-98.0693,17.6467],[-98.0927,17.6364],[-98.0988,17.6135],[-98.0966,17.5991],[-98.1094,17.5697],[-98.1377,17.5662],[-98.1296,17.5853],[-98.1225,17.6181],[-98.1542,17.6366],[-98.1551,17.6532],[-98.1672,17.6714],[-98.1467,17.6827],[-98.1367,17.6798],[-98.1296,17.6902],[-98.1323,17.7139],[-98.1347,17.7161],[-98.1366,17.7191],[-98.1346,17.7252],[-98.13,17.7301],[-98.1531,17.7337],[-98.1815,17.7557],[-98.1987,17.7473],[-98.2188,17.7504],[-98.2133,17.763],[-98.2205,17.7693],[-98.2191,17.7791],[-98.244,17.7877]]]]},"properties":{"CVE_ENT":"20","CVE_MUN":"537","CVEGEO":"20537","NOMGEO":"Silacayoápam"}},
{"type":"Feature","geometry":{"type":"Polygon","coordinates":[[[-97.445,16.339],[-97.4681,16.3493],[-97.4823,16.362],[-97.5519,16.3595],[-97.5894,16.3844],[-97.6059,16.3879],[-97.6113,16.3493],[-97.6266,16.3305],[-97.6046,16.3115],[-97.615,16.2984],[-97.5987,16.2592],[-97.599,16.2437],[-97.5901,16.2378],[-97.5342,16.2449],[-97.4721,16.2731],[-97.4582,16.2702],[-97.44,16.2802],[-97.4371,16.3354],[-97.445,16.339]]]},"properties":{"CVE_ENT":"20","CVE_MUN":"543","CVEGEO":"20543","NOMGEO":"Tataltepec de Valdés"}},
{"type":"Feature","geometry":{"type":"Polygon","coordinates":[[[-97.2143,18.1637],[-97.225,18.1742],[-97.2746,18.1571],[-97.3085,18.1561],[-97.3184,18.1458],[-97.3324,18.1452],[-97.3397,18.1302],[-97.3528,18.1233],[-97.3551,18.1168],[-97.3604,18.1128],[-97.364,18.1068],[-97.3681,18.104],[-97.3689,18.1005],[-97.3629,18.0735],[-97.3652,18.0446],[-97.4093,17.9525],[-97.4255,17.9441],[-97.4142,17.9192],[-97.4217,17.9126],[-97.4069,17.8892],[-97.3903,17.8758],[-97.393,17.8631],[-97.3886,17.8259],[-97.2454,17.9153],[-97.1958,17.9704],[-97.1952,18.0197],[-97.1923,18.0353],[-97.2134,18.1066],[-97.2143,18.1637]]]},"properties":{"CVE_ENT":"20","CVE_MUN":"548","CVEGEO":"20548","NOMGEO":"Tepelmeme Villa de Morelos"}},
{"type":"Feature","geometry":{"type":"Polygon","coordinates":[[[-97.7984,16.7153],[-97.8248,16.752],[-97.8458,16.744],[-97.837,16.7171],[-97.8612,16.7186],[-97.8928,16.7116],[-97.8936,16.6809],[-97.9001,16.6641],[-97.9287,16.6606],[-97.9407,16.6435],[-97.9196,16.6095],[-97.9347,16.5646],[-97.8693,16.5771],[-97.8594,16.5657],[-97.8396,16.578],[-97.8419,16.5933],[-97.8269,16.5968],[-97.8043,16.5885],[-97.7984,16.6007],[-97.8175,16.6128],[-97.8213,16.6296],[-97.7974,16.6572],[-97.8175,16.6783],[-97.7984,16.7153]]]},"properties":{"CVE_ENT":"20","CVE_MUN":"076","CVEGEO":"20076","NOMGEO":"La Reforma"}},
{"type":"Feature","geometry":{"type":"Polygon","coordinates":[[[-96.9559,17.5366],[-96.9592,17.545],[-96.9808,17.5457],[-96.9874,17.556],[-96.9933,17.546],[-97.0101,17.5511],[-97.0155,17.5403],[-96.9936,17.5224],[-96.9954,17.5064],[-97.0217,17.5151],[-97.0414,17.5348],[-97.0445,17.5295],[-97.0785,17.5184],[-97.0692,17.4894],[-97.097,17.484],[-97.1302,17.4721],[-97.112,17.4535],[-97.1037,17.4351],[-97.0603,17.4281],[-97.0271,17.4494],[-97.0338,17.4686],[-97.019,17.4802],[-97.0175,17.498],[-96.9907,17.5008],[-96.976,17.5088],[-96.9559,17.5366]]]},"properties":{"CVE_ENT":"20","CVE_MUN":"463","CVEGEO":"20463","NOMGEO":"Santiago Huauclilla"}},
{"type":"Feature","geometry":{"type":"Polygon","coordinates":[[[-97.0138,17.7211],[-97.0084,17.7405],[-97.0095,17.7596],[-97.0334,17.754],[-97.0424,17.7442],[-97.0655,17.737],[-97.0782,17.7162],[-97.1011,17.6948],[-97.0878,17.6783],[-97.0799,17.6858],[-97.0416,17.7129],[-97.0138,17.7211]]]},"properties":{"CVE_ENT":"20","CVE_MUN":"436","CVEGEO":"20436","NOMGEO":"Santa María Texcatitlán"}},
{"type":"Feature","geometry":{"type":"Polygon","coordinates":[[[-97.2999,17.5566],[-97.3261,17.5746],[-97.3544,17.5772],[-97.3925,17.5675],[-97.3975,17.5435],[-97.386,17.5425],[-97.356,17.5245],[-97.3555,17.5153],[-97.3695,17.4995],[-97.39,17.5011],[-97.3895,17.4737],[-97.3535,17.4902],[-97.3408,17.478],[-97.3275,17.4771],[-97.3358,17.5051],[-97.3087,17.5092],[-97.2939,17.4993],[-97.2971,17.5152],[-97.3076,17.5111],[-97.3142,17.5356],[-97.2999,17.5566]]]},"properties":{"CVE_ENT":"20","CVE_MUN":"523","CVEGEO":"20523","NOMGEO":"Santo Domingo Yanhuitlán"}},
{"type":"Feature","geometry":{"type":"Polygon","coordinates":[[[-97.1993,17.3756],[-97.2119,17.4194],[-97.2253,17.4202],[-97.2516,17.4055],[-97.2495,17.3932],[-97.2432,17.3645],[-97.2091,17.3662],[-97.1993,17.3756]]]},"properties":{"CVE_ENT":"20","CVE_MUN":"054","CVEGEO":"20054","NOMGEO":"Magdalena Zahuatlán"}},
{"type":"Feature","geometry":{"type":"Polygon","coordinates":[[[-98.2203,16.4057],[-98.2569,16.4111],[-98.2661,16.4023],[-98.3155,16.3929],[-98.3094,16.3528],[-98.2957,16.3574],[-98.2382,16.3407],[-98.2378,16.3467],[-98.2008,16.373],[-98.1978,16.3874],[-98.2203,16.4057]]]},"properties":{"CVE_ENT":"20","CVE_MUN":"168","CVEGEO":"20168","NOMGEO":"San José Estancia Grande"}},
{"type":"Feature","geometry":{"type":"Polygon","coordinates":[[[-98.1085,16.7416],[-98.1354,16.7574],[-98.1257,16.7391],[-98.139,16.7238],[-98.1659,16.7217],[-98.2005,16.7119],[-98.238,16.7074],[-98.2459,16.6707],[-98.2331,16.6706],[-98.2285,16.6395],[-98.2142,16.6188],[-98.1938,16.6215],[-98.2055,16.5859],[-98.215,16.5573],[-98.1881,16.5576],[-98.1708,16.5555],[-98.1441,16.5616],[-98.1454,16.5842],[-98.1133,16.5851],[-98.1133,16.5701],[-98.1033,16.5603],[-98.088,16.5705],[-98.0882,16.5929],[-98.071,16.5929],[-98.0663,16.6129],[-98.0828,16.6262],[-98.1143,16.6344],[-98.1262,16.6432],[-98.1435,16.6412],[-98.1548,16.6564],[-98.1515,16.6746],[-98.1311,16.6794],[-98.1085,16.7416]]]},"properties":{"CVE_ENT":"20","CVE_MUN":"185","CVEGEO":"20185","NOMGEO":"San Juan Cacahuatepec"}},
{"type":"Feature","geometry":{"type":"Polygon","coordinates":[[[-96.2002,17.1772],[-96.2106,17.1775],[-96.2232,17.1608],[-96.1975,17.1365],[-96.1621,17.1321],[-96.1791,17.1453],[-96.2002,17.1772]]]},"properties":{"CVE_ENT":"20","CVE_MUN":"246","CVEGEO":"20246","NOMGEO":"San Mateo Cajonos"}},
{"type":"Feature","geometry":{"type":"Polygon","coordinates":[[[-97.1683,16.8482],[-97.2074,16.8595],[-97.2223,16.8671],[-97.2455,16.8608],[-97.2653,16.8445],[-97.2442,16.8145],[-97.2565,16.7965],[-97.2778,16.782],[-97.2765,16.7674],[-97.2575,16.7574],[-97.2244,16.7529],[-97.1881,16.757],[-97.2201,16.7381],[-97.222,16.725],[-97.2025,16.699],[-97.1951,16.6706],[-97.2009,16.6579],[-97.1911,16.6358],[-97.1569,16.5908],[-97.1459,16.5542],[-97.1346,16.552],[-97.1177,16.5064],[-97.1201,16.4849],[-97.1647,16.4762],[-97.1602,16.4585],[-97.1799,16.4228],[-97.2045,16.4207],[-97.2055,16.4056],[-97.2217,16.3898],[-97.2309,16.3729],[-97.2124,16.3607],[-97.2037,16.3642],[-97.1741,16.3537],[-97.158,16.3566],[-97.1435,16.3506],[-97.1197,16.3524],[-97.105,16.3651],[-97.0979,16.353],[-97.0834,16.3524],[-97.0782,16.3658],[-97.0623,16.363],[-97.0469,16.3475],[-97.0316,16.3539],[-97.0185,16.3482],[-97.0122,16.3339],[-96.9984,16.3338],[-96.9924,16.3221],[-96.9732,16.3179],[-96.9567,16.3231],[-96.9086,16.315],[-96.9104,16.3054],[-96.885,16.2933],[-96.8683,16.2907],[-96.8557,16.3109],[-96.862,16.3179],[-96.8925,16.3667],[-96.885,16.3795],[-96.8799,16.4108],[-96.8677,16.4248],[-96.868,16.4359],[-96.866,16.4453],[-96.8497,16.4578],[-96.8545,16.4622],[-96.9093,16.4779],[-96.922,16.4698],[-96.9404,16.4742],[-96.9755,16.508],[-96.9576,16.5372],[-96.9397,16.5537],[-96.9231,16.562],[-96.9365,16.5743],[-96.956,16.5756],[-96.9613,16.558],[-96.9775,16.5452],[-96.9812,16.5604],[-96.9722,16.5671],[-96.9639,16.5895],[-96.9752,16.6171],[-96.9676,16.6279],[-96.9256,16.6377],[-96.9283,16.6412],[-96.9478,16.7248],[-96.9791,16.724],[-96.9857,16.6975],[-97.0012,16.6763],[-96.9947,16.6581],[-97.0035,16.6332],[-96.9968,16.5921],[-96.9892,16.5847],[-96.9925,16.5487],[-97.0415,16.5152],[-97.0691,16.5345],[-97.0786,16.5565],[-97.0557,16.5717],[-97.0901,16.5836],[-97.1018,16.6109],[-97.0963,16.6257],[-97.1147,16.6469],[-97.1356,16.6552],[-97.1415,16.6716],[-97.1618,16.6593],[-97.1885,16.6631],[-97.172,16.6879],[-97.1823,16.7073],[-97.2054,16.7192],[-97.1736,16.7356],[-97.1644,16.7598],[-97.1843,16.7799],[-97.1878,16.7961],[-97.1786,16.8173],[-97.1736,16.8187],[-97.1688,16.829],[-97.1683,16.8482]]]},"properties":{"CVE_ENT":"20","CVE_MUN":"277","CVEGEO":"20277","NOMGEO":"Villa Sola de Vega"}},
{"type":"Feature","geometry":{"type":"Polygon","coordinates":[[[-96.7491,16.5819],[-96.7849,16.5859],[-96.7851,16.5832],[-96.7863,16.5489],[-96.7676,16.5623],[-96.745,16.5721],[-96.7491,16.5819]]]},"properties":{"CVE_ENT":"20","CVE_MUN":"542","CVEGEO":"20542","NOMGEO":"Taniche"}},
{"type":"Feature","geometry":{"type":"Polygon","coordinates":[[[-95.8593,16.5186],[-95.8382,16.5352],[-95.8384,16.5439],[-95.803,16.5729],[-95.8082,16.5922],[-95.8171,16.5983],[-95.821,16.6191],[-95.9147,16.6846],[-95.9238,16.6943],[-95.9305,16.6785],[-95.9547,16.6579],[-95.9571,16.6411],[-95.9493,16.6169],[-95.9294,16.5978],[-95.9296,16.5881],[-95.9416,16.5598],[-95.9182,16.5627],[-95.8703,16.5302],[-95.8593,16.5186]]]},"properties":{"CVE_ENT":"20","CVE_MUN":"357","CVEGEO":"20357","NOMGEO":"Santa Ana Tavela"}},
{"type":"Feature","geometry":{"type":"Polygon","coordinates":[[[-97.6183,16.4378],[-97.62,16.4524],[-97.6304,16.4651],[-97.6638,16.4761],[-97.6841,16.4693],[-97.6981,16.443],[-97.7075,16.4057],[-97.7023,16.3741],[-97.6832,16.3527],[-97.7054,16.3079],[-97.7169,16.3188],[-97.7585,16.3421],[-97.7777,16.335],[-97.7874,16.3182],[-97.7745,16.2846],[-97.765,16.2699],[-97.7672,16.2536],[-97.7384,16.2418],[-97.6598,16.2522],[-97.6384,16.2652],[-97.6103,16.2577],[-97.5987,16.2592],[-97.615,16.2984],[-97.6046,16.3115],[-97.6266,16.3305],[-97.6113,16.3493],[-97.6059,16.3879],[-97.6124,16.3969],[-97.6043,16.4265],[-97.6183,16.4378]]]},"properties":{"CVE_ENT":"20","CVE_MUN":"489","CVEGEO":"20489","NOMGEO":"Santiago Tetepec"}},
{"type":"Feature","geometry":{"type":"Polygon","coordinates":[[[-96.9409,18.2196],[-96.9635,18.2291],[-96.9915,18.2307],[-97.009,18.2059],[-97.0041,18.1986],[-96.9635,18.2021],[-96.9409,18.2196]]]},"properties":{"CVE_ENT":"20","CVE_MUN":"490","CVEGEO":"20490","NOMGEO":"Santiago Texcalcingo"}},
{"type":"Feature","geometry":{"type":"Polygon","coordinates":[[[-95.8374,17.2596],[-95.8548,17.2603],[-95.8814,17.2819],[-95.8996,17.273],[-95.8968,17.2608],[-95.9025,17.237],[-95.9349,17.2358],[-95.9574,17.2173],[-95.9705,17.1936],[-95.9806,17.1887],[-95.9627,17.1372],[-95.9268,17.1394],[-95.9094,17.1244],[-95.8944,17.132],[-95.8513,17.1282],[-95.8189,17.1436],[-95.8156,17.1735],[-95.8394,17.2022],[-95.8198,17.208],[-95.7968,17.2043],[-95.7908,17.222],[-95.8058,17.235],[-95.8245,17.2562],[-95.8374,17.2596]]]},"properties":{"CVE_ENT":"20","CVE_MUN":"502","CVEGEO":"20502","NOMGEO":"Santiago Zacatepec"}},
{"type":"Feature","geometry":{"type":"Polygon","coordinates":[[[-96.9028,18.1488],[-96.8913,18.1652],[-96.9014,18.1716],[-96.9251,18.1722],[-96.9394,18.1715],[-96.952,18.146],[-96.9691,18.1323],[-96.9679,18.1241],[-96.9318,18.1464],[-96.9028,18.1488]]]},"properties":{"CVE_ENT":"20","CVE_MUN":"163","CVEGEO":"20163","NOMGEO":"San Jerónimo Tecóatl"}},
{"type":"Feature","geometry":{"type":"Polygon","coordinates":[[[-96.0305,17.8901],[-96.0266,17.8999],[-96.0453,17.9097],[-96.055,17.9287],[-96.0699,17.933],[-96.091,17.9201],[-96.101,17.9319],[-96.1012,17.9636],[-96.1299,17.9875],[-96.1316,18.0043],[-96.157,18.0063],[-96.1779,17.9945],[-96.1948,18.0069],[-96.2016,17.9942],[-96.2055,17.9292],[-96.173,17.9173],[-96.1628,17.9232],[-96.1519,17.9115],[-96.1397,17.8846],[-96.148,17.8831],[-96.144,17.8269],[-96.1054,17.8199],[-96.0803,17.8244],[-96.0694,17.8368],[-96.0771,17.8783],[-96.0618,17.8832],[-96.0421,17.8618],[-96.0305,17.8901]]]},"properties":{"CVE_ENT":"20","CVE_MUN":"166","CVEGEO":"20166","NOMGEO":"San José Chiltepec"}},
{"type":"Feature","geometry":{"type":"Polygon","coordinates":[[[-97.897,17.7815],[-97.9104,17.8054],[-97.9647,17.7842],[-97.9511,17.7737],[-97.9464,17.7463],[-97.9899,17.7523],[-98.014,17.7438],[-98.0422,17.7568],[-98.0537,17.7524],[-98.0669,17.7197],[-98.0498,17.7206],[-98.0424,17.743],[-98.019,17.7411],[-98.0233,17.7292],[-97.9913,17.7247],[-97.9866,17.7311],[-97.9466,17.7318],[-97.939,17.7163],[-97.9195,17.7108],[-97.8936,17.6946],[-97.878,17.7044],[-97.8686,17.6994],[-97.8556,17.6872],[-97.8421,17.6993],[-97.8454,17.7182],[-97.8332,17.7229],[-97.8217,17.7076],[-97.8068,17.7072],[-97.7894,17.7167],[-97.7778,17.6944],[-97.7721,17.7181],[-97.7777,17.7348],[-97.7915,17.7339],[-97.8104,17.7529],[-97.8345,17.7306],[-97.852,17.7297],[-97.8927,17.749],[-97.9026,17.7702],[-97.897,17.7815]]]},"properties":{"CVE_ENT":"20","CVE_MUN":"237","CVEGEO":"20237","NOMGEO":"San Marcos Arteaga"}},
{"type":"Feature","geometry":{"type":"Polygon","coordinates":[[[-96.2077,17.0122],[-96.2058,17.0413],[-96.1776,17.0637],[-96.1817,17.1115],[-96.1886,17.1158],[-96.1926,17.1052],[-96.2161,17.099],[-96.2474,17.0973],[-96.2489,17.0958],[-96.242,17.0771],[-96.2336,17.0644],[-96.23,17.0415],[-96.2077,17.0122]]]},"properties":{"CVE_ENT":"20","CVE_MUN":"506","CVEGEO":"20506","NOMGEO":"Santo Domingo Albarradas"}},
{"type":"Feature","geometry":{"type":"Polygon","coordinates":[[[-95.1596,16.5489],[-95.1594,16.568],[-95.1462,16.5649],[-95.1411,16.5994],[-95.1515,16.6087],[-95.1544,16.6576],[-95.1644,16.6543],[-95.1693,16.6949],[-95.1622,16.7112],[-95.1997,16.7117],[-95.1984,16.6235],[-95.1799,16.6093],[-95.1862,16.5801],[-95.1869,16.5525],[-95.1596,16.5489]]]},"properties":{"CVE_ENT":"20","CVE_MUN":"508","CVEGEO":"20508","NOMGEO":"Santo Domingo Chihuitán"}},
{"type":"Feature","geometry":{"type":"Polygon","coordinates":[[[-95.8953,17.7045],[-95.8978,17.69],[-95.8684,17.6539],[-95.8699,17.6173],[-95.8594,17.6043],[-95.8798,17.5811],[-95.8947,17.5555],[-95.928,17.5375],[-95.9007,17.5282],[-95.894,17.5098],[-95.8975,17.4913],[-95.9556,17.4918],[-95.9679,17.5005],[-95.975,17.4919],[-95.962,17.4609],[-95.9561,17.446],[-95.9004,17.4387],[-95.9165,17.4242],[-95.9192,17.4117],[-95.8969,17.3986],[-95.8633,17.3877],[-95.8595,17.4035],[-95.8476,17.4115],[-95.8253,17.4022],[-95.825,17.3678],[-95.8137,17.3469],[-95.7934,17.344],[-95.778,17.3331],[-95.7694,17.3228],[-95.7489,17.3185],[-95.729,17.3355],[-95.7298,17.3601],[-95.7437,17.3829],[-95.7098,17.4103],[-95.6773,17.427],[-95.6607,17.4475],[-95.6818,17.4778],[-95.6383,17.4689],[-95.6289,17.475],[-95.602,17.4766],[-95.5835,17.5017],[-95.614,17.513],[-95.6078,17.5238],[-95.5829,17.5193],[-95.5717,17.5287],[-95.5726,17.5486],[-95.5777,17.5387],[-95.5996,17.5362],[-95.6377,17.5488],[-95.6488,17.5396],[-95.7088,17.5319],[-95.7212,17.5369],[-95.7296,17.5715],[-95.7501,17.5863],[-95.7697,17.5881],[-95.7734,17.6238],[-95.7856,17.6334],[-95.8033,17.6294],[-95.808,17.6468],[-95.8312,17.653],[-95.8438,17.6727],[-95.8675,17.6848],[-95.871,17.7022],[-95.8953,17.7045]],[[-95.7374,17.5157],[-95.7258,17.5016],[-95.752,17.489],[-95.7399,17.4771],[-95.7525,17.4642],[-95.7716,17.4782],[-95.7689,17.4911],[-95.7374,17.5157]]]},"properties":{"CVE_ENT":"20","CVE_MUN":"205","CVEGEO":"20205","NOMGEO":"San Juan Lalana"}},
{"type":"Feature","geometry":{"type":"Polygon","coordinates":[[[-96.8761,16.7876],[-96.9187,16.7904],[-96.9583,16.7794],[-96.9821,16.7935],[-96.9959,16.7732],[-97.0132,16.779],[-97.0158,16.7622],[-96.9808,16.7326],[-96.9791,16.724],[-96.9478,16.7248],[-96.8856,16.7269],[-96.913,16.7635],[-96.8761,16.7876]]]},"properties":{"CVE_ENT":"20","CVE_MUN":"271","CVEGEO":"20271","NOMGEO":"San Miguel Mixtepec"}},
{"type":"Feature","geometry":{"type":"Polygon","coordinates":[[[-97.0041,18.1986],[-97.009,18.2059],[-97.025,18.1898],[-97.0384,18.1763],[-97.0421,18.1566],[-97.0887,18.1492],[-97.1189,18.1357],[-97.1085,18.1097],[-97.127,18.1162],[-97.1735,18.1055],[-97.1882,18.1264],[-97.2134,18.1066],[-97.1923,18.0353],[-97.1701,18.0357],[-97.1438,18.0502],[-97.1152,18.0449],[-97.1161,18.0639],[-97.0932,18.0702],[-97.0867,18.0816],[-97.0993,18.094],[-97.0785,18.112],[-97.046,18.1218],[-97.0049,18.1433],[-96.9951,18.1534],[-97.0041,18.1986]]]},"properties":{"CVE_ENT":"20","CVE_MUN":"545","CVEGEO":"20545","NOMGEO":"Teotitlán de Flores Magón"}},
{"type":"Feature","geometry":{"type":"Polygon","coordinates":[[[-96.4672,17.107],[-96.4907,17.1132],[-96.5067,17.1027],[-96.5233,17.114],[-96.5378,17.1003],[-96.5467,17.0843],[-96.5889,17.057],[-96.596,17.048],[-96.5809,17.0373],[-96.5816,17.0164],[-96.5606,17.0162],[-96.554,17.0455],[-96.5422,17.0665],[-96.5255,16.9947],[-96.5125,16.9917],[-96.4969,16.9871],[-96.4669,17.0514],[-96.4698,17.0924],[-96.4672,17.107]]]},"properties":{"CVE_ENT":"20","CVE_MUN":"546","CVEGEO":"20546","NOMGEO":"Teotitlán del Valle"}},
{"type":"Feature","geometry":{"type":"Polygon","coordinates":[[[-97.5208,17.7869],[-97.5532,17.7803],[-97.5632,17.7858],[-97.5739,17.7734],[-97.5751,17.7612],[-97.5648,17.7483],[-97.5624,17.7317],[-97.5445,17.7113],[-97.5235,17.7027],[-97.5103,17.7166],[-97.4944,17.721],[-97.5088,17.7253],[-97.5215,17.7484],[-97.5095,17.7565],[-97.5208,17.7869]]]},"properties":{"CVE_ENT":"20","CVE_MUN":"547","CVEGEO":"20547","NOMGEO":"Teotongo"}},
{"type":"Feature","geometry":{"type":"Polygon","coordinates":[[[-98.2071,17.887],[-98.2097,17.8798],[-98.2465,17.8784],[-98.2611,17.9086],[-98.2701,17.9153],[-98.2823,17.9347],[-98.2867,17.9307],[-98.292,17.9197],[-98.2902,17.9161],[-98.2935,17.9141],[-98.2966,17.9113],[-98.2979,17.9111],[-98.3024,17.8927],[-98.3318,17.88],[-98.3493,17.8595],[-98.3205,17.8294],[-98.2997,17.8315],[-98.2868,17.8338],[-98.2682,17.8253],[-98.2752,17.8559],[-98.2917,17.8607],[-98.2788,17.8827],[-98.2525,17.8759],[-98.2464,17.8651],[-98.2491,17.8414],[-98.2409,17.8188],[-98.2173,17.8166],[-98.201,17.8352],[-98.1992,17.8419],[-98.2009,17.8739],[-98.2071,17.887]]]},"properties":{"CVE_ENT":"20","CVE_MUN":"186","CVEGEO":"20186","NOMGEO":"San Juan Cieneguilla"}},
{"type":"Feature","geometry":{"type":"Polygon","coordinates":[[[-96.7783,17.1237],[-96.7693,17.141],[-96.7838,17.1628],[-96.7997,17.161],[-96.8003,17.1606],[-96.8265,17.1469],[-96.8221,17.1249],[-96.8326,17.0961],[-96.8287,17.0891],[-96.7973,17.1125],[-96.7921,17.126],[-96.7783,17.1237]]]},"properties":{"CVE_ENT":"20","CVE_MUN":"227","CVEGEO":"20227","NOMGEO":"San Lorenzo Cacaotepec"}},
{"type":"Feature","geometry":{"type":"Polygon","coordinates":[[[-98.1073,17.9828],[-98.1299,17.978],[-98.1161,17.976],[-98.1097,17.9455],[-98.0953,17.9277],[-98.1,17.8926],[-98.0693,17.8821],[-98.0674,17.8561],[-98.0464,17.8286],[-98.0456,17.8199],[-98.0222,17.8342],[-98.0127,17.8514],[-98.0163,17.8708],[-98.0057,17.8789],[-97.9921,17.8705],[-97.9797,17.8746],[-97.966,17.8647],[-97.9633,17.842],[-97.9766,17.8201],[-97.977,17.8073],[-97.9647,17.7842],[-97.9104,17.8054],[-97.9078,17.8354],[-97.9085,17.849],[-97.9827,17.8859],[-97.9891,17.9065],[-97.9833,17.9244],[-98.0102,17.9333],[-98.0516,17.9275],[-98.0516,17.9822],[-98.1073,17.9828]]]},"properties":{"CVE_ENT":"20","CVE_MUN":"261","CVEGEO":"20261","NOMGEO":"San Miguel Amatitlán"}},
{"type":"Feature","geometry":{"type":"Polygon","coordinates":[[[-97.4278,17.8289],[-97.4338,17.8772],[-97.4703,17.8897],[-97.4869,17.9086],[-97.5257,17.9176],[-97.529,17.9022],[-97.5213,17.883],[-97.4931,17.8641],[-97.4689,17.838],[-97.4685,17.8254],[-97.4478,17.8267],[-97.4278,17.8289]]]},"properties":{"CVE_ENT":"20","CVE_MUN":"552","CVEGEO":"20552","NOMGEO":"Tlacotepec Plumas"}},
{"type":"Feature","geometry":{"type":"Polygon","coordinates":[[[-96.5125,16.9917],[-96.5255,16.9947],[-96.5422,17.0665],[-96.554,17.0455],[-96.5606,17.0162],[-96.5816,17.0164],[-96.5941,17.0068],[-96.58,17.0013],[-96.5724,16.9797],[-96.5609,16.9873],[-96.5505,16.9766],[-96.5193,16.9709],[-96.5125,16.9917]]]},"properties":{"CVE_ENT":"20","CVE_MUN":"550","CVEGEO":"20550","NOMGEO":"San Jerónimo Tlacochahuaya"}},
{"type":"Feature","geometry":{"type":"Polygon","coordinates":[[[-96.3674,16.0433],[-96.3802,16.0456],[-96.387,16.02],[-96.4006,16.0099],[-96.3923,15.9993],[-96.4062,15.9907],[-96.412,15.9652],[-96.3856,15.9546],[-96.3946,15.9297],[-96.3521,15.9037],[-96.3346,15.9124],[-96.2897,15.9136],[-96.2828,15.9063],[-96.2738,15.9177],[-96.2693,15.9189],[-96.2658,15.9191],[-96.2642,15.919],[-96.2631,15.9187],[-96.276,15.9256],[-96.277,15.9181],[-96.2965,15.9245],[-96.2912,15.9392],[-96.2699,15.9442],[-96.2556,15.9613],[-96.2807,15.9756],[-96.2736,15.9869],[-96.2899,15.9943],[-96.2974,16.0116],[-96.2921,16.035],[-96.3335,16.0247],[-96.3506,16.0264],[-96.3674,16.0433]]]},"properties":{"CVE_ENT":"20","CVE_MUN":"253","CVEGEO":"20253","NOMGEO":"San Mateo Piñas"}},
{"type":"Feature","geometry":{"type":"Polygon","coordinates":[[[-96.4858,16.1853],[-96.5139,16.188],[-96.5522,16.1778],[-96.5596,16.1805],[-96.5842,16.1708],[-96.5843,16.1588],[-96.6216,16.1135],[-96.6341,16.1127],[-96.6275,16.0942],[-96.5773,16.0818],[-96.5734,16.0633],[-96.5399,16.0396],[-96.5514,16.0254],[-96.5374,16.014],[-96.5249,16.0138],[-96.5199,16.0358],[-96.5049,16.0601],[-96.4984,16.0822],[-96.5127,16.1023],[-96.4832,16.1201],[-96.4677,16.1094],[-96.4615,16.1243],[-96.4428,16.1256],[-96.4333,16.1126],[-96.4145,16.1166],[-96.4029,16.1573],[-96.4318,16.1576],[-96.4472,16.1761],[-96.4858,16.1853]]]},"properties":{"CVE_ENT":"20","CVE_MUN":"254","CVEGEO":"20254","NOMGEO":"San Mateo Río Hondo"}},
{"type":"Feature","geometry":{"type":"Polygon","coordinates":[[[-97.3238,16.2677],[-97.3257,16.2775],[-97.352,16.2701],[-97.3575,16.2885],[-97.3751,16.3101],[-97.4108,16.303],[-97.44,16.2802],[-97.4582,16.2702],[-97.4526,16.2678],[-97.4621,16.1984],[-97.4457,16.1987],[-97.4376,16.1879],[-97.441,16.1634],[-97.4068,16.1414],[-97.3907,16.1462],[-97.3834,16.1637],[-97.398,16.1883],[-97.4255,16.2113],[-97.4073,16.2282],[-97.3915,16.2266],[-97.3831,16.2159],[-97.36,16.2248],[-97.3586,16.2331],[-97.3253,16.2298],[-97.3238,16.2677]]]},"properties":{"CVE_ENT":"20","CVE_MUN":"272","CVEGEO":"20272","NOMGEO":"San Miguel Panixtlahuaca"}},
{"type":"Feature","geometry":{"type":"Polygon","coordinates":[[[-96.9267,16.9819],[-96.9407,16.9879],[-96.9685,16.9742],[-96.9983,16.977],[-97.0043,16.9846],[-97.0351,16.977],[-97.0636,16.9605],[-97.0693,16.9668],[-97.0711,16.9436],[-97.0928,16.9204],[-97.0883,16.8969],[-97.0767,16.8685],[-97.0713,16.8776],[-97.0445,16.8804],[-97.0304,16.868],[-97.0025,16.8623],[-96.9857,16.8849],[-96.97,16.8923],[-96.9639,16.9104],[-96.9625,16.9247],[-96.9559,16.9305],[-96.9532,16.9309],[-96.9448,16.945],[-96.9276,16.9503],[-96.9173,16.9657],[-96.9267,16.9819]]]},"properties":{"CVE_ENT":"20","CVE_MUN":"273","CVEGEO":"20273","NOMGEO":"San Miguel Peras"}},
{"type":"Feature","geometry":{"type":"Polygon","coordinates":[[[-95.6927,17.0233],[-95.7096,17.0329],[-95.7182,17.0278],[-95.747,17.0324],[-95.7872,17.0598],[-95.7807,17.072],[-95.8192,17.0667],[-95.8465,17.0486],[-95.8512,17.0318],[-95.8349,17.0191],[-95.8014,16.9751],[-95.7971,16.96],[-95.8275,16.9547],[-95.846,16.9394],[-95.8478,16.906],[-95.8363,16.887],[-95.8142,16.8902],[-95.7776,16.8864],[-95.7446,16.8882],[-95.7409,16.9181],[-95.7295,16.9416],[-95.7352,16.9561],[-95.7298,16.9797],[-95.7033,16.9994],[-95.6922,16.9935],[-95.6927,17.0233]]]},"properties":{"CVE_ENT":"20","CVE_MUN":"275","CVEGEO":"20275","NOMGEO":"San Miguel Quetzaltepec"}},
{"type":"Feature","geometry":{"type":"MultiPolygon","coordinates":[[[[-96.165,16.7303],[-96.1405,16.7372],[-96.1461,16.7985],[-96.1502,16.811],[-96.1687,16.8146],[-96.1984,16.8107],[-96.2001,16.7226],[-96.165,16.7303]]],[[[-96.4839,16.9824],[-96.4948,16.9864],[-96.5125,16.9917],[-96.5193,16.9709],[-96.5066,16.9548],[-96.5087,16.9296],[-96.5463,16.9307],[-96.5445,16.8925],[-96.54,16.8902],[-96.5308,16.8776],[-96.5247,16.871],[-96.524,16.8717],[-96.5202,16.888],[-96.5158,16.9018],[-96.5087,16.9294],[-96.4378,16.9115],[-96.4292,16.9135],[-96.4193,16.9204],[-96.4264,16.9239],[-96.4233,16.9268],[-96.4138,16.9228],[-96.4231,16.9456],[-96.4179,16.9583],[-96.4593,16.9665],[-96.451,16.9848],[-96.4839,16.9824]]]]},"properties":{"CVE_ENT":"20","CVE_MUN":"551","CVEGEO":"20551","NOMGEO":"Tlacolula de Matamoros"}},
{"type":"Feature","geometry":{"type":"Polygon","coordinates":[[[-96.538,17.1315],[-96.6072,17.1192],[-96.6225,17.1449],[-96.6363,17.1355],[-96.6505,17.1458],[-96.6551,17.0938],[-96.6608,17.0903],[-96.663,17.0753],[-96.662,17.0645],[-96.6639,17.0606],[-96.6666,17.0567],[-96.6734,17.0486],[-96.6668,17.0213],[-96.6633,17.0096],[-96.6353,17.0532],[-96.6354,17.0636],[-96.6141,17.0706],[-96.6026,17.0902],[-96.5378,17.1003],[-96.5233,17.114],[-96.538,17.1315]]]},"properties":{"CVE_ENT":"20","CVE_MUN":"553","CVEGEO":"20553","NOMGEO":"Tlalixtac de Cabrera"}},
{"type":"Feature","geometry":{"type":"Polygon","coordinates":[[[-97.2956,17.4667],[-97.2829,17.4818],[-97.3033,17.491],[-97.3145,17.4775],[-97.3275,17.4771],[-97.3408,17.478],[-97.3389,17.4493],[-97.3269,17.4437],[-97.3017,17.4512],[-97.2956,17.4667]]]},"properties":{"CVE_ENT":"20","CVE_MUN":"493","CVEGEO":"20493","NOMGEO":"Santiago Tillo"}},
{"type":"Feature","geometry":{"type":"Polygon","coordinates":[[[-95.9895,17.3199],[-96.0215,17.3157],[-96.0291,17.3218],[-96.0468,17.3171],[-96.0822,17.323],[-96.088,17.2953],[-96.0854,17.2807],[-96.1114,17.261],[-96.138,17.2263],[-96.1142,17.2081],[-96.0883,17.2107],[-96.0641,17.205],[-96.0684,17.1862],[-96.0622,17.165],[-96.0387,17.1653],[-96.0108,17.1438],[-95.9979,17.174],[-95.9806,17.1887],[-95.9705,17.1936],[-95.9574,17.2173],[-95.9349,17.2358],[-95.9025,17.237],[-95.8968,17.2608],[-95.8996,17.273],[-95.9246,17.2725],[-95.9498,17.2912],[-95.9696,17.2866],[-95.9677,17.3019],[-95.9895,17.3199]]]},"properties":{"CVE_ENT":"20","CVE_MUN":"554","CVEGEO":"20554","NOMGEO":"Totontepec Villa de Morelos"}},
{"type":"Feature","geometry":{"type":"Polygon","coordinates":[[[-96.7563,16.9072],[-96.752,16.9234],[-96.7721,16.9312],[-96.7694,16.9453],[-96.7934,16.9465],[-96.828,16.9422],[-96.8254,16.9227],[-96.8123,16.9182],[-96.7785,16.9174],[-96.7658,16.9112],[-96.7563,16.9072]]]},"properties":{"CVE_ENT":"20","CVE_MUN":"555","CVEGEO":"20555","NOMGEO":"Trinidad Zaachila"}},
{"type":"Feature","geometry":{"type":"Polygon","coordinates":[[[-97.3689,18.1005],[-97.3763,18.097],[-97.3768,18.0944],[-97.3791,18.0944],[-97.3798,18.0969],[-97.3827,18.0972],[-97.3949,18.1003],[-97.4023,18.1072],[-97.4144,18.0967],[-97.4256,18.0693],[-97.4414,18.0719],[-97.4532,18.0437],[-97.4669,18.027],[-97.4797,18.0271],[-97.4835,17.9804],[-97.5139,17.9731],[-97.5255,17.976],[-97.5521,17.9719],[-97.5793,17.974],[-97.5604,17.9522],[-97.5363,17.9409],[-97.5305,17.9308],[-97.5221,17.9393],[-97.4502,17.9085],[-97.4359,17.8919],[-97.4064,17.8687],[-97.393,17.8631],[-97.3903,17.8758],[-97.4069,17.8892],[-97.4217,17.9126],[-97.4142,17.9192],[-97.4255,17.9441],[-97.4093,17.9525],[-97.3652,18.0446],[-97.3629,18.0735],[-97.3689,18.1005]]]},"properties":{"CVE_ENT":"20","CVE_MUN":"018","CVEGEO":"20018","NOMGEO":"Concepción Buenavista"}},
{"type":"Feature","geometry":{"type":"MultiPolygon","coordinates":[[[[-95.5414,16.7608],[-95.5554,16.7575],[-95.5704,16.7471],[-95.5491,16.7287],[-95.5338,16.7388],[-95.5321,16.754],[-95.5414,16.7608]]],[[[-95.4069,16.949],[-95.4112,16.9499],[-95.4328,16.9377],[-95.4195,16.918],[-95.416,16.8984],[-95.4188,16.88],[-95.4085,16.8693],[-95.4196,16.8561],[-95.4507,16.8528],[-95.4868,16.8349],[-95.4701,16.8153],[-95.4637,16.7731],[-95.4632,16.7697],[-95.3767,16.7494],[-95.319,16.788],[-95.3003,16.8894],[-95.3144,16.9148],[-95.3286,16.9177],[-95.33,16.9328],[-95.3403,16.9284],[-95.3546,16.9241],[-95.3659,16.9217],[-95.3788,16.9285],[-95.3829,16.9411],[-95.4069,16.949]]]]},"properties":{"CVE_ENT":"20","CVE_MUN":"036","CVEGEO":"20036","NOMGEO":"Guevea de Humboldt"}},
{"type":"Feature","geometry":{"type":"Polygon","coordinates":[[[-96.8049,17.2151],[-96.8096,17.1828],[-96.7839,17.1794],[-96.7743,17.1871],[-96.7737,17.2032],[-96.7943,17.2046],[-96.8038,17.2144],[-96.8049,17.2151]]]},"properties":{"CVE_ENT":"20","CVE_MUN":"338","CVEGEO":"20338","NOMGEO":"Villa de Etla"}},
{"type":"Feature","geometry":{"type":"Polygon","coordinates":[[[-96.8453,16.0221],[-96.8586,16.0395],[-96.8634,16.0714],[-96.8767,16.087],[-96.8521,16.0924],[-96.8338,16.0896],[-96.8078,16.2132],[-96.8504,16.2461],[-96.85,16.2311],[-96.8646,16.2052],[-96.8626,16.1906],[-96.8896,16.1439],[-96.909,16.1048],[-96.9098,16.0941],[-96.9284,16.0767],[-96.9557,16.0298],[-96.9345,16.0192],[-96.9087,16.0129],[-96.9003,15.9895],[-96.8949,15.9687],[-96.8539,15.9662],[-96.8288,15.9609],[-96.8265,15.9765],[-96.8373,15.9888],[-96.8453,16.0221]]]},"properties":{"CVE_ENT":"20","CVE_MUN":"344","CVEGEO":"20344","NOMGEO":"San Sebastián Coatlán"}},
{"type":"Feature","geometry":{"type":"Polygon","coordinates":[[[-96.6503,16.0858],[-96.6655,16.0994],[-96.7336,16.1405],[-96.762,16.1275],[-96.756,16.1099],[-96.7602,16.0839],[-96.7736,16.0689],[-96.7686,16.0481],[-96.758,16.0295],[-96.7552,16.0039],[-96.7488,15.9933],[-96.7429,16.0035],[-96.7103,16.0152],[-96.7081,16.0263],[-96.6956,16.0286],[-96.6561,16.055],[-96.6503,16.0858]]]},"properties":{"CVE_ENT":"20","CVE_MUN":"366","CVEGEO":"20366","NOMGEO":"Santa Catarina Loxicha"}},
{"type":"Feature","geometry":{"type":"Polygon","coordinates":[[[-97.6429,16.9195],[-97.6565,16.9187],[-97.6693,16.8808],[-97.6857,16.8679],[-97.694,16.8511],[-97.7104,16.8418],[-97.7304,16.8185],[-97.7684,16.7625],[-97.7984,16.7153],[-97.8175,16.6783],[-97.7974,16.6572],[-97.8213,16.6296],[-97.8175,16.6128],[-97.7984,16.6007],[-97.779,16.5931],[-97.7923,16.6226],[-97.7447,16.6237],[-97.7227,16.6141],[-97.703,16.6222],[-97.6712,16.6197],[-97.6254,16.6091],[-97.6152,16.6171],[-97.6116,16.6362],[-97.5908,16.6562],[-97.5645,16.6633],[-97.5548,16.6771],[-97.5643,16.6857],[-97.5554,16.7016],[-97.5529,16.7264],[-97.5745,16.7396],[-97.5757,16.7686],[-97.6038,16.7987],[-97.6161,16.8444],[-97.6429,16.9195]]]},"properties":{"CVE_ENT":"20","CVE_MUN":"377","CVEGEO":"20377","NOMGEO":"Santa Cruz Itundujia"}},
{"type":"Feature","geometry":{"type":"Polygon","coordinates":[[[-97.1011,17.6948],[-97.1069,17.7174],[-97.1379,17.7058],[-97.1612,17.7064],[-97.1795,17.6733],[-97.1624,17.651],[-97.1615,17.5888],[-97.1396,17.5615],[-97.1313,17.5791],[-97.1149,17.5933],[-97.1187,17.6406],[-97.1078,17.6579],[-97.0878,17.6783],[-97.1011,17.6948]]]},"properties":{"CVE_ENT":"20","CVE_MUN":"451","CVEGEO":"20451","NOMGEO":"Santiago Apoala"}},
{"type":"Feature","geometry":{"type":"Polygon","coordinates":[[[-97.2447,17.6022],[-97.2754,17.5732],[-97.286,17.5803],[-97.2737,17.6161],[-97.2917,17.6253],[-97.282,17.5925],[-97.2949,17.5749],[-97.2999,17.5566],[-97.3142,17.5356],[-97.3076,17.5111],[-97.2971,17.5152],[-97.276,17.518],[-97.267,17.5264],[-97.2836,17.553],[-97.2733,17.5624],[-97.2561,17.5614],[-97.2471,17.5419],[-97.2557,17.5291],[-97.2325,17.5446],[-97.1998,17.5788],[-97.1984,17.5916],[-97.2097,17.5969],[-97.2447,17.6022]]]},"properties":{"CVE_ENT":"20","CVE_MUN":"404","CVEGEO":"20404","NOMGEO":"Santa María Chachoápam"}},
{"type":"Feature","geometry":{"type":"Polygon","coordinates":[[[-94.7436,17.1847],[-94.8236,17.1888],[-94.8256,17.179],[-94.8176,17.1546],[-94.8019,17.1257],[-94.7902,17.1147],[-94.7549,17.1146],[-94.7481,17.1031],[-94.7254,17.1076],[-94.7172,17.0934],[-94.7047,17.0904],[-94.7097,17.0749],[-94.7234,17.0673],[-94.7424,17.045],[-94.7773,17.0444],[-94.781,17.0333],[-94.804,17.0446],[-94.8127,17.0289],[-94.8328,17.0377],[-94.8449,17.0493],[-94.8658,17.0563],[-94.8888,17.0497],[-94.882,17.008],[-94.8486,17.0007],[-94.844,16.9874],[-94.8163,16.9706],[-94.7957,16.9504],[-94.775,16.949],[-94.7708,16.9283],[-94.7749,16.9124],[-94.7953,16.9038],[-94.8061,16.9071],[-94.8344,16.8956],[-94.8562,16.8943],[-94.8687,16.9101],[-94.8916,16.8947],[-94.9013,16.8732],[-94.9026,16.8501],[-94.886,16.8356],[-94.8667,16.8123],[-94.8436,16.8024],[-94.8319,16.8126],[-94.8177,16.8042],[-94.808,16.7851],[-94.8112,16.7728],[-94.7487,16.7508],[-94.6668,16.7253],[-94.6048,16.7172],[-94.2211,16.714],[-94.0443,16.7122],[-94.0456,16.695],[-93.9454,16.9438],[-93.8674,17.137],[-94.0875,17.1494],[-94.2073,17.1561],[-94.533,17.1737],[-94.7436,17.1847]]]},"properties":{"CVE_ENT":"20","CVE_MUN":"407","CVEGEO":"20407","NOMGEO":"Santa María Chimalapa"}},
{"type":"Feature","geometry":{"type":"Polygon","coordinates":[[[-96.969,17.722],[-96.961,17.7343],[-96.9458,17.7345],[-96.9482,17.7549],[-96.96,17.7843],[-96.9842,17.7933],[-97.0025,17.8251],[-97.0277,17.8024],[-97.0095,17.7596],[-97.0084,17.7405],[-97.0138,17.7211],[-96.969,17.722]]]},"properties":{"CVE_ENT":"20","CVE_MUN":"558","CVEGEO":"20558","NOMGEO":"Valerio Trujano"}},
{"type":"Feature","geometry":{"type":"Polygon","coordinates":[[[-96.4049,16.6934],[-96.4151,16.6944],[-96.4122,16.7225],[-96.4189,16.7362],[-96.4326,16.7397],[-96.4666,16.7599],[-96.4784,16.7433],[-96.4853,16.7167],[-96.4715,16.702],[-96.4621,16.6635],[-96.4763,16.6696],[-96.4722,16.6569],[-96.4228,16.6686],[-96.4152,16.6775],[-96.4049,16.6934]]]},"properties":{"CVE_ENT":"20","CVE_MUN":"561","CVEGEO":"20561","NOMGEO":"Yaxe"}},
{"type":"Feature","geometry":{"type":"Polygon","coordinates":[[[-98.2055,16.5859],[-98.2293,16.5809],[-98.2499,16.5635],[-98.2928,16.5578],[-98.2822,16.5464],[-98.2777,16.5128],[-98.2023,16.5103],[-98.1881,16.5576],[-98.215,16.5573],[-98.2055,16.5859]]]},"properties":{"CVE_ENT":"20","CVE_MUN":"056","CVEGEO":"20056","NOMGEO":"Mártires de Tacubaya"}},
{"type":"Feature","geometry":{"type":"Polygon","coordinates":[[[-96.7371,16.4785],[-96.7792,16.4803],[-96.8047,16.4618],[-96.8321,16.4528],[-96.8497,16.4578],[-96.866,16.4453],[-96.868,16.4359],[-96.8358,16.4209],[-96.8161,16.4164],[-96.7942,16.3984],[-96.7862,16.3985],[-96.778,16.3985],[-96.763,16.4396],[-96.735,16.4707],[-96.7371,16.4785]]]},"properties":{"CVE_ENT":"20","CVE_MUN":"563","CVEGEO":"20563","NOMGEO":"Yogana"}},
{"type":"Feature","geometry":{"type":"Polygon","coordinates":[[[-97.1993,16.1939],[-97.2163,16.2465],[-97.2164,16.2389],[-97.2773,16.224],[-97.2684,16.2055],[-97.2688,16.192],[-97.2509,16.176],[-97.2351,16.1822],[-97.2241,16.1726],[-97.2198,16.1827],[-97.1993,16.1939]]]},"properties":{"CVE_ENT":"20","CVE_MUN":"497","CVEGEO":"20497","NOMGEO":"Santiago Yaitepec"}},
{"type":"Feature","geometry":{"type":"Polygon","coordinates":[[[-97.7778,17.6944],[-97.7894,17.7167],[-97.8068,17.7072],[-97.8217,17.7076],[-97.8332,17.7229],[-97.8454,17.7182],[-97.8421,17.6993],[-97.8556,17.6872],[-97.8686,17.6994],[-97.8905,17.6797],[-97.9349,17.6557],[-97.9274,17.6184],[-97.9451,17.6125],[-97.9541,17.6046],[-97.9622,17.5802],[-97.9554,17.5585],[-97.9449,17.5534],[-97.9491,17.5267],[-97.9718,17.5302],[-97.9761,17.4964],[-97.9613,17.4604],[-97.9167,17.4563],[-97.9061,17.4368],[-97.902,17.4269],[-97.8801,17.4219],[-97.8544,17.4508],[-97.8574,17.4819],[-97.8456,17.5028],[-97.8301,17.5262],[-97.8041,17.5251],[-97.7572,17.5751],[-97.7365,17.5911],[-97.7444,17.6029],[-97.7435,17.6214],[-97.7271,17.645],[-97.7156,17.6524],[-97.732,17.6747],[-97.7573,17.6604],[-97.7708,17.6803],[-97.7707,17.6942],[-97.7778,17.6944]]]},"properties":{"CVE_ENT":"20","CVE_MUN":"549","CVEGEO":"20549","NOMGEO":"Heroica Villa Tezoatlán de Segura y Luna, Cuna de la Independencia de Oaxaca"}},
{"type":"Feature","geometry":{"type":"Polygon","coordinates":[[[-97.2642,17.1051],[-97.298,17.1238],[-97.3263,17.1268],[-97.3203,17.0999],[-97.3384,17.0651],[-97.3214,17.0392],[-97.3069,17.0257],[-97.2885,17.0278],[-97.2641,17.0657],[-97.2541,17.0755],[-97.2642,17.1051]]]},"properties":{"CVE_ENT":"20","CVE_MUN":"564","CVEGEO":"20564","NOMGEO":"Yutanduchi de Guerrero"}},
{"type":"Feature","geometry":{"type":"Polygon","coordinates":[[[-98.3664,17.6378],[-98.3676,17.6596],[-98.3841,17.6711],[-98.3867,17.6842],[-98.4035,17.6931],[-98.4004,17.653],[-98.3712,17.63],[-98.3664,17.6378]]]},"properties":{"CVE_ENT":"20","CVE_MUN":"099","CVEGEO":"20099","NOMGEO":"San Andrés Tepetlapa"}},
{"type":"Feature","geometry":{"type":"Polygon","coordinates":[[[-97.2778,16.782],[-97.3114,16.7866],[-97.3316,16.7933],[-97.3548,16.7897],[-97.3658,16.7797],[-97.3842,16.7847],[-97.3966,16.7644],[-97.4074,16.7584],[-97.4045,16.7448],[-97.4135,16.7338],[-97.4088,16.7116],[-97.429,16.7045],[-97.4461,16.7048],[-97.4345,16.6783],[-97.4086,16.6858],[-97.3212,16.6895],[-97.292,16.6703],[-97.2977,16.6575],[-97.2775,16.6498],[-97.2752,16.6601],[-97.2468,16.6422],[-97.2259,16.6435],[-97.2087,16.6695],[-97.2025,16.699],[-97.222,16.725],[-97.2201,16.7381],[-97.1881,16.757],[-97.2244,16.7529],[-97.2575,16.7574],[-97.2765,16.7674],[-97.2778,16.782]]]},"properties":{"CVE_ENT":"20","CVE_MUN":"491","CVEGEO":"20491","NOMGEO":"Santiago Textitlán"}},
{"type":"Feature","geometry":{"type":"Polygon","coordinates":[[[-97.6786,17.1268],[-97.7044,17.189],[-97.7252,17.1967],[-97.7551,17.1703],[-97.7549,17.1527],[-97.7298,17.1352],[-97.7326,17.1263],[-97.7247,17.1158],[-97.7064,17.1169],[-97.6786,17.1268]]]},"properties":{"CVE_ENT":"20","CVE_MUN":"379","CVEGEO":"20379","NOMGEO":"Santa Cruz Nundaco"}},
{"type":"Feature","geometry":{"type":"Polygon","coordinates":[[[-96.9468,17.0618],[-96.9543,17.0636],[-96.9805,17.0506],[-97.0166,17.0596],[-97.0254,17.0463],[-97.0189,17.0342],[-97.0246,17.0155],[-97.0055,17.0102],[-96.9925,17.0131],[-96.981,17.0026],[-96.9618,16.9964],[-96.9556,16.9848],[-96.9407,16.9879],[-96.9267,16.9819],[-96.9241,17.0068],[-96.9364,17.0345],[-96.936,17.0593],[-96.9468,17.0618]]]},"properties":{"CVE_ENT":"20","CVE_MUN":"494","CVEGEO":"20494","NOMGEO":"Santiago Tlazoyaltepec"}},
{"type":"Feature","geometry":{"type":"Polygon","coordinates":[[[-97.5266,17.4527],[-97.5338,17.4823],[-97.5818,17.5118],[-97.5933,17.5135],[-97.6243,17.4989],[-97.624,17.4862],[-97.6124,17.458],[-97.5982,17.4547],[-97.5744,17.4276],[-97.5631,17.414],[-97.55,17.4145],[-97.5407,17.4435],[-97.5266,17.4527]]]},"properties":{"CVE_ENT":"20","CVE_MUN":"499","CVEGEO":"20499","NOMGEO":"Santiago Yolomécatl"}},
{"type":"Feature","geometry":{"type":"Polygon","coordinates":[[[-96.8171,18.0601],[-96.8321,18.073],[-96.8515,18.0723],[-96.8733,18.0958],[-96.8901,18.0724],[-96.9159,18.0854],[-96.931,18.0757],[-96.9396,18.0867],[-96.9663,18.0903],[-96.9889,18.0602],[-96.9832,18.027],[-96.9699,18.0021],[-96.9585,17.9687],[-96.9361,17.9362],[-96.9211,17.9446],[-96.8889,17.9336],[-96.9175,17.9686],[-96.895,17.9917],[-96.871,18.0107],[-96.835,18.0165],[-96.8123,18.0321],[-96.8171,18.0601]]]},"properties":{"CVE_ENT":"20","CVE_MUN":"058","CVEGEO":"20058","NOMGEO":"Mazatlán Villa de Flores"}},
{"type":"Feature","geometry":{"type":"Polygon","coordinates":[[[-97.1057,17.3131],[-97.1089,17.3142],[-97.1112,17.3155],[-97.1128,17.3173],[-97.12,17.3203],[-97.124,17.3204],[-97.1319,17.3256],[-97.1482,17.3279],[-97.1778,17.301],[-97.1829,17.2539],[-97.1702,17.2014],[-97.1414,17.2282],[-97.1282,17.2523],[-97.0767,17.2795],[-97.1057,17.3131]]]},"properties":{"CVE_ENT":"20","CVE_MUN":"569","CVEGEO":"20569","NOMGEO":"Santa Inés de Zaragoza"}},
{"type":"Feature","geometry":{"type":"MultiPolygon","coordinates":[[[[-96.8389,16.7843],[-96.8361,16.7693],[-96.8015,16.7377],[-96.7957,16.7434],[-96.8118,16.7784],[-96.8389,16.7843]]],[[[-97.1235,16.8555],[-97.1356,16.85],[-97.1446,16.8336],[-97.1592,16.8346],[-97.1619,16.8411],[-97.1588,16.8463],[-97.1594,16.8481],[-97.1599,16.8485],[-97.1603,16.8485],[-97.1608,16.8487],[-97.1683,16.8482],[-97.1688,16.829],[-97.1786,16.8173],[-97.1878,16.7961],[-97.1843,16.7799],[-97.1644,16.7598],[-97.1736,16.7356],[-97.2054,16.7192],[-97.1823,16.7073],[-97.172,16.6879],[-97.1885,16.6631],[-97.1618,16.6593],[-97.1415,16.6716],[-97.1356,16.6552],[-97.1147,16.6469],[-97.0963,16.6257],[-97.1018,16.6109],[-97.0929,16.595],[-97.0907,16.5939],[-97.0857,16.5977],[-97.0795,16.6188],[-97.0842,16.6266],[-97.0829,16.6625],[-97.0749,16.6795],[-97.0763,16.6995],[-97.0671,16.7017],[-97.0687,16.7076],[-97.0805,16.701],[-97.0847,16.7088],[-97.0977,16.7232],[-97.0915,16.7349],[-97.0471,16.7702],[-97.0226,16.7697],[-97.0206,16.7825],[-97.0403,16.8107],[-97.0431,16.831],[-97.0753,16.825],[-97.0904,16.8172],[-97.1145,16.8182],[-97.1286,16.8302],[-97.1139,16.8434],[-97.1235,16.8555]]],[[[-96.7671,16.9181],[-96.8123,16.9182],[-96.8242,16.9111],[-96.8268,16.8956],[-96.8479,16.8793],[-96.8583,16.8515],[-96.8484,16.8468],[-96.8318,16.8374],[-96.8279,16.8349],[-96.8149,16.8305],[-96.8133,16.8505],[-96.7947,16.8394],[-96.7553,16.8279],[-96.7613,16.875],[-96.7781,16.883],[-96.7876,16.906],[-96.7798,16.9057],[-96.7798,16.9048],[-96.7722,16.904],[-96.7658,16.9112],[-96.7671,16.9181]]],[[[-96.9027,16.9335],[-96.9137,16.9347],[-96.9203,16.9309],[-96.9273,16.9341],[-96.9426,16.9318],[-96.9488,16.9291],[-96.9559,16.9305],[-96.9639,16.9104],[-96.9551,16.9006],[-96.9361,16.8971],[-96.9203,16.9178],[-96.9027,16.9335]]]]},"properties":{"CVE_ENT":"20","CVE_MUN":"570","CVEGEO":"20570","NOMGEO":"Zimatlán de Álvarez"}},
{"type":"Feature","geometry":{"type":"Polygon","coordinates":[[[-98.3318,17.88],[-98.3436,17.8902],[-98.362,17.882],[-98.3826,17.8837],[-98.3988,17.8609],[-98.4249,17.866],[-98.425,17.8396],[-98.471,17.7888],[-98.4939,17.773],[-98.4966,17.7616],[-98.4867,17.7337],[-98.4897,17.7034],[-98.4862,17.681],[-98.4707,17.6781],[-98.4548,17.6789],[-98.4409,17.6879],[-98.4035,17.6931],[-98.3814,17.7059],[-98.3661,17.7038],[-98.3563,17.7163],[-98.3209,17.7296],[-98.307,17.7562],[-98.3088,17.7666],[-98.3055,17.8172],[-98.2997,17.8315],[-98.3205,17.8294],[-98.3493,17.8595],[-98.3318,17.88]]]},"properties":{"CVE_ENT":"20","CVE_MUN":"567","CVEGEO":"20567","NOMGEO":"Zapotitlán Lagunas"}},
{"type":"Feature","geometry":{"type":"Polygon","coordinates":[[[-97.4659,17.4269],[-97.4905,17.4565],[-97.5214,17.4496],[-97.5266,17.4527],[-97.5407,17.4435],[-97.55,17.4145],[-97.5533,17.3988],[-97.5452,17.3888],[-97.5294,17.3774],[-97.5086,17.3779],[-97.4427,17.3495],[-97.4441,17.3576],[-97.4659,17.3995],[-97.4659,17.4269]]]},"properties":{"CVE_ENT":"20","CVE_MUN":"423","CVEGEO":"20423","NOMGEO":"Santa María Nduayaco"}},
{"type":"Feature","geometry":{"type":"Polygon","coordinates":[[[-97.9061,17.4368],[-97.9167,17.4563],[-97.9613,17.4604],[-97.9793,17.4533],[-97.9748,17.4225],[-97.9851,17.3996],[-97.9962,17.3924],[-97.9836,17.39],[-97.9602,17.3599],[-97.955,17.3946],[-97.9149,17.4142],[-97.9061,17.4368]]]},"properties":{"CVE_ENT":"20","CVE_MUN":"528","CVEGEO":"20528","NOMGEO":"Santos Reyes Tepejillo"}},
{"type":"Feature","geometry":{"type":"Polygon","coordinates":[[[-96.4666,16.7599],[-96.4548,16.7662],[-96.4917,16.7948],[-96.5057,16.8251],[-96.5187,16.832],[-96.5338,16.8517],[-96.5567,16.8447],[-96.5604,16.8316],[-96.5521,16.8063],[-96.5233,16.7622],[-96.513,16.756],[-96.5156,16.7374],[-96.5182,16.7061],[-96.5063,16.6978],[-96.4894,16.6717],[-96.4763,16.6696],[-96.4621,16.6635],[-96.4715,16.702],[-96.4853,16.7167],[-96.4784,16.7433],[-96.4666,16.7599]]]},"properties":{"CVE_ENT":"20","CVE_MUN":"112","CVEGEO":"20112","NOMGEO":"San Baltazar Chichicápam"}},
{"type":"Feature","geometry":{"type":"Polygon","coordinates":[[[-97.5024,16.9048],[-97.5107,16.9182],[-97.5107,16.937],[-97.5431,16.9261],[-97.5435,16.9038],[-97.5297,16.8838],[-97.5114,16.8858],[-97.5024,16.9048]]]},"properties":{"CVE_ENT":"20","CVE_MUN":"510","CVEGEO":"20510","NOMGEO":"Santo Domingo Ixcatlán"}},
{"type":"Feature","geometry":{"type":"Polygon","coordinates":[[[-97.3451,17.7638],[-97.3681,17.7693],[-97.4023,17.7457],[-97.4322,17.7135],[-97.4009,17.6834],[-97.3621,17.7053],[-97.3457,17.7022],[-97.3465,17.7267],[-97.3519,17.7414],[-97.3451,17.7638]]]},"properties":{"CVE_ENT":"20","CVE_MUN":"129","CVEGEO":"20129","NOMGEO":"San Cristóbal Suchixtlahuaca"}},
{"type":"Feature","geometry":{"type":"Polygon","coordinates":[[[-97.5048,17.0691],[-97.5199,17.0929],[-97.5543,17.0829],[-97.5659,17.0723],[-97.5647,17.0697],[-97.5534,17.0464],[-97.5274,17.0179],[-97.521,17.0307],[-97.5123,17.0684],[-97.5048,17.0691]]]},"properties":{"CVE_ENT":"20","CVE_MUN":"371","CVEGEO":"20371","NOMGEO":"Santa Catarina Ticuá"}},
{"type":"Feature","geometry":{"type":"Polygon","coordinates":[[[-96.2941,16.1246],[-96.3461,16.1653],[-96.3772,16.168],[-96.4029,16.1573],[-96.4145,16.1166],[-96.4333,16.1126],[-96.4256,16.0984],[-96.4121,16.1002],[-96.3827,16.0871],[-96.3674,16.0433],[-96.3506,16.0264],[-96.3335,16.0247],[-96.2921,16.035],[-96.2868,16.0611],[-96.2959,16.0851],[-96.3097,16.0885],[-96.2941,16.1246]]]},"properties":{"CVE_ENT":"20","CVE_MUN":"424","CVEGEO":"20424","NOMGEO":"Santa María Ozolotepec"}},
{"type":"Feature","geometry":{"type":"Polygon","coordinates":[[[-96.7286,18.3957],[-96.7293,18.3973],[-96.7327,18.3982],[-96.7533,18.3929],[-96.786,18.3535],[-96.7842,18.3383],[-96.8214,18.3213],[-96.8181,18.3062],[-96.8427,18.265],[-96.8462,18.2469],[-96.8553,18.2413],[-96.846,18.2241],[-96.8411,18.2007],[-96.8459,18.1795],[-96.8335,18.1931],[-96.7959,18.2011],[-96.765,18.2328],[-96.753,18.2262],[-96.7129,18.2508],[-96.6991,18.2661],[-96.6826,18.2614],[-96.6898,18.2772],[-96.6805,18.2886],[-96.6535,18.2834],[-96.6271,18.2984],[-96.6247,18.2778],[-96.6109,18.2754],[-96.5963,18.2977],[-96.6131,18.3132],[-96.6269,18.3119],[-96.6411,18.322],[-96.6481,18.3366],[-96.6686,18.3509],[-96.6845,18.3476],[-96.702,18.3531],[-96.6963,18.3649],[-96.6958,18.3756],[-96.7002,18.3829],[-96.7173,18.3804],[-96.7292,18.3749],[-96.7415,18.3839],[-96.7371,18.39],[-96.7331,18.3921],[-96.7303,18.3941],[-96.7294,18.395],[-96.7286,18.3957]]]},"properties":{"CVE_ENT":"20","CVE_MUN":"406","CVEGEO":"20406","NOMGEO":"Santa María Chilchotla"}},
{"type":"Feature","geometry":{"type":"Polygon","coordinates":[[[-97.2997,17.6548],[-97.3064,17.6691],[-97.334,17.6804],[-97.3426,17.6785],[-97.3833,17.6535],[-97.3832,17.6534],[-97.3342,17.6206],[-97.3243,17.6084],[-97.2999,17.6167],[-97.2997,17.6548]]]},"properties":{"CVE_ENT":"20","CVE_MUN":"422","CVEGEO":"20422","NOMGEO":"Santa María Nativitas"}},
{"type":"Feature","geometry":{"type":"Polygon","coordinates":[[[-97.4507,16.6646],[-97.462,16.6799],[-97.4772,16.6799],[-97.4848,16.6966],[-97.4964,16.6913],[-97.5114,16.7074],[-97.4996,16.7251],[-97.524,16.7229],[-97.5266,16.6996],[-97.5425,16.6801],[-97.5548,16.6771],[-97.5645,16.6633],[-97.5908,16.6562],[-97.6116,16.6362],[-97.6152,16.6171],[-97.6254,16.6091],[-97.6224,16.5866],[-97.5879,16.584],[-97.5749,16.5733],[-97.5485,16.5832],[-97.5041,16.578],[-97.4672,16.5803],[-97.4551,16.6018],[-97.4438,16.5944],[-97.4074,16.5965],[-97.4286,16.6184],[-97.4507,16.6646]]]},"properties":{"CVE_ENT":"20","CVE_MUN":"450","CVEGEO":"20450","NOMGEO":"Santiago Amoltepec"}},
{"type":"Feature","geometry":{"type":"Polygon","coordinates":[[[-94.411,16.3533],[-94.4425,16.3988],[-94.4212,16.4207],[-94.4404,16.4364],[-94.4632,16.4287],[-94.4651,16.4158],[-94.4706,16.3912],[-94.4566,16.3772],[-94.4629,16.3541],[-94.411,16.3533]]]},"properties":{"CVE_ENT":"20","CVE_MUN":"075","CVEGEO":"20075","NOMGEO":"Reforma de Pineda"}},
{"type":"Feature","geometry":{"type":"Polygon","coordinates":[[[-98.1878,17.5847],[-98.1833,17.6009],[-98.1798,17.6233],[-98.1712,17.633],[-98.1986,17.6419],[-98.1993,17.6445],[-98.2305,17.6402],[-98.2618,17.64],[-98.2685,17.6178],[-98.2744,17.5993],[-98.2588,17.6008],[-98.24,17.5887],[-98.2208,17.5923],[-98.1981,17.5752],[-98.1917,17.5837],[-98.1878,17.5847]]]},"properties":{"CVE_ENT":"20","CVE_MUN":"501","CVEGEO":"20501","NOMGEO":"Santiago Yucuyachi"}},
{"type":"Feature","geometry":{"type":"Polygon","coordinates":[[[-94.6371,16.6299],[-94.6358,16.6441],[-94.6645,16.6456],[-94.6689,16.6382],[-94.6951,16.6399],[-94.7596,16.6523],[-94.7536,16.6255],[-94.7551,16.6119],[-94.7981,16.6158],[-94.8063,16.5929],[-94.8041,16.5631],[-94.8144,16.5193],[-94.7852,16.5077],[-94.7418,16.4984],[-94.7277,16.4889],[-94.7035,16.5658],[-94.6834,16.5551],[-94.6813,16.5747],[-94.6621,16.5775],[-94.6589,16.595],[-94.6385,16.6017],[-94.6198,16.6003],[-94.6371,16.6299]]]},"properties":{"CVE_ENT":"20","CVE_MUN":"505","CVEGEO":"20505","NOMGEO":"Santo Domingo Ingenio"}},
{"type":"Feature","geometry":{"type":"Polygon","coordinates":[[[-97.6421,18.1871],[-97.6359,18.1936],[-97.6375,18.232],[-97.644,18.2794],[-97.6634,18.2918],[-97.7109,18.2853],[-97.7213,18.276],[-97.7497,18.2758],[-97.7832,18.2863],[-97.7973,18.2832],[-97.8155,18.262],[-97.8276,18.2366],[-97.823,18.2234],[-97.8441,18.2162],[-97.8592,18.1923],[-97.8499,18.1885],[-97.8395,18.1712],[-97.8344,18.1689],[-97.7877,18.1731],[-97.7861,18.186],[-97.7724,18.1892],[-97.7709,18.2162],[-97.7464,18.2078],[-97.7519,18.1877],[-97.7319,18.167],[-97.7456,18.1496],[-97.7661,18.1336],[-97.7618,18.1237],[-97.7369,18.1242],[-97.725,18.1111],[-97.7099,18.1181],[-97.6784,18.1482],[-97.6668,18.13],[-97.687,18.0935],[-97.6837,18.0807],[-97.6601,18.084],[-97.6218,18.0679],[-97.615,18.0926],[-97.621,18.1037],[-97.623,18.1371],[-97.6434,18.139],[-97.6663,18.1611],[-97.6546,18.1796],[-97.6528,18.1782],[-97.6516,18.1769],[-97.6421,18.1871]]]},"properties":{"CVE_ENT":"20","CVE_MUN":"459","CVEGEO":"20459","NOMGEO":"Villa de Santiago Chazumba"}},
{"type":"Feature","geometry":{"type":"Polygon","coordinates":[[[-97.2868,16.4957],[-97.3179,16.4801],[-97.33,16.4661],[-97.3706,16.4608],[-97.3813,16.4525],[-97.3791,16.4426],[-97.3607,16.4187],[-97.3331,16.4225],[-97.3197,16.3859],[-97.3097,16.3872],[-97.3046,16.394],[-97.2845,16.3887],[-97.2623,16.3752],[-97.2309,16.3729],[-97.2217,16.3898],[-97.2055,16.4056],[-97.2045,16.4207],[-97.1799,16.4228],[-97.1602,16.4585],[-97.1647,16.4762],[-97.1894,16.4713],[-97.2291,16.4917],[-97.2503,16.4899],[-97.2868,16.4957]]]},"properties":{"CVE_ENT":"20","CVE_MUN":"477","CVEGEO":"20477","NOMGEO":"Santiago Minas"}},
{"type":"Feature","geometry":{"type":"Polygon","coordinates":[[[-98.201,17.8352],[-98.2173,17.8166],[-98.2409,17.8188],[-98.2491,17.8414],[-98.2464,17.8651],[-98.2525,17.8759],[-98.2788,17.8827],[-98.2917,17.8607],[-98.2752,17.8559],[-98.2682,17.8253],[-98.2804,17.808],[-98.278,17.7737],[-98.2636,17.7462],[-98.272,17.7249],[-98.2693,17.7023],[-98.2668,17.7003],[-98.2969,17.6525],[-98.3036,17.6279],[-98.2685,17.6178],[-98.2618,17.64],[-98.2305,17.6402],[-98.1993,17.6445],[-98.1936,17.6636],[-98.1821,17.6798],[-98.1822,17.7198],[-98.2014,17.7175],[-98.2032,17.7306],[-98.2267,17.7415],[-98.2647,17.7689],[-98.2676,17.7842],[-98.248,17.7894],[-98.2376,17.7833],[-98.2191,17.7791],[-98.214,17.7756],[-98.1638,17.7711],[-98.1436,17.7594],[-98.1319,17.7723],[-98.1491,17.7901],[-98.1682,17.8108],[-98.1945,17.8106],[-98.201,17.8352]]]},"properties":{"CVE_ENT":"20","CVE_MUN":"484","CVEGEO":"20484","NOMGEO":"Santiago Tamazola"}},
{"type":"Feature","geometry":{"type":"Polygon","coordinates":[[[-98.3995,16.3805],[-98.4542,16.3858],[-98.495,16.3686],[-98.5016,16.3618],[-98.5207,16.3601],[-98.5334,16.3516],[-98.5391,16.3441],[-98.546,16.3283],[-98.5474,16.3212],[-98.5527,16.3163],[-98.5496,16.3135],[-98.5245,16.307],[-98.4593,16.2817],[-98.4317,16.2736],[-98.4216,16.2841],[-98.4051,16.3419],[-98.3995,16.3805]]]},"properties":{"CVE_ENT":"20","CVE_MUN":"485","CVEGEO":"20485","NOMGEO":"Santiago Tapextla"}},
{"type":"Feature","geometry":{"type":"Polygon","coordinates":[[[-97.3061,17.3365],[-97.3185,17.3409],[-97.3389,17.3335],[-97.3672,17.3159],[-97.3915,17.3083],[-97.35,17.2845],[-97.3619,17.2675],[-97.3603,17.2554],[-97.4085,17.2526],[-97.4149,17.2919],[-97.4206,17.2446],[-97.4247,17.2425],[-97.4321,17.2011],[-97.4236,17.1505],[-97.403,17.1578],[-97.4015,17.1771],[-97.3847,17.1765],[-97.3684,17.156],[-97.3651,17.1439],[-97.3667,17.1133],[-97.3807,17.0958],[-97.3648,17.0595],[-97.3384,17.0651],[-97.3203,17.0999],[-97.3263,17.1268],[-97.3332,17.1539],[-97.3115,17.1727],[-97.3093,17.1979],[-97.2975,17.2099],[-97.2882,17.2301],[-97.2996,17.2697],[-97.302,17.2903],[-97.3,17.3212],[-97.3061,17.3365]]]},"properties":{"CVE_ENT":"20","CVE_MUN":"492","CVEGEO":"20492","NOMGEO":"Santiago Tilantongo"}},
{"type":"Feature","geometry":{"type":"Polygon","coordinates":[[[-96.167,16.0347],[-96.1706,16.0123],[-96.2236,16.0245],[-96.2408,16.038],[-96.2686,16.051],[-96.2654,16.0781],[-96.2959,16.0851],[-96.2868,16.0611],[-96.2921,16.035],[-96.2974,16.0116],[-96.2899,15.9943],[-96.2736,15.9869],[-96.2807,15.9756],[-96.2556,15.9613],[-96.2448,15.9534],[-96.2312,15.965],[-96.2064,15.9496],[-96.1785,15.9718],[-96.1483,15.9598],[-96.1372,15.9876],[-96.1173,15.997],[-96.1182,16.0075],[-96.1324,16.0304],[-96.167,16.0347]]]},"properties":{"CVE_ENT":"20","CVE_MUN":"495","CVEGEO":"20495","NOMGEO":"Santiago Xanica"}},
{"type":"Feature","geometry":{"type":"Polygon","coordinates":[[[-96.0384,17.3437],[-96.0775,17.3709],[-96.085,17.3528],[-96.1241,17.3506],[-96.1307,17.3281],[-96.1155,17.305],[-96.088,17.2953],[-96.0822,17.323],[-96.0468,17.3171],[-96.0291,17.3218],[-96.0215,17.3157],[-95.9895,17.3199],[-95.9934,17.3331],[-96.0096,17.3419],[-96.0384,17.3437]]]},"properties":{"CVE_ENT":"20","CVE_MUN":"514","CVEGEO":"20514","NOMGEO":"Santo Domingo Roayaga"}},
{"type":"Feature","geometry":{"type":"Polygon","coordinates":[[[-96.7862,16.3985],[-96.7942,16.3984],[-96.8161,16.4164],[-96.8358,16.4209],[-96.868,16.4359],[-96.8677,16.4248],[-96.8799,16.4108],[-96.885,16.3795],[-96.8925,16.3667],[-96.862,16.3179],[-96.8517,16.3303],[-96.817,16.3414],[-96.7952,16.3318],[-96.7872,16.3162],[-96.7632,16.3352],[-96.7757,16.3476],[-96.7808,16.3728],[-96.7862,16.3985]]]},"properties":{"CVE_ENT":"20","CVE_MUN":"534","CVEGEO":"20534","NOMGEO":"San Vicente Coatlán"}},
{"type":"Feature","geometry":{"type":"Polygon","coordinates":[[[-96.7081,16.0263],[-96.7103,16.0152],[-96.7429,16.0035],[-96.7488,15.9933],[-96.7772,15.9647],[-96.7828,15.9685],[-96.8285,15.9603],[-96.8459,15.9496],[-96.8384,15.9209],[-96.8118,15.894],[-96.7505,15.8877],[-96.7004,15.9068],[-96.6838,15.965],[-96.6822,15.9786],[-96.7081,16.0263]]]},"properties":{"CVE_ENT":"20","CVE_MUN":"117","CVEGEO":"20117","NOMGEO":"San Bartolomé Loxicha"}},
{"type":"Feature","geometry":{"type":"Polygon","coordinates":[[[-96.2683,16.2137],[-96.2733,16.1982],[-96.287,16.2011],[-96.3214,16.1932],[-96.3372,16.1959],[-96.3356,16.2092],[-96.3441,16.2269],[-96.3572,16.213],[-96.3542,16.2002],[-96.3706,16.1882],[-96.3772,16.168],[-96.3461,16.1653],[-96.2941,16.1246],[-96.2744,16.1649],[-96.2501,16.1867],[-96.2648,16.1963],[-96.2683,16.2137]]]},"properties":{"CVE_ENT":"20","CVE_MUN":"512","CVEGEO":"20512","NOMGEO":"Santo Domingo Ozolotepec"}},
{"type":"Feature","geometry":{"type":"Polygon","coordinates":[[[-97.3162,17.3879],[-97.3195,17.4095],[-97.3619,17.4128],[-97.3673,17.4076],[-97.3461,17.3863],[-97.3162,17.3879]]]},"properties":{"CVE_ENT":"20","CVE_MUN":"518","CVEGEO":"20518","NOMGEO":"Santo Domingo Tlatayápam"}},
{"type":"Feature","geometry":{"type":"Polygon","coordinates":[[[-96.9663,18.0903],[-96.968,18.1104],[-97.0633,18.0702],[-97.0932,18.0702],[-97.1161,18.0639],[-97.1152,18.0449],[-97.0889,18.0094],[-97.0683,17.9921],[-97.0624,17.9994],[-97.0414,17.9883],[-96.9832,18.027],[-96.9889,18.0602],[-96.9663,18.0903]]]},"properties":{"CVE_ENT":"20","CVE_MUN":"206","CVEGEO":"20206","NOMGEO":"San Juan de los Cués"}},
{"type":"Feature","geometry":{"type":"Polygon","coordinates":[[[-97.3243,17.6084],[-97.3342,17.6206],[-97.3832,17.6534],[-97.3726,17.6328],[-97.3711,17.6105],[-97.3812,17.5963],[-97.3698,17.5767],[-97.3322,17.5859],[-97.3243,17.6084]]]},"properties":{"CVE_ENT":"20","CVE_MUN":"521","CVEGEO":"20521","NOMGEO":"Santo Domingo Tonaltepec"}},
{"type":"Feature","geometry":{"type":"Polygon","coordinates":[[[-96.62,17.5582],[-96.651,17.5602],[-96.6967,17.5313],[-96.7155,17.5023],[-96.7081,17.4922],[-96.6721,17.4875],[-96.6565,17.5064],[-96.6453,17.4987],[-96.6618,17.4756],[-96.6409,17.461],[-96.6449,17.427],[-96.6101,17.4129],[-96.5718,17.4129],[-96.5815,17.4409],[-96.5827,17.4638],[-96.5864,17.4844],[-96.6096,17.5406],[-96.62,17.5582]]]},"properties":{"CVE_ENT":"20","CVE_MUN":"001","CVEGEO":"20001","NOMGEO":"Abejones"}},
{"type":"Feature","geometry":{"type":"Polygon","coordinates":[[[-97.4278,17.8289],[-97.4478,17.8267],[-97.4546,17.815],[-97.4562,17.7913],[-97.4231,17.7793],[-97.4072,17.7938],[-97.4002,17.8232],[-97.4278,17.8289]]]},"properties":{"CVE_ENT":"20","CVE_MUN":"256","CVEGEO":"20256","NOMGEO":"San Mateo Tlapiltepec"}},
{"type":"Feature","geometry":{"type":"Polygon","coordinates":[[[-95.8816,17.043],[-95.902,17.0632],[-95.9116,17.0659],[-95.9416,17.0881],[-95.9608,17.083],[-95.9629,17.0664],[-95.9743,17.0392],[-95.9722,17.0226],[-95.957,17.001],[-95.9452,16.995],[-95.9347,16.9997],[-95.8785,16.9934],[-95.8728,17.0157],[-95.8968,17.0293],[-95.8816,17.043]]]},"properties":{"CVE_ENT":"20","CVE_MUN":"003","CVEGEO":"20003","NOMGEO":"Asunción Cacalotepec"}},
{"type":"Feature","geometry":{"type":"Polygon","coordinates":[[[-96.6579,16.227],[-96.6591,16.2361],[-96.6954,16.2526],[-96.7143,16.2111],[-96.7277,16.1908],[-96.7336,16.1405],[-96.6655,16.0994],[-96.6503,16.0858],[-96.6275,16.0942],[-96.6341,16.1127],[-96.6328,16.1277],[-96.6466,16.1453],[-96.6368,16.1715],[-96.652,16.1807],[-96.6457,16.1954],[-96.6579,16.227]]]},"properties":{"CVE_ENT":"20","CVE_MUN":"263","CVEGEO":"20263","NOMGEO":"San Miguel Coatlán"}},
{"type":"Feature","geometry":{"type":"Polygon","coordinates":[[[-97.5908,17.9458],[-97.6062,17.9549],[-97.6458,17.9583],[-97.6801,17.9501],[-97.7072,17.9467],[-97.7446,17.9562],[-97.745,17.948],[-97.7129,17.9104],[-97.6908,17.9056],[-97.6594,17.9075],[-97.6169,17.902],[-97.5947,17.9017],[-97.5739,17.9109],[-97.5668,17.9219],[-97.5908,17.9458]]]},"properties":{"CVE_ENT":"20","CVE_MUN":"004","CVEGEO":"20004","NOMGEO":"Asunción Cuyotepeji"}},
{"type":"Feature","geometry":{"type":"Polygon","coordinates":[[[-96.712,16.763],[-96.7298,16.7727],[-96.7405,16.7626],[-96.7221,16.7518],[-96.712,16.763]]]},"properties":{"CVE_ENT":"20","CVE_MUN":"007","CVEGEO":"20007","NOMGEO":"Asunción Ocotlán"}},
{"type":"Feature","geometry":{"type":"Polygon","coordinates":[[[-96.5487,17.3264],[-96.5628,17.3296],[-96.5762,17.3498],[-96.5885,17.3367],[-96.593,17.3199],[-96.5732,17.3109],[-96.5487,17.3264]]]},"properties":{"CVE_ENT":"20","CVE_MUN":"267","CVEGEO":"20267","NOMGEO":"San Miguel del Río"}},
{"type":"Feature","geometry":{"type":"Polygon","coordinates":[[[-98.24,17.5887],[-98.2588,17.6008],[-98.2744,17.5993],[-98.2873,17.5806],[-98.2811,17.5502],[-98.2833,17.5335],[-98.3001,17.5268],[-98.3193,17.5315],[-98.311,17.5139],[-98.277,17.5153],[-98.2685,17.5193],[-98.2338,17.5038],[-98.2129,17.5027],[-98.2043,17.5424],[-98.2428,17.5685],[-98.24,17.5887]]]},"properties":{"CVE_ENT":"20","CVE_MUN":"011","CVEGEO":"20011","NOMGEO":"Calihualá"}},
{"type":"Feature","geometry":{"type":"Polygon","coordinates":[[[-96.7198,18.0142],[-96.739,18.0206],[-96.7766,18.0162],[-96.7804,17.9873],[-96.774,17.9652],[-96.7431,17.966],[-96.7283,17.9583],[-96.7227,17.9865],[-96.7095,18.0058],[-96.7198,18.0142]]]},"properties":{"CVE_ENT":"20","CVE_MUN":"027","CVEGEO":"20027","NOMGEO":"Chiquihuitlán de Benito Juárez"}},
{"type":"Feature","geometry":{"type":"Polygon","coordinates":[[[-95.1006,16.4017],[-95.0399,16.432],[-95.0447,16.4591],[-95.0235,16.4727],[-94.9994,16.4808],[-94.9892,16.4779],[-94.9686,16.5154],[-94.9766,16.5237],[-94.9818,16.5132],[-95.0072,16.5128],[-95.0223,16.4999],[-95.062,16.4879],[-95.0858,16.4337],[-95.0964,16.42],[-95.1006,16.4017]]]},"properties":{"CVE_ENT":"20","CVE_MUN":"030","CVEGEO":"20030","NOMGEO":"El Espinal"}},
{"type":"Feature","geometry":{"type":"Polygon","coordinates":[[[-96.596,17.048],[-96.5889,17.057],[-96.5467,17.0843],[-96.5378,17.1003],[-96.6026,17.0902],[-96.6141,17.0706],[-96.6354,17.0636],[-96.6353,17.0532],[-96.6093,17.0397],[-96.596,17.048]]]},"properties":{"CVE_ENT":"20","CVE_MUN":"519","CVEGEO":"20519","NOMGEO":"Santo Domingo Tomaltepec"}},
{"type":"Feature","geometry":{"type":"Polygon","coordinates":[[[-98.1436,17.7594],[-98.1638,17.7711],[-98.214,17.7756],[-98.2205,17.7693],[-98.2133,17.763],[-98.2188,17.7504],[-98.1987,17.7473],[-98.1815,17.7557],[-98.1531,17.7337],[-98.1401,17.7311],[-98.13,17.7301],[-98.1237,17.7285],[-98.1147,17.756],[-98.1436,17.7594]]]},"properties":{"CVE_ENT":"20","CVE_MUN":"034","CVEGEO":"20034","NOMGEO":"Guadalupe de Ramírez"}},
{"type":"Feature","geometry":{"type":"Polygon","coordinates":[[[-96.7563,16.9072],[-96.7658,16.9112],[-96.7722,16.904],[-96.7798,16.9048],[-96.7798,16.9056],[-96.7798,16.9057],[-96.7876,16.906],[-96.7781,16.883],[-96.7538,16.8781],[-96.7519,16.8938],[-96.7391,16.9073],[-96.7449,16.9083],[-96.7563,16.9072]]]},"properties":{"CVE_ENT":"20","CVE_MUN":"013","CVEGEO":"20013","NOMGEO":"Ciénega de Zimatlán"}},
{"type":"Feature","geometry":{"type":"Polygon","coordinates":[[[-96.8796,16.6233],[-96.9019,16.6123],[-96.9256,16.6377],[-96.9292,16.6095],[-96.9236,16.5751],[-96.8953,16.5577],[-96.8433,16.5518],[-96.8477,16.537],[-96.8167,16.5275],[-96.7769,16.5399],[-96.7863,16.5489],[-96.7851,16.5832],[-96.7983,16.6074],[-96.8252,16.6308],[-96.8375,16.618],[-96.8394,16.5929],[-96.8522,16.5868],[-96.873,16.5991],[-96.8796,16.6233]]]},"properties":{"CVE_ENT":"20","CVE_MUN":"017","CVEGEO":"20017","NOMGEO":"La Compañía"}},
{"type":"Feature","geometry":{"type":"Polygon","coordinates":[[[-96.7204,16.697],[-96.696,16.6971],[-96.6956,16.7191],[-96.7272,16.7211],[-96.7333,16.697],[-96.7204,16.697]]]},"properties":{"CVE_ENT":"20","CVE_MUN":"049","CVEGEO":"20049","NOMGEO":"Magdalena Ocotlán"}},
{"type":"Feature","geometry":{"type":"Polygon","coordinates":[[[-97.8686,17.6994],[-97.878,17.7044],[-97.8936,17.6946],[-97.9195,17.7108],[-97.939,17.7163],[-97.9466,17.7318],[-97.9866,17.7311],[-97.9913,17.7247],[-98.0233,17.7292],[-98.019,17.7411],[-98.0424,17.743],[-98.0498,17.7206],[-98.0515,17.7016],[-98.0601,17.6949],[-98.061,17.6735],[-98.0693,17.6467],[-98.0534,17.6258],[-98.0444,17.627],[-98.0436,17.6293],[-98.0419,17.632],[-98.0422,17.6348],[-98.0366,17.6344],[-98.0238,17.6431],[-98.0133,17.6347],[-98.0014,17.642],[-97.9829,17.6425],[-97.9526,17.6292],[-97.9451,17.6125],[-97.9274,17.6184],[-97.9349,17.6557],[-97.8905,17.6797],[-97.8686,17.6994]]]},"properties":{"CVE_ENT":"20","CVE_MUN":"520","CVEGEO":"20520","NOMGEO":"Santo Domingo Tonalá"}},
{"type":"Feature","geometry":{"type":"Polygon","coordinates":[[[-96.8345,17.9223],[-96.8534,17.9344],[-96.864,17.928],[-96.8768,17.9128],[-96.894,17.904],[-96.9272,17.9057],[-96.9494,17.8697],[-96.9431,17.8212],[-96.9364,17.8168],[-96.9164,17.829],[-96.8637,17.8226],[-96.8428,17.8327],[-96.8127,17.8217],[-96.805,17.8328],[-96.7788,17.8342],[-96.7705,17.85],[-96.7559,17.8587],[-96.7218,17.8499],[-96.7058,17.8396],[-96.6971,17.8469],[-96.7101,17.8692],[-96.7345,17.8693],[-96.7579,17.8596],[-96.7893,17.8781],[-96.7919,17.8908],[-96.8243,17.918],[-96.8345,17.9223]]]},"properties":{"CVE_ENT":"20","CVE_MUN":"019","CVEGEO":"20019","NOMGEO":"Concepción Pápalo"}},
{"type":"Feature","geometry":{"type":"Polygon","coordinates":[[[-97.7661,18.1336],[-97.7456,18.1496],[-97.7319,18.167],[-97.7519,18.1877],[-97.7464,18.2078],[-97.7709,18.2162],[-97.7724,18.1892],[-97.7861,18.186],[-97.7877,18.1731],[-97.8344,18.1689],[-97.8395,18.1712],[-97.8536,18.1679],[-97.8639,18.148],[-97.8672,18.1149],[-97.8606,18.1027],[-97.8398,18.1074],[-97.8266,18.1038],[-97.817,18.083],[-97.8007,18.0688],[-97.7872,18.0708],[-97.7694,18.0827],[-97.7687,18.097],[-97.7886,18.1242],[-97.7661,18.1336]]]},"properties":{"CVE_ENT":"20","CVE_MUN":"022","CVEGEO":"20022","NOMGEO":"Cosoltepec"}},
{"type":"Feature","geometry":{"type":"Polygon","coordinates":[[[-96.8022,17.9507],[-96.8118,17.9612],[-96.835,18.0165],[-96.871,18.0107],[-96.895,17.9917],[-96.9175,17.9686],[-96.8889,17.9336],[-96.864,17.928],[-96.8534,17.9344],[-96.8345,17.9223],[-96.8036,17.9386],[-96.8022,17.9507]]]},"properties":{"CVE_ENT":"20","CVE_MUN":"024","CVEGEO":"20024","NOMGEO":"Cuyamecalco Villa de Zaragoza"}},
{"type":"Feature","geometry":{"type":"Polygon","coordinates":[[[-94.1868,16.3104],[-94.214,16.2973],[-94.229,16.2448],[-94.1994,16.241],[-94.1841,16.3019],[-94.1868,16.3104]]]},"properties":{"CVE_ENT":"20","CVE_MUN":"025","CVEGEO":"20025","NOMGEO":"Chahuites"}},
{"type":"Feature","geometry":{"type":"Polygon","coordinates":[[[-97.5274,17.0179],[-97.5534,17.0464],[-97.5647,17.0697],[-97.5894,17.0536],[-97.6136,16.9991],[-97.6297,16.9886],[-97.6353,16.966],[-97.6371,16.9372],[-97.6143,16.9424],[-97.6027,16.9555],[-97.5791,16.9487],[-97.5763,16.9592],[-97.5578,16.9535],[-97.5431,16.9261],[-97.5107,16.937],[-97.5058,16.9508],[-97.464,16.9379],[-97.4824,16.9736],[-97.5101,16.9833],[-97.5179,16.9795],[-97.5274,17.0179]]]},"properties":{"CVE_ENT":"20","CVE_MUN":"026","CVEGEO":"20026","NOMGEO":"Chalcatongo de Hidalgo"}},
{"type":"Feature","geometry":{"type":"Polygon","coordinates":[[[-96.8553,18.2413],[-96.8663,18.242],[-96.8647,18.2234],[-96.8986,18.2043],[-96.9023,18.1957],[-96.9014,18.1716],[-96.8762,18.1669],[-96.8569,18.1533],[-96.8532,18.1517],[-96.8459,18.1795],[-96.8411,18.2007],[-96.846,18.2241],[-96.8553,18.2413]]]},"properties":{"CVE_ENT":"20","CVE_MUN":"029","CVEGEO":"20029","NOMGEO":"Eloxochitlán de Flores Magón"}},
{"type":"Feature","geometry":{"type":"Polygon","coordinates":[[[-98.1,17.8926],[-98.0953,17.9277],[-98.1097,17.9455],[-98.1161,17.976],[-98.1299,17.978],[-98.1532,17.9679],[-98.1697,17.9526],[-98.172,17.9226],[-98.1707,17.9209],[-98.1693,17.9202],[-98.1669,17.9199],[-98.166,17.9193],[-98.155,17.9223],[-98.1554,17.9059],[-98.1491,17.8976],[-98.1,17.8833],[-98.1,17.8926]]]},"properties":{"CVE_ENT":"20","CVE_MUN":"032","CVEGEO":"20032","NOMGEO":"Fresnillo de Trujano"}},
{"type":"Feature","geometry":{"type":"Polygon","coordinates":[[[-96.7839,17.1794],[-96.8096,17.1828],[-96.8172,17.1823],[-96.8165,17.1743],[-96.8003,17.1606],[-96.7997,17.161],[-96.8032,17.1759],[-96.7839,17.1794]]]},"properties":{"CVE_ENT":"20","CVE_MUN":"033","CVEGEO":"20033","NOMGEO":"Guadalupe Etla"}},
{"type":"Feature","geometry":{"type":"Polygon","coordinates":[[[-97.4958,17.2705],[-97.5214,17.2905],[-97.5385,17.2947],[-97.5446,17.2942],[-97.5502,17.275],[-97.5614,17.2657],[-97.6099,17.2529],[-97.6126,17.2222],[-97.5787,17.1754],[-97.5738,17.1901],[-97.5457,17.2075],[-97.5127,17.2393],[-97.4917,17.2349],[-97.4899,17.2655],[-97.4958,17.2705]]]},"properties":{"CVE_ENT":"20","CVE_MUN":"050","CVEGEO":"20050","NOMGEO":"Magdalena Peñasco"}},
{"type":"Feature","geometry":{"type":"Polygon","coordinates":[[[-97.4007,17.4625],[-97.4152,17.4806],[-97.4426,17.481],[-97.4648,17.473],[-97.469,17.4481],[-97.4659,17.4269],[-97.4659,17.3995],[-97.4441,17.3576],[-97.4299,17.3863],[-97.3956,17.4011],[-97.4049,17.4208],[-97.4006,17.4331],[-97.4069,17.4464],[-97.4007,17.4625]]]},"properties":{"CVE_ENT":"20","CVE_MUN":"536","CVEGEO":"20536","NOMGEO":"San Vicente Nuñú"}},
{"type":"Feature","geometry":{"type":"Polygon","coordinates":[[[-97.9139,16.8904],[-97.9314,16.9046],[-97.943,16.9051],[-97.9531,16.9286],[-97.9498,16.9478],[-97.9625,16.9705],[-97.9939,16.9864],[-98.0262,16.9667],[-98.0489,16.9717],[-98.102,16.9603],[-98.0971,16.9689],[-98.1065,16.9567],[-98.0953,16.9233],[-98.0897,16.9183],[-98.0807,16.885],[-98.0156,16.8804],[-98.0039,16.8857],[-97.9746,16.877],[-97.9208,16.8498],[-97.9132,16.8744],[-97.9139,16.8904]]]},"properties":{"CVE_ENT":"20","CVE_MUN":"037","CVEGEO":"20037","NOMGEO":"Mesones Hidalgo"}},
{"type":"Feature","geometry":{"type":"Polygon","coordinates":[[[-96.731,18.0728],[-96.7717,18.106],[-96.7915,18.113],[-96.8065,18.1067],[-96.8107,18.0908],[-96.8171,18.0601],[-96.8123,18.0321],[-96.7904,18.0242],[-96.7773,18.0588],[-96.7619,18.0554],[-96.731,18.0728]]]},"properties":{"CVE_ENT":"20","CVE_MUN":"040","CVEGEO":"20040","NOMGEO":"Huautepec"}},
{"type":"Feature","geometry":{"type":"Polygon","coordinates":[[[-96.78,17.2681],[-96.8011,17.2611],[-96.8162,17.2786],[-96.833,17.2842],[-96.8311,17.2427],[-96.842,17.2385],[-96.8461,17.222],[-96.8361,17.2191],[-96.8049,17.2151],[-96.8038,17.2144],[-96.78,17.2681]]]},"properties":{"CVE_ENT":"20","CVE_MUN":"045","CVEGEO":"20045","NOMGEO":"Magdalena Apasco"}},
{"type":"Feature","geometry":{"type":"Polygon","coordinates":[[[-95.2023,16.5355],[-95.2659,16.5444],[-95.3315,16.5749],[-95.319,16.4957],[-95.2746,16.4848],[-95.2634,16.4715],[-95.2428,16.4578],[-95.2071,16.4616],[-95.1882,16.4662],[-95.1881,16.488],[-95.1752,16.5001],[-95.183,16.5138],[-95.1826,16.5388],[-95.2023,16.5355]]]},"properties":{"CVE_ENT":"20","CVE_MUN":"053","CVEGEO":"20053","NOMGEO":"Magdalena Tlacotepec"}},
{"type":"Feature","geometry":{"type":"Polygon","coordinates":[[[-97.1482,17.3279],[-97.156,17.3305],[-97.1609,17.3777],[-97.1695,17.3833],[-97.1993,17.3756],[-97.2091,17.3662],[-97.2432,17.3645],[-97.258,17.3207],[-97.302,17.2903],[-97.2996,17.2697],[-97.2882,17.2301],[-97.2975,17.2099],[-97.3093,17.1979],[-97.3115,17.1727],[-97.3332,17.1539],[-97.3263,17.1268],[-97.298,17.1238],[-97.2642,17.1051],[-97.2574,17.1206],[-97.2609,17.1501],[-97.243,17.1734],[-97.2676,17.1881],[-97.2788,17.1875],[-97.2869,17.2151],[-97.2797,17.2289],[-97.2534,17.2309],[-97.2596,17.21],[-97.2404,17.2076],[-97.2227,17.2234],[-97.2131,17.2428],[-97.1951,17.2563],[-97.1829,17.2539],[-97.1778,17.301],[-97.1482,17.3279]]]},"properties":{"CVE_ENT":"20","CVE_MUN":"046","CVEGEO":"20046","NOMGEO":"Magdalena Jaltepec"}},
{"type":"Feature","geometry":{"type":"Polygon","coordinates":[[[-97.4427,17.3495],[-97.5086,17.3779],[-97.5294,17.3774],[-97.5329,17.3585],[-97.5292,17.3306],[-97.5048,17.3168],[-97.4883,17.3342],[-97.4427,17.3495]]]},"properties":{"CVE_ENT":"20","CVE_MUN":"172","CVEGEO":"20172","NOMGEO":"San Juan Achiutla"}},
{"type":"Feature","geometry":{"type":"Polygon","coordinates":[[[-96.848,16.8795],[-96.8762,16.8881],[-96.8837,16.9002],[-96.8818,16.9153],[-96.888,16.9449],[-96.9016,16.9336],[-96.9203,16.9178],[-96.9361,16.8971],[-96.9551,16.9006],[-96.9639,16.9104],[-96.97,16.8923],[-96.9438,16.8842],[-96.9241,16.8642],[-96.906,16.8721],[-96.8873,16.8712],[-96.8479,16.8793],[-96.848,16.8795]]]},"properties":{"CVE_ENT":"20","CVE_MUN":"048","CVEGEO":"20048","NOMGEO":"Magdalena Mixtepec"}},
{"type":"Feature","geometry":{"type":"Polygon","coordinates":[[[-96.2401,17.1567],[-96.2494,17.1573],[-96.2727,17.1579],[-96.3041,17.1388],[-96.3235,17.1424],[-96.356,17.1213],[-96.3526,17.1057],[-96.3036,17.1037],[-96.2489,17.0958],[-96.2474,17.0973],[-96.2401,17.1567]]]},"properties":{"CVE_ENT":"20","CVE_MUN":"522","CVEGEO":"20522","NOMGEO":"Santo Domingo Xagacía"}},
{"type":"Feature","geometry":{"type":"Polygon","coordinates":[[[-97.6897,17.7423],[-97.7229,17.7685],[-97.7538,17.7506],[-97.7507,17.7392],[-97.7721,17.7181],[-97.7778,17.6944],[-97.7707,17.6942],[-97.7191,17.7147],[-97.7078,17.7314],[-97.689,17.7249],[-97.6897,17.7423]]]},"properties":{"CVE_ENT":"20","CVE_MUN":"456","CVEGEO":"20456","NOMGEO":"Santiago Cacaloxtepec"}},
{"type":"Feature","geometry":{"type":"Polygon","coordinates":[[[-96.138,17.2263],[-96.1387,17.2073],[-96.1161,17.1922],[-96.1172,17.1662],[-96.1303,17.1517],[-96.1425,17.1496],[-96.1618,17.1322],[-96.1618,17.1245],[-96.1599,17.123],[-96.136,17.1245],[-96.0919,17.1193],[-96.0769,17.1313],[-96.0775,17.1441],[-96.0622,17.165],[-96.0684,17.1862],[-96.0641,17.205],[-96.0883,17.2107],[-96.1142,17.2081],[-96.138,17.2263]]]},"properties":{"CVE_ENT":"20","CVE_MUN":"060","CVEGEO":"20060","NOMGEO":"Mixistlán de la Reforma"}},
{"type":"Feature","geometry":{"type":"Polygon","coordinates":[[[-96.6383,16.3296],[-96.6165,16.35],[-96.6123,16.3723],[-96.6236,16.4098],[-96.6331,16.413],[-96.6532,16.3715],[-96.6321,16.3546],[-96.6445,16.3353],[-96.6383,16.3296]]]},"properties":{"CVE_ENT":"20","CVE_MUN":"061","CVEGEO":"20061","NOMGEO":"Monjas"}},
{"type":"Feature","geometry":{"type":"Polygon","coordinates":[[[-96.4155,17.2997],[-96.4213,17.3099],[-96.4346,17.2959],[-96.4155,17.2997]]]},"properties":{"CVE_ENT":"20","CVE_MUN":"062","CVEGEO":"20062","NOMGEO":"Natividad"}},
{"type":"Feature","geometry":{"type":"Polygon","coordinates":[[[-96.8184,17.1872],[-96.8412,17.1873],[-96.8458,17.1735],[-96.8165,17.1743],[-96.8172,17.1823],[-96.8184,17.1872]]]},"properties":{"CVE_ENT":"20","CVE_MUN":"063","CVEGEO":"20063","NOMGEO":"Nazareno Etla"}},
{"type":"Feature","geometry":{"type":"Polygon","coordinates":[[[-97.9718,17.5302],[-97.9787,17.5481],[-98.0056,17.5369],[-98.0082,17.547],[-98.0377,17.5545],[-98.0231,17.5094],[-98.0376,17.5119],[-98.046,17.5249],[-98.0673,17.5294],[-98.0636,17.5074],[-98.0669,17.4872],[-98.0709,17.4843],[-98.0646,17.4729],[-98.0409,17.467],[-98.0112,17.5008],[-97.9983,17.4833],[-97.9968,17.468],[-97.9793,17.4533],[-97.9613,17.4604],[-97.9761,17.4964],[-97.9718,17.5302]]]},"properties":{"CVE_ENT":"20","CVE_MUN":"065","CVEGEO":"20065","NOMGEO":"Ixpantepec Nieves"}},
{"type":"Feature","geometry":{"type":"Polygon","coordinates":[[[-96.7849,16.5859],[-96.7689,16.6069],[-96.7699,16.6224],[-96.7806,16.6346],[-96.796,16.6384],[-96.7929,16.6548],[-96.8146,16.6578],[-96.8252,16.6308],[-96.7983,16.6074],[-96.7851,16.5832],[-96.7849,16.5859]]]},"properties":{"CVE_ENT":"20","CVE_MUN":"069","CVEGEO":"20069","NOMGEO":"La Pe"}},
{"type":"Feature","geometry":{"type":"Polygon","coordinates":[[[-97.923,16.4257],[-97.9591,16.4427],[-97.9908,16.4506],[-98.0101,16.4227],[-97.9933,16.4098],[-98.0077,16.3873],[-97.9834,16.3556],[-97.96,16.3618],[-97.9355,16.381],[-97.9177,16.3862],[-97.924,16.3954],[-97.923,16.4257]]]},"properties":{"CVE_ENT":"20","CVE_MUN":"070","CVEGEO":"20070","NOMGEO":"Pinotepa de Don Luis"}},
{"type":"Feature","geometry":{"type":"Polygon","coordinates":[[[-96.6891,16.7336],[-96.714,16.7389],[-96.7291,16.7302],[-96.7272,16.7211],[-96.6956,16.7191],[-96.696,16.6971],[-96.7204,16.697],[-96.7284,16.677],[-96.7096,16.6553],[-96.7102,16.6469],[-96.712,16.6368],[-96.6914,16.6328],[-96.6556,16.6112],[-96.643,16.6171],[-96.6419,16.63],[-96.6021,16.6478],[-96.5947,16.6567],[-96.6226,16.7065],[-96.6374,16.7113],[-96.6647,16.7082],[-96.682,16.7117],[-96.6802,16.7301],[-96.6891,16.7336]]]},"properties":{"CVE_ENT":"20","CVE_MUN":"072","CVEGEO":"20072","NOMGEO":"San José del Progreso"}},
{"type":"Feature","geometry":{"type":"Polygon","coordinates":[[[-96.2101,16.2792],[-96.236,16.3029],[-96.2429,16.3146],[-96.2722,16.317],[-96.2821,16.3409],[-96.3038,16.3615],[-96.3079,16.3539],[-96.311,16.3375],[-96.3062,16.322],[-96.2964,16.302],[-96.2882,16.2898],[-96.257,16.2857],[-96.2425,16.275],[-96.2232,16.2797],[-96.209,16.2735],[-96.2101,16.2792]]]},"properties":{"CVE_ENT":"20","CVE_MUN":"074","CVEGEO":"20074","NOMGEO":"Santa Catarina Quioquitani"}},
{"type":"Feature","geometry":{"type":"Polygon","coordinates":[[[-96.6083,17.0209],[-96.6153,17.0246],[-96.6447,17.0073],[-96.6633,17.0096],[-96.6629,17.0053],[-96.6556,16.9862],[-96.626,16.9876],[-96.6246,17.0029],[-96.6133,17.0108],[-96.6083,17.0209]]]},"properties":{"CVE_ENT":"20","CVE_MUN":"078","CVEGEO":"20078","NOMGEO":"Rojas de Cuauhtémoc"}},
{"type":"Feature","geometry":{"type":"Polygon","coordinates":[[[-96.8049,17.2151],[-96.8361,17.2191],[-96.8184,17.1872],[-96.8172,17.1823],[-96.8096,17.1828],[-96.8049,17.2151]]]},"properties":{"CVE_ENT":"20","CVE_MUN":"077","CVEGEO":"20077","NOMGEO":"Reyes Etla"}},
{"type":"Feature","geometry":{"type":"Polygon","coordinates":[[[-97.9451,17.6125],[-97.9526,17.6292],[-97.9829,17.6425],[-98.0014,17.642],[-98.0133,17.6347],[-98.0238,17.6431],[-98.0366,17.6344],[-98.0422,17.6348],[-98.0419,17.632],[-98.0436,17.6293],[-98.0444,17.627],[-98.0335,17.6101],[-98.0421,17.5905],[-98.0377,17.5545],[-98.0082,17.547],[-98.0056,17.5369],[-97.9787,17.5481],[-97.9718,17.5302],[-97.9491,17.5267],[-97.9449,17.5534],[-97.9554,17.5585],[-97.9622,17.5802],[-97.9541,17.6046],[-97.9451,17.6125]]]},"properties":{"CVE_ENT":"20","CVE_MUN":"081","CVEGEO":"20081","NOMGEO":"San Agustín Atenango"}},
{"type":"Feature","geometry":{"type":"Polygon","coordinates":[[[-96.8287,17.0891],[-96.8326,17.0961],[-96.8504,17.0736],[-96.8701,17.0891],[-96.8767,17.0557],[-96.9089,17.0498],[-96.9033,17.0214],[-96.8727,17.0299],[-96.8702,17.051],[-96.8321,17.0602],[-96.814,17.0719],[-96.8287,17.0891]]]},"properties":{"CVE_ENT":"20","CVE_MUN":"092","CVEGEO":"20092","NOMGEO":"San Andrés Ixtlahuaca"}},
{"type":"Feature","geometry":{"type":"Polygon","coordinates":[[[-96.7769,16.5399],[-96.8167,16.5275],[-96.8477,16.537],[-96.8433,16.5518],[-96.8953,16.5577],[-96.8652,16.5385],[-96.862,16.5302],[-96.8297,16.5205],[-96.8463,16.4933],[-96.8588,16.4915],[-96.8258,16.4772],[-96.8047,16.4762],[-96.7949,16.4885],[-96.7659,16.4936],[-96.7528,16.4908],[-96.7646,16.5228],[-96.7769,16.5399]]]},"properties":{"CVE_ENT":"20","CVE_MUN":"080","CVEGEO":"20080","NOMGEO":"San Agustín Amatengo"}},
{"type":"Feature","geometry":{"type":"Polygon","coordinates":[[[-96.6575,17.1811],[-96.6849,17.2375],[-96.695,17.2448],[-96.7054,17.2368],[-96.739,17.2142],[-96.7737,17.2032],[-96.7743,17.1871],[-96.7631,17.1637],[-96.7082,17.1858],[-96.6971,17.1877],[-96.6575,17.1811]]]},"properties":{"CVE_ENT":"20","CVE_MUN":"084","CVEGEO":"20084","NOMGEO":"San Agustín Etla"}},
{"type":"Feature","geometry":{"type":"Polygon","coordinates":[[[-97.6841,16.4693],[-97.7089,16.4844],[-97.7255,16.472],[-97.7481,16.4983],[-97.7523,16.4797],[-97.773,16.4759],[-97.8105,16.4837],[-97.8497,16.4852],[-97.8464,16.5106],[-97.8328,16.5137],[-97.8394,16.5363],[-97.8545,16.5542],[-97.8754,16.5153],[-97.8698,16.5065],[-97.8825,16.4793],[-97.8593,16.4571],[-97.8415,16.4404],[-97.8551,16.4257],[-97.8351,16.4039],[-97.8345,16.3887],[-97.8315,16.3727],[-97.8176,16.3622],[-97.7964,16.3578],[-97.7793,16.387],[-97.7736,16.4135],[-97.7569,16.441],[-97.7372,16.461],[-97.7098,16.4638],[-97.6981,16.443],[-97.6841,16.4693]]]},"properties":{"CVE_ENT":"20","CVE_MUN":"082","CVEGEO":"20082","NOMGEO":"San Agustín Chayuco"}},
{"type":"Feature","geometry":{"type":"Polygon","coordinates":[[[-97.4917,17.2349],[-97.5127,17.2393],[-97.5457,17.2075],[-97.5738,17.1901],[-97.5424,17.1735],[-97.5204,17.1755],[-97.5089,17.1634],[-97.482,17.1643],[-97.4796,17.2073],[-97.4828,17.2299],[-97.4917,17.2349]]]},"properties":{"CVE_ENT":"20","CVE_MUN":"086","CVEGEO":"20086","NOMGEO":"San Agustín Tlacotepec"}},
{"type":"Feature","geometry":{"type":"Polygon","coordinates":[[[-96.6629,17.0053],[-96.6951,17.0159],[-96.713,17.018],[-96.7186,17.0005],[-96.7073,16.9826],[-96.6818,16.9635],[-96.6549,16.9773],[-96.6509,16.9778],[-96.6556,16.9862],[-96.6629,17.0053]]]},"properties":{"CVE_ENT":"20","CVE_MUN":"083","CVEGEO":"20083","NOMGEO":"San Agustín de las Juntas"}},
{"type":"Feature","geometry":{"type":"Polygon","coordinates":[[[-96.688,17.0907],[-96.6959,17.0817],[-96.685,17.0741],[-96.663,17.0753],[-96.6608,17.0903],[-96.688,17.0907]]]},"properties":{"CVE_ENT":"20","CVE_MUN":"087","CVEGEO":"20087","NOMGEO":"San Agustín Yatareni"}},
{"type":"Feature","geometry":{"type":"Polygon","coordinates":[[[-97.642,17.6688],[-97.6263,17.7028],[-97.6265,17.72],[-97.6353,17.7456],[-97.6897,17.7423],[-97.689,17.7249],[-97.7078,17.7314],[-97.7191,17.7147],[-97.7707,17.6942],[-97.7708,17.6803],[-97.7573,17.6604],[-97.732,17.6747],[-97.7156,17.6524],[-97.6908,17.6712],[-97.6758,17.6559],[-97.642,17.6688]]]},"properties":{"CVE_ENT":"20","CVE_MUN":"089","CVEGEO":"20089","NOMGEO":"San Andrés Dinicuiti"}},
{"type":"Feature","geometry":{"type":"Polygon","coordinates":[[[-97.8607,16.3792],[-97.9177,16.3862],[-97.9355,16.381],[-97.96,16.3618],[-97.9834,16.3556],[-98.0015,16.3419],[-97.9846,16.3307],[-97.9758,16.3363],[-97.9512,16.3137],[-97.9208,16.3161],[-97.9041,16.3132],[-97.8904,16.3013],[-97.8611,16.296],[-97.8727,16.3252],[-97.8607,16.3792]]]},"properties":{"CVE_ENT":"20","CVE_MUN":"090","CVEGEO":"20090","NOMGEO":"San Andrés Huaxpaltepec"}},
{"type":"Feature","geometry":{"type":"Polygon","coordinates":[[[-96.6533,17.1737],[-96.6727,17.164],[-96.6839,17.1244],[-96.688,17.0907],[-96.6608,17.0903],[-96.6551,17.0938],[-96.6505,17.1458],[-96.6533,17.1737]]]},"properties":{"CVE_ENT":"20","CVE_MUN":"091","CVEGEO":"20091","NOMGEO":"San Andrés Huayápam"}},
{"type":"Feature","geometry":{"type":"Polygon","coordinates":[[[-96.5349,16.2514],[-96.5575,16.2519],[-96.5386,16.2163],[-96.5851,16.1908],[-96.5842,16.1708],[-96.5596,16.1805],[-96.5522,16.1778],[-96.5139,16.188],[-96.4858,16.1853],[-96.4871,16.2135],[-96.4769,16.2317],[-96.4883,16.2509],[-96.5289,16.2408],[-96.5349,16.2514]]]},"properties":{"CVE_ENT":"20","CVE_MUN":"095","CVEGEO":"20095","NOMGEO":"San Andrés Paxtlán"}},
{"type":"Feature","geometry":{"type":"Polygon","coordinates":[[[-96.088,17.2953],[-96.1155,17.305],[-96.1307,17.3281],[-96.1467,17.3237],[-96.1454,17.3104],[-96.1799,17.2873],[-96.1779,17.2669],[-96.1601,17.2671],[-96.1371,17.2769],[-96.1114,17.261],[-96.0854,17.2807],[-96.088,17.2953]]]},"properties":{"CVE_ENT":"20","CVE_MUN":"100","CVEGEO":"20100","NOMGEO":"San Andrés Yaá"}},
{"type":"Feature","geometry":{"type":"Polygon","coordinates":[[[-98.2682,17.8253],[-98.2868,17.8338],[-98.2997,17.8315],[-98.3055,17.8172],[-98.3088,17.7666],[-98.307,17.7562],[-98.3209,17.7296],[-98.3061,17.7152],[-98.2693,17.7023],[-98.272,17.7249],[-98.2636,17.7462],[-98.278,17.7737],[-98.2804,17.808],[-98.2682,17.8253]]]},"properties":{"CVE_ENT":"20","CVE_MUN":"199","CVEGEO":"20199","NOMGEO":"San Juan Ihualtepec"}},
{"type":"Feature","geometry":{"type":"Polygon","coordinates":[[[-96.8361,17.2191],[-96.8461,17.222],[-96.8505,17.214],[-96.8768,17.2087],[-96.9078,17.214],[-96.9353,17.2031],[-96.9827,17.1778],[-96.9835,17.1518],[-96.9637,17.1512],[-96.9525,17.1614],[-96.9004,17.1634],[-96.888,17.1791],[-96.8652,17.1778],[-96.8712,17.143],[-96.8538,17.156],[-96.8458,17.1735],[-96.8412,17.1873],[-96.8184,17.1872],[-96.8361,17.2191]]]},"properties":{"CVE_ENT":"20","CVE_MUN":"102","CVEGEO":"20102","NOMGEO":"San Andrés Zautla"}},
{"type":"Feature","geometry":{"type":"Polygon","coordinates":[[[-96.4164,16.9239],[-96.4233,16.9268],[-96.4264,16.9239],[-96.4193,16.9204],[-96.4292,16.9135],[-96.4378,16.9115],[-96.476,16.921],[-96.4774,16.9005],[-96.4986,16.8621],[-96.4851,16.8625],[-96.439,16.8333],[-96.4263,16.8412],[-96.4219,16.8847],[-96.4233,16.9051],[-96.4152,16.9185],[-96.4164,16.9239]]]},"properties":{"CVE_ENT":"20","CVE_MUN":"233","CVEGEO":"20233","NOMGEO":"San Lucas Quiaviní"}},
{"type":"Feature","geometry":{"type":"Polygon","coordinates":[[[-96.6971,16.8405],[-96.7051,16.8419],[-96.7144,16.8124],[-96.7014,16.8106],[-96.7,16.7967],[-96.6734,16.7999],[-96.6708,16.8107],[-96.6989,16.8284],[-96.6971,16.8405]]]},"properties":{"CVE_ENT":"20","CVE_MUN":"103","CVEGEO":"20103","NOMGEO":"San Antonino Castillo Velasco"}},
{"type":"Feature","geometry":{"type":"Polygon","coordinates":[[[-97.6971,17.5497],[-97.7313,17.5731],[-97.7365,17.5911],[-97.7572,17.5751],[-97.8041,17.5251],[-97.8034,17.5086],[-97.7937,17.4918],[-97.7774,17.4809],[-97.7014,17.4553],[-97.6999,17.4673],[-97.6956,17.5005],[-97.6984,17.5089],[-97.6971,17.5497]]]},"properties":{"CVE_ENT":"20","CVE_MUN":"105","CVEGEO":"20105","NOMGEO":"San Antonino Monte Verde"}},
{"type":"Feature","geometry":{"type":"Polygon","coordinates":[[[-96.6904,17.0356],[-96.7022,17.0404],[-96.7045,17.0507],[-96.7068,17.043],[-96.7047,17.0337],[-96.7129,17.0293],[-96.713,17.018],[-96.6951,17.0159],[-96.6629,17.0053],[-96.6633,17.0096],[-96.6668,17.0213],[-96.6835,17.0316],[-96.6904,17.0356]]]},"properties":{"CVE_ENT":"20","CVE_MUN":"107","CVEGEO":"20107","NOMGEO":"San Antonio de la Cal"}},
{"type":"Feature","geometry":{"type":"Polygon","coordinates":[[[-97.0693,16.9668],[-97.0658,16.9763],[-97.0915,16.9874],[-97.131,16.9953],[-97.1474,16.9913],[-97.1702,16.9796],[-97.1966,16.9767],[-97.1956,16.9603],[-97.2088,16.9187],[-97.2071,16.8984],[-97.2139,16.8728],[-97.2223,16.8671],[-97.2074,16.8595],[-97.1683,16.8482],[-97.1653,16.8488],[-97.1629,16.8488],[-97.1608,16.8487],[-97.16,16.8485],[-97.1599,16.8491],[-97.158,16.8508],[-97.1568,16.853],[-97.0767,16.8685],[-97.0883,16.8969],[-97.0928,16.9204],[-97.0711,16.9436],[-97.0693,16.9668]]]},"properties":{"CVE_ENT":"20","CVE_MUN":"108","CVEGEO":"20108","NOMGEO":"San Antonio Huitepec"}},
{"type":"Feature","geometry":{"type":"Polygon","coordinates":[[[-97.0887,18.1492],[-97.1057,18.1481],[-97.1239,18.1625],[-97.1339,18.1577],[-97.162,18.1865],[-97.1674,18.2009],[-97.1924,18.1924],[-97.1872,18.1752],[-97.2143,18.1637],[-97.2134,18.1066],[-97.1882,18.1264],[-97.1735,18.1055],[-97.127,18.1162],[-97.1085,18.1097],[-97.1189,18.1357],[-97.0887,18.1492]]]},"properties":{"CVE_ENT":"20","CVE_MUN":"109","CVEGEO":"20109","NOMGEO":"San Antonio Nanahuatípam"}},
{"type":"Feature","geometry":{"type":"Polygon","coordinates":[[[-97.5424,17.1735],[-97.5738,17.1901],[-97.5787,17.1754],[-97.5982,17.1699],[-97.6057,17.159],[-97.5853,17.1219],[-97.5855,17.1115],[-97.5671,17.1252],[-97.5524,17.1428],[-97.5424,17.1735]]]},"properties":{"CVE_ENT":"20","CVE_MUN":"110","CVEGEO":"20110","NOMGEO":"San Antonio Sinicahua"}},
{"type":"Feature","geometry":{"type":"Polygon","coordinates":[[[-97.9745,16.5585],[-97.983,16.5741],[-97.9943,16.5706],[-98.0757,16.5648],[-98.088,16.5705],[-98.1033,16.5603],[-98.0957,16.5389],[-98.1016,16.5205],[-98.0923,16.5145],[-98.1085,16.4955],[-98.0895,16.496],[-98.0793,16.5127],[-98.0541,16.503],[-98.0417,16.5137],[-98.0231,16.5174],[-98.0074,16.5285],[-98.0076,16.5377],[-97.9745,16.5585]]]},"properties":{"CVE_ENT":"20","CVE_MUN":"111","CVEGEO":"20111","NOMGEO":"San Antonio Tepetlapa"}},
{"type":"Feature","geometry":{"type":"Polygon","coordinates":[[[-96.8127,17.8217],[-96.8428,17.8327],[-96.8637,17.8226],[-96.9164,17.829],[-96.9364,17.8168],[-96.9422,17.8048],[-96.926,17.7944],[-96.9298,17.7849],[-96.9035,17.7624],[-96.8825,17.7529],[-96.8698,17.7538],[-96.8492,17.7539],[-96.8313,17.7648],[-96.8162,17.7508],[-96.8314,17.7784],[-96.8253,17.8065],[-96.8127,17.8217]]]},"properties":{"CVE_ENT":"20","CVE_MUN":"527","CVEGEO":"20527","NOMGEO":"Santos Reyes Pápalo"}},
{"type":"Feature","geometry":{"type":"Polygon","coordinates":[[[-96.6394,18.0649],[-96.6618,18.1036],[-96.6781,18.1084],[-96.6967,18.103],[-96.7112,18.1074],[-96.6707,18.0827],[-96.6783,18.0443],[-96.7064,18.0552],[-96.7253,18.0437],[-96.7195,18.0361],[-96.7198,18.0142],[-96.7095,18.0058],[-96.6421,18.0182],[-96.6303,18.0458],[-96.6472,18.0554],[-96.6394,18.0649]]]},"properties":{"CVE_ENT":"20","CVE_MUN":"116","CVEGEO":"20116","NOMGEO":"San Bartolomé Ayautla"}},
{"type":"Feature","geometry":{"type":"Polygon","coordinates":[[[-96.1842,17.2372],[-96.1819,17.2585],[-96.1993,17.2506],[-96.2141,17.236],[-96.2267,17.2335],[-96.249,17.2323],[-96.238,17.2252],[-96.2393,17.1966],[-96.1935,17.1908],[-96.1842,17.2372]]]},"properties":{"CVE_ENT":"20","CVE_MUN":"114","CVEGEO":"20114","NOMGEO":"San Baltazar Yatzachi el Bajo"}},
{"type":"Feature","geometry":{"type":"MultiPolygon","coordinates":[[[[-96.7292,16.9262],[-96.7394,16.929],[-96.7449,16.9083],[-96.7147,16.9068],[-96.7245,16.9249],[-96.7292,16.9262]]],[[[-96.6592,16.9636],[-96.6599,16.9699],[-96.6818,16.9635],[-96.6991,16.962],[-96.7074,16.9633],[-96.7079,16.9619],[-96.7113,16.9624],[-96.711,16.9637],[-96.7278,16.966],[-96.7261,16.9471],[-96.6848,16.9308],[-96.6585,16.9263],[-96.6592,16.9636]]]]},"properties":{"CVE_ENT":"20","CVE_MUN":"115","CVEGEO":"20115","NOMGEO":"San Bartolo Coyotepec"}},
{"type":"Feature","geometry":{"type":"Polygon","coordinates":[[[-97.4236,17.1505],[-97.4321,17.2011],[-97.4247,17.2425],[-97.4206,17.2446],[-97.4149,17.2919],[-97.4958,17.2705],[-97.4899,17.2655],[-97.4917,17.2349],[-97.4828,17.2299],[-97.4796,17.2073],[-97.482,17.1643],[-97.46,17.1745],[-97.4497,17.1686],[-97.4375,17.1339],[-97.4236,17.1505]]]},"properties":{"CVE_ENT":"20","CVE_MUN":"119","CVEGEO":"20119","NOMGEO":"San Bartolomé Yucuañe"}},
{"type":"Feature","geometry":{"type":"Polygon","coordinates":[[[-95.0438,16.7051],[-95.0897,16.71],[-95.1226,16.7175],[-95.1452,16.7093],[-95.1622,16.7112],[-95.1693,16.6949],[-95.1644,16.6543],[-95.1544,16.6576],[-95.1515,16.6087],[-95.1411,16.5994],[-95.1462,16.5649],[-95.1594,16.568],[-95.1596,16.5489],[-95.1563,16.5192],[-95.1199,16.5175],[-95.0599,16.5356],[-95.0214,16.5806],[-95.0008,16.6317],[-95.0176,16.648],[-95.001,16.6813],[-95.0438,16.7051]]]},"properties":{"CVE_ENT":"20","CVE_MUN":"014","CVEGEO":"20014","NOMGEO":"Ciudad Ixtepec"}},
{"type":"Feature","geometry":{"type":"Polygon","coordinates":[[[-96.8479,16.8793],[-96.8873,16.8712],[-96.906,16.8721],[-96.9241,16.8642],[-96.9438,16.8842],[-96.97,16.8923],[-96.9857,16.8849],[-97.0025,16.8623],[-96.9818,16.8318],[-96.9498,16.8182],[-96.9302,16.8173],[-96.9205,16.8081],[-96.8846,16.8067],[-96.8776,16.801],[-96.8479,16.7972],[-96.8456,16.8014],[-96.8485,16.8099],[-96.8484,16.8468],[-96.8583,16.8515],[-96.8479,16.8793]]]},"properties":{"CVE_ENT":"20","CVE_MUN":"123","CVEGEO":"20123","NOMGEO":"San Bernardo Mixtepec"}},
{"type":"Feature","geometry":{"type":"Polygon","coordinates":[[[-95.8449,16.4388],[-95.8634,16.4487],[-95.8709,16.4346],[-95.8858,16.4332],[-95.9638,16.4735],[-95.9778,16.4598],[-95.9883,16.4384],[-96,16.4468],[-96.0154,16.4351],[-95.9941,16.4232],[-95.96,16.3791],[-95.9115,16.4136],[-95.9003,16.4046],[-95.8853,16.4103],[-95.8738,16.3971],[-95.8607,16.3988],[-95.8516,16.3844],[-95.8451,16.3886],[-95.8449,16.4388]]]},"properties":{"CVE_ENT":"20","CVE_MUN":"122","CVEGEO":"20122","NOMGEO":"San Bartolo Yautepec"}},
{"type":"Feature","geometry":{"type":"Polygon","coordinates":[[[-96.4113,16.3769],[-96.4374,16.3919],[-96.458,16.3759],[-96.4541,16.3468],[-96.4298,16.3494],[-96.4363,16.3198],[-96.4335,16.3021],[-96.4222,16.2827],[-96.4045,16.2731],[-96.3897,16.2491],[-96.3794,16.2169],[-96.3572,16.213],[-96.3441,16.2269],[-96.3487,16.2581],[-96.3453,16.284],[-96.3334,16.2898],[-96.3062,16.322],[-96.311,16.3375],[-96.3079,16.3539],[-96.3322,16.3496],[-96.3526,16.3296],[-96.3756,16.3316],[-96.3911,16.3509],[-96.4158,16.3672],[-96.4113,16.3769]]]},"properties":{"CVE_ENT":"20","CVE_MUN":"126","CVEGEO":"20126","NOMGEO":"San Cristóbal Amatlán"}},
{"type":"Feature","geometry":{"type":"Polygon","coordinates":[[[-97.5446,17.2942],[-97.5848,17.319],[-97.5918,17.2994],[-97.618,17.275],[-97.6099,17.2529],[-97.5614,17.2657],[-97.5502,17.275],[-97.5446,17.2942]]]},"properties":{"CVE_ENT":"20","CVE_MUN":"127","CVEGEO":"20127","NOMGEO":"San Cristóbal Amoltepec"}},
{"type":"Feature","geometry":{"type":"Polygon","coordinates":[[[-96.1565,17.3606],[-96.1703,17.3726],[-96.1834,17.3746],[-96.1971,17.3604],[-96.1927,17.3424],[-96.1807,17.34],[-96.1717,17.327],[-96.1548,17.3387],[-96.1565,17.3606]]]},"properties":{"CVE_ENT":"20","CVE_MUN":"128","CVEGEO":"20128","NOMGEO":"San Cristóbal Lachirioag"}},
{"type":"Feature","geometry":{"type":"Polygon","coordinates":[[[-97.9647,17.7842],[-97.977,17.8073],[-97.9849,17.8013],[-98.0151,17.798],[-98.0323,17.808],[-98.0411,17.8011],[-98.043,17.7815],[-98.0659,17.7816],[-98.0696,17.7719],[-98.0537,17.7524],[-98.0422,17.7568],[-98.014,17.7438],[-97.9899,17.7523],[-97.9464,17.7463],[-97.9511,17.7737],[-97.9647,17.7842]]]},"properties":{"CVE_ENT":"20","CVE_MUN":"529","CVEGEO":"20529","NOMGEO":"Santos Reyes Yucuná"}},
{"type":"Feature","geometry":{"type":"Polygon","coordinates":[[[-96.1984,16.8107],[-96.2053,16.8393],[-96.2199,16.8627],[-96.2415,16.8471],[-96.3109,16.8728],[-96.325,16.8583],[-96.336,16.8381],[-96.3491,16.8036],[-96.3668,16.8192],[-96.4139,16.8051],[-96.4157,16.7393],[-96.4039,16.6971],[-96.3774,16.6967],[-96.3508,16.7096],[-96.3218,16.7383],[-96.3076,16.7461],[-96.284,16.7482],[-96.2512,16.715],[-96.2302,16.7021],[-96.2001,16.7226],[-96.1984,16.8107]]]},"properties":{"CVE_ENT":"20","CVE_MUN":"131","CVEGEO":"20131","NOMGEO":"San Dionisio Ocotepec"}},
{"type":"Feature","geometry":{"type":"Polygon","coordinates":[[[-94.6417,16.4352],[-94.7082,16.4444],[-94.7319,16.416],[-94.7641,16.4021],[-94.7695,16.4304],[-94.7889,16.4461],[-94.7982,16.443],[-94.8093,16.4073],[-94.8118,16.384],[-94.799,16.3466],[-94.7717,16.3297],[-94.7873,16.3102],[-94.8262,16.2923],[-94.8602,16.2838],[-94.8452,16.27],[-94.8559,16.2615],[-94.8371,16.2272],[-94.8073,16.2224],[-94.7675,16.2231],[-94.7566,16.2101],[-94.7394,16.2081],[-94.738,16.2252],[-94.6672,16.3642],[-94.6125,16.3528],[-94.6107,16.3816],[-94.6265,16.409],[-94.6417,16.4352]]]},"properties":{"CVE_ENT":"20","CVE_MUN":"130","CVEGEO":"20130","NOMGEO":"San Dionisio del Mar"}},
{"type":"Feature","geometry":{"type":"Polygon","coordinates":[[[-98.3193,17.5315],[-98.3296,17.5333],[-98.3316,17.5195],[-98.3203,17.5069],[-98.3119,17.4775],[-98.3324,17.472],[-98.2999,17.453],[-98.2956,17.4427],[-98.2636,17.4399],[-98.2197,17.429],[-98.2036,17.4314],[-98.202,17.4825],[-98.2121,17.4866],[-98.2129,17.5027],[-98.2338,17.5038],[-98.2685,17.5193],[-98.277,17.5153],[-98.311,17.5139],[-98.3193,17.5315]]]},"properties":{"CVE_ENT":"20","CVE_MUN":"152","CVEGEO":"20152","NOMGEO":"San Francisco Tlapancingo"}},
{"type":"Feature","geometry":{"type":"Polygon","coordinates":[[[-96.6488,16.7358],[-96.6437,16.7458],[-96.6573,16.7648],[-96.6704,16.7643],[-96.6894,16.7471],[-96.6877,16.7457],[-96.6751,16.739],[-96.6488,16.7358]]]},"properties":{"CVE_ENT":"20","CVE_MUN":"132","CVEGEO":"20132","NOMGEO":"San Dionisio Ocotlán"}},
{"type":"Feature","geometry":{"type":"Polygon","coordinates":[[[-96.8265,17.1469],[-96.8356,17.1548],[-96.8538,17.156],[-96.8712,17.143],[-96.8711,17.1387],[-96.9216,17.1194],[-96.9308,17.106],[-96.9259,17.0816],[-96.9468,17.0618],[-96.936,17.0593],[-96.9364,17.0345],[-96.9241,17.0068],[-96.9033,17.0214],[-96.9089,17.0498],[-96.8767,17.0557],[-96.8701,17.0891],[-96.8504,17.0736],[-96.8326,17.0961],[-96.8221,17.1249],[-96.8265,17.1469]]]},"properties":{"CVE_ENT":"20","CVE_MUN":"135","CVEGEO":"20135","NOMGEO":"San Felipe Tejalápam"}},
{"type":"Feature","geometry":{"type":"Polygon","coordinates":[[[-96.3989,17.9472],[-96.4169,17.9615],[-96.4235,17.9444],[-96.4408,17.9623],[-96.4429,17.9752],[-96.4652,17.9635],[-96.488,17.9658],[-96.49,17.9979],[-96.5112,17.9519],[-96.5193,17.9429],[-96.5566,17.9441],[-96.5654,17.9233],[-96.5612,17.8931],[-96.5519,17.8768],[-96.5492,17.8665],[-96.5768,17.8379],[-96.5626,17.8058],[-96.57,17.7831],[-96.595,17.7671],[-96.6027,17.7331],[-96.6051,17.7092],[-96.5758,17.6905],[-96.5685,17.6705],[-96.5361,17.6515],[-96.5105,17.6418],[-96.4983,17.7113],[-96.4763,17.718],[-96.4619,17.7379],[-96.4478,17.7459],[-96.4367,17.8085],[-96.4482,17.8161],[-96.4516,17.8409],[-96.4327,17.8505],[-96.4361,17.8637],[-96.4212,17.8929],[-96.3989,17.9472]]]},"properties":{"CVE_ENT":"20","CVE_MUN":"136","CVEGEO":"20136","NOMGEO":"San Felipe Usila"}},
{"type":"Feature","geometry":{"type":"Polygon","coordinates":[[[-97.2409,16.9304],[-97.3007,16.9518],[-97.3226,16.9502],[-97.3485,16.9425],[-97.437,16.9409],[-97.417,16.9263],[-97.4061,16.9104],[-97.4168,16.8932],[-97.4284,16.8884],[-97.408,16.8679],[-97.3834,16.8641],[-97.3671,16.8275],[-97.38,16.8144],[-97.4517,16.8121],[-97.4896,16.803],[-97.5147,16.7833],[-97.4999,16.763],[-97.4644,16.7515],[-97.4482,16.7134],[-97.4144,16.7494],[-97.3854,16.8036],[-97.356,16.8016],[-97.3471,16.8164],[-97.3245,16.8153],[-97.295,16.8494],[-97.282,16.8777],[-97.2807,16.8963],[-97.23,16.9006],[-97.2088,16.9187],[-97.2409,16.9304]]]},"properties":{"CVE_ENT":"20","CVE_MUN":"137","CVEGEO":"20137","NOMGEO":"San Francisco Cahuacuá"}},
{"type":"Feature","geometry":{"type":"Polygon","coordinates":[[[-96.7099,17.9265],[-96.7404,17.9068],[-96.7307,17.8923],[-96.7506,17.8788],[-96.7631,17.8784],[-96.7441,17.9232],[-96.7411,17.9409],[-96.748,17.9511],[-96.7431,17.966],[-96.774,17.9652],[-96.7832,17.9472],[-96.7733,17.917],[-96.7919,17.8908],[-96.7893,17.8781],[-96.7579,17.8596],[-96.7345,17.8693],[-96.7101,17.8692],[-96.6974,17.8744],[-96.6866,17.8933],[-96.7,17.8997],[-96.7099,17.9265]]]},"properties":{"CVE_ENT":"20","CVE_MUN":"139","CVEGEO":"20139","NOMGEO":"San Francisco Chapulapa"}},
{"type":"Feature","geometry":{"type":"Polygon","coordinates":[[[-96.9204,18.1904],[-96.9364,18.2166],[-96.9368,18.216],[-96.9536,18.1946],[-96.9533,18.1781],[-96.9394,18.1715],[-96.9251,18.1722],[-96.9204,18.1904]]]},"properties":{"CVE_ENT":"20","CVE_MUN":"142","CVEGEO":"20142","NOMGEO":"San Francisco Huehuetlán"}},
{"type":"Feature","geometry":{"type":"Polygon","coordinates":[[[-97.2878,17.4367],[-97.3024,17.438],[-97.326,17.431],[-97.3293,17.4233],[-97.3648,17.4242],[-97.3619,17.4128],[-97.3195,17.4095],[-97.3162,17.3879],[-97.311,17.3837],[-97.2953,17.398],[-97.2847,17.4316],[-97.2878,17.4367]]]},"properties":{"CVE_ENT":"20","CVE_MUN":"140","CVEGEO":"20140","NOMGEO":"San Francisco Chindúa"}},
{"type":"Feature","geometry":{"type":"Polygon","coordinates":[[[-97.897,17.7815],[-97.8808,17.7696],[-97.8563,17.7707],[-97.826,17.7847],[-97.8338,17.8235],[-97.8536,17.8469],[-97.9078,17.8354],[-97.9104,17.8054],[-97.897,17.7815]]]},"properties":{"CVE_ENT":"20","CVE_MUN":"160","CVEGEO":"20160","NOMGEO":"San Jerónimo Silacayoapilla"}},
{"type":"Feature","geometry":{"type":"Polygon","coordinates":[[[-94.4707,16.4199],[-94.4976,16.4392],[-94.5651,16.442],[-94.5785,16.4452],[-94.6108,16.4373],[-94.6417,16.4352],[-94.6265,16.409],[-94.5796,16.4117],[-94.5795,16.3962],[-94.5669,16.3887],[-94.5727,16.368],[-94.5522,16.3606],[-94.5135,16.3647],[-94.5075,16.3413],[-94.4894,16.3508],[-94.4963,16.3061],[-94.5094,16.3091],[-94.5253,16.2991],[-94.5539,16.2941],[-94.562,16.2835],[-94.5259,16.2818],[-94.5047,16.2404],[-94.4933,16.2258],[-94.465,16.2257],[-94.464,16.2476],[-94.4456,16.2457],[-94.429,16.2632],[-94.4338,16.2807],[-94.462,16.2847],[-94.4395,16.3135],[-94.4656,16.3393],[-94.4629,16.3541],[-94.4566,16.3772],[-94.4706,16.3912],[-94.4651,16.4158],[-94.4707,16.4199]]]},"properties":{"CVE_ENT":"20","CVE_MUN":"143","CVEGEO":"20143","NOMGEO":"San Francisco Ixhuatán"}},
{"type":"Feature","geometry":{"type":"Polygon","coordinates":[[[-97.2432,17.3645],[-97.2495,17.3932],[-97.2732,17.3889],[-97.2892,17.38],[-97.3061,17.3365],[-97.3,17.3212],[-97.302,17.2903],[-97.258,17.3207],[-97.2432,17.3645]]]},"properties":{"CVE_ENT":"20","CVE_MUN":"144","CVEGEO":"20144","NOMGEO":"San Francisco Jaltepetongo"}},
{"type":"Feature","geometry":{"type":"Polygon","coordinates":[[[-96.5816,17.0164],[-96.5809,17.0373],[-96.596,17.048],[-96.6093,17.0397],[-96.6083,17.0209],[-96.6133,17.0108],[-96.5986,17.0068],[-96.5941,17.0068],[-96.5816,17.0164]]]},"properties":{"CVE_ENT":"20","CVE_MUN":"145","CVEGEO":"20145","NOMGEO":"San Francisco Lachigoló"}},
{"type":"Feature","geometry":{"type":"Polygon","coordinates":[[[-96.8712,17.143],[-96.8652,17.1778],[-96.888,17.1791],[-96.9004,17.1634],[-96.9525,17.1614],[-96.9637,17.1512],[-96.9308,17.106],[-96.9216,17.1194],[-96.8711,17.1387],[-96.8712,17.143]]]},"properties":{"CVE_ENT":"20","CVE_MUN":"531","CVEGEO":"20531","NOMGEO":"Santo Tomás Mazaltepec"}},
{"type":"Feature","geometry":{"type":"Polygon","coordinates":[[[-96.3526,16.3296],[-96.3619,16.3591],[-96.3548,16.3817],[-96.3721,16.4174],[-96.3855,16.4193],[-96.4113,16.3769],[-96.4158,16.3672],[-96.3911,16.3509],[-96.3756,16.3316],[-96.3526,16.3296]]]},"properties":{"CVE_ENT":"20","CVE_MUN":"146","CVEGEO":"20146","NOMGEO":"San Francisco Logueche"}},
{"type":"Feature","geometry":{"type":"Polygon","coordinates":[[[-96.2078,16.1451],[-96.2432,16.117],[-96.2161,16.0802],[-96.2302,16.0634],[-96.2083,16.0506],[-96.1792,16.0545],[-96.1602,16.1015],[-96.1717,16.1104],[-96.1971,16.1161],[-96.2078,16.1451]]]},"properties":{"CVE_ENT":"20","CVE_MUN":"148","CVEGEO":"20148","NOMGEO":"San Francisco Ozolotepec"}},
{"type":"Feature","geometry":{"type":"Polygon","coordinates":[[[-97.5305,17.9308],[-97.5363,17.9409],[-97.5604,17.9522],[-97.5793,17.974],[-97.5893,17.9587],[-97.5908,17.9458],[-97.5668,17.9219],[-97.5739,17.9109],[-97.5947,17.9017],[-97.6169,17.902],[-97.5844,17.8834],[-97.5833,17.8674],[-97.5757,17.8711],[-97.5435,17.8543],[-97.5068,17.8305],[-97.4685,17.8254],[-97.4689,17.838],[-97.4931,17.8641],[-97.5213,17.883],[-97.529,17.9022],[-97.5257,17.9176],[-97.5305,17.9308]]]},"properties":{"CVE_ENT":"20","CVE_MUN":"151","CVEGEO":"20151","NOMGEO":"San Francisco Teopan"}},
{"type":"Feature","geometry":{"type":"Polygon","coordinates":[[[-96.7577,17.0796],[-96.7552,17.1094],[-96.7664,17.112],[-96.7577,17.0796]]]},"properties":{"CVE_ENT":"20","CVE_MUN":"157","CVEGEO":"20157","NOMGEO":"San Jacinto Amilpas"}},
{"type":"Feature","geometry":{"type":"Polygon","coordinates":[[[-94.9236,16.2076],[-94.9334,16.209],[-94.9407,16.233],[-95.0169,16.2258],[-95.0806,16.2261],[-95.1167,16.2348],[-95.1393,16.2201],[-95.1387,16.1887],[-95.0701,16.1834],[-95.0434,16.186],[-94.9236,16.2076]]]},"properties":{"CVE_ENT":"20","CVE_MUN":"248","CVEGEO":"20248","NOMGEO":"San Mateo del Mar"}},
{"type":"Feature","geometry":{"type":"Polygon","coordinates":[[[-97.3179,16.4801],[-97.3277,16.491],[-97.333,16.511],[-97.346,16.5306],[-97.38,16.5598],[-97.405,16.5348],[-97.403,16.5124],[-97.3903,16.5014],[-97.3929,16.4788],[-97.3813,16.4525],[-97.3706,16.4608],[-97.33,16.4661],[-97.3179,16.4801]]]},"properties":{"CVE_ENT":"20","CVE_MUN":"158","CVEGEO":"20158","NOMGEO":"San Jacinto Tlacotepec"}},
{"type":"Feature","geometry":{"type":"Polygon","coordinates":[[[-96.597,16.7439],[-96.6339,16.7486],[-96.6115,16.7357],[-96.6066,16.7264],[-96.6226,16.7065],[-96.5947,16.6567],[-96.5695,16.6713],[-96.5393,16.6637],[-96.5281,16.705],[-96.5182,16.7061],[-96.5156,16.7374],[-96.5403,16.7272],[-96.5726,16.7412],[-96.5836,16.7344],[-96.597,16.7439]]]},"properties":{"CVE_ENT":"20","CVE_MUN":"162","CVEGEO":"20162","NOMGEO":"San Jerónimo Taviche"}},
{"type":"Feature","geometry":{"type":"Polygon","coordinates":[[[-97.2432,17.8125],[-97.2531,17.8161],[-97.3022,17.7693],[-97.3451,17.7638],[-97.3519,17.7414],[-97.3465,17.7267],[-97.3457,17.7022],[-97.3621,17.7053],[-97.4009,17.6834],[-97.3846,17.6569],[-97.3833,17.6535],[-97.3426,17.6785],[-97.334,17.6804],[-97.3064,17.6691],[-97.2997,17.6548],[-97.2944,17.6476],[-97.2676,17.6506],[-97.2309,17.6424],[-97.1795,17.6733],[-97.1612,17.7064],[-97.1666,17.7345],[-97.1952,17.7843],[-97.1987,17.7966],[-97.2432,17.8125]]]},"properties":{"CVE_ENT":"20","CVE_MUN":"176","CVEGEO":"20176","NOMGEO":"San Juan Bautista Coixtlahuaca"}},
{"type":"Feature","geometry":{"type":"Polygon","coordinates":[[[-97.9676,17.9707],[-97.9794,17.9644],[-97.9945,17.9747],[-98.0049,17.9666],[-98.0042,17.9523],[-97.967,17.9364],[-97.9582,17.9505],[-97.9363,17.9253],[-97.9378,17.9402],[-97.9487,17.9484],[-97.935,17.961],[-97.9676,17.9707]]]},"properties":{"CVE_ENT":"20","CVE_MUN":"165","CVEGEO":"20165","NOMGEO":"San José Ayuquila"}},
{"type":"Feature","geometry":{"type":"Polygon","coordinates":[[[-96.4644,16.2411],[-96.4743,16.278],[-96.4943,16.3164],[-96.5051,16.3246],[-96.5113,16.3135],[-96.5294,16.3118],[-96.5297,16.3007],[-96.5092,16.2924],[-96.5087,16.2719],[-96.4883,16.2509],[-96.4769,16.2317],[-96.4644,16.2411]]]},"properties":{"CVE_ENT":"20","CVE_MUN":"167","CVEGEO":"20167","NOMGEO":"San José del Peñasco"}},
{"type":"Feature","geometry":{"type":"Polygon","coordinates":[[[-96.6305,16.9191],[-96.6585,16.9263],[-96.6613,16.9235],[-96.6617,16.9161],[-96.6666,16.8942],[-96.6768,16.8733],[-96.6809,16.8391],[-96.662,16.8361],[-96.6557,16.8274],[-96.6177,16.8268],[-96.5803,16.8399],[-96.6105,16.8831],[-96.6284,16.888],[-96.6305,16.9191]]]},"properties":{"CVE_ENT":"20","CVE_MUN":"530","CVEGEO":"20530","NOMGEO":"Santo Tomás Jalieza"}},
{"type":"Feature","geometry":{"type":"Polygon","coordinates":[[[-96.7112,18.1074],[-96.7384,18.111],[-96.7425,18.129],[-96.731,18.0728],[-96.7619,18.0554],[-96.7773,18.0588],[-96.7904,18.0242],[-96.7766,18.0162],[-96.739,18.0206],[-96.7198,18.0142],[-96.7195,18.0361],[-96.7253,18.0437],[-96.7064,18.0552],[-96.6783,18.0443],[-96.6707,18.0827],[-96.7112,18.1074]]]},"properties":{"CVE_ENT":"20","CVE_MUN":"187","CVEGEO":"20187","NOMGEO":"San Juan Coatzóspam"}},
{"type":"Feature","geometry":{"type":"Polygon","coordinates":[[[-96.6826,18.2614],[-96.6991,18.2661],[-96.7129,18.2508],[-96.753,18.2262],[-96.7508,18.1963],[-96.7453,18.1768],[-96.7425,18.129],[-96.7384,18.111],[-96.7112,18.1074],[-96.6967,18.103],[-96.6781,18.1084],[-96.6618,18.1036],[-96.6394,18.0649],[-96.6215,18.0753],[-96.6037,18.0702],[-96.592,18.0831],[-96.5768,18.0817],[-96.5606,18.1014],[-96.5575,18.113],[-96.5835,18.1087],[-96.5958,18.1259],[-96.5794,18.1402],[-96.5975,18.1642],[-96.5969,18.1804],[-96.6207,18.1935],[-96.6133,18.2088],[-96.6237,18.2198],[-96.6545,18.2254],[-96.681,18.2508],[-96.6826,18.2614]]]},"properties":{"CVE_ENT":"20","CVE_MUN":"171","CVEGEO":"20171","NOMGEO":"San José Tenango"}},
{"type":"Feature","geometry":{"type":"Polygon","coordinates":[[[-97.8594,16.5657],[-97.8693,16.5771],[-97.9347,16.5646],[-97.9446,16.564],[-97.9209,16.5471],[-97.9132,16.5184],[-97.9673,16.4795],[-97.99,16.4612],[-97.9908,16.4506],[-97.9591,16.4427],[-97.923,16.4257],[-97.9012,16.4402],[-97.8792,16.4407],[-97.8593,16.4571],[-97.8825,16.4793],[-97.8698,16.5065],[-97.8754,16.5153],[-97.8545,16.5542],[-97.8594,16.5657]]]},"properties":{"CVE_ENT":"20","CVE_MUN":"188","CVEGEO":"20188","NOMGEO":"San Juan Colorado"}},
{"type":"Feature","geometry":{"type":"Polygon","coordinates":[[[-96.4942,17.4128],[-96.4618,17.4351],[-96.3981,17.5011],[-96.4002,17.5094],[-96.3907,17.537],[-96.3961,17.5442],[-96.4121,17.5305],[-96.4394,17.5168],[-96.467,17.5158],[-96.4857,17.486],[-96.5301,17.4735],[-96.5591,17.471],[-96.5827,17.4638],[-96.5815,17.4409],[-96.5718,17.4129],[-96.5684,17.4102],[-96.5333,17.4149],[-96.4986,17.4038],[-96.4942,17.4128]]]},"properties":{"CVE_ENT":"20","CVE_MUN":"173","CVEGEO":"20173","NOMGEO":"San Juan Atepec"}},
{"type":"Feature","geometry":{"type":"Polygon","coordinates":[[[-96.7073,16.9826],[-96.7186,17.0005],[-96.7252,16.9801],[-96.7073,16.9826]]]},"properties":{"CVE_ENT":"20","CVE_MUN":"174","CVEGEO":"20174","NOMGEO":"Ánimas Trujano"}},
{"type":"Feature","geometry":{"type":"Polygon","coordinates":[[[-96.5127,17.3088],[-96.5278,17.3097],[-96.528,17.2842],[-96.5127,17.2718],[-96.5202,17.2602],[-96.5169,17.2376],[-96.4962,17.2559],[-96.4905,17.2719],[-96.4791,17.2932],[-96.4964,17.2996],[-96.5127,17.3088]]]},"properties":{"CVE_ENT":"20","CVE_MUN":"191","CVEGEO":"20191","NOMGEO":"San Juan Chicomezúchil"}},
{"type":"Feature","geometry":{"type":"Polygon","coordinates":[[[-96.4986,17.4038],[-96.5333,17.4149],[-96.5684,17.4102],[-96.5748,17.3924],[-96.5694,17.3966],[-96.5249,17.3852],[-96.4986,17.4038]]]},"properties":{"CVE_ENT":"20","CVE_MUN":"196","CVEGEO":"20196","NOMGEO":"San Juan Evangelista Analco"}},
{"type":"Feature","geometry":{"type":"Polygon","coordinates":[[[-96.7054,17.2368],[-96.7272,17.2496],[-96.7474,17.2835],[-96.78,17.2681],[-96.8038,17.2144],[-96.7943,17.2046],[-96.7737,17.2032],[-96.739,17.2142],[-96.7054,17.2368]]]},"properties":{"CVE_ENT":"20","CVE_MUN":"178","CVEGEO":"20178","NOMGEO":"San Juan Bautista Guelache"}},
{"type":"Feature","geometry":{"type":"Polygon","coordinates":[[[-96.5193,16.9709],[-96.5505,16.9766],[-96.5609,16.9873],[-96.5724,16.9797],[-96.5702,16.9706],[-96.5677,16.9338],[-96.5463,16.9307],[-96.5087,16.9296],[-96.5066,16.9548],[-96.5193,16.9709]]]},"properties":{"CVE_ENT":"20","CVE_MUN":"197","CVEGEO":"20197","NOMGEO":"San Juan Guelavía"}},
{"type":"Feature","geometry":{"type":"Polygon","coordinates":[[[-98.3166,16.5699],[-98.33,16.5727],[-98.3403,16.5582],[-98.3951,16.5468],[-98.3925,16.5274],[-98.3835,16.5131],[-98.3873,16.4978],[-98.3683,16.5009],[-98.3538,16.4913],[-98.3568,16.4774],[-98.3453,16.4807],[-98.3181,16.4548],[-98.2924,16.469],[-98.3137,16.4767],[-98.3122,16.509],[-98.318,16.5386],[-98.3166,16.5699]]]},"properties":{"CVE_ENT":"20","CVE_MUN":"180","CVEGEO":"20180","NOMGEO":"San Juan Bautista Lo de Soto"}},
{"type":"Feature","geometry":{"type":"Polygon","coordinates":[[[-97.2593,17.4616],[-97.287,17.4602],[-97.2956,17.4667],[-97.3017,17.4512],[-97.3269,17.4437],[-97.326,17.431],[-97.3024,17.438],[-97.2878,17.4367],[-97.2568,17.4491],[-97.2593,17.4616]]]},"properties":{"CVE_ENT":"20","CVE_MUN":"215","CVEGEO":"20215","NOMGEO":"San Juan Sayultepec"}},
{"type":"Feature","geometry":{"type":"Polygon","coordinates":[[[-97.6349,18.044],[-97.6642,18.0439],[-97.6686,18.0645],[-97.6853,18.0652],[-97.6815,18.0492],[-97.6865,18.0287],[-97.6892,17.9883],[-97.674,17.9661],[-97.6801,17.9501],[-97.6458,17.9583],[-97.6062,17.9549],[-97.5908,17.9458],[-97.5893,17.9587],[-97.5961,17.964],[-97.5968,18.0194],[-97.6174,18.0405],[-97.6349,18.044]]]},"properties":{"CVE_ENT":"20","CVE_MUN":"181","CVEGEO":"20181","NOMGEO":"San Juan Bautista Suchitepec"}},
{"type":"Feature","geometry":{"type":"Polygon","coordinates":[[[-97.6259,17.369],[-97.6503,17.3796],[-97.6815,17.3587],[-97.6981,17.352],[-97.7605,17.3484],[-97.7694,17.2999],[-97.7508,17.2968],[-97.6933,17.311],[-97.6797,17.3215],[-97.6522,17.3264],[-97.6449,17.344],[-97.6321,17.3474],[-97.6259,17.369]]]},"properties":{"CVE_ENT":"20","CVE_MUN":"480","CVEGEO":"20480","NOMGEO":"Santiago Nundiche"}},
{"type":"Feature","geometry":{"type":"Polygon","coordinates":[[[-96.5519,17.8768],[-96.5735,17.8927],[-96.569,17.9082],[-96.5912,17.9118],[-96.6139,17.9041],[-96.6233,17.8855],[-96.6424,17.8842],[-96.6365,17.8716],[-96.6128,17.8547],[-96.5961,17.8284],[-96.5768,17.8379],[-96.5492,17.8665],[-96.5519,17.8768]]]},"properties":{"CVE_ENT":"20","CVE_MUN":"182","CVEGEO":"20182","NOMGEO":"San Juan Bautista Tlacoatzintepec"}},
{"type":"Feature","geometry":{"type":"Polygon","coordinates":[[[-98.3036,17.6279],[-98.3048,17.6451],[-98.3484,17.6445],[-98.3664,17.6378],[-98.3712,17.63],[-98.377,17.6053],[-98.3647,17.5826],[-98.355,17.5797],[-98.3453,17.5626],[-98.3412,17.5419],[-98.3296,17.5333],[-98.3193,17.5315],[-98.3001,17.5268],[-98.2833,17.5335],[-98.2811,17.5502],[-98.2873,17.5806],[-98.2744,17.5993],[-98.2685,17.6178],[-98.3036,17.6279]],[[-98.3273,17.6037],[-98.3172,17.6022],[-98.314,17.5952],[-98.3135,17.5831],[-98.3095,17.5742],[-98.3285,17.5691],[-98.3416,17.5747],[-98.3273,17.6037]]]},"properties":{"CVE_ENT":"20","CVE_MUN":"183","CVEGEO":"20183","NOMGEO":"San Juan Bautista Tlachichilco"}},
{"type":"Feature","geometry":{"type":"Polygon","coordinates":[[[-95.8996,17.273],[-95.9021,17.2789],[-95.8895,17.3054],[-95.8818,17.3371],[-95.9082,17.3331],[-95.9449,17.3435],[-95.9555,17.3715],[-95.9682,17.3793],[-95.9908,17.3796],[-95.9966,17.3857],[-96.0259,17.3649],[-96.0441,17.3591],[-96.0384,17.3437],[-96.0096,17.3419],[-95.9934,17.3331],[-95.9895,17.3199],[-95.9677,17.3019],[-95.9696,17.2866],[-95.9498,17.2912],[-95.9246,17.2725],[-95.8996,17.273]]]},"properties":{"CVE_ENT":"20","CVE_MUN":"189","CVEGEO":"20189","NOMGEO":"San Juan Comaltepec"}},
{"type":"Feature","geometry":{"type":"Polygon","coordinates":[[[-96.6809,16.8391],[-96.6894,16.8268],[-96.6591,16.816],[-96.6557,16.8274],[-96.662,16.8361],[-96.6809,16.8391]]]},"properties":{"CVE_ENT":"20","CVE_MUN":"192","CVEGEO":"20192","NOMGEO":"San Juan Chilateca"}},
{"type":"Feature","geometry":{"type":"Polygon","coordinates":[[[-96.7644,17.3821],[-96.8175,17.4055],[-96.8206,17.3936],[-96.8437,17.3831],[-96.8109,17.3834],[-96.8224,17.3489],[-96.833,17.2842],[-96.8162,17.2786],[-96.8011,17.2611],[-96.78,17.2681],[-96.7474,17.2835],[-96.7137,17.3043],[-96.7196,17.3294],[-96.7338,17.3551],[-96.7236,17.3608],[-96.7644,17.3821]]]},"properties":{"CVE_ENT":"20","CVE_MUN":"193","CVEGEO":"20193","NOMGEO":"San Juan del Estado"}},
{"type":"Feature","geometry":{"type":"Polygon","coordinates":[[[-96.09,16.8983],[-96.1117,16.9076],[-96.1261,16.9195],[-96.1403,16.9205],[-96.1565,16.9372],[-96.1659,16.9244],[-96.1815,16.9214],[-96.1984,16.9087],[-96.2039,16.8952],[-96.2204,16.8951],[-96.2304,16.8778],[-96.1829,16.8578],[-96.168,16.8574],[-96.1371,16.8645],[-96.09,16.8983]]]},"properties":{"CVE_ENT":"20","CVE_MUN":"194","CVEGEO":"20194","NOMGEO":"San Juan del Río"}},
{"type":"Feature","geometry":{"type":"Polygon","coordinates":[[[-97.3915,17.3083],[-97.4206,17.3156],[-97.4149,17.2919],[-97.4085,17.2526],[-97.3603,17.2554],[-97.3619,17.2675],[-97.35,17.2845],[-97.3915,17.3083]]]},"properties":{"CVE_ENT":"20","CVE_MUN":"195","CVEGEO":"20195","NOMGEO":"San Juan Diuxi"}},
{"type":"Feature","geometry":{"type":"Polygon","coordinates":[[[-97.8041,17.5251],[-97.8301,17.5262],[-97.8456,17.5028],[-97.8458,17.4632],[-97.8372,17.4351],[-97.7851,17.397],[-97.7605,17.3484],[-97.6981,17.352],[-97.6815,17.3587],[-97.6503,17.3796],[-97.6549,17.4031],[-97.667,17.4181],[-97.6982,17.4452],[-97.7014,17.4553],[-97.7774,17.4809],[-97.7937,17.4918],[-97.8034,17.5086],[-97.8041,17.5251]]]},"properties":{"CVE_ENT":"20","CVE_MUN":"210","CVEGEO":"20210","NOMGEO":"San Juan Ñumí"}},
{"type":"Feature","geometry":{"type":"Polygon","coordinates":[[[-95.8785,16.9934],[-95.9347,16.9997],[-95.9452,16.995],[-95.953,16.9344],[-95.971,16.901],[-95.9644,16.8768],[-95.9765,16.8596],[-95.9715,16.8447],[-95.9359,16.8116],[-95.9073,16.7927],[-95.9128,16.7679],[-95.9096,16.7473],[-95.9075,16.7376],[-95.8821,16.7491],[-95.8815,16.7646],[-95.8587,16.7788],[-95.8421,16.7784],[-95.8373,16.7997],[-95.8095,16.8317],[-95.7929,16.8552],[-95.7776,16.8864],[-95.8142,16.8902],[-95.8363,16.887],[-95.8478,16.906],[-95.846,16.9394],[-95.867,16.9325],[-95.8739,16.9407],[-95.8698,16.9569],[-95.8765,16.9722],[-95.8696,16.9881],[-95.8785,16.9934]]]},"properties":{"CVE_ENT":"20","CVE_MUN":"200","CVEGEO":"20200","NOMGEO":"San Juan Juquila Mixes"}},
{"type":"Feature","geometry":{"type":"Polygon","coordinates":[[[-96.2739,17.3604],[-96.3048,17.3622],[-96.3132,17.3682],[-96.3187,17.3644],[-96.3148,17.3398],[-96.3419,17.3321],[-96.3633,17.3123],[-96.3536,17.292],[-96.3402,17.301],[-96.2816,17.297],[-96.272,17.2931],[-96.2663,17.3024],[-96.2442,17.3126],[-96.2469,17.318],[-96.2546,17.3362],[-96.2763,17.3413],[-96.2739,17.3604]]]},"properties":{"CVE_ENT":"20","CVE_MUN":"201","CVEGEO":"20201","NOMGEO":"San Juan Juquila Vijanos"}},
{"type":"Feature","geometry":{"type":"Polygon","coordinates":[[[-96.477,16.5925],[-96.5135,16.6088],[-96.5327,16.608],[-96.5937,16.6185],[-96.6016,16.602],[-96.593,16.5285],[-96.5742,16.5291],[-96.5612,16.5206],[-96.5473,16.5252],[-96.5224,16.5135],[-96.5057,16.516],[-96.5033,16.5443],[-96.477,16.5925]]]},"properties":{"CVE_ENT":"20","CVE_MUN":"203","CVEGEO":"20203","NOMGEO":"San Juan Lachigalla"}},
{"type":"Feature","geometry":{"type":"Polygon","coordinates":[[[-97.7605,17.3484],[-97.7851,17.397],[-97.8372,17.4351],[-97.8458,17.4632],[-97.8456,17.5028],[-97.8574,17.4819],[-97.8544,17.4508],[-97.8801,17.4219],[-97.902,17.4269],[-97.9061,17.4368],[-97.9149,17.4142],[-97.955,17.3946],[-97.9602,17.3599],[-97.9402,17.3464],[-97.9351,17.3356],[-97.9029,17.3493],[-97.9116,17.3297],[-97.9441,17.3168],[-97.9466,17.3018],[-97.9268,17.2637],[-97.8948,17.2338],[-97.8802,17.2428],[-97.8314,17.2633],[-97.8344,17.2443],[-97.8117,17.2414],[-97.816,17.2286],[-97.7798,17.2382],[-97.7729,17.2602],[-97.7694,17.2999],[-97.7605,17.3484]]]},"properties":{"CVE_ENT":"20","CVE_MUN":"208","CVEGEO":"20208","NOMGEO":"San Juan Mixtepec"}},
{"type":"Feature","geometry":{"type":"Polygon","coordinates":[[[-96.2964,16.302],[-96.3062,16.322],[-96.3334,16.2898],[-96.3453,16.284],[-96.3487,16.2581],[-96.3441,16.2269],[-96.3356,16.2092],[-96.3372,16.1959],[-96.3214,16.1932],[-96.287,16.2011],[-96.2733,16.1982],[-96.2683,16.2137],[-96.2775,16.2365],[-96.2918,16.2483],[-96.29,16.2617],[-96.2991,16.2921],[-96.2964,16.302]]]},"properties":{"CVE_ENT":"20","CVE_MUN":"209","CVEGEO":"20209","NOMGEO":"San Juan Mixtepec"}},
{"type":"Feature","geometry":{"type":"Polygon","coordinates":[[[-96.5156,16.7374],[-96.513,16.756],[-96.5233,16.7622],[-96.5521,16.8063],[-96.5604,16.8316],[-96.5567,16.8447],[-96.5803,16.8399],[-96.5953,16.7913],[-96.6074,16.7624],[-96.597,16.7439],[-96.5836,16.7344],[-96.5726,16.7412],[-96.5403,16.7272],[-96.5156,16.7374]]]},"properties":{"CVE_ENT":"20","CVE_MUN":"284","CVEGEO":"20284","NOMGEO":"San Miguel Tilquiápam"}},
{"type":"Feature","geometry":{"type":"Polygon","coordinates":[[[-96.5815,16.9312],[-96.603,16.9425],[-96.6203,16.9408],[-96.6305,16.9191],[-96.6284,16.888],[-96.6105,16.8831],[-96.5803,16.8399],[-96.5567,16.8447],[-96.577,16.8822],[-96.5893,16.9179],[-96.5815,16.9312]]]},"properties":{"CVE_ENT":"20","CVE_MUN":"219","CVEGEO":"20219","NOMGEO":"San Juan Teitipac"}},
{"type":"Feature","geometry":{"type":"Polygon","coordinates":[[[-96.1927,17.3401],[-96.2264,17.3382],[-96.2469,17.318],[-96.2442,17.3126],[-96.238,17.3005],[-96.2209,17.2966],[-96.1957,17.3102],[-96.1927,17.3401]]]},"properties":{"CVE_ENT":"20","CVE_MUN":"216","CVEGEO":"20216","NOMGEO":"San Juan Tabaá"}},
{"type":"Feature","geometry":{"type":"Polygon","coordinates":[[[-97.3833,17.6535],[-97.3846,17.6569],[-97.4093,17.6481],[-97.4231,17.621],[-97.459,17.5981],[-97.461,17.5463],[-97.439,17.521],[-97.411,17.5303],[-97.4003,17.5277],[-97.4058,17.5563],[-97.3994,17.5728],[-97.3698,17.5767],[-97.3812,17.5963],[-97.3711,17.6105],[-97.3726,17.6328],[-97.3832,17.6534],[-97.3833,17.6535]]]},"properties":{"CVE_ENT":"20","CVE_MUN":"221","CVEGEO":"20221","NOMGEO":"San Juan Teposcolula"}},
{"type":"Feature","geometry":{"type":"Polygon","coordinates":[[[-96.2399,17.4484],[-96.2484,17.4678],[-96.2683,17.484],[-96.2699,17.4748],[-96.2944,17.4619],[-96.3069,17.4498],[-96.3152,17.423],[-96.3111,17.4076],[-96.2859,17.4093],[-96.2518,17.4423],[-96.2399,17.4484]]]},"properties":{"CVE_ENT":"20","CVE_MUN":"222","CVEGEO":"20222","NOMGEO":"San Juan Yaeé"}},
{"type":"Feature","geometry":{"type":"Polygon","coordinates":[[[-96.2859,17.4093],[-96.3111,17.4076],[-96.319,17.3763],[-96.3132,17.3682],[-96.3048,17.3622],[-96.2739,17.3604],[-96.2774,17.3771],[-96.2695,17.3849],[-96.2709,17.3948],[-96.2859,17.4093]]]},"properties":{"CVE_ENT":"20","CVE_MUN":"541","CVEGEO":"20541","NOMGEO":"Tanetze de Zaragoza"}},
{"type":"Feature","geometry":{"type":"Polygon","coordinates":[[[-97.2557,17.5291],[-97.2471,17.5419],[-97.2561,17.5614],[-97.2733,17.5624],[-97.2836,17.553],[-97.267,17.5264],[-97.276,17.518],[-97.2971,17.5152],[-97.2939,17.4993],[-97.2727,17.4919],[-97.2579,17.4807],[-97.2602,17.4989],[-97.2556,17.5004],[-97.2557,17.5291]]]},"properties":{"CVE_ENT":"20","CVE_MUN":"224","CVEGEO":"20224","NOMGEO":"San Juan Yucuita"}},
{"type":"Feature","geometry":{"type":"Polygon","coordinates":[[[-97.8345,16.3887],[-97.8351,16.4039],[-97.8551,16.4257],[-97.8415,16.4404],[-97.8593,16.4571],[-97.8792,16.4407],[-97.9012,16.4402],[-97.923,16.4257],[-97.924,16.3954],[-97.9177,16.3862],[-97.8607,16.3792],[-97.8345,16.3887]]]},"properties":{"CVE_ENT":"20","CVE_MUN":"225","CVEGEO":"20225","NOMGEO":"San Lorenzo"}},
{"type":"Feature","geometry":{"type":"Polygon","coordinates":[[[-96.1815,16.9214],[-96.2053,16.9269],[-96.2044,16.9382],[-96.2161,16.9501],[-96.2497,16.9604],[-96.2829,16.9447],[-96.2896,16.9503],[-96.3147,16.8753],[-96.3109,16.8728],[-96.2415,16.8471],[-96.2199,16.8627],[-96.2053,16.8393],[-96.1984,16.8107],[-96.1687,16.8146],[-96.1502,16.811],[-96.1584,16.8493],[-96.168,16.8574],[-96.1829,16.8578],[-96.2304,16.8778],[-96.2204,16.8951],[-96.2039,16.8952],[-96.1984,16.9087],[-96.1815,16.9214]]]},"properties":{"CVE_ENT":"20","CVE_MUN":"226","CVEGEO":"20226","NOMGEO":"San Lorenzo Albarradas"}},
{"type":"Feature","geometry":{"type":"Polygon","coordinates":[[[-96.9107,18.2388],[-96.9303,18.2323],[-96.9364,18.2166],[-96.9204,18.1904],[-96.913,18.1959],[-96.9081,18.2048],[-96.9047,18.2376],[-96.9107,18.2388]]]},"properties":{"CVE_ENT":"20","CVE_MUN":"228","CVEGEO":"20228","NOMGEO":"San Lorenzo Cuaunecuiltitla"}},
{"type":"Feature","geometry":{"type":"Polygon","coordinates":[[[-95.6922,16.9935],[-95.7033,16.9994],[-95.7298,16.9797],[-95.7352,16.9561],[-95.7295,16.9416],[-95.7409,16.9181],[-95.7446,16.8882],[-95.717,16.8896],[-95.6944,16.8729],[-95.6584,16.9076],[-95.65,16.936],[-95.6068,16.9707],[-95.6053,16.9785],[-95.6483,16.9815],[-95.649,16.9638],[-95.6687,16.9595],[-95.6922,16.9935]]]},"properties":{"CVE_ENT":"20","CVE_MUN":"231","CVEGEO":"20231","NOMGEO":"San Lucas Camotlán"}},
{"type":"Feature","geometry":{"type":"Polygon","coordinates":[[[-97.5631,17.414],[-97.5744,17.4276],[-97.5954,17.4234],[-97.6101,17.4135],[-97.6428,17.4121],[-97.6549,17.4031],[-97.6503,17.3796],[-97.6259,17.369],[-97.6194,17.3628],[-97.6012,17.3732],[-97.5738,17.3858],[-97.5635,17.401],[-97.5631,17.414]]]},"properties":{"CVE_ENT":"20","CVE_MUN":"239","CVEGEO":"20239","NOMGEO":"San Martín Huamelúlpam"}},
{"type":"Feature","geometry":{"type":"Polygon","coordinates":[[[-96.9028,18.1488],[-96.9318,18.1464],[-96.9679,18.1241],[-96.968,18.1104],[-96.9663,18.0903],[-96.9396,18.0867],[-96.931,18.0757],[-96.9159,18.0854],[-96.8901,18.0724],[-96.8733,18.0958],[-96.8612,18.1286],[-96.8824,18.135],[-96.8832,18.1476],[-96.9028,18.1488]]]},"properties":{"CVE_ENT":"20","CVE_MUN":"234","CVEGEO":"20234","NOMGEO":"San Lucas Zoquiápam"}},
{"type":"Feature","geometry":{"type":"Polygon","coordinates":[[[-97.816,17.2286],[-97.8117,17.2414],[-97.8344,17.2443],[-97.8314,17.2633],[-97.8802,17.2428],[-97.8948,17.2338],[-97.9158,17.2024],[-97.8999,17.1799],[-97.8919,17.1785],[-97.8827,17.183],[-97.8832,17.1878],[-97.8789,17.1971],[-97.8749,17.1964],[-97.8549,17.2078],[-97.8407,17.1858],[-97.8215,17.1865],[-97.8027,17.1999],[-97.8042,17.2259],[-97.816,17.2286]]]},"properties":{"CVE_ENT":"20","CVE_MUN":"240","CVEGEO":"20240","NOMGEO":"San Martín Itunyoso"}},
{"type":"Feature","geometry":{"type":"Polygon","coordinates":[[[-96.8375,16.618],[-96.8535,16.6319],[-96.8717,16.6317],[-96.8796,16.6233],[-96.8394,16.5929],[-96.8375,16.618]]]},"properties":{"CVE_ENT":"20","CVE_MUN":"241","CVEGEO":"20241","NOMGEO":"San Martín Lachilá"}},
{"type":"Feature","geometry":{"type":"Polygon","coordinates":[[[-98.2036,17.4314],[-98.2197,17.429],[-98.2636,17.4399],[-98.2956,17.4427],[-98.2999,17.453],[-98.3324,17.472],[-98.3359,17.4563],[-98.3049,17.3943],[-98.2874,17.329],[-98.3048,17.3275],[-98.3178,17.3024],[-98.3227,17.2748],[-98.2975,17.2727],[-98.2788,17.289],[-98.2702,17.2878],[-98.2546,17.3088],[-98.2489,17.2897],[-98.224,17.284],[-98.213,17.2924],[-98.1863,17.2867],[-98.1671,17.2828],[-98.1649,17.3142],[-98.169,17.3688],[-98.1571,17.3812],[-98.1675,17.3824],[-98.1857,17.4112],[-98.2036,17.4148],[-98.2036,17.4314]]]},"properties":{"CVE_ENT":"20","CVE_MUN":"242","CVEGEO":"20242","NOMGEO":"San Martín Peras"}},
{"type":"Feature","geometry":{"type":"Polygon","coordinates":[[[-96.6617,16.9161],[-96.6758,16.9181],[-96.6872,16.8864],[-96.7005,16.9011],[-96.7054,16.8938],[-96.7131,16.8728],[-96.7225,16.8687],[-96.7051,16.8419],[-96.6971,16.8405],[-96.6834,16.8549],[-96.6768,16.8733],[-96.6666,16.8942],[-96.6617,16.9161]]]},"properties":{"CVE_ENT":"20","CVE_MUN":"243","CVEGEO":"20243","NOMGEO":"San Martín Tilcajete"}},
{"type":"Feature","geometry":{"type":"Polygon","coordinates":[[[-96.9691,18.1323],[-96.9951,18.1534],[-97.0049,18.1433],[-97.046,18.1218],[-97.0785,18.112],[-97.0993,18.094],[-97.0867,18.0816],[-97.0932,18.0702],[-97.0633,18.0702],[-96.968,18.1104],[-96.9679,18.1241],[-96.9691,18.1323]]]},"properties":{"CVE_ENT":"20","CVE_MUN":"244","CVEGEO":"20244","NOMGEO":"San Martín Toxpalan"}},
{"type":"Feature","geometry":{"type":"Polygon","coordinates":[[[-96.8569,18.1533],[-96.8832,18.1476],[-96.8824,18.135],[-96.8612,18.1286],[-96.8532,18.1517],[-96.8569,18.1533]]]},"properties":{"CVE_ENT":"20","CVE_MUN":"249","CVEGEO":"20249","NOMGEO":"San Mateo Yoloxochitlán"}},
{"type":"Feature","geometry":{"type":"Polygon","coordinates":[[[-98.0674,17.8561],[-98.102,17.8488],[-98.1158,17.8343],[-98.0953,17.8121],[-98.0696,17.7719],[-98.0659,17.7816],[-98.043,17.7815],[-98.0411,17.8011],[-98.0323,17.808],[-98.0456,17.8199],[-98.0464,17.8286],[-98.0674,17.8561]]]},"properties":{"CVE_ENT":"20","CVE_MUN":"245","CVEGEO":"20245","NOMGEO":"San Martín Zacatepec"}},
{"type":"Feature","geometry":{"type":"Polygon","coordinates":[[[-97.6057,17.159],[-97.6243,17.1594],[-97.6533,17.1227],[-97.6332,17.0906],[-97.646,17.0436],[-97.6509,17.0099],[-97.6297,16.9886],[-97.6136,16.9991],[-97.5894,17.0536],[-97.5647,17.0697],[-97.5659,17.0723],[-97.5855,17.1115],[-97.5853,17.1219],[-97.6057,17.159]]]},"properties":{"CVE_ENT":"20","CVE_MUN":"269","CVEGEO":"20269","NOMGEO":"San Miguel el Grande"}},
{"type":"Feature","geometry":{"type":"Polygon","coordinates":[[[-96.4022,17.3418],[-96.4333,17.3429],[-96.471,17.3123],[-96.4632,17.2898],[-96.4596,17.2881],[-96.4346,17.2959],[-96.4213,17.3099],[-96.4155,17.2997],[-96.3863,17.303],[-96.3633,17.3123],[-96.4022,17.3418]]]},"properties":{"CVE_ENT":"20","CVE_MUN":"247","CVEGEO":"20247","NOMGEO":"Capulálpam de Méndez"}},
{"type":"Feature","geometry":{"type":"Polygon","coordinates":[[[-97.2253,17.4202],[-97.2568,17.4491],[-97.2878,17.4367],[-97.2847,17.4316],[-97.2953,17.398],[-97.2516,17.4055],[-97.2253,17.4202]]]},"properties":{"CVE_ENT":"20","CVE_MUN":"250","CVEGEO":"20250","NOMGEO":"San Mateo Etlatongo"}},
{"type":"Feature","geometry":{"type":"Polygon","coordinates":[[[-97.3807,17.0958],[-97.3918,17.1139],[-97.402,17.0333],[-97.4197,17.0237],[-97.4169,16.9968],[-97.4225,16.976],[-97.4212,16.951],[-97.437,16.9409],[-97.3485,16.9425],[-97.3226,16.9502],[-97.3143,16.972],[-97.3216,16.9923],[-97.3186,17.0148],[-97.3214,17.0392],[-97.3384,17.0651],[-97.3648,17.0595],[-97.3807,17.0958]]]},"properties":{"CVE_ENT":"20","CVE_MUN":"255","CVEGEO":"20255","NOMGEO":"San Mateo Sindihui"}},
{"type":"Feature","geometry":{"type":"Polygon","coordinates":[[[-97.4375,17.1339],[-97.4497,17.1686],[-97.46,17.1745],[-97.482,17.1643],[-97.5089,17.1634],[-97.5204,17.1755],[-97.5424,17.1735],[-97.5524,17.1428],[-97.5671,17.1252],[-97.5481,17.1217],[-97.5297,17.1329],[-97.5129,17.1446],[-97.4906,17.1404],[-97.4755,17.1049],[-97.442,17.1256],[-97.4375,17.1339]]]},"properties":{"CVE_ENT":"20","CVE_MUN":"252","CVEGEO":"20252","NOMGEO":"San Mateo Peñasco"}},
{"type":"Feature","geometry":{"type":"Polygon","coordinates":[[[-96.1114,17.261],[-96.1371,17.2769],[-96.1601,17.2671],[-96.1779,17.2669],[-96.1819,17.2585],[-96.1842,17.2372],[-96.169,17.23],[-96.1638,17.2112],[-96.1387,17.2073],[-96.138,17.2263],[-96.1114,17.261]]]},"properties":{"CVE_ENT":"20","CVE_MUN":"257","CVEGEO":"20257","NOMGEO":"San Melchor Betaza"}},
{"type":"Feature","geometry":{"type":"Polygon","coordinates":[[[-97.4431,17.3484],[-97.4427,17.3495],[-97.4883,17.3342],[-97.5048,17.3168],[-97.5292,17.3306],[-97.5258,17.3066],[-97.5385,17.2947],[-97.5214,17.2905],[-97.4958,17.2705],[-97.4149,17.2919],[-97.4206,17.3156],[-97.4317,17.3257],[-97.4431,17.3484]]]},"properties":{"CVE_ENT":"20","CVE_MUN":"258","CVEGEO":"20258","NOMGEO":"San Miguel Achiutla"}},
{"type":"Feature","geometry":{"type":"Polygon","coordinates":[[[-98.2693,17.7023],[-98.3061,17.7152],[-98.3209,17.7296],[-98.3563,17.7163],[-98.3661,17.7038],[-98.3814,17.7059],[-98.4035,17.6931],[-98.3867,17.6842],[-98.3841,17.6711],[-98.3676,17.6596],[-98.3664,17.6378],[-98.3484,17.6445],[-98.3048,17.6451],[-98.3036,17.6279],[-98.2969,17.6525],[-98.2668,17.7003],[-98.2693,17.7023]]]},"properties":{"CVE_ENT":"20","CVE_MUN":"259","CVEGEO":"20259","NOMGEO":"San Miguel Ahuehuetitlán"}},
{"type":"Feature","geometry":{"type":"Polygon","coordinates":[[[-96.6449,17.427],[-96.6409,17.461],[-96.6618,17.4756],[-96.6453,17.4987],[-96.6565,17.5064],[-96.6721,17.4875],[-96.7081,17.4922],[-96.7155,17.5023],[-96.7185,17.495],[-96.7722,17.4756],[-96.7446,17.4696],[-96.7644,17.3821],[-96.7236,17.3608],[-96.6874,17.3753],[-96.6701,17.3897],[-96.6697,17.4022],[-96.6623,17.421],[-96.6449,17.427]]]},"properties":{"CVE_ENT":"20","CVE_MUN":"260","CVEGEO":"20260","NOMGEO":"San Miguel Aloápam"}},
{"type":"Feature","geometry":{"type":"Polygon","coordinates":[[[-96.745,16.5721],[-96.7277,16.5828],[-96.7187,16.6088],[-96.7479,16.6181],[-96.7434,16.589],[-96.7491,16.5819],[-96.745,16.5721]]]},"properties":{"CVE_ENT":"20","CVE_MUN":"268","CVEGEO":"20268","NOMGEO":"San Miguel Ejutla"}},
{"type":"Feature","geometry":{"type":"Polygon","coordinates":[[[-96.7832,17.9472],[-96.8022,17.9507],[-96.8036,17.9386],[-96.8345,17.9223],[-96.8243,17.918],[-96.7919,17.8908],[-96.7733,17.917],[-96.7832,17.9472]]]},"properties":{"CVE_ENT":"20","CVE_MUN":"276","CVEGEO":"20276","NOMGEO":"San Miguel Santa Flor"}},
{"type":"Feature","geometry":{"type":"Polygon","coordinates":[[[-97.2516,17.4055],[-97.2953,17.398],[-97.311,17.3837],[-97.3185,17.3409],[-97.3061,17.3365],[-97.2892,17.38],[-97.2732,17.3889],[-97.2495,17.3932],[-97.2516,17.4055]]]},"properties":{"CVE_ENT":"20","CVE_MUN":"281","CVEGEO":"20281","NOMGEO":"San Miguel Tecomatlán"}},
{"type":"Feature","geometry":{"type":"Polygon","coordinates":[[[-97.1702,16.9796],[-97.1657,16.9978],[-97.1889,17.0156],[-97.1983,17.039],[-97.2082,17.0246],[-97.2074,17.0052],[-97.2326,17.0357],[-97.2282,17.0149],[-97.2337,17.0061],[-97.2677,16.9967],[-97.2339,16.9854],[-97.2357,16.9569],[-97.248,16.9422],[-97.2409,16.9304],[-97.2088,16.9187],[-97.1956,16.9603],[-97.1966,16.9767],[-97.1702,16.9796]]]},"properties":{"CVE_ENT":"20","CVE_MUN":"274","CVEGEO":"20274","NOMGEO":"San Miguel Piedras"}},
{"type":"Feature","geometry":{"type":"Polygon","coordinates":[[[-97.7551,17.1703],[-97.7841,17.1644],[-97.7963,17.1536],[-97.8074,17.125],[-97.811,17.1195],[-97.8262,17.1116],[-97.839,17.1129],[-97.8532,17.0869],[-97.8439,17.0788],[-97.8311,17.074],[-97.8162,17.0753],[-97.811,17.0918],[-97.7864,17.0856],[-97.7746,17.0766],[-97.7565,17.068],[-97.7426,17.0709],[-97.7459,17.1041],[-97.7326,17.1263],[-97.7298,17.1352],[-97.7549,17.1527],[-97.7551,17.1703]]]},"properties":{"CVE_ENT":"20","CVE_MUN":"532","CVEGEO":"20532","NOMGEO":"Santo Tomás Ocotepec"}},
{"type":"Feature","geometry":{"type":"Polygon","coordinates":[[[-96.2186,17.4237],[-96.2363,17.4042],[-96.2442,17.387],[-96.2695,17.3849],[-96.2774,17.3771],[-96.2739,17.3604],[-96.2763,17.3413],[-96.2546,17.3362],[-96.2469,17.318],[-96.2264,17.3382],[-96.1927,17.3401],[-96.1927,17.3424],[-96.1971,17.3604],[-96.1834,17.3746],[-96.1909,17.3855],[-96.2086,17.3992],[-96.2186,17.4237]]]},"properties":{"CVE_ENT":"20","CVE_MUN":"280","CVEGEO":"20280","NOMGEO":"Villa Talea de Castro"}},
{"type":"Feature","geometry":{"type":"Polygon","coordinates":[[[-96.5349,16.2514],[-96.5519,16.2891],[-96.5703,16.2801],[-96.5964,16.2802],[-96.6105,16.2649],[-96.6367,16.2463],[-96.6013,16.2146],[-96.5851,16.1908],[-96.5386,16.2163],[-96.5575,16.2519],[-96.5349,16.2514]]]},"properties":{"CVE_ENT":"20","CVE_MUN":"533","CVEGEO":"20533","NOMGEO":"Santo Tomás Tamazulapan"}},
{"type":"Feature","geometry":{"type":"Polygon","coordinates":[[[-96.597,16.7439],[-96.6074,16.7624],[-96.5953,16.7913],[-96.5803,16.8399],[-96.6177,16.8268],[-96.6332,16.8067],[-96.6384,16.7668],[-96.6339,16.7486],[-96.597,16.7439]]]},"properties":{"CVE_ENT":"20","CVE_MUN":"368","CVEGEO":"20368","NOMGEO":"Santa Catarina Minas"}},
{"type":"Feature","geometry":{"type":"Polygon","coordinates":[[[-95.5007,16.3155],[-95.513,16.323],[-95.6006,16.2734],[-95.6276,16.2102],[-95.6068,16.1717],[-95.6086,16.1483],[-95.5963,16.1572],[-95.5611,16.1701],[-95.5531,16.162],[-95.525,16.1509],[-95.5133,16.1322],[-95.5054,16.1602],[-95.5097,16.1658],[-95.4886,16.2431],[-95.4713,16.2741],[-95.4731,16.2854],[-95.4846,16.2954],[-95.5002,16.315],[-95.5007,16.3155]]]},"properties":{"CVE_ENT":"20","CVE_MUN":"282","CVEGEO":"20282","NOMGEO":"San Miguel Tenango"}},
{"type":"Feature","geometry":{"type":"Polygon","coordinates":[[[-97.2432,17.8125],[-97.2454,17.9153],[-97.3886,17.8259],[-97.3959,17.8242],[-97.3742,17.7778],[-97.4154,17.771],[-97.4023,17.7457],[-97.3681,17.7693],[-97.3451,17.7638],[-97.3022,17.7693],[-97.2531,17.8161],[-97.2432,17.8125]]]},"properties":{"CVE_ENT":"20","CVE_MUN":"283","CVEGEO":"20283","NOMGEO":"San Miguel Tequixtepec"}},
{"type":"Feature","geometry":{"type":"Polygon","coordinates":[[[-96.9791,16.724],[-97.0202,16.7202],[-97.0718,16.7185],[-97.0687,16.7076],[-97.0763,16.6995],[-97.0749,16.6795],[-97.0829,16.6625],[-97.0842,16.6266],[-97.0795,16.6188],[-97.0835,16.6098],[-97.0858,16.6014],[-97.0857,16.5977],[-97.0882,16.5923],[-97.0866,16.5889],[-97.0901,16.5836],[-97.0557,16.5717],[-97.0211,16.5755],[-97.0258,16.5971],[-97.0528,16.6085],[-97.0377,16.6186],[-97.0276,16.6061],[-96.9968,16.5921],[-97.0035,16.6332],[-96.9947,16.6581],[-97.0012,16.6763],[-96.9857,16.6975],[-96.9791,16.724]]]},"properties":{"CVE_ENT":"20","CVE_MUN":"535","CVEGEO":"20535","NOMGEO":"San Vicente Lachixío"}},
{"type":"Feature","geometry":{"type":"Polygon","coordinates":[[[-97.9793,17.4533],[-97.9968,17.468],[-97.9983,17.4833],[-98.0112,17.5008],[-98.0409,17.467],[-98.0489,17.4533],[-98.0472,17.4384],[-98.035,17.4193],[-98.0136,17.4048],[-98.0175,17.3972],[-97.9962,17.3924],[-97.9851,17.3996],[-97.9748,17.4225],[-97.9793,17.4533]]]},"properties":{"CVE_ENT":"20","CVE_MUN":"286","CVEGEO":"20286","NOMGEO":"San Miguel Tlacotepec"}},
{"type":"Feature","geometry":{"type":"Polygon","coordinates":[[[-98.1085,16.4955],[-98.1267,16.4954],[-98.1577,16.4803],[-98.1879,16.4719],[-98.1941,16.4521],[-98.157,16.4511],[-98.1544,16.4291],[-98.1096,16.3974],[-98.0624,16.3932],[-98.0353,16.3997],[-98.0182,16.4145],[-98.0347,16.4287],[-98.0675,16.4439],[-98.087,16.4575],[-98.109,16.4846],[-98.1085,16.4955]]]},"properties":{"CVE_ENT":"20","CVE_MUN":"285","CVEGEO":"20285","NOMGEO":"San Miguel Tlacamama"}},
{"type":"Feature","geometry":{"type":"Polygon","coordinates":[[[-96.319,17.3763],[-96.3394,17.3812],[-96.3574,17.3692],[-96.3848,17.358],[-96.4022,17.3418],[-96.3633,17.3123],[-96.3419,17.3321],[-96.3148,17.3398],[-96.3187,17.3644],[-96.3132,17.3682],[-96.319,17.3763]]]},"properties":{"CVE_ENT":"20","CVE_MUN":"288","CVEGEO":"20288","NOMGEO":"San Miguel Yotao"}},
{"type":"Feature","geometry":{"type":"Polygon","coordinates":[[[-96.7249,16.4249],[-96.7135,16.4405],[-96.7178,16.4581],[-96.7316,16.4587],[-96.735,16.4707],[-96.763,16.4396],[-96.778,16.3985],[-96.7528,16.3945],[-96.7249,16.4249]]]},"properties":{"CVE_ENT":"20","CVE_MUN":"289","CVEGEO":"20289","NOMGEO":"San Nicolás"}},
{"type":"Feature","geometry":{"type":"Polygon","coordinates":[[[-96.8615,17.0291],[-96.8727,17.0299],[-96.9033,17.0214],[-96.9241,17.0068],[-96.9267,16.9819],[-96.9173,16.9657],[-96.9276,16.9503],[-96.9448,16.945],[-96.9532,16.9309],[-96.9488,16.9291],[-96.9426,16.9318],[-96.9273,16.9341],[-96.9203,16.9309],[-96.9137,16.9347],[-96.9016,16.9336],[-96.888,16.9449],[-96.8712,16.9603],[-96.8591,16.9619],[-96.8457,16.9841],[-96.8333,16.9906],[-96.8401,17.0085],[-96.8615,17.0291]]]},"properties":{"CVE_ENT":"20","CVE_MUN":"292","CVEGEO":"20292","NOMGEO":"San Pablo Cuatro Venados"}},
{"type":"Feature","geometry":{"type":"Polygon","coordinates":[[[-96.5702,16.9706],[-96.594,16.9777],[-96.5969,16.9664],[-96.603,16.9425],[-96.5815,16.9312],[-96.5677,16.9338],[-96.5702,16.9706]]]},"properties":{"CVE_ENT":"20","CVE_MUN":"380","CVEGEO":"20380","NOMGEO":"Santa Cruz Papalutla"}},
{"type":"Feature","geometry":{"type":"Polygon","coordinates":[[[-96.833,17.2842],[-96.8224,17.3489],[-96.8109,17.3834],[-96.8437,17.3831],[-96.8528,17.3841],[-96.8925,17.3244],[-96.9013,17.2856],[-96.9637,17.2873],[-96.9656,17.2471],[-96.9203,17.2641],[-96.8755,17.2676],[-96.8598,17.26],[-96.833,17.2842]]]},"properties":{"CVE_ENT":"20","CVE_MUN":"294","CVEGEO":"20294","NOMGEO":"San Pablo Huitzo"}},
{"type":"Feature","geometry":{"type":"Polygon","coordinates":[[[-96.7553,16.8279],[-96.7947,16.8394],[-96.8133,16.8505],[-96.8149,16.8305],[-96.8484,16.8468],[-96.8485,16.8099],[-96.8456,16.8014],[-96.8479,16.7972],[-96.8389,16.7843],[-96.8227,16.7818],[-96.8379,16.8014],[-96.8231,16.8096],[-96.7945,16.795],[-96.7638,16.7981],[-96.7513,16.8115],[-96.7516,16.8132],[-96.7553,16.8279]]]},"properties":{"CVE_ENT":"20","CVE_MUN":"295","CVEGEO":"20295","NOMGEO":"San Pablo Huixtepec"}},
{"type":"Feature","geometry":{"type":"Polygon","coordinates":[[[-96.5211,16.3564],[-96.5348,16.3635],[-96.5402,16.4123],[-96.5573,16.3784],[-96.559,16.3634],[-96.5444,16.3523],[-96.54,16.3244],[-96.5281,16.322],[-96.5168,16.3452],[-96.5211,16.3564]]]},"properties":{"CVE_ENT":"20","CVE_MUN":"538","CVEGEO":"20538","NOMGEO":"Sitio de Xitlapehua"}},
{"type":"Feature","geometry":{"type":"Polygon","coordinates":[[[-96.3961,17.5442],[-96.3958,17.57],[-96.4166,17.5533],[-96.4449,17.55],[-96.4874,17.5598],[-96.5211,17.5547],[-96.5362,17.5472],[-96.5727,17.5509],[-96.5854,17.5708],[-96.5899,17.5633],[-96.62,17.5582],[-96.6096,17.5406],[-96.5864,17.4844],[-96.5827,17.4638],[-96.5591,17.471],[-96.5301,17.4735],[-96.4857,17.486],[-96.467,17.5158],[-96.4394,17.5168],[-96.4121,17.5305],[-96.3961,17.5442]]]},"properties":{"CVE_ENT":"20","CVE_MUN":"296","CVEGEO":"20296","NOMGEO":"San Pablo Macuiltianguis"}},
{"type":"Feature","geometry":{"type":"Polygon","coordinates":[[[-97.4197,17.0237],[-97.4404,17.0254],[-97.4538,17.0391],[-97.4561,17.0669],[-97.4775,17.0771],[-97.5048,17.0691],[-97.5123,17.0684],[-97.521,17.0307],[-97.5274,17.0179],[-97.5179,16.9795],[-97.5101,16.9833],[-97.4824,16.9736],[-97.464,16.9379],[-97.4512,16.9309],[-97.437,16.9409],[-97.4212,16.951],[-97.4225,16.976],[-97.4169,16.9968],[-97.4197,17.0237]]]},"properties":{"CVE_ENT":"20","CVE_MUN":"297","CVEGEO":"20297","NOMGEO":"San Pablo Tijaltepec"}},
{"type":"Feature","geometry":{"type":"Polygon","coordinates":[[[-97.0415,17.587],[-97.0686,17.5825],[-97.0691,17.5761],[-97.0881,17.5247],[-97.1095,17.5246],[-97.1367,17.5463],[-97.1492,17.5508],[-97.1695,17.54],[-97.1818,17.5136],[-97.1705,17.4826],[-97.1468,17.4807],[-97.1302,17.4721],[-97.097,17.484],[-97.0692,17.4894],[-97.0785,17.5184],[-97.0445,17.5295],[-97.0414,17.5348],[-97.0349,17.5538],[-97.0415,17.587]]]},"properties":{"CVE_ENT":"20","CVE_MUN":"304","CVEGEO":"20304","NOMGEO":"San Pedro Coxcaltepec Cántaros"}},
{"type":"Feature","geometry":{"type":"Polygon","coordinates":[[[-96.1621,17.1321],[-96.1975,17.1365],[-96.2232,17.1608],[-96.2401,17.1567],[-96.2474,17.0973],[-96.2161,17.099],[-96.1926,17.1052],[-96.1886,17.1158],[-96.1743,17.1264],[-96.1618,17.1245],[-96.1618,17.1322],[-96.1621,17.1321]]]},"properties":{"CVE_ENT":"20","CVE_MUN":"299","CVEGEO":"20299","NOMGEO":"San Pablo Yaganiza"}},
{"type":"Feature","geometry":{"type":"Polygon","coordinates":[[[-98.0278,16.6978],[-98.0365,16.7119],[-98.0687,16.7403],[-98.0794,16.743],[-98.0937,16.7304],[-98.1085,16.7416],[-98.1311,16.6794],[-98.1515,16.6746],[-98.1548,16.6564],[-98.1435,16.6412],[-98.1262,16.6432],[-98.1143,16.6344],[-98.0828,16.6262],[-98.0663,16.6129],[-98.042,16.6363],[-98.04,16.6526],[-98.0234,16.6663],[-98.0278,16.6978]]]},"properties":{"CVE_ENT":"20","CVE_MUN":"300","CVEGEO":"20300","NOMGEO":"San Pedro Amuzgos"}},
{"type":"Feature","geometry":{"type":"Polygon","coordinates":[[[-95.1235,16.2649],[-95.1716,16.2638],[-95.1652,16.2498],[-95.1618,16.24],[-95.1793,16.2308],[-95.1791,16.2189],[-95.1393,16.2201],[-95.1167,16.2348],[-95.1235,16.2649]]]},"properties":{"CVE_ENT":"20","CVE_MUN":"308","CVEGEO":"20308","NOMGEO":"San Pedro Huilotepec"}},
{"type":"Feature","geometry":{"type":"Polygon","coordinates":[[[-96.7232,16.7482],[-96.7405,16.7572],[-96.7503,16.7511],[-96.7525,16.7298],[-96.7291,16.7302],[-96.714,16.7389],[-96.7232,16.7482]]]},"properties":{"CVE_ENT":"20","CVE_MUN":"301","CVEGEO":"20301","NOMGEO":"San Pedro Apóstol"}},
{"type":"Feature","geometry":{"type":"Polygon","coordinates":[[[-96.969,17.722],[-97.0138,17.7211],[-97.0416,17.7129],[-97.0799,17.6858],[-97.056,17.6716],[-97.0427,17.6441],[-97.0128,17.6493],[-96.9812,17.7174],[-96.969,17.722]]]},"properties":{"CVE_ENT":"20","CVE_MUN":"311","CVEGEO":"20311","NOMGEO":"San Pedro Jaltepetongo"}},
{"type":"Feature","geometry":{"type":"Polygon","coordinates":[[[-97.9446,16.564],[-97.9667,16.5477],[-97.9745,16.5585],[-98.0076,16.5377],[-98.0074,16.5285],[-98.0231,16.5174],[-98.0417,16.5137],[-98.0112,16.4993],[-97.9925,16.4747],[-97.9673,16.4795],[-97.9132,16.5184],[-97.9209,16.5471],[-97.9446,16.564]]]},"properties":{"CVE_ENT":"20","CVE_MUN":"302","CVEGEO":"20302","NOMGEO":"San Pedro Atoyac"}},
{"type":"Feature","geometry":{"type":"Polygon","coordinates":[[[-96.2494,17.1573],[-96.2562,17.1712],[-96.2742,17.1652],[-96.2727,17.1579],[-96.2494,17.1573]]]},"properties":{"CVE_ENT":"20","CVE_MUN":"303","CVEGEO":"20303","NOMGEO":"San Pedro Cajonos"}},
{"type":"Feature","geometry":{"type":"Polygon","coordinates":[[[-95.1198,16.4408],[-95.1198,16.4678],[-95.1283,16.4847],[-95.1627,16.4998],[-95.1752,16.5001],[-95.1881,16.488],[-95.1882,16.4662],[-95.2071,16.4616],[-95.2137,16.4352],[-95.2018,16.4259],[-95.2009,16.4235],[-95.1749,16.4339],[-95.1514,16.4544],[-95.1244,16.4515],[-95.1198,16.4408]]]},"properties":{"CVE_ENT":"20","CVE_MUN":"305","CVEGEO":"20305","NOMGEO":"San Pedro Comitancillo"}},
{"type":"Feature","geometry":{"type":"Polygon","coordinates":[[[-97.5068,17.8305],[-97.5435,17.8543],[-97.5757,17.8711],[-97.5833,17.8674],[-97.5953,17.8561],[-97.6188,17.8236],[-97.634,17.799],[-97.6502,17.7855],[-97.6449,17.7682],[-97.6133,17.7543],[-97.6041,17.7556],[-97.5739,17.7734],[-97.5632,17.7858],[-97.5532,17.7803],[-97.5208,17.7869],[-97.5101,17.7964],[-97.5068,17.8305]]]},"properties":{"CVE_ENT":"20","CVE_MUN":"321","CVEGEO":"20321","NOMGEO":"San Pedro Nopala"}},
{"type":"Feature","geometry":{"type":"Polygon","coordinates":[[[-97.3408,17.478],[-97.3535,17.4902],[-97.3895,17.4737],[-97.3862,17.4587],[-97.3803,17.4434],[-97.3648,17.4242],[-97.3293,17.4233],[-97.326,17.431],[-97.3269,17.4437],[-97.3389,17.4493],[-97.3408,17.478]]]},"properties":{"CVE_ENT":"20","CVE_MUN":"332","CVEGEO":"20332","NOMGEO":"San Pedro Topiltepec"}},
{"type":"Feature","geometry":{"type":"Polygon","coordinates":[[[-96.0034,15.8081],[-95.9824,15.8119],[-95.9604,15.8272],[-95.9345,15.8349],[-95.8847,15.8445],[-95.8795,15.8511],[-95.8028,15.8699],[-95.7766,15.8713],[-95.78,15.8848],[-95.77,15.8946],[-95.7121,15.9078],[-95.7072,15.9606],[-95.6992,15.9887],[-95.665,15.9939],[-95.6172,16.0198],[-95.5939,16.0244],[-95.5363,16.0631],[-95.5792,16.0955],[-95.575,16.1107],[-95.5841,16.1427],[-95.5987,16.142],[-95.6143,16.1325],[-95.6277,16.1243],[-95.6532,16.1262],[-95.68,16.1168],[-95.7007,16.1232],[-95.7235,16.1118],[-95.7351,16.0784],[-95.7643,16.082],[-95.7827,16.0513],[-95.787,16.0375],[-95.8117,16.0113],[-95.8269,16.0052],[-95.8524,15.9585],[-95.8784,15.9571],[-95.9098,15.9679],[-95.9247,15.9633],[-95.9672,15.9375],[-95.9817,15.9196],[-96.0095,15.8994],[-96.0148,15.8701],[-96.0034,15.8081]]]},"properties":{"CVE_ENT":"20","CVE_MUN":"307","CVEGEO":"20307","NOMGEO":"San Pedro Huamelula"}},
{"type":"Feature","geometry":{"type":"Polygon","coordinates":[[[-98.0417,16.5137],[-98.0541,16.503],[-98.0793,16.5127],[-98.0895,16.496],[-98.1085,16.4955],[-98.109,16.4846],[-98.087,16.4575],[-98.0675,16.4439],[-98.0347,16.4287],[-98.0182,16.4145],[-98.0101,16.4227],[-97.9908,16.4506],[-97.99,16.4612],[-97.9673,16.4795],[-97.9925,16.4747],[-98.0112,16.4993],[-98.0417,16.5137]]]},"properties":{"CVE_ENT":"20","CVE_MUN":"312","CVEGEO":"20312","NOMGEO":"San Pedro Jicayán"}},
{"type":"Feature","geometry":{"type":"Polygon","coordinates":[[[-97.0095,17.7596],[-97.0277,17.8024],[-97.0526,17.7902],[-97.0733,17.7985],[-97.1,17.7915],[-97.1147,17.779],[-97.1139,17.7548],[-97.1069,17.7174],[-97.1011,17.6948],[-97.0782,17.7162],[-97.0655,17.737],[-97.0424,17.7442],[-97.0334,17.754],[-97.0095,17.7596]]]},"properties":{"CVE_ENT":"20","CVE_MUN":"313","CVEGEO":"20313","NOMGEO":"San Pedro Jocotipac"}},
{"type":"Feature","geometry":{"type":"Polygon","coordinates":[[[-97.0874,16.267],[-97.0904,16.2905],[-97.0703,16.3181],[-97.0782,16.3658],[-97.0834,16.3524],[-97.0979,16.353],[-97.105,16.3651],[-97.1197,16.3524],[-97.1435,16.3506],[-97.1423,16.2786],[-97.1301,16.2877],[-97.1108,16.2823],[-97.0874,16.267]]]},"properties":{"CVE_ENT":"20","CVE_MUN":"314","CVEGEO":"20314","NOMGEO":"San Pedro Juchatengo"}},
{"type":"Feature","geometry":{"type":"Polygon","coordinates":[[[-97.3389,17.3335],[-97.3572,17.3531],[-97.3602,17.3652],[-97.3932,17.3637],[-97.4431,17.3484],[-97.4317,17.3257],[-97.4206,17.3156],[-97.3915,17.3083],[-97.3672,17.3159],[-97.3389,17.3335]]]},"properties":{"CVE_ENT":"20","CVE_MUN":"331","CVEGEO":"20331","NOMGEO":"San Pedro Tidaá"}},
{"type":"Feature","geometry":{"type":"Polygon","coordinates":[[[-96.6894,16.7471],[-96.6976,16.7631],[-96.712,16.763],[-96.7221,16.7518],[-96.7232,16.7482],[-96.714,16.7389],[-96.6891,16.7336],[-96.6877,16.7457],[-96.6894,16.7471]]]},"properties":{"CVE_ENT":"20","CVE_MUN":"315","CVEGEO":"20315","NOMGEO":"San Pedro Mártir"}},
{"type":"Feature","geometry":{"type":"Polygon","coordinates":[[[-96.2595,16.5329],[-96.2799,16.536],[-96.2842,16.5223],[-96.291,16.4396],[-96.3074,16.4479],[-96.3101,16.4295],[-96.293,16.4011],[-96.2955,16.392],[-96.2539,16.3831],[-96.2398,16.3886],[-96.199,16.387],[-96.1872,16.4229],[-96.2032,16.4361],[-96.2261,16.4641],[-96.2474,16.5013],[-96.2683,16.5278],[-96.2595,16.5329]]]},"properties":{"CVE_ENT":"20","CVE_MUN":"316","CVEGEO":"20316","NOMGEO":"San Pedro Mártir Quiechapa"}},
{"type":"Feature","geometry":{"type":"Polygon","coordinates":[[[-97.6243,17.4989],[-97.6398,17.5016],[-97.6999,17.4673],[-97.7014,17.4553],[-97.6982,17.4452],[-97.667,17.4181],[-97.6549,17.4031],[-97.6428,17.4121],[-97.6101,17.4135],[-97.5954,17.4234],[-97.5744,17.4276],[-97.5982,17.4547],[-97.6124,17.458],[-97.624,17.4862],[-97.6243,17.4989]]]},"properties":{"CVE_ENT":"20","CVE_MUN":"317","CVEGEO":"20317","NOMGEO":"San Pedro Mártir Yucuxaco"}},
{"type":"Feature","geometry":{"type":"Polygon","coordinates":[[[-96.7051,16.8419],[-96.7225,16.8687],[-96.7583,16.8581],[-96.7553,16.8279],[-96.7516,16.8132],[-96.7144,16.8124],[-96.7051,16.8419]]]},"properties":{"CVE_ENT":"20","CVE_MUN":"360","CVEGEO":"20360","NOMGEO":"Santa Ana Zegache"}},
{"type":"Feature","geometry":{"type":"Polygon","coordinates":[[[-96.209,16.2735],[-96.2232,16.2797],[-96.2425,16.275],[-96.257,16.2857],[-96.2882,16.2898],[-96.2964,16.302],[-96.2991,16.2921],[-96.29,16.2617],[-96.2918,16.2483],[-96.2775,16.2365],[-96.2683,16.2137],[-96.2648,16.1963],[-96.2501,16.1867],[-96.2174,16.1853],[-96.2075,16.1644],[-96.1934,16.1699],[-96.1487,16.1536],[-96.1206,16.1501],[-96.1026,16.1626],[-96.1316,16.2016],[-96.1638,16.2082],[-96.1782,16.2234],[-96.1744,16.2435],[-96.1844,16.2586],[-96.209,16.2735]]]},"properties":{"CVE_ENT":"20","CVE_MUN":"319","CVEGEO":"20319","NOMGEO":"San Pedro Mixtepec"}},
{"type":"Feature","geometry":{"type":"Polygon","coordinates":[[[-97.5199,17.0929],[-97.5297,17.1329],[-97.5481,17.1217],[-97.5671,17.1252],[-97.5855,17.1115],[-97.5659,17.0723],[-97.5543,17.0829],[-97.5199,17.0929]]]},"properties":{"CVE_ENT":"20","CVE_MUN":"320","CVEGEO":"20320","NOMGEO":"San Pedro Molinos"}},
{"type":"Feature","geometry":{"type":"Polygon","coordinates":[[[-96.9023,18.1957],[-96.913,18.1959],[-96.9204,18.1904],[-96.9251,18.1722],[-96.9014,18.1716],[-96.9023,18.1957]]]},"properties":{"CVE_ENT":"20","CVE_MUN":"322","CVEGEO":"20322","NOMGEO":"San Pedro Ocopetatillo"}},
{"type":"Feature","geometry":{"type":"Polygon","coordinates":[[[-95.846,16.9394],[-95.8275,16.9547],[-95.7971,16.96],[-95.8014,16.9751],[-95.8349,17.0191],[-95.8503,16.9903],[-95.8696,16.9881],[-95.8765,16.9722],[-95.8698,16.9569],[-95.8739,16.9407],[-95.867,16.9325],[-95.846,16.9394]]]},"properties":{"CVE_ENT":"20","CVE_MUN":"323","CVEGEO":"20323","NOMGEO":"San Pedro Ocotepec"}},
{"type":"Feature","geometry":{"type":"Polygon","coordinates":[[[-95.9824,16.8915],[-96.0171,16.8799],[-96.09,16.8983],[-96.1371,16.8645],[-96.168,16.8574],[-96.1584,16.8493],[-96.1502,16.811],[-96.1461,16.7985],[-96.1405,16.7372],[-96.142,16.7311],[-96.11,16.6927],[-96.0996,16.67],[-96.0793,16.6404],[-96.0641,16.6381],[-96.0607,16.6372],[-96.0336,16.6323],[-96.0104,16.6524],[-95.9833,16.6509],[-95.9547,16.6579],[-95.9305,16.6785],[-95.9238,16.6943],[-95.9181,16.7043],[-95.9161,16.733],[-95.9096,16.7473],[-95.9128,16.7679],[-95.9073,16.7927],[-95.9359,16.8116],[-95.9715,16.8447],[-95.9765,16.8596],[-95.9644,16.8768],[-95.9824,16.8915]]]},"properties":{"CVE_ENT":"20","CVE_MUN":"325","CVEGEO":"20325","NOMGEO":"San Pedro Quiatoni"}},
{"type":"Feature","geometry":{"type":"Polygon","coordinates":[[[-96.6424,17.8842],[-96.6852,17.8981],[-96.6866,17.8933],[-96.6974,17.8744],[-96.7101,17.8692],[-96.6971,17.8469],[-96.7058,17.8396],[-96.7154,17.8271],[-96.697,17.7919],[-96.6718,17.7883],[-96.6487,17.7604],[-96.6238,17.7657],[-96.6158,17.7402],[-96.6027,17.7331],[-96.595,17.7671],[-96.57,17.7831],[-96.5626,17.8058],[-96.5768,17.8379],[-96.5961,17.8284],[-96.6128,17.8547],[-96.6365,17.8716],[-96.6424,17.8842]]]},"properties":{"CVE_ENT":"20","CVE_MUN":"326","CVEGEO":"20326","NOMGEO":"San Pedro Sochiápam"}},
{"type":"Feature","geometry":{"type":"Polygon","coordinates":[[[-96.4763,16.6696],[-96.4894,16.6717],[-96.5063,16.6978],[-96.5182,16.7061],[-96.5281,16.705],[-96.5393,16.6637],[-96.5695,16.6713],[-96.5947,16.6567],[-96.6021,16.6478],[-96.612,16.6217],[-96.5937,16.6185],[-96.5327,16.608],[-96.5135,16.6088],[-96.477,16.5925],[-96.4721,16.6104],[-96.4958,16.6426],[-96.4722,16.6569],[-96.4763,16.6696]]]},"properties":{"CVE_ENT":"20","CVE_MUN":"328","CVEGEO":"20328","NOMGEO":"San Pedro Taviche"}},
{"type":"Feature","geometry":{"type":"Polygon","coordinates":[[[-96.4052,17.4572],[-96.4164,17.443],[-96.4,17.4316],[-96.3852,17.4065],[-96.4043,17.4102],[-96.4044,17.3973],[-96.3838,17.3941],[-96.3739,17.4029],[-96.3508,17.408],[-96.3385,17.4234],[-96.3679,17.4359],[-96.4052,17.4572]]]},"properties":{"CVE_ENT":"20","CVE_MUN":"335","CVEGEO":"20335","NOMGEO":"San Pedro Yaneri"}},
{"type":"Feature","geometry":{"type":"Polygon","coordinates":[[[-96.3657,17.67],[-96.357,17.6946],[-96.3831,17.6981],[-96.4054,17.6887],[-96.4215,17.6738],[-96.45,17.6762],[-96.4822,17.6656],[-96.4871,17.655],[-96.5039,17.6519],[-96.5105,17.6418],[-96.5361,17.6515],[-96.5685,17.6705],[-96.6068,17.6463],[-96.6182,17.6444],[-96.6129,17.6159],[-96.5924,17.6339],[-96.5483,17.6356],[-96.5225,17.6328],[-96.5221,17.6188],[-96.5697,17.598],[-96.5603,17.5788],[-96.537,17.5701],[-96.5185,17.5883],[-96.5029,17.587],[-96.4657,17.5984],[-96.4413,17.5861],[-96.4182,17.5941],[-96.3967,17.6196],[-96.3822,17.6267],[-96.4076,17.643],[-96.3856,17.6685],[-96.3657,17.67]]]},"properties":{"CVE_ENT":"20","CVE_MUN":"336","CVEGEO":"20336","NOMGEO":"San Pedro Yólox"}},
{"type":"Feature","geometry":{"type":"Polygon","coordinates":[[[-97.461,17.5463],[-97.491,17.549],[-97.509,17.5589],[-97.5171,17.5421],[-97.5349,17.5453],[-97.5532,17.5581],[-97.58,17.5549],[-97.5871,17.5221],[-97.6091,17.5399],[-97.6391,17.5412],[-97.6504,17.5349],[-97.6398,17.5016],[-97.6243,17.4989],[-97.5933,17.5135],[-97.5818,17.5118],[-97.5338,17.4823],[-97.5266,17.4527],[-97.5214,17.4496],[-97.4905,17.4565],[-97.4659,17.4269],[-97.469,17.4481],[-97.4648,17.473],[-97.4426,17.481],[-97.4152,17.4806],[-97.4007,17.4625],[-97.3862,17.4587],[-97.3895,17.4737],[-97.39,17.5011],[-97.4003,17.5277],[-97.411,17.5303],[-97.439,17.521],[-97.461,17.5463]]]},"properties":{"CVE_ENT":"20","CVE_MUN":"339","CVEGEO":"20339","NOMGEO":"San Pedro y San Pablo Teposcolula"}},
{"type":"Feature","geometry":{"type":"Polygon","coordinates":[[[-97.459,17.5981],[-97.4688,17.6056],[-97.5017,17.6146],[-97.497,17.585],[-97.509,17.5589],[-97.491,17.549],[-97.461,17.5463],[-97.459,17.5981]]]},"properties":{"CVE_ENT":"20","CVE_MUN":"341","CVEGEO":"20341","NOMGEO":"San Pedro Yucunama"}},
{"type":"Feature","geometry":{"type":"Polygon","coordinates":[[[-96.7628,16.9975],[-96.7628,16.9637],[-96.7472,16.972],[-96.7398,16.9967],[-96.7628,16.9975]]]},"properties":{"CVE_ENT":"20","CVE_MUN":"342","CVEGEO":"20342","NOMGEO":"San Raymundo Jalpan"}},
{"type":"Feature","geometry":{"type":"Polygon","coordinates":[[[-96.5724,16.9797],[-96.58,17.0013],[-96.5941,17.0068],[-96.5986,17.0068],[-96.6113,16.9794],[-96.626,16.9876],[-96.6556,16.9862],[-96.6509,16.9778],[-96.6106,16.9718],[-96.5969,16.9664],[-96.594,16.9777],[-96.5702,16.9706],[-96.5724,16.9797]]]},"properties":{"CVE_ENT":"20","CVE_MUN":"343","CVEGEO":"20343","NOMGEO":"San Sebastián Abasolo"}},
{"type":"Feature","geometry":{"type":"Polygon","coordinates":[[[-98.1033,16.5603],[-98.1133,16.5701],[-98.1133,16.5851],[-98.1454,16.5842],[-98.1441,16.5616],[-98.1708,16.5555],[-98.1881,16.5576],[-98.2023,16.5103],[-98.2012,16.4971],[-98.2115,16.48],[-98.1972,16.4773],[-98.1879,16.4719],[-98.1577,16.4803],[-98.1267,16.4954],[-98.1085,16.4955],[-98.0923,16.5145],[-98.1016,16.5205],[-98.0957,16.5389],[-98.1033,16.5603]]]},"properties":{"CVE_ENT":"20","CVE_MUN":"345","CVEGEO":"20345","NOMGEO":"San Sebastián Ixcapa"}},
{"type":"Feature","geometry":{"type":"Polygon","coordinates":[[[-97.6504,17.5349],[-97.6649,17.568],[-97.6821,17.5627],[-97.6971,17.5497],[-97.6984,17.5089],[-97.6956,17.5005],[-97.6999,17.4673],[-97.6398,17.5016],[-97.6504,17.5349]]]},"properties":{"CVE_ENT":"20","CVE_MUN":"346","CVEGEO":"20346","NOMGEO":"San Sebastián Nicananduta"}},
{"type":"Feature","geometry":{"type":"Polygon","coordinates":[[[-96.3897,16.2491],[-96.4059,16.2626],[-96.4203,16.2472],[-96.4326,16.2568],[-96.4437,16.2387],[-96.4644,16.2411],[-96.4769,16.2317],[-96.4871,16.2135],[-96.4858,16.1853],[-96.4472,16.1761],[-96.4318,16.1576],[-96.4029,16.1573],[-96.3772,16.168],[-96.3706,16.1882],[-96.3542,16.2002],[-96.3572,16.213],[-96.3794,16.2169],[-96.3897,16.2491]]]},"properties":{"CVE_ENT":"20","CVE_MUN":"347","CVEGEO":"20347","NOMGEO":"San Sebastián Río Hondo"}},
{"type":"Feature","geometry":{"type":"Polygon","coordinates":[[[-96.8165,17.1743],[-96.8458,17.1735],[-96.8538,17.156],[-96.8356,17.1548],[-96.8265,17.1469],[-96.8003,17.1606],[-96.8165,17.1743]]]},"properties":{"CVE_ENT":"20","CVE_MUN":"539","CVEGEO":"20539","NOMGEO":"Soledad Etla"}},
{"type":"Feature","geometry":{"type":"Polygon","coordinates":[[[-96.2501,16.1867],[-96.2744,16.1649],[-96.2941,16.1246],[-96.3097,16.0885],[-96.2959,16.0851],[-96.2654,16.0781],[-96.2686,16.051],[-96.2408,16.038],[-96.2236,16.0245],[-96.1706,16.0123],[-96.167,16.0347],[-96.1499,16.0429],[-96.1361,16.0591],[-96.1318,16.0756],[-96.1339,16.0958],[-96.1194,16.1142],[-96.1135,16.1393],[-96.1026,16.1626],[-96.1206,16.1501],[-96.1487,16.1536],[-96.1934,16.1699],[-96.2075,16.1644],[-96.2174,16.1853],[-96.2501,16.1867]],[[-96.2078,16.1451],[-96.1971,16.1161],[-96.1717,16.1104],[-96.1602,16.1015],[-96.1792,16.0545],[-96.2083,16.0506],[-96.2302,16.0634],[-96.2161,16.0802],[-96.2432,16.117],[-96.2078,16.1451]]]},"properties":{"CVE_ENT":"20","CVE_MUN":"211","CVEGEO":"20211","NOMGEO":"San Juan Ozolotepec"}},
{"type":"Feature","geometry":{"type":"Polygon","coordinates":[[[-95.9679,17.5005],[-95.9969,17.5211],[-95.9943,17.5396],[-96.0201,17.5581],[-96.0266,17.5733],[-96.0515,17.5733],[-96.0577,17.5874],[-96.0717,17.5864],[-96.0763,17.5653],[-96.0959,17.5275],[-96.0975,17.5138],[-96.0885,17.5008],[-96.1009,17.4843],[-96.1007,17.4665],[-96.1144,17.4471],[-96.1263,17.4421],[-96.1008,17.4119],[-96.0979,17.3965],[-96.0854,17.3905],[-96.0789,17.3983],[-96.0646,17.4032],[-96.0633,17.4116],[-96.0427,17.4306],[-96.0425,17.4457],[-96.0125,17.4614],[-95.9988,17.4496],[-95.962,17.4609],[-95.975,17.4919],[-95.9679,17.5005]]]},"properties":{"CVE_ENT":"20","CVE_MUN":"212","CVEGEO":"20212","NOMGEO":"San Juan Petlapa"}},
{"type":"Feature","geometry":{"type":"Polygon","coordinates":[[[-97.3097,16.3872],[-97.3197,16.3859],[-97.3331,16.4225],[-97.3607,16.4187],[-97.3791,16.4426],[-97.3971,16.3949],[-97.4148,16.3893],[-97.4362,16.3733],[-97.4334,16.3556],[-97.445,16.339],[-97.4371,16.3354],[-97.44,16.2802],[-97.4108,16.303],[-97.3751,16.3101],[-97.3575,16.2885],[-97.352,16.2701],[-97.3257,16.2775],[-97.3238,16.2677],[-97.2575,16.2848],[-97.2565,16.2961],[-97.2406,16.3119],[-97.242,16.3228],[-97.2638,16.3154],[-97.2955,16.3187],[-97.2897,16.3313],[-97.2947,16.3444],[-97.3178,16.3314],[-97.3221,16.3466],[-97.3074,16.3746],[-97.3097,16.3872]]]},"properties":{"CVE_ENT":"20","CVE_MUN":"213","CVEGEO":"20213","NOMGEO":"San Juan Quiahije"}},
{"type":"Feature","geometry":{"type":"Polygon","coordinates":[[[-98.0409,17.467],[-98.0646,17.4729],[-98.0708,17.4489],[-98.0928,17.416],[-98.0983,17.3946],[-98.1363,17.3859],[-98.1413,17.3802],[-98.1418,17.3797],[-98.1571,17.3812],[-98.169,17.3688],[-98.1649,17.3142],[-98.1671,17.2828],[-98.1272,17.2533],[-98.1201,17.2286],[-98.1085,17.2221],[-98.0837,17.2611],[-98.0804,17.291],[-98.046,17.3274],[-98.0287,17.3333],[-98.0164,17.3483],[-98.0175,17.3972],[-98.0136,17.4048],[-98.035,17.4193],[-98.0472,17.4384],[-98.0489,17.4533],[-98.0409,17.467]]]},"properties":{"CVE_ENT":"20","CVE_MUN":"348","CVEGEO":"20348","NOMGEO":"San Sebastián Tecomaxtlahuaca"}},
{"type":"Feature","geometry":{"type":"Polygon","coordinates":[[[-96.5969,16.9664],[-96.6106,16.9718],[-96.6509,16.9778],[-96.6549,16.9773],[-96.6599,16.9699],[-96.6585,16.9263],[-96.6305,16.9191],[-96.6203,16.9408],[-96.603,16.9425],[-96.5969,16.9664]]]},"properties":{"CVE_ENT":"20","CVE_MUN":"349","CVEGEO":"20349","NOMGEO":"San Sebastián Teitipac"}},
{"type":"Feature","geometry":{"type":"Polygon","coordinates":[[[-97.5235,17.7027],[-97.5445,17.7113],[-97.5624,17.7317],[-97.5648,17.7483],[-97.5751,17.7612],[-97.5739,17.7734],[-97.6041,17.7556],[-97.6133,17.7543],[-97.6449,17.7682],[-97.6353,17.7456],[-97.6265,17.72],[-97.6263,17.7028],[-97.642,17.6688],[-97.5642,17.6168],[-97.5375,17.6287],[-97.5134,17.6291],[-97.5251,17.6676],[-97.5235,17.7027]]]},"properties":{"CVE_ENT":"20","CVE_MUN":"540","CVEGEO":"20540","NOMGEO":"Villa de Tamazulápam del Progreso"}},
{"type":"Feature","geometry":{"type":"Polygon","coordinates":[[[-96.6639,17.0606],[-96.6703,17.0618],[-96.672,17.0641],[-96.6855,17.0674],[-96.6854,17.0672],[-96.6865,17.0593],[-96.6838,17.0637],[-96.6787,17.0613],[-96.6823,17.0493],[-96.6835,17.0316],[-96.6668,17.0213],[-96.6734,17.0486],[-96.6639,17.0606]]]},"properties":{"CVE_ENT":"20","CVE_MUN":"350","CVEGEO":"20350","NOMGEO":"San Sebastián Tutla"}},
{"type":"Feature","geometry":{"type":"Polygon","coordinates":[[[-97.977,17.8073],[-97.9766,17.8201],[-97.9633,17.842],[-97.966,17.8647],[-97.9797,17.8746],[-97.9921,17.8705],[-98.0057,17.8789],[-98.0163,17.8708],[-98.0127,17.8514],[-98.0222,17.8342],[-98.0456,17.8199],[-98.0323,17.808],[-98.0151,17.798],[-97.9849,17.8013],[-97.977,17.8073]]]},"properties":{"CVE_ENT":"20","CVE_MUN":"352","CVEGEO":"20352","NOMGEO":"San Simón Zahuatlán"}},
{"type":"Feature","geometry":{"type":"Polygon","coordinates":[[[-96.7189,16.2873],[-96.6897,16.3088],[-96.6869,16.326],[-96.7005,16.3411],[-96.7144,16.3718],[-96.7427,16.3606],[-96.7808,16.3728],[-96.7757,16.3476],[-96.7632,16.3352],[-96.7423,16.2963],[-96.7352,16.3045],[-96.7128,16.2981],[-96.7189,16.2873]]]},"properties":{"CVE_ENT":"20","CVE_MUN":"353","CVEGEO":"20353","NOMGEO":"Santa Ana"}},
{"type":"Feature","geometry":{"type":"Polygon","coordinates":[[[-96.8663,18.242],[-96.9047,18.2376],[-96.9081,18.2048],[-96.913,18.1959],[-96.9023,18.1957],[-96.8986,18.2043],[-96.8647,18.2234],[-96.8663,18.242]]]},"properties":{"CVE_ENT":"20","CVE_MUN":"354","CVEGEO":"20354","NOMGEO":"Santa Ana Ateixtlahuaca"}},
{"type":"Feature","geometry":{"type":"Polygon","coordinates":[[[-96.8123,18.0321],[-96.835,18.0165],[-96.8118,17.9612],[-96.8022,17.9507],[-96.7832,17.9472],[-96.774,17.9652],[-96.7804,17.9873],[-96.7766,18.0162],[-96.7904,18.0242],[-96.8123,18.0321]]]},"properties":{"CVE_ENT":"20","CVE_MUN":"355","CVEGEO":"20355","NOMGEO":"Santa Ana Cuauhtémoc"}},
{"type":"Feature","geometry":{"type":"Polygon","coordinates":[[[-96.8185,16.7462],[-96.8353,16.7463],[-96.8561,16.7558],[-96.8698,16.7707],[-96.8761,16.7876],[-96.913,16.7635],[-96.8856,16.7269],[-96.8541,16.7172],[-96.8442,16.7097],[-96.8248,16.7131],[-96.8015,16.7377],[-96.8185,16.7462]]]},"properties":{"CVE_ENT":"20","CVE_MUN":"358","CVEGEO":"20358","NOMGEO":"Santa Ana Tlapacoyan"}},
{"type":"Feature","geometry":{"type":"Polygon","coordinates":[[[-96.6761,16.291],[-96.6684,16.2616],[-96.6446,16.2668],[-96.6379,16.2834],[-96.6251,16.2969],[-96.6281,16.3294],[-96.6383,16.3296],[-96.6584,16.3134],[-96.6761,16.291]]]},"properties":{"CVE_ENT":"20","CVE_MUN":"362","CVEGEO":"20362","NOMGEO":"Santa Catarina Cuixtla"}},
{"type":"Feature","geometry":{"type":"Polygon","coordinates":[[[-96.2101,16.2792],[-96.1923,16.301],[-96.1909,16.3183],[-96.2043,16.3558],[-96.2278,16.336],[-96.2618,16.3465],[-96.2876,16.3736],[-96.2955,16.392],[-96.3053,16.3742],[-96.3038,16.3615],[-96.2821,16.3409],[-96.2722,16.317],[-96.2429,16.3146],[-96.236,16.3029],[-96.2101,16.2792]]]},"properties":{"CVE_ENT":"20","CVE_MUN":"361","CVEGEO":"20361","NOMGEO":"Santa Catalina Quierí"}},
{"type":"Feature","geometry":{"type":"Polygon","coordinates":[[[-96.5278,17.3097],[-96.5487,17.3264],[-96.5732,17.3109],[-96.593,17.3199],[-96.6055,17.2802],[-96.6047,17.2655],[-96.6178,17.2505],[-96.6308,17.2014],[-96.6477,17.1897],[-96.6533,17.1737],[-96.6505,17.1458],[-96.6363,17.1355],[-96.6225,17.1449],[-96.6072,17.1192],[-96.538,17.1315],[-96.5222,17.1721],[-96.5239,17.1898],[-96.5391,17.2308],[-96.5169,17.2376],[-96.5202,17.2602],[-96.5127,17.2718],[-96.528,17.2842],[-96.5278,17.3097]]]},"properties":{"CVE_ENT":"20","CVE_MUN":"363","CVEGEO":"20363","NOMGEO":"Santa Catarina Ixtepeji"}},
{"type":"Feature","geometry":{"type":"Polygon","coordinates":[[[-97.4797,18.0271],[-97.5059,18.0278],[-97.5224,18.0446],[-97.534,18.0463],[-97.5439,18.0334],[-97.5576,18.0469],[-97.5638,18.0626],[-97.5617,18.073],[-97.5668,18.0816],[-97.5681,18.0921],[-97.574,18.0835],[-97.5797,18.0884],[-97.5989,18.0905],[-97.6033,18.0754],[-97.6166,18.0576],[-97.6323,18.0564],[-97.6349,18.044],[-97.6174,18.0405],[-97.5968,18.0194],[-97.5961,17.964],[-97.5893,17.9587],[-97.5793,17.974],[-97.5521,17.9719],[-97.5255,17.976],[-97.5139,17.9731],[-97.4835,17.9804],[-97.4797,18.0271]]]},"properties":{"CVE_ENT":"20","CVE_MUN":"373","CVEGEO":"20373","NOMGEO":"Santa Catarina Zapoquila"}},
{"type":"Feature","geometry":{"type":"Polygon","coordinates":[[[-96.7054,16.8938],[-96.7157,16.9059],[-96.7391,16.9073],[-96.7519,16.8938],[-96.7538,16.8781],[-96.7583,16.8581],[-96.7225,16.8687],[-96.7131,16.8728],[-96.7054,16.8938]]]},"properties":{"CVE_ENT":"20","CVE_MUN":"369","CVEGEO":"20369","NOMGEO":"Santa Catarina Quiané"}},
{"type":"Feature","geometry":{"type":"Polygon","coordinates":[[[-97.5294,17.3774],[-97.5452,17.3888],[-97.5596,17.3869],[-97.5521,17.3686],[-97.5578,17.3576],[-97.5799,17.3381],[-97.5854,17.3196],[-97.5848,17.319],[-97.5446,17.2942],[-97.5385,17.2947],[-97.5258,17.3066],[-97.5292,17.3306],[-97.5329,17.3585],[-97.5294,17.3774]]]},"properties":{"CVE_ENT":"20","CVE_MUN":"370","CVEGEO":"20370","NOMGEO":"Santa Catarina Tayata"}},
{"type":"Feature","geometry":{"type":"Polygon","coordinates":[[[-98.1364,17.7965],[-98.1315,17.8097],[-98.1407,17.8444],[-98.1659,17.8448],[-98.1833,17.8363],[-98.1992,17.8419],[-98.201,17.8352],[-98.1945,17.8106],[-98.1682,17.8108],[-98.1491,17.7901],[-98.1364,17.7965]]]},"properties":{"CVE_ENT":"20","CVE_MUN":"381","CVEGEO":"20381","NOMGEO":"Santa Cruz Tacache de Mina"}},
{"type":"Feature","geometry":{"type":"Polygon","coordinates":[[[-97.6297,16.9886],[-97.6509,17.0099],[-97.646,17.0436],[-97.6632,17.04],[-97.6955,17.0222],[-97.7301,17.0187],[-97.722,17],[-97.7052,17.0104],[-97.6812,16.988],[-97.6611,16.9747],[-97.6462,16.983],[-97.6353,16.966],[-97.6297,16.9886]]]},"properties":{"CVE_ENT":"20","CVE_MUN":"372","CVEGEO":"20372","NOMGEO":"Santa Catarina Yosonotú"}},
{"type":"Feature","geometry":{"type":"Polygon","coordinates":[[[-96.8569,18.1533],[-96.8762,18.1669],[-96.9014,18.1716],[-96.8913,18.1652],[-96.9028,18.1488],[-96.8832,18.1476],[-96.8569,18.1533]]]},"properties":{"CVE_ENT":"20","CVE_MUN":"374","CVEGEO":"20374","NOMGEO":"Santa Cruz Acatepec"}},
{"type":"Feature","geometry":{"type":"Polygon","coordinates":[[[-96.6575,17.1811],[-96.6971,17.1877],[-96.7082,17.1858],[-96.7631,17.1637],[-96.7743,17.1871],[-96.7839,17.1794],[-96.8032,17.1759],[-96.7997,17.161],[-96.7838,17.1628],[-96.7693,17.141],[-96.7783,17.1237],[-96.7782,17.1228],[-96.7713,17.1311],[-96.7477,17.1385],[-96.7104,17.1559],[-96.6727,17.164],[-96.6533,17.1737],[-96.6575,17.1811]]]},"properties":{"CVE_ENT":"20","CVE_MUN":"293","CVEGEO":"20293","NOMGEO":"San Pablo Etla"}},
{"type":"Feature","geometry":{"type":"Polygon","coordinates":[[[-97.464,16.9379],[-97.5058,16.9508],[-97.5107,16.937],[-97.5107,16.9182],[-97.5024,16.9048],[-97.4592,16.8948],[-97.4534,16.8996],[-97.4284,16.8884],[-97.4168,16.8932],[-97.4061,16.9104],[-97.417,16.9263],[-97.437,16.9409],[-97.4512,16.9309],[-97.464,16.9379]]]},"properties":{"CVE_ENT":"20","CVE_MUN":"382","CVEGEO":"20382","NOMGEO":"Santa Cruz Tacahua"}},
{"type":"Feature","geometry":{"type":"Polygon","coordinates":[[[-96.6835,17.0316],[-96.6823,17.0493],[-96.6787,17.0613],[-96.6838,17.0637],[-96.6881,17.0534],[-96.687,17.0454],[-96.6904,17.0356],[-96.6835,17.0316]]]},"properties":{"CVE_ENT":"20","CVE_MUN":"375","CVEGEO":"20375","NOMGEO":"Santa Cruz Amilpas"}},
{"type":"Feature","geometry":{"type":"Polygon","coordinates":[[[-98.1878,17.5847],[-98.1917,17.5837],[-98.1981,17.5752],[-98.2208,17.5923],[-98.24,17.5887],[-98.2428,17.5685],[-98.2043,17.5424],[-98.1995,17.5443],[-98.1878,17.5847]]]},"properties":{"CVE_ENT":"20","CVE_MUN":"376","CVEGEO":"20376","NOMGEO":"Santa Cruz de Bravo"}},
{"type":"Feature","geometry":{"type":"Polygon","coordinates":[[[-97.5452,17.3888],[-97.5533,17.3988],[-97.55,17.4145],[-97.5631,17.414],[-97.5635,17.401],[-97.5738,17.3858],[-97.6012,17.3732],[-97.5807,17.3588],[-97.5799,17.3381],[-97.5578,17.3576],[-97.5521,17.3686],[-97.5596,17.3869],[-97.5452,17.3888]]]},"properties":{"CVE_ENT":"20","CVE_MUN":"383","CVEGEO":"20383","NOMGEO":"Santa Cruz Tayata"}},
{"type":"Feature","geometry":{"type":"Polygon","coordinates":[[[-97.5799,17.3381],[-97.5807,17.3588],[-97.6012,17.3732],[-97.6194,17.3628],[-97.6259,17.369],[-97.6321,17.3474],[-97.6061,17.3168],[-97.5854,17.3196],[-97.5799,17.3381]]]},"properties":{"CVE_ENT":"20","CVE_MUN":"408","CVEGEO":"20408","NOMGEO":"Santa María del Rosario"}},
{"type":"Feature","geometry":{"type":"Polygon","coordinates":[[[-96.6532,16.3715],[-96.6847,16.3834],[-96.697,16.4018],[-96.7014,16.3845],[-96.7144,16.3718],[-96.7005,16.3411],[-96.6869,16.326],[-96.6897,16.3088],[-96.7189,16.2873],[-96.6983,16.2723],[-96.6761,16.291],[-96.6584,16.3134],[-96.6383,16.3296],[-96.6445,16.3353],[-96.6321,16.3546],[-96.6532,16.3715]]]},"properties":{"CVE_ENT":"20","CVE_MUN":"384","CVEGEO":"20384","NOMGEO":"Santa Cruz Xitla"}},
{"type":"Feature","geometry":{"type":"Polygon","coordinates":[[[-96.7638,16.7981],[-96.7945,16.795],[-96.8231,16.8096],[-96.8379,16.8014],[-96.8227,16.7818],[-96.8118,16.7784],[-96.7957,16.7434],[-96.7758,16.7654],[-96.7589,16.7745],[-96.7544,16.7975],[-96.7638,16.7981]]]},"properties":{"CVE_ENT":"20","CVE_MUN":"387","CVEGEO":"20387","NOMGEO":"Santa Gertrudis"}},
{"type":"Feature","geometry":{"type":"Polygon","coordinates":[[[-96.5986,17.0068],[-96.6133,17.0108],[-96.6246,17.0029],[-96.626,16.9876],[-96.6113,16.9794],[-96.5986,17.0068]]]},"properties":{"CVE_ENT":"20","CVE_MUN":"411","CVEGEO":"20411","NOMGEO":"Santa María Guelacé"}},
{"type":"Feature","geometry":{"type":"Polygon","coordinates":[[[-96.828,16.9422],[-96.8416,16.9503],[-96.8449,16.9652],[-96.8591,16.9619],[-96.8712,16.9603],[-96.888,16.9449],[-96.8818,16.9153],[-96.8837,16.9002],[-96.8762,16.8881],[-96.848,16.8795],[-96.8268,16.8956],[-96.8242,16.9111],[-96.8123,16.9182],[-96.8254,16.9227],[-96.828,16.9422]]]},"properties":{"CVE_ENT":"20","CVE_MUN":"388","CVEGEO":"20388","NOMGEO":"Santa Inés del Monte"}},
{"type":"Feature","geometry":{"type":"Polygon","coordinates":[[[-97.4801,17.769],[-97.5095,17.7565],[-97.5215,17.7484],[-97.5088,17.7253],[-97.4944,17.721],[-97.4701,17.7321],[-97.4779,17.7369],[-97.4833,17.7574],[-97.4801,17.769]]]},"properties":{"CVE_ENT":"20","CVE_MUN":"106","CVEGEO":"20106","NOMGEO":"San Antonio Acutla"}},
{"type":"Feature","geometry":{"type":"Polygon","coordinates":[[[-98.1,17.8926],[-98.1,17.8833],[-98.1491,17.8976],[-98.1554,17.9059],[-98.155,17.9223],[-98.166,17.9193],[-98.1656,17.919],[-98.1651,17.9185],[-98.1651,17.9178],[-98.1663,17.9158],[-98.1701,17.9059],[-98.1769,17.8974],[-98.192,17.8958],[-98.202,17.8918],[-98.2071,17.887],[-98.2009,17.8739],[-98.1992,17.8419],[-98.1833,17.8363],[-98.1659,17.8448],[-98.1407,17.8444],[-98.1315,17.8097],[-98.1364,17.7965],[-98.1287,17.7851],[-98.1122,17.7818],[-98.1147,17.756],[-98.1237,17.7285],[-98.1065,17.7162],[-98.0956,17.7221],[-98.0669,17.7197],[-98.0537,17.7524],[-98.0696,17.7719],[-98.0953,17.8121],[-98.1158,17.8343],[-98.102,17.8488],[-98.0674,17.8561],[-98.0693,17.8821],[-98.1,17.8926]]]},"properties":{"CVE_ENT":"20","CVE_MUN":"055","CVEGEO":"20055","NOMGEO":"Mariscala de Juárez"}},
{"type":"Feature","geometry":{"type":"MultiPolygon","coordinates":[[[[-96.6639,17.0606],[-96.662,17.0645],[-96.6611,17.069],[-96.663,17.0753],[-96.6855,17.0674],[-96.672,17.0641],[-96.6703,17.0618],[-96.6639,17.0606]]],[[[-96.6854,17.0672],[-96.696,17.069],[-96.7096,17.0575],[-96.7055,17.0513],[-96.7039,17.0504],[-96.7012,17.0499],[-96.7018,17.0447],[-96.6935,17.054],[-96.6865,17.0593],[-96.6854,17.0672]]]]},"properties":{"CVE_ENT":"20","CVE_MUN":"390","CVEGEO":"20390","NOMGEO":"Santa Lucía del Camino"}},
{"type":"Feature","geometry":{"type":"Polygon","coordinates":[[[-96.5851,16.1908],[-96.6013,16.2146],[-96.6367,16.2463],[-96.6579,16.227],[-96.6457,16.1954],[-96.652,16.1807],[-96.6368,16.1715],[-96.6466,16.1453],[-96.6328,16.1277],[-96.6341,16.1127],[-96.6216,16.1135],[-96.5843,16.1588],[-96.5842,16.1708],[-96.5851,16.1908]]]},"properties":{"CVE_ENT":"20","CVE_MUN":"391","CVEGEO":"20391","NOMGEO":"Santa Lucía Miahuatlán"}},
{"type":"Feature","geometry":{"type":"Polygon","coordinates":[[[-95.3801,16.6016],[-95.4555,16.667],[-95.5018,16.6189],[-95.532,16.6271],[-95.5428,16.6066],[-95.5892,16.5605],[-95.6783,16.612],[-95.6891,16.6147],[-95.7066,16.6122],[-95.7227,16.5892],[-95.7155,16.5836],[-95.6717,16.5726],[-95.6692,16.5365],[-95.6309,16.5285],[-95.5838,16.4808],[-95.5381,16.4572],[-95.5239,16.4375],[-95.5232,16.346],[-95.4916,16.3649],[-95.4603,16.3645],[-95.4426,16.3757],[-95.349,16.4259],[-95.3363,16.4418],[-95.319,16.4957],[-95.3315,16.5749],[-95.3428,16.6025],[-95.3801,16.6016]]]},"properties":{"CVE_ENT":"20","CVE_MUN":"418","CVEGEO":"20418","NOMGEO":"Santa María Jalapa del Marqués"}},
{"type":"Feature","geometry":{"type":"Polygon","coordinates":[[[-97.6353,16.966],[-97.6462,16.983],[-97.6611,16.9747],[-97.6812,16.988],[-97.7052,17.0104],[-97.722,17],[-97.7341,16.9714],[-97.7508,16.9585],[-97.7553,16.9734],[-97.7756,16.9717],[-97.8074,16.9607],[-97.8287,16.9264],[-97.8481,16.924],[-97.8452,16.9026],[-97.7332,16.9001],[-97.6994,16.9162],[-97.6565,16.9187],[-97.6429,16.9195],[-97.6371,16.9372],[-97.6353,16.966]]]},"properties":{"CVE_ENT":"20","CVE_MUN":"392","CVEGEO":"20392","NOMGEO":"Santa Lucía Monteverde"}},
{"type":"Feature","geometry":{"type":"Polygon","coordinates":[[[-96.6488,16.7358],[-96.6751,16.739],[-96.6877,16.7457],[-96.6891,16.7336],[-96.6802,16.7301],[-96.682,16.7117],[-96.6647,16.7082],[-96.6374,16.7113],[-96.6575,16.7206],[-96.6488,16.7358]]]},"properties":{"CVE_ENT":"20","CVE_MUN":"393","CVEGEO":"20393","NOMGEO":"Santa Lucía Ocotlán"}},
{"type":"Feature","geometry":{"type":"Polygon","coordinates":[[[-95.7807,17.072],[-95.7824,17.0801],[-95.8234,17.1293],[-95.8035,17.1548],[-95.8156,17.1735],[-95.8189,17.1436],[-95.8513,17.1282],[-95.8944,17.132],[-95.9094,17.1244],[-95.8928,17.1084],[-95.8812,17.1063],[-95.8674,17.0677],[-95.8709,17.0465],[-95.8816,17.043],[-95.8968,17.0293],[-95.8728,17.0157],[-95.8785,16.9934],[-95.8696,16.9881],[-95.8503,16.9903],[-95.8349,17.0191],[-95.8512,17.0318],[-95.8465,17.0486],[-95.8192,17.0667],[-95.7807,17.072]]]},"properties":{"CVE_ENT":"20","CVE_MUN":"394","CVEGEO":"20394","NOMGEO":"Santa María Alotepec"}},
{"type":"Feature","geometry":{"type":"Polygon","coordinates":[[[-97.0427,17.6441],[-97.056,17.6716],[-97.0799,17.6858],[-97.0878,17.6783],[-97.1078,17.6579],[-97.1187,17.6406],[-97.1149,17.5933],[-97.1313,17.5791],[-97.0973,17.5737],[-97.0756,17.5819],[-97.0686,17.5825],[-97.0415,17.587],[-97.0427,17.6441]]]},"properties":{"CVE_ENT":"20","CVE_MUN":"395","CVEGEO":"20395","NOMGEO":"Santa María Apazco"}},
{"type":"Feature","geometry":{"type":"Polygon","coordinates":[[[-96.7915,18.113],[-96.82,18.116],[-96.8366,18.099],[-96.8308,18.0908],[-96.8107,18.0908],[-96.8065,18.1067],[-96.7915,18.113]]]},"properties":{"CVE_ENT":"20","CVE_MUN":"396","CVEGEO":"20396","NOMGEO":"Santa María la Asunción"}},
{"type":"Feature","geometry":{"type":"Polygon","coordinates":[[[-97.6321,17.3474],[-97.6449,17.344],[-97.6522,17.3264],[-97.6797,17.3215],[-97.6933,17.311],[-97.7508,17.2968],[-97.7694,17.2999],[-97.7729,17.2602],[-97.7798,17.2382],[-97.816,17.2286],[-97.8042,17.2259],[-97.8027,17.1999],[-97.8215,17.1865],[-97.8203,17.1836],[-97.8196,17.1747],[-97.8068,17.1474],[-97.8074,17.125],[-97.7963,17.1536],[-97.7841,17.1644],[-97.7551,17.1703],[-97.7252,17.1967],[-97.7044,17.189],[-97.6786,17.1268],[-97.6533,17.1227],[-97.6243,17.1594],[-97.6057,17.159],[-97.5982,17.1699],[-97.5787,17.1754],[-97.6126,17.2222],[-97.6099,17.2529],[-97.618,17.275],[-97.5918,17.2994],[-97.5848,17.319],[-97.5854,17.3196],[-97.6061,17.3168],[-97.6321,17.3474]]]},"properties":{"CVE_ENT":"20","CVE_MUN":"397","CVEGEO":"20397","NOMGEO":"Heroica Ciudad de Tlaxiaco"}},
{"type":"Feature","geometry":{"type":"Polygon","coordinates":[[[-96.8442,16.7097],[-96.8541,16.7172],[-96.8856,16.7269],[-96.9478,16.7248],[-96.9283,16.6412],[-96.9256,16.6377],[-96.9019,16.6123],[-96.8796,16.6233],[-96.8717,16.6317],[-96.8535,16.6319],[-96.8464,16.6479],[-96.8442,16.6736],[-96.8356,16.6848],[-96.8454,16.694],[-96.8442,16.7097]]]},"properties":{"CVE_ENT":"20","CVE_MUN":"398","CVEGEO":"20398","NOMGEO":"Ayoquezco de Aldama"}},
{"type":"Feature","geometry":{"type":"Polygon","coordinates":[[[-96.7783,17.1237],[-96.7921,17.126],[-96.7973,17.1125],[-96.8287,17.0891],[-96.814,17.0719],[-96.7897,17.0666],[-96.783,17.0505],[-96.7698,17.0417],[-96.7729,17.048],[-96.7577,17.0796],[-96.7664,17.112],[-96.7782,17.1228],[-96.7783,17.1237]]]},"properties":{"CVE_ENT":"20","CVE_MUN":"399","CVEGEO":"20399","NOMGEO":"Santa María Atzompa"}},
{"type":"Feature","geometry":{"type":"Polygon","coordinates":[[[-97.7129,17.9104],[-97.7212,17.8947],[-97.7153,17.8863],[-97.695,17.8651],[-97.6947,17.8414],[-97.683,17.8318],[-97.6188,17.8236],[-97.5953,17.8561],[-97.5833,17.8674],[-97.5844,17.8834],[-97.6169,17.902],[-97.6594,17.9075],[-97.6908,17.9056],[-97.7129,17.9104]]]},"properties":{"CVE_ENT":"20","CVE_MUN":"400","CVEGEO":"20400","NOMGEO":"Santa María Camotlán"}},
{"type":"Feature","geometry":{"type":"Polygon","coordinates":[[[-98.2924,16.469],[-98.3181,16.4548],[-98.3453,16.4807],[-98.3568,16.4774],[-98.3587,16.4662],[-98.3501,16.4443],[-98.3659,16.4237],[-98.364,16.4218],[-98.3614,16.4213],[-98.3681,16.4092],[-98.3526,16.394],[-98.3366,16.3871],[-98.3155,16.3929],[-98.2661,16.4023],[-98.2569,16.4111],[-98.2561,16.4454],[-98.2834,16.4588],[-98.2924,16.469]]]},"properties":{"CVE_ENT":"20","CVE_MUN":"402","CVEGEO":"20402","NOMGEO":"Santa María Cortijo"}},
{"type":"Feature","geometry":{"type":"Polygon","coordinates":[[[-96.4363,16.3198],[-96.4525,16.3129],[-96.4786,16.3486],[-96.4958,16.3458],[-96.5051,16.3246],[-96.4943,16.3164],[-96.4743,16.278],[-96.4644,16.2411],[-96.4437,16.2387],[-96.4326,16.2568],[-96.4203,16.2472],[-96.4059,16.2626],[-96.3897,16.2491],[-96.4045,16.2731],[-96.4222,16.2827],[-96.4335,16.3021],[-96.4363,16.3198]]]},"properties":{"CVE_ENT":"20","CVE_MUN":"154","CVEGEO":"20154","NOMGEO":"San Ildefonso Amatlán"}},
{"type":"Feature","geometry":{"type":"Polygon","coordinates":[[[-96.1263,17.4421],[-96.1396,17.4543],[-96.1677,17.46],[-96.1602,17.4284],[-96.1507,17.4192],[-96.146,17.3986],[-96.1425,17.3592],[-96.1565,17.3606],[-96.1548,17.3387],[-96.1717,17.327],[-96.1807,17.34],[-96.1927,17.3424],[-96.1927,17.3401],[-96.1957,17.3102],[-96.1962,17.2903],[-96.1799,17.2873],[-96.1454,17.3104],[-96.1467,17.3237],[-96.1307,17.3281],[-96.1241,17.3506],[-96.085,17.3528],[-96.0775,17.3709],[-96.0854,17.3905],[-96.0979,17.3965],[-96.1008,17.4119],[-96.1263,17.4421]]]},"properties":{"CVE_ENT":"20","CVE_MUN":"156","CVEGEO":"20156","NOMGEO":"San Ildefonso Villa Alta"}},
{"type":"Feature","geometry":{"type":"Polygon","coordinates":[[[-96.6818,16.9635],[-96.7073,16.9826],[-96.7252,16.9801],[-96.7326,16.9658],[-96.7283,16.9614],[-96.7278,16.966],[-96.7074,16.9633],[-96.6991,16.962],[-96.6818,16.9635]]]},"properties":{"CVE_ENT":"20","CVE_MUN":"403","CVEGEO":"20403","NOMGEO":"Santa María Coyotepec"}},
{"type":"Feature","geometry":{"type":"Polygon","coordinates":[[[-96.5278,17.3097],[-96.5225,17.3453],[-96.5091,17.3585],[-96.4935,17.3957],[-96.4942,17.4128],[-96.4986,17.4038],[-96.5249,17.3852],[-96.5694,17.3966],[-96.5748,17.3924],[-96.5858,17.375],[-96.5762,17.3498],[-96.5628,17.3296],[-96.5487,17.3264],[-96.5278,17.3097]]]},"properties":{"CVE_ENT":"20","CVE_MUN":"419","CVEGEO":"20419","NOMGEO":"Santa María Jaltianguis"}},
{"type":"Feature","geometry":{"type":"Polygon","coordinates":[[[-97.5642,17.6168],[-97.642,17.6688],[-97.6758,17.6559],[-97.6604,17.6485],[-97.6798,17.6123],[-97.716,17.6066],[-97.7435,17.6214],[-97.7444,17.6029],[-97.7365,17.5911],[-97.7313,17.5731],[-97.6971,17.5497],[-97.6821,17.5627],[-97.6649,17.568],[-97.6504,17.5349],[-97.6391,17.5412],[-97.6091,17.5399],[-97.5871,17.5221],[-97.58,17.5549],[-97.5532,17.5581],[-97.5522,17.582],[-97.5626,17.5945],[-97.5642,17.6168]]]},"properties":{"CVE_ENT":"20","CVE_MUN":"405","CVEGEO":"20405","NOMGEO":"Villa de Chilapa de Díaz"}},
{"type":"Feature","geometry":{"type":"Polygon","coordinates":[[[-96.6093,17.0397],[-96.6353,17.0532],[-96.6633,17.0096],[-96.6447,17.0073],[-96.6153,17.0246],[-96.6083,17.0209],[-96.6093,17.0397]]]},"properties":{"CVE_ENT":"20","CVE_MUN":"409","CVEGEO":"20409","NOMGEO":"Santa María del Tule"}},
{"type":"Feature","geometry":{"type":"Polygon","coordinates":[[[-95.324,16.9491],[-95.3335,16.9557],[-95.3475,16.9368],[-95.3459,16.933],[-95.342,16.9311],[-95.3403,16.9284],[-95.33,16.9328],[-95.3286,16.9177],[-95.3144,16.9148],[-95.3003,16.8894],[-95.319,16.788],[-95.3767,16.7494],[-95.4632,16.7697],[-95.4637,16.7731],[-95.4738,16.7623],[-95.4825,16.7577],[-95.4894,16.7475],[-95.4771,16.7273],[-95.4856,16.701],[-95.4555,16.667],[-95.3801,16.6016],[-95.3756,16.6327],[-95.3531,16.6437],[-95.3352,16.6291],[-95.3116,16.6405],[-95.3054,16.6568],[-95.3006,16.6979],[-95.2608,16.7012],[-95.2481,16.7303],[-95.2354,16.7254],[-95.2435,16.7758],[-95.2843,16.8942],[-95.2954,16.916],[-95.324,16.9491]]]},"properties":{"CVE_ENT":"20","CVE_MUN":"412","CVEGEO":"20412","NOMGEO":"Santa María Guienagati"}},
{"type":"Feature","geometry":{"type":"Polygon","coordinates":[[[-97.9407,16.6435],[-97.9764,16.6798],[-98.0278,16.6978],[-98.0234,16.6663],[-98.04,16.6526],[-98.042,16.6363],[-98.0663,16.6129],[-98.071,16.5929],[-98.0882,16.5929],[-98.088,16.5705],[-98.0757,16.5648],[-97.9943,16.5706],[-97.983,16.5741],[-97.9745,16.5585],[-97.9667,16.5477],[-97.9446,16.564],[-97.9347,16.5646],[-97.9196,16.6095],[-97.9407,16.6435]]]},"properties":{"CVE_ENT":"20","CVE_MUN":"415","CVEGEO":"20415","NOMGEO":"Santa María Ipalapa"}},
{"type":"Feature","geometry":{"type":"Polygon","coordinates":[[[-97.4231,17.7793],[-97.4562,17.7913],[-97.4783,17.7808],[-97.4801,17.769],[-97.4833,17.7574],[-97.4779,17.7369],[-97.4701,17.7321],[-97.4322,17.7135],[-97.4023,17.7457],[-97.4154,17.771],[-97.4231,17.7793]]]},"properties":{"CVE_ENT":"20","CVE_MUN":"287","CVEGEO":"20287","NOMGEO":"San Miguel Tulancingo"}},
{"type":"Feature","geometry":{"type":"Polygon","coordinates":[[[-97.0481,17.864],[-97.0758,17.8964],[-97.1088,17.889],[-97.1254,17.9042],[-97.1745,17.9018],[-97.211,17.8642],[-97.2177,17.8661],[-97.2454,17.9153],[-97.2432,17.8125],[-97.1987,17.7966],[-97.1952,17.7843],[-97.1539,17.8043],[-97.1362,17.7998],[-97.1084,17.8108],[-97.0913,17.8386],[-97.0674,17.8557],[-97.0481,17.864]]]},"properties":{"CVE_ENT":"20","CVE_MUN":"416","CVEGEO":"20416","NOMGEO":"Santa María Ixcatlán"}},
{"type":"Feature","geometry":{"type":"Polygon","coordinates":[[[-97.0167,16.7664],[-97.0471,16.7702],[-97.0915,16.7349],[-97.0977,16.7232],[-97.0805,16.701],[-97.0687,16.7076],[-97.0718,16.7185],[-97.0202,16.7202],[-96.9791,16.724],[-96.9808,16.7326],[-97.0158,16.7622],[-97.0167,16.7664]]]},"properties":{"CVE_ENT":"20","CVE_MUN":"420","CVEGEO":"20420","NOMGEO":"Santa María Lachixío"}},
{"type":"Feature","geometry":{"type":"Polygon","coordinates":[[[-95.2071,16.4616],[-95.2428,16.4578],[-95.2634,16.4715],[-95.2746,16.4848],[-95.319,16.4957],[-95.3363,16.4418],[-95.349,16.4259],[-95.2812,16.3585],[-95.2567,16.3488],[-95.2527,16.3608],[-95.2396,16.3651],[-95.2405,16.382],[-95.2173,16.3915],[-95.2018,16.4259],[-95.2137,16.4352],[-95.2071,16.4616]]]},"properties":{"CVE_ENT":"20","CVE_MUN":"421","CVEGEO":"20421","NOMGEO":"Santa María Mixtequilla"}},
{"type":"Feature","geometry":{"type":"Polygon","coordinates":[[[-96.7058,17.8396],[-96.7218,17.8499],[-96.7559,17.8587],[-96.7705,17.85],[-96.7788,17.8342],[-96.805,17.8328],[-96.8127,17.8217],[-96.8253,17.8065],[-96.8314,17.7784],[-96.8162,17.7508],[-96.7891,17.7367],[-96.7818,17.75],[-96.7993,17.7682],[-96.7768,17.8186],[-96.7453,17.8313],[-96.7154,17.8271],[-96.7058,17.8396]]]},"properties":{"CVE_ENT":"20","CVE_MUN":"425","CVEGEO":"20425","NOMGEO":"Santa María Pápalo"}},
{"type":"Feature","geometry":{"type":"Polygon","coordinates":[[[-96.0183,16.2627],[-96.0331,16.2746],[-96.0065,16.2809],[-95.9947,16.3015],[-96.0027,16.3115],[-95.9871,16.3538],[-96.0105,16.3758],[-96.0423,16.3916],[-96.0599,16.3683],[-96.0791,16.3664],[-96.0992,16.3419],[-96.089,16.3011],[-96.0935,16.2881],[-96.1128,16.2709],[-96.1172,16.2535],[-96.1082,16.2241],[-96.0934,16.2215],[-96.0689,16.2404],[-96.0437,16.2353],[-96.0275,16.224],[-96.0188,16.2399],[-96.0183,16.2627]]]},"properties":{"CVE_ENT":"20","CVE_MUN":"428","CVEGEO":"20428","NOMGEO":"Santa María Quiegolani"}},
{"type":"Feature","geometry":{"type":"Polygon","coordinates":[[[-96.146,17.3986],[-96.18,17.3833],[-96.1909,17.3855],[-96.1834,17.3746],[-96.1703,17.3726],[-96.1565,17.3606],[-96.1425,17.3592],[-96.146,17.3986]]]},"properties":{"CVE_ENT":"20","CVE_MUN":"432","CVEGEO":"20432","NOMGEO":"Santa María Temaxcalapa"}},
{"type":"Feature","geometry":{"type":"Polygon","coordinates":[[[-96.9968,16.5921],[-97.0276,16.6061],[-97.0377,16.6186],[-97.0528,16.6085],[-97.0258,16.5971],[-97.0211,16.5755],[-97.0557,16.5717],[-97.0786,16.5565],[-97.0691,16.5345],[-97.0415,16.5152],[-96.9925,16.5487],[-96.9892,16.5847],[-96.9968,16.5921]]]},"properties":{"CVE_ENT":"20","CVE_MUN":"429","CVEGEO":"20429","NOMGEO":"Santa María Sola"}},
{"type":"Feature","geometry":{"type":"Polygon","coordinates":[[[-97.3807,17.0958],[-97.3667,17.1133],[-97.3651,17.1439],[-97.3684,17.156],[-97.3847,17.1765],[-97.4015,17.1771],[-97.403,17.1578],[-97.4236,17.1505],[-97.4375,17.1339],[-97.442,17.1256],[-97.3918,17.1139],[-97.3807,17.0958]]]},"properties":{"CVE_ENT":"20","CVE_MUN":"430","CVEGEO":"20430","NOMGEO":"Santa María Tataltepec"}},
{"type":"Feature","geometry":{"type":"Polygon","coordinates":[[[-97.1152,18.0449],[-97.1438,18.0502],[-97.1701,18.0357],[-97.1923,18.0353],[-97.1952,18.0197],[-97.1958,17.9704],[-97.2454,17.9153],[-97.2177,17.8661],[-97.211,17.8642],[-97.1745,17.9018],[-97.1254,17.9042],[-97.1088,17.889],[-97.0758,17.8964],[-97.0481,17.864],[-97.0117,17.8697],[-97.0309,17.8954],[-97.0198,17.9023],[-97.002,17.9259],[-96.9854,17.9167],[-96.9718,17.9173],[-96.9641,17.9302],[-96.9361,17.9362],[-96.9585,17.9687],[-96.9699,18.0021],[-96.9832,18.027],[-97.0414,17.9883],[-97.0624,17.9994],[-97.0683,17.9921],[-97.0889,18.0094],[-97.1152,18.0449]]]},"properties":{"CVE_ENT":"20","CVE_MUN":"431","CVEGEO":"20431","NOMGEO":"Santa María Tecomavaca"}},
{"type":"Feature","geometry":{"type":"Polygon","coordinates":[[[-97.1362,17.7998],[-97.1539,17.8043],[-97.1952,17.7843],[-97.1666,17.7345],[-97.1612,17.7064],[-97.1379,17.7058],[-97.1069,17.7174],[-97.1139,17.7548],[-97.1147,17.779],[-97.1362,17.7895],[-97.1362,17.7998]]]},"properties":{"CVE_ENT":"20","CVE_MUN":"270","CVEGEO":"20270","NOMGEO":"San Miguel Huautla"}},
{"type":"Feature","geometry":{"type":"Polygon","coordinates":[[[-97.146,16.1376],[-97.1449,16.1698],[-97.1724,16.1673],[-97.18,16.2069],[-97.1993,16.1939],[-97.2198,16.1827],[-97.2241,16.1726],[-97.186,16.1487],[-97.1748,16.1311],[-97.1559,16.1289],[-97.146,16.1376]]]},"properties":{"CVE_ENT":"20","CVE_MUN":"433","CVEGEO":"20433","NOMGEO":"Santa María Temaxcaltepec"}},
{"type":"Feature","geometry":{"type":"Polygon","coordinates":[[[-96.272,17.2931],[-96.2816,17.297],[-96.3402,17.301],[-96.3536,17.292],[-96.3492,17.2716],[-96.3311,17.2741],[-96.2874,17.2425],[-96.2802,17.2306],[-96.2661,17.227],[-96.2534,17.2366],[-96.2618,17.2472],[-96.2509,17.2612],[-96.272,17.2931]]]},"properties":{"CVE_ENT":"20","CVE_MUN":"442","CVEGEO":"20442","NOMGEO":"Santa María Yalina"}},
{"type":"Feature","geometry":{"type":"Polygon","coordinates":[[[-96.7283,17.9583],[-96.7431,17.966],[-96.748,17.9511],[-96.7411,17.9409],[-96.7441,17.9232],[-96.7631,17.8784],[-96.7506,17.8788],[-96.7307,17.8923],[-96.7404,17.9068],[-96.7099,17.9265],[-96.7144,17.9468],[-96.7283,17.9583]]]},"properties":{"CVE_ENT":"20","CVE_MUN":"438","CVEGEO":"20438","NOMGEO":"Santa María Tlalixtac"}},
{"type":"Feature","geometry":{"type":"Polygon","coordinates":[[[-96.9368,18.216],[-96.9409,18.2196],[-96.9635,18.2021],[-97.0041,18.1986],[-96.9951,18.1534],[-96.9691,18.1323],[-96.952,18.146],[-96.9394,18.1715],[-96.9533,18.1781],[-96.9536,18.1946],[-96.9368,18.216]]]},"properties":{"CVE_ENT":"20","CVE_MUN":"434","CVEGEO":"20434","NOMGEO":"Santa María Teopoxco"}},
{"type":"Feature","geometry":{"type":"Polygon","coordinates":[[[-97.4284,16.8884],[-97.4534,16.8996],[-97.4592,16.8948],[-97.4737,16.8859],[-97.4988,16.8879],[-97.5114,16.8722],[-97.4527,16.8769],[-97.408,16.8679],[-97.4284,16.8884]]]},"properties":{"CVE_ENT":"20","CVE_MUN":"444","CVEGEO":"20444","NOMGEO":"Santa María Yolotepec"}},
{"type":"Feature","geometry":{"type":"Polygon","coordinates":[[[-96.4361,17.2593],[-96.4462,17.2615],[-96.4608,17.2465],[-96.452,17.2239],[-96.4487,17.1869],[-96.4402,17.1798],[-96.4292,17.1493],[-96.4087,17.145],[-96.3939,17.1444],[-96.3796,17.155],[-96.3701,17.1613],[-96.3671,17.1879],[-96.3722,17.212],[-96.3618,17.2309],[-96.4108,17.2389],[-96.4361,17.2593]]]},"properties":{"CVE_ENT":"20","CVE_MUN":"443","CVEGEO":"20443","NOMGEO":"Santa María Yavesía"}},
{"type":"Feature","geometry":{"type":"Polygon","coordinates":[[[-97.4755,17.1049],[-97.4906,17.1404],[-97.5129,17.1446],[-97.5297,17.1329],[-97.5199,17.0929],[-97.5048,17.0691],[-97.4775,17.0771],[-97.4713,17.0942],[-97.4755,17.1049]]]},"properties":{"CVE_ENT":"20","CVE_MUN":"445","CVEGEO":"20445","NOMGEO":"Santa María Yosoyúa"}},
{"type":"Feature","geometry":{"type":"Polygon","coordinates":[[[-97.2468,16.6422],[-97.2752,16.6601],[-97.2775,16.6498],[-97.2977,16.6575],[-97.292,16.6703],[-97.3212,16.6895],[-97.4086,16.6858],[-97.4345,16.6783],[-97.4507,16.6646],[-97.4286,16.6184],[-97.4074,16.5965],[-97.3892,16.5783],[-97.3711,16.5906],[-97.3616,16.5857],[-97.3462,16.6133],[-97.331,16.6177],[-97.2948,16.6056],[-97.2731,16.6159],[-97.2573,16.6388],[-97.2468,16.6422]]]},"properties":{"CVE_ENT":"20","CVE_MUN":"448","CVEGEO":"20448","NOMGEO":"Santa María Zaniza"}},
{"type":"Feature","geometry":{"type":"Polygon","coordinates":[[[-96.262,16.6008],[-96.2771,16.5987],[-96.3129,16.6171],[-96.327,16.6206],[-96.397,16.6704],[-96.4152,16.6775],[-96.4228,16.6686],[-96.4722,16.6569],[-96.4958,16.6426],[-96.4721,16.6104],[-96.477,16.5925],[-96.4725,16.5949],[-96.4291,16.4872],[-96.4255,16.4717],[-96.3968,16.4605],[-96.3762,16.4372],[-96.3368,16.4575],[-96.3074,16.4479],[-96.291,16.4396],[-96.2842,16.5223],[-96.2799,16.536],[-96.2595,16.5329],[-96.2441,16.5857],[-96.262,16.6008]]]},"properties":{"CVE_ENT":"20","CVE_MUN":"449","CVEGEO":"20449","NOMGEO":"Santa María Zoquitlán"}},
{"type":"Feature","geometry":{"type":"Polygon","coordinates":[[[-96.7,16.7967],[-96.7014,16.8106],[-96.7144,16.8124],[-96.7516,16.8132],[-96.7513,16.8115],[-96.7544,16.7975],[-96.7589,16.7745],[-96.7359,16.792],[-96.7251,16.7928],[-96.7008,16.773],[-96.7,16.7967]]]},"properties":{"CVE_ENT":"20","CVE_MUN":"452","CVEGEO":"20452","NOMGEO":"Santiago Apóstol"}},
{"type":"Feature","geometry":{"type":"Polygon","coordinates":[[[-95.5363,16.0631],[-95.5939,16.0244],[-95.6172,16.0198],[-95.665,15.9939],[-95.6992,15.9887],[-95.7072,15.9606],[-95.7121,15.9078],[-95.6611,15.913],[-95.6453,15.9234],[-95.6203,15.928],[-95.6036,15.943],[-95.5844,15.9445],[-95.5727,15.9563],[-95.5137,15.9638],[-95.5201,15.9876],[-95.5191,16.0033],[-95.5363,16.0631]]]},"properties":{"CVE_ENT":"20","CVE_MUN":"453","CVEGEO":"20453","NOMGEO":"Santiago Astata"}},
{"type":"Feature","geometry":{"type":"Polygon","coordinates":[[[-95.9094,17.1244],[-95.9268,17.1394],[-95.9627,17.1372],[-95.9701,17.1243],[-95.964,17.1138],[-95.9944,17.1049],[-95.968,17.0805],[-95.9608,17.083],[-95.9416,17.0881],[-95.9116,17.0659],[-95.902,17.0632],[-95.8816,17.043],[-95.8709,17.0465],[-95.8674,17.0677],[-95.8812,17.1063],[-95.8928,17.1084],[-95.9094,17.1244]]]},"properties":{"CVE_ENT":"20","CVE_MUN":"454","CVEGEO":"20454","NOMGEO":"Santiago Atitlán"}},
{"type":"Feature","geometry":{"type":"Polygon","coordinates":[[[-97.9945,17.9747],[-98.0152,17.9806],[-98.0298,17.9918],[-98.0516,17.9822],[-98.0516,17.9275],[-98.0102,17.9333],[-97.9833,17.9244],[-97.9891,17.9065],[-97.9827,17.8859],[-97.9085,17.849],[-97.9069,17.8994],[-97.9031,17.9092],[-97.9076,17.9101],[-97.9094,17.9106],[-97.9106,17.9117],[-97.914,17.912],[-97.9208,17.9173],[-97.9363,17.9172],[-97.9363,17.9253],[-97.9582,17.9505],[-97.967,17.9364],[-98.0042,17.9523],[-98.0049,17.9666],[-97.9945,17.9747]]]},"properties":{"CVE_ENT":"20","CVE_MUN":"455","CVEGEO":"20455","NOMGEO":"Santiago Ayuquililla"}},
{"type":"Feature","geometry":{"type":"Polygon","coordinates":[[[-96.2676,17.7111],[-96.2823,17.7267],[-96.3043,17.7194],[-96.3163,17.6976],[-96.3657,17.67],[-96.3856,17.6685],[-96.4076,17.643],[-96.3822,17.6267],[-96.3967,17.6196],[-96.4182,17.5941],[-96.4413,17.5861],[-96.4657,17.5984],[-96.5029,17.587],[-96.5185,17.5883],[-96.537,17.5701],[-96.5603,17.5788],[-96.5697,17.598],[-96.5811,17.5905],[-96.5854,17.5708],[-96.5727,17.5509],[-96.5362,17.5472],[-96.5211,17.5547],[-96.4874,17.5598],[-96.4449,17.55],[-96.4166,17.5533],[-96.3958,17.57],[-96.3748,17.5699],[-96.3692,17.5814],[-96.3475,17.5899],[-96.3397,17.5822],[-96.2944,17.6057],[-96.3006,17.6314],[-96.2867,17.6573],[-96.2909,17.6824],[-96.2676,17.7111]]]},"properties":{"CVE_ENT":"20","CVE_MUN":"458","CVEGEO":"20458","NOMGEO":"Santiago Comaltepec"}},
{"type":"Feature","geometry":{"type":"Polygon","coordinates":[[[-98.0709,17.4843],[-98.0856,17.4677],[-98.1079,17.4593],[-98.116,17.4346],[-98.1247,17.4296],[-98.1397,17.3943],[-98.1413,17.3802],[-98.1363,17.3859],[-98.0983,17.3946],[-98.0928,17.416],[-98.0708,17.4489],[-98.0646,17.4729],[-98.0709,17.4843]]]},"properties":{"CVE_ENT":"20","CVE_MUN":"461","CVEGEO":"20461","NOMGEO":"Santiago del Río"}},
{"type":"Feature","geometry":{"type":"Polygon","coordinates":[[[-97.6188,17.8236],[-97.683,17.8318],[-97.6947,17.8414],[-97.695,17.8651],[-97.7153,17.8863],[-97.7185,17.8729],[-97.7341,17.854],[-97.7429,17.8219],[-97.7303,17.8031],[-97.7321,17.7837],[-97.7229,17.7685],[-97.6897,17.7423],[-97.6353,17.7456],[-97.6449,17.7682],[-97.6502,17.7855],[-97.634,17.799],[-97.6188,17.8236]]]},"properties":{"CVE_ENT":"20","CVE_MUN":"462","CVEGEO":"20462","NOMGEO":"Santiago Huajolotitlán"}},
{"type":"Feature","geometry":{"type":"Polygon","coordinates":[[[-97.393,17.8631],[-97.4064,17.8687],[-97.4359,17.8919],[-97.4502,17.9085],[-97.5221,17.9393],[-97.5305,17.9308],[-97.5257,17.9176],[-97.4869,17.9086],[-97.4703,17.8897],[-97.4338,17.8772],[-97.4278,17.8289],[-97.4002,17.8232],[-97.3959,17.8242],[-97.3886,17.8259],[-97.393,17.8631]]]},"properties":{"CVE_ENT":"20","CVE_MUN":"464","CVEGEO":"20464","NOMGEO":"Santiago Ihuitlán Plumas"}},
{"type":"Feature","geometry":{"type":"Polygon","coordinates":[[[-95.531,16.9493],[-95.5399,16.9482],[-95.5632,16.9817],[-95.5822,16.9898],[-95.6053,16.9785],[-95.6068,16.9707],[-95.65,16.936],[-95.6584,16.9076],[-95.6136,16.8887],[-95.6097,16.8775],[-95.5916,16.8746],[-95.5773,16.8654],[-95.5804,16.8824],[-95.5491,16.902],[-95.5211,16.8991],[-95.518,16.8986],[-95.5094,16.8984],[-95.4998,16.9099],[-95.4951,16.9203],[-95.5027,16.9299],[-95.5238,16.9396],[-95.531,16.9493]]]},"properties":{"CVE_ENT":"20","CVE_MUN":"465","CVEGEO":"20465","NOMGEO":"Santiago Ixcuintepec"}},
{"type":"Feature","geometry":{"type":"Polygon","coordinates":[[[-96.2186,17.4237],[-96.2399,17.4484],[-96.2518,17.4423],[-96.2859,17.4093],[-96.2709,17.3948],[-96.2695,17.3849],[-96.2442,17.387],[-96.2363,17.4042],[-96.2186,17.4237]]]},"properties":{"CVE_ENT":"20","CVE_MUN":"471","CVEGEO":"20471","NOMGEO":"Santiago Lalopa"}},
{"type":"Feature","geometry":{"type":"Polygon","coordinates":[[[-95.2354,16.7254],[-95.2481,16.7303],[-95.2608,16.7012],[-95.3006,16.6979],[-95.3054,16.6568],[-95.3116,16.6405],[-95.3352,16.6291],[-95.3531,16.6437],[-95.3756,16.6327],[-95.3801,16.6016],[-95.3428,16.6025],[-95.3315,16.5749],[-95.2659,16.5444],[-95.2023,16.5355],[-95.1869,16.5525],[-95.1862,16.5801],[-95.1799,16.6093],[-95.1984,16.6235],[-95.1997,16.7117],[-95.2354,16.7254]]]},"properties":{"CVE_ENT":"20","CVE_MUN":"472","CVEGEO":"20472","NOMGEO":"Santiago Laollaga"}},
{"type":"Feature","geometry":{"type":"Polygon","coordinates":[[[-96.2661,17.227],[-96.2802,17.2306],[-96.2874,17.2425],[-96.3311,17.2741],[-96.3492,17.2716],[-96.3571,17.2647],[-96.3618,17.2309],[-96.3722,17.212],[-96.3671,17.1879],[-96.3701,17.1613],[-96.3796,17.155],[-96.3605,17.1335],[-96.356,17.1213],[-96.3235,17.1424],[-96.3041,17.1388],[-96.2727,17.1579],[-96.2742,17.1652],[-96.2878,17.1648],[-96.3155,17.1786],[-96.3359,17.1819],[-96.314,17.204],[-96.2932,17.1931],[-96.2718,17.1926],[-96.2547,17.2001],[-96.2661,17.227]]]},"properties":{"CVE_ENT":"20","CVE_MUN":"473","CVEGEO":"20473","NOMGEO":"Santiago Laxopa"}},
{"type":"Feature","geometry":{"type":"Polygon","coordinates":[[[-98.2928,16.5578],[-98.2917,16.5701],[-98.3166,16.5699],[-98.318,16.5386],[-98.3122,16.509],[-98.3137,16.4767],[-98.2924,16.469],[-98.2834,16.4588],[-98.2561,16.4454],[-98.2569,16.4111],[-98.2203,16.4057],[-98.2166,16.4366],[-98.2069,16.4393],[-98.2126,16.4591],[-98.2079,16.4759],[-98.1972,16.4773],[-98.2115,16.48],[-98.2012,16.4971],[-98.2023,16.5103],[-98.2777,16.5128],[-98.2822,16.5464],[-98.2928,16.5578]]]},"properties":{"CVE_ENT":"20","CVE_MUN":"474","CVEGEO":"20474","NOMGEO":"Santiago Llano Grande"}},
{"type":"Feature","geometry":{"type":"Polygon","coordinates":[[[-96.325,16.8583],[-96.3332,16.8748],[-96.3537,16.8863],[-96.3938,16.9009],[-96.4152,16.9185],[-96.4233,16.9051],[-96.4219,16.8847],[-96.4263,16.8412],[-96.439,16.8333],[-96.4851,16.8625],[-96.4986,16.8621],[-96.5185,16.8678],[-96.5338,16.8517],[-96.5187,16.832],[-96.5057,16.8251],[-96.4917,16.7948],[-96.4548,16.7662],[-96.4666,16.7599],[-96.4326,16.7397],[-96.4189,16.7362],[-96.4122,16.7225],[-96.4151,16.6944],[-96.4049,16.6934],[-96.4039,16.6971],[-96.4157,16.7393],[-96.4139,16.8051],[-96.3668,16.8192],[-96.3491,16.8036],[-96.336,16.8381],[-96.325,16.8583]]]},"properties":{"CVE_ENT":"20","CVE_MUN":"475","CVEGEO":"20475","NOMGEO":"Santiago Matatlán"}},
{"type":"Feature","geometry":{"type":"Polygon","coordinates":[[[-97.6801,17.9501],[-97.674,17.9661],[-97.6892,17.9883],[-97.6865,18.0287],[-97.6988,18.0217],[-97.6997,18.0016],[-97.7187,18.0038],[-97.7285,18.0122],[-97.7535,18.0047],[-97.7664,18.0059],[-97.7679,17.9767],[-97.752,17.9729],[-97.7446,17.9562],[-97.7072,17.9467],[-97.6801,17.9501]]]},"properties":{"CVE_ENT":"20","CVE_MUN":"476","CVEGEO":"20476","NOMGEO":"Santiago Miltepec"}},
{"type":"Feature","geometry":{"type":"Polygon","coordinates":[[[-96.7513,16.8115],[-96.7638,16.7981],[-96.7544,16.7975],[-96.7513,16.8115]]]},"properties":{"CVE_ENT":"20","CVE_MUN":"389","CVEGEO":"20389","NOMGEO":"Santa Inés Yatzeche"}},
{"type":"Feature","geometry":{"type":"Polygon","coordinates":[[[-96.8779,17.5889],[-96.946,17.6013],[-96.9475,17.6162],[-96.9788,17.6035],[-96.9995,17.5894],[-97.008,17.5667],[-96.9874,17.556],[-96.9808,17.5457],[-96.9592,17.545],[-96.9559,17.5366],[-96.9453,17.4846],[-96.9281,17.4489],[-96.9332,17.4313],[-96.9302,17.4131],[-96.8725,17.4471],[-96.8531,17.477],[-96.8278,17.4823],[-96.8239,17.491],[-96.7959,17.4895],[-96.7996,17.4989],[-96.8377,17.509],[-96.8666,17.5282],[-96.8779,17.5889]]]},"properties":{"CVE_ENT":"20","CVE_MUN":"478","CVEGEO":"20478","NOMGEO":"Santiago Nacaltepec"}},
{"type":"Feature","geometry":{"type":"Polygon","coordinates":[[[-96.4685,15.97],[-96.5002,15.9972],[-96.52,16.0025],[-96.5437,15.9964],[-96.5488,15.9776],[-96.539,15.9708],[-96.5406,15.9325],[-96.5605,15.9152],[-96.5732,15.9206],[-96.5841,15.8982],[-96.5828,15.8715],[-96.5884,15.8376],[-96.5774,15.8274],[-96.5663,15.7964],[-96.5312,15.8102],[-96.5043,15.8199],[-96.4894,15.8399],[-96.4856,15.8567],[-96.4895,15.887],[-96.4945,15.9094],[-96.4904,15.9256],[-96.4739,15.9367],[-96.4641,15.9655],[-96.4685,15.97]]]},"properties":{"CVE_ENT":"20","CVE_MUN":"012","CVEGEO":"20012","NOMGEO":"Candelaria Loxicha"}},
{"type":"Feature","geometry":{"type":"Polygon","coordinates":[[[-96.7525,16.7298],[-96.7689,16.7426],[-96.7782,16.7335],[-96.7625,16.7159],[-96.7448,16.7213],[-96.745,16.705],[-96.7721,16.7038],[-96.7826,16.692],[-96.8248,16.7131],[-96.8442,16.7097],[-96.8454,16.694],[-96.8356,16.6848],[-96.8442,16.6736],[-96.8464,16.6479],[-96.8535,16.6319],[-96.8375,16.618],[-96.8252,16.6308],[-96.8146,16.6578],[-96.7929,16.6548],[-96.796,16.6384],[-96.7806,16.6346],[-96.7699,16.6224],[-96.7689,16.6069],[-96.7849,16.5859],[-96.7491,16.5819],[-96.7434,16.589],[-96.7479,16.6181],[-96.7187,16.6088],[-96.7277,16.5828],[-96.745,16.5721],[-96.7676,16.5623],[-96.7863,16.5489],[-96.7769,16.5399],[-96.7646,16.5228],[-96.7528,16.4908],[-96.7659,16.4936],[-96.7949,16.4885],[-96.8047,16.4762],[-96.8258,16.4772],[-96.8588,16.4915],[-96.865,16.4808],[-96.8545,16.4622],[-96.8497,16.4578],[-96.8321,16.4528],[-96.8047,16.4618],[-96.7792,16.4803],[-96.7371,16.4785],[-96.7032,16.4951],[-96.6963,16.5182],[-96.6831,16.5353],[-96.6974,16.543],[-96.6785,16.5605],[-96.6772,16.5825],[-96.6681,16.5924],[-96.639,16.554],[-96.6141,16.5414],[-96.6108,16.5285],[-96.593,16.5285],[-96.6016,16.602],[-96.5937,16.6185],[-96.612,16.6217],[-96.6021,16.6478],[-96.6419,16.63],[-96.643,16.6171],[-96.6556,16.6112],[-96.6914,16.6328],[-96.712,16.6368],[-96.7102,16.6469],[-96.7165,16.6412],[-96.7432,16.6458],[-96.7384,16.6723],[-96.7284,16.677],[-96.7204,16.697],[-96.7333,16.697],[-96.7272,16.7211],[-96.7291,16.7302],[-96.7525,16.7298]]]},"properties":{"CVE_ENT":"20","CVE_MUN":"028","CVEGEO":"20028","NOMGEO":"Heroica Ciudad de Ejutla de Crespo"}},
{"type":"Feature","geometry":{"type":"MultiPolygon","coordinates":[[[[-97.772,17.977],[-97.7745,17.971],[-97.7896,17.9618],[-97.8043,17.9578],[-97.8107,17.9499],[-97.8112,17.9381],[-97.8192,17.9158],[-97.8126,17.9117],[-97.804,17.9025],[-97.8107,17.8847],[-97.8042,17.8648],[-97.8047,17.8465],[-97.8308,17.8571],[-97.8437,17.8446],[-97.8582,17.8645],[-97.8621,17.8867],[-97.8742,17.9],[-97.8794,17.9147],[-97.8814,17.9172],[-97.8847,17.9137],[-97.8978,17.9125],[-97.9031,17.9092],[-97.9031,17.9085],[-97.9031,17.9075],[-97.904,17.9063],[-97.9069,17.8994],[-97.9078,17.8354],[-97.8536,17.8469],[-97.8338,17.8235],[-97.826,17.7847],[-97.8563,17.7707],[-97.8808,17.7696],[-97.897,17.7815],[-97.9026,17.7702],[-97.8927,17.749],[-97.852,17.7297],[-97.8345,17.7306],[-97.8104,17.7529],[-97.7915,17.7339],[-97.7777,17.7348],[-97.7721,17.7209],[-97.7507,17.7392],[-97.7538,17.7506],[-97.7349,17.7654],[-97.7303,17.8031],[-97.7429,17.8219],[-97.7341,17.854],[-97.7185,17.8729],[-97.7212,17.8947],[-97.7129,17.9104],[-97.745,17.948],[-97.752,17.9729],[-97.772,17.977]]],[[[-97.7983,18.0408],[-97.8125,18.0289],[-97.837,18.0314],[-97.8427,18.0189],[-97.8426,17.9961],[-97.8214,17.9882],[-97.8099,17.9983],[-97.7909,18.0042],[-97.7968,18.0162],[-97.7978,18.0335],[-97.7985,18.0358],[-97.7983,18.0408]]]]},"properties":{"CVE_ENT":"20","CVE_MUN":"039","CVEGEO":"20039","NOMGEO":"Heroica Ciudad de Huajuapan de León"}},
{"type":"Feature","geometry":{"type":"MultiPolygon","coordinates":[[[[-95.9547,16.6579],[-95.9833,16.6509],[-96.0104,16.6524],[-96.0336,16.6323],[-96.0487,16.6283],[-96.0448,16.5665],[-96.0606,16.5234],[-96.0597,16.5052],[-96.0351,16.4888],[-96.0185,16.4629],[-95.9826,16.4656],[-95.9833,16.4948],[-95.9823,16.5073],[-95.9848,16.5169],[-95.9988,16.5313],[-95.9488,16.5475],[-95.9296,16.5881],[-95.9294,16.5978],[-95.9493,16.6169],[-95.9571,16.6411],[-95.9547,16.6579]]],[[[-95.583,16.8676],[-95.5882,16.8687],[-95.5911,16.8713],[-95.5918,16.874],[-95.5929,16.8732],[-95.5948,16.8724],[-95.6096,16.8647],[-95.6194,16.8743],[-95.6411,16.8538],[-95.6194,16.8498],[-95.6073,16.8383],[-95.6177,16.8273],[-95.6562,16.8109],[-95.6799,16.8247],[-95.688,16.8148],[-95.6716,16.8044],[-95.7091,16.7881],[-95.7085,16.7688],[-95.7523,16.7245],[-95.7357,16.7172],[-95.7397,16.7021],[-95.7583,16.6963],[-95.7568,16.6675],[-95.7883,16.6431],[-95.7832,16.6199],[-95.7751,16.6082],[-95.7552,16.5626],[-95.7463,16.5873],[-95.7292,16.609],[-95.6947,16.6143],[-95.6891,16.6147],[-95.6765,16.6376],[-95.6613,16.6486],[-95.6516,16.6718],[-95.6646,16.6895],[-95.6732,16.6917],[-95.6747,16.7043],[-95.6286,16.7306],[-95.6119,16.7131],[-95.6008,16.7391],[-95.5681,16.7686],[-95.5647,16.8112],[-95.5928,16.8214],[-95.565,16.8444],[-95.583,16.8676]]]]},"properties":{"CVE_ENT":"20","CVE_MUN":"064","CVEGEO":"20064","NOMGEO":"Nejapa de Madero"}},
{"type":"Feature","geometry":{"type":"Polygon","coordinates":[[[-94.4234,16.5711],[-94.4157,16.5852],[-94.464,16.5948],[-94.4684,16.6382],[-94.4798,16.6376],[-94.4901,16.6],[-94.6371,16.6299],[-94.6198,16.6003],[-94.6385,16.6017],[-94.6589,16.595],[-94.6621,16.5775],[-94.6813,16.5747],[-94.6834,16.5551],[-94.7035,16.5658],[-94.7277,16.4889],[-94.7492,16.4591],[-94.782,16.4529],[-94.7889,16.4461],[-94.7695,16.4304],[-94.7641,16.4021],[-94.7319,16.416],[-94.7082,16.4444],[-94.6417,16.4352],[-94.6108,16.4373],[-94.5785,16.4452],[-94.5651,16.442],[-94.4976,16.4392],[-94.4707,16.4199],[-94.4816,16.4488],[-94.4702,16.4749],[-94.4696,16.4946],[-94.4554,16.513],[-94.4234,16.5711]]]},"properties":{"CVE_ENT":"20","CVE_MUN":"066","CVEGEO":"20066","NOMGEO":"Santiago Niltepec"}},
{"type":"Feature","geometry":{"type":"Polygon","coordinates":[[[-96.688,17.0907],[-96.6839,17.1244],[-96.6727,17.164],[-96.7104,17.1559],[-96.7477,17.1385],[-96.7713,17.1311],[-96.7782,17.1228],[-96.7664,17.112],[-96.7552,17.1094],[-96.7577,17.0796],[-96.7729,17.048],[-96.7637,17.0451],[-96.7232,17.0464],[-96.7129,17.0293],[-96.7047,17.0337],[-96.7068,17.043],[-96.7045,17.0507],[-96.7055,17.0513],[-96.7096,17.0575],[-96.7064,17.0818],[-96.6959,17.0817],[-96.688,17.0907]]]},"properties":{"CVE_ENT":"20","CVE_MUN":"067","CVEGEO":"20067","NOMGEO":"Oaxaca de Juárez"}},
{"type":"Feature","geometry":{"type":"Polygon","coordinates":[[[-96.6809,16.8391],[-96.6768,16.8733],[-96.6834,16.8549],[-96.6971,16.8405],[-96.6989,16.8284],[-96.6708,16.8107],[-96.6734,16.7999],[-96.7,16.7967],[-96.7008,16.773],[-96.7251,16.7928],[-96.7359,16.792],[-96.7589,16.7745],[-96.7758,16.7654],[-96.7957,16.7434],[-96.8015,16.7377],[-96.8248,16.7131],[-96.7826,16.692],[-96.7721,16.7038],[-96.745,16.705],[-96.7448,16.7213],[-96.7625,16.7159],[-96.7782,16.7335],[-96.7689,16.7426],[-96.7525,16.7298],[-96.7503,16.7511],[-96.7405,16.7572],[-96.7232,16.7482],[-96.7221,16.7518],[-96.7405,16.7626],[-96.7298,16.7727],[-96.712,16.763],[-96.6976,16.7631],[-96.6894,16.7471],[-96.6704,16.7643],[-96.6573,16.7648],[-96.6437,16.7458],[-96.6488,16.7358],[-96.6575,16.7206],[-96.6374,16.7113],[-96.6226,16.7065],[-96.6066,16.7264],[-96.6115,16.7357],[-96.6339,16.7486],[-96.6384,16.7668],[-96.6332,16.8067],[-96.6177,16.8268],[-96.6557,16.8274],[-96.6591,16.816],[-96.6894,16.8268],[-96.6809,16.8391]]]},"properties":{"CVE_ENT":"20","CVE_MUN":"068","CVEGEO":"20068","NOMGEO":"Ocotlán de Morelos"}},
{"type":"Feature","geometry":{"type":"MultiPolygon","coordinates":[[[[-97.7326,16.8165],[-97.7478,16.8161],[-97.7711,16.7976],[-97.7827,16.8199],[-97.8111,16.8131],[-97.8082,16.784],[-97.8216,16.7808],[-97.8088,16.7638],[-97.7944,16.7572],[-97.7684,16.7625],[-97.7326,16.8165]]],[[[-98.0302,17.0158],[-98.0575,17.0238],[-98.0752,17.0072],[-98.102,16.9603],[-98.0489,16.9717],[-98.0262,16.9667],[-97.9939,16.9864],[-97.9625,16.9705],[-97.9498,16.9478],[-97.9531,16.9286],[-97.943,16.9051],[-97.9314,16.9046],[-97.9139,16.8904],[-97.8715,16.8995],[-97.8719,16.9284],[-97.8553,16.931],[-97.8481,16.924],[-97.8455,16.9215],[-97.8287,16.9264],[-97.8267,16.9605],[-97.817,16.967],[-97.8242,17.005],[-97.8373,17.0258],[-97.8409,17.0519],[-97.835,17.0719],[-97.8439,17.0788],[-97.8483,17.0779],[-97.8532,17.0869],[-97.839,17.1129],[-97.8262,17.1116],[-97.811,17.1195],[-97.8131,17.1389],[-97.8068,17.1474],[-97.8203,17.1836],[-97.8296,17.1843],[-97.8347,17.1821],[-97.8356,17.1848],[-97.8407,17.1858],[-97.8549,17.2078],[-97.8789,17.1971],[-97.8832,17.1878],[-97.8823,17.1822],[-97.886,17.177],[-97.8814,17.1495],[-97.8929,17.1273],[-97.8822,17.0931],[-97.874,17.0954],[-97.876,17.0618],[-97.8911,17.0459],[-97.9092,17.0487],[-97.9263,17.0494],[-97.9402,17.0277],[-97.9506,17.0272],[-98.0088,17.0112],[-98.0196,17.0044],[-98.0302,17.0158]]]]},"properties":{"CVE_ENT":"20","CVE_MUN":"073","CVEGEO":"20073","NOMGEO":"Putla Villa de Guerrero"}},
{"type":"Feature","geometry":{"type":"Polygon","coordinates":[[[-96.5249,16.0138],[-96.5374,16.014],[-96.5514,16.0254],[-96.5399,16.0396],[-96.5734,16.0633],[-96.5773,16.0818],[-96.6275,16.0942],[-96.6503,16.0858],[-96.6561,16.055],[-96.6956,16.0286],[-96.7081,16.0263],[-96.6822,15.9786],[-96.6838,15.965],[-96.7004,15.9068],[-96.6997,15.862],[-96.7023,15.8412],[-96.6672,15.8716],[-96.6392,15.9008],[-96.6313,15.8747],[-96.6023,15.8655],[-96.5828,15.8715],[-96.5841,15.8982],[-96.5732,15.9206],[-96.5605,15.9152],[-96.5406,15.9325],[-96.539,15.9708],[-96.5488,15.9776],[-96.5437,15.9964],[-96.52,16.0025],[-96.5249,16.0138]]]},"properties":{"CVE_ENT":"20","CVE_MUN":"085","CVEGEO":"20085","NOMGEO":"San Agustín Loxicha"}},
{"type":"Feature","geometry":{"type":"Polygon","coordinates":[[[-97.8481,16.924],[-97.8553,16.931],[-97.8719,16.9284],[-97.8715,16.8995],[-97.9032,16.8922],[-97.8787,16.8635],[-97.8705,16.8484],[-97.8795,16.8333],[-97.8666,16.8268],[-97.864,16.7859],[-97.8458,16.744],[-97.8248,16.752],[-97.7984,16.7153],[-97.7684,16.7625],[-97.7944,16.7572],[-97.8088,16.7638],[-97.8216,16.7808],[-97.8082,16.784],[-97.8111,16.8131],[-97.7827,16.8199],[-97.7711,16.7976],[-97.7478,16.8161],[-97.7304,16.8185],[-97.7104,16.8418],[-97.694,16.8511],[-97.6857,16.8679],[-97.6693,16.8808],[-97.6565,16.9187],[-97.6994,16.9162],[-97.7332,16.9001],[-97.8452,16.9026],[-97.8481,16.924]]]},"properties":{"CVE_ENT":"20","CVE_MUN":"088","CVEGEO":"20088","NOMGEO":"San Andrés Cabecera Nueva"}},
{"type":"Feature","geometry":{"type":"Polygon","coordinates":[[[-96.833,17.2842],[-96.8598,17.26],[-96.8755,17.2676],[-96.9203,17.2641],[-96.9656,17.2471],[-96.9685,17.2244],[-96.9953,17.2072],[-96.9839,17.1955],[-96.9836,17.178],[-96.9827,17.1778],[-96.9353,17.2031],[-96.9078,17.214],[-96.8768,17.2087],[-96.8505,17.214],[-96.8461,17.222],[-96.842,17.2385],[-96.8311,17.2427],[-96.833,17.2842]]]},"properties":{"CVE_ENT":"20","CVE_MUN":"483","CVEGEO":"20483","NOMGEO":"Santiago Suchilquitongo"}},
{"type":"Feature","geometry":{"type":"Polygon","coordinates":[[[-97.4322,17.7135],[-97.4701,17.7321],[-97.4944,17.721],[-97.5103,17.7166],[-97.5235,17.7027],[-97.5251,17.6676],[-97.5134,17.6291],[-97.5017,17.6146],[-97.4688,17.6056],[-97.459,17.5981],[-97.4231,17.621],[-97.4093,17.6481],[-97.3846,17.6569],[-97.4009,17.6834],[-97.4322,17.7135]]]},"properties":{"CVE_ENT":"20","CVE_MUN":"486","CVEGEO":"20486","NOMGEO":"Villa Tejúpam de la Unión"}},
{"type":"Feature","geometry":{"type":"Polygon","coordinates":[[[-97.5134,17.6291],[-97.5375,17.6287],[-97.5642,17.6168],[-97.5626,17.5945],[-97.5522,17.582],[-97.5532,17.5581],[-97.5349,17.5453],[-97.5171,17.5421],[-97.509,17.5589],[-97.497,17.585],[-97.5017,17.6146],[-97.5134,17.6291]]]},"properties":{"CVE_ENT":"20","CVE_MUN":"093","CVEGEO":"20093","NOMGEO":"San Andrés Lagunas"}},
{"type":"Feature","geometry":{"type":"Polygon","coordinates":[[[-96.7488,15.9933],[-96.7552,16.0039],[-96.758,16.0295],[-96.7686,16.0481],[-96.7736,16.0689],[-96.7602,16.0839],[-96.756,16.1099],[-96.762,16.1275],[-96.7816,16.1221],[-96.7922,16.1023],[-96.8229,16.0997],[-96.8317,16.0938],[-96.8368,16.0755],[-96.8219,16.051],[-96.8352,16.0263],[-96.8453,16.0221],[-96.8373,15.9888],[-96.8265,15.9765],[-96.8288,15.9609],[-96.8285,15.9603],[-96.7828,15.9685],[-96.7772,15.9647],[-96.7488,15.9933]]]},"properties":{"CVE_ENT":"20","CVE_MUN":"113","CVEGEO":"20113","NOMGEO":"San Baltazar Loxicha"}},
{"type":"Feature","geometry":{"type":"Polygon","coordinates":[[[-96.9637,17.2873],[-96.9629,17.3145],[-96.9746,17.3413],[-96.9823,17.3451],[-96.9965,17.3879],[-97.0104,17.3762],[-97.0205,17.3494],[-97.0202,17.3381],[-97.0336,17.329],[-97.0341,17.2969],[-97.0281,17.2873],[-97.033,17.2632],[-97.0314,17.2319],[-96.9953,17.2072],[-96.9685,17.2244],[-96.9656,17.2471],[-96.9637,17.2873]]]},"properties":{"CVE_ENT":"20","CVE_MUN":"487","CVEGEO":"20487","NOMGEO":"Santiago Tenango"}},
{"type":"Feature","geometry":{"type":"Polygon","coordinates":[[[-97.4154,17.771],[-97.3742,17.7778],[-97.3959,17.8242],[-97.4002,17.8232],[-97.4072,17.7938],[-97.4231,17.7793],[-97.4154,17.771]]]},"properties":{"CVE_ENT":"20","CVE_MUN":"488","CVEGEO":"20488","NOMGEO":"Santiago Tepetlapa"}},
{"type":"Feature","geometry":{"type":"Polygon","coordinates":[[[-96.3536,17.292],[-96.3633,17.3123],[-96.3863,17.303],[-96.4155,17.2997],[-96.4346,17.2959],[-96.4596,17.2881],[-96.4382,17.2784],[-96.4361,17.2593],[-96.4108,17.2389],[-96.3618,17.2309],[-96.3571,17.2647],[-96.3492,17.2716],[-96.3536,17.292]]]},"properties":{"CVE_ENT":"20","CVE_MUN":"496","CVEGEO":"20496","NOMGEO":"Santiago Xiacuí"}},
{"type":"Feature","geometry":{"type":"Polygon","coordinates":[[[-96.5828,15.8715],[-96.6023,15.8655],[-96.6313,15.8747],[-96.6392,15.9008],[-96.6672,15.8716],[-96.7023,15.8412],[-96.7042,15.8368],[-96.6763,15.8109],[-96.6744,15.7965],[-96.6633,15.7855],[-96.6448,15.7899],[-96.6199,15.7882],[-96.5905,15.7987],[-96.5663,15.7964],[-96.5774,15.8274],[-96.5884,15.8376],[-96.5828,15.8715]]]},"properties":{"CVE_ENT":"20","CVE_MUN":"509","CVEGEO":"20509","NOMGEO":"Santo Domingo de Morelos"}},
{"type":"Feature","geometry":{"type":"Polygon","coordinates":[[[-94.8144,16.5193],[-94.8391,16.5337],[-94.8449,16.5164],[-94.8579,16.519],[-94.8735,16.5328],[-94.893,16.5266],[-94.9024,16.5172],[-94.904,16.4964],[-94.8867,16.4596],[-94.8698,16.4632],[-94.8385,16.4406],[-94.8377,16.4578],[-94.8241,16.4679],[-94.7889,16.4461],[-94.782,16.4529],[-94.7492,16.4591],[-94.7277,16.4889],[-94.7418,16.4984],[-94.7852,16.5077],[-94.8144,16.5193]]]},"properties":{"CVE_ENT":"20","CVE_MUN":"557","CVEGEO":"20557","NOMGEO":"Unión Hidalgo"}},
{"type":"Feature","geometry":{"type":"Polygon","coordinates":[[[-96.3796,17.155],[-96.3939,17.1444],[-96.4087,17.145],[-96.445,17.124],[-96.4672,17.107],[-96.4698,17.0924],[-96.4669,17.0514],[-96.4461,17.0377],[-96.4407,17.0142],[-96.451,16.9848],[-96.4593,16.9665],[-96.4179,16.9583],[-96.4089,16.952],[-96.366,16.9952],[-96.3246,16.9852],[-96.3328,17.0323],[-96.3071,17.0313],[-96.2943,17.0547],[-96.242,17.0771],[-96.2489,17.0958],[-96.3036,17.1037],[-96.3526,17.1057],[-96.356,17.1213],[-96.3605,17.1335],[-96.3796,17.155]]]},"properties":{"CVE_ENT":"20","CVE_MUN":"560","CVEGEO":"20560","NOMGEO":"Villa Díaz Ordaz"}},
{"type":"Feature","geometry":{"type":"Polygon","coordinates":[[[-96.1387,17.2073],[-96.1638,17.2112],[-96.169,17.23],[-96.1842,17.2372],[-96.1935,17.1908],[-96.2002,17.1772],[-96.1791,17.1453],[-96.1621,17.1321],[-96.1618,17.1322],[-96.1425,17.1496],[-96.1303,17.1517],[-96.1172,17.1662],[-96.1161,17.1922],[-96.1387,17.2073]]]},"properties":{"CVE_ENT":"20","CVE_MUN":"038","CVEGEO":"20038","NOMGEO":"Villa Hidalgo Yalálag"}},
{"type":"Feature","geometry":{"type":"Polygon","coordinates":[[[-96.7102,16.6469],[-96.7096,16.6553],[-96.7284,16.677],[-96.7384,16.6723],[-96.7432,16.6458],[-96.7165,16.6412],[-96.7102,16.6469]]]},"properties":{"CVE_ENT":"20","CVE_MUN":"238","CVEGEO":"20238","NOMGEO":"Heroico San Martín de los Cansecos"}}
]}