{"type":"FeatureCollection", "features": [
{"type":"Feature","geometry":{"type":"Polygon","coordinates":[[[-92.4778,16.4827],[-92.5047,16.4807],[-92.5366,16.4547],[-92.5421,16.4656],[-92.5766,16.4861],[-92.5946,16.4878],[-92.5954,16.4739],[-92.5758,16.4361],[-92.607,16.4222],[-92.6219,16.407],[-92.6521,16.4],[-92.6485,16.4157],[-92.6089,16.4402],[-92.6251,16.4645],[-92.6248,16.4733],[-92.6298,16.4831],[-92.6714,16.4583],[-92.6868,16.4529],[-92.6891,16.469],[-92.7083,16.4848],[-92.7231,16.483],[-92.7233,16.4638],[-92.7331,16.4491],[-92.7509,16.4619],[-92.7648,16.4512],[-92.7454,16.4258],[-92.7776,16.4011],[-92.805,16.3811],[-92.8078,16.3629],[-92.8256,16.348],[-92.8491,16.3366],[-92.8661,16.3163],[-92.8661,16.2922],[-92.8503,16.2901],[-92.8492,16.2744],[-92.8577,16.2597],[-92.8746,16.2584],[-92.872,16.2559],[-92.8695,16.2495],[-92.8272,16.2407],[-92.8033,16.2429],[-92.7857,16.2293],[-92.7768,16.1968],[-92.7482,16.1907],[-92.7229,16.2116],[-92.7122,16.2118],[-92.7046,16.1975],[-92.6787,16.1889],[-92.6581,16.1736],[-92.6197,16.1594],[-92.5952,16.1453],[-92.5767,16.123],[-92.5642,16.1351],[-92.5336,16.1444],[-92.4815,16.143],[-92.4806,16.1728],[-92.4685,16.1786],[-92.4709,16.2111],[-92.45,16.2125],[-92.4129,16.2638],[-92.4014,16.2596],[-92.3769,16.275],[-92.4004,16.281],[-92.4027,16.2978],[-92.4138,16.3232],[-92.4309,16.3361],[-92.4548,16.3326],[-92.4386,16.3542],[-92.4486,16.3691],[-92.433,16.3996],[-92.4192,16.418],[-92.4104,16.4197],[-92.4077,16.4503],[-92.3897,16.4625],[-92.3861,16.4408],[-92.3632,16.4317],[-92.3447,16.4392],[-92.3476,16.4481],[-92.3505,16.4775],[-92.4133,16.4888],[-92.4299,16.4795],[-92.4617,16.449],[-92.4776,16.4503],[-92.4896,16.4673],[-92.4778,16.4827]]]},"properties":{"CVE_ENT":"07","CVE_MUN":"106","CVEGEO":"07106","NOMGEO":"Venustiano Carranza"}},
{"type":"Feature","geometry":{"type":"Polygon","coordinates":[[[-93.1135,17.2794],[-93.1482,17.2709],[-93.1588,17.262],[-93.1364,17.2387],[-93.1235,17.2118],[-93.1271,17.1958],[-93.1447,17.1975],[-93.1575,17.1903],[-93.1433,17.1829],[-93.1268,17.183],[-93.12,17.1524],[-93.0998,17.1633],[-93.0806,17.1823],[-93.0714,17.2048],[-93.0834,17.2222],[-93.0935,17.2545],[-93.1135,17.2794]]]},"properties":{"CVE_ENT":"07","CVE_MUN":"090","CVEGEO":"07090","NOMGEO":"Tapalapa"}},
{"type":"Feature","geometry":{"type":"Polygon","coordinates":[[[-92.562,17.0984],[-92.5874,17.1053],[-92.6131,17.0802],[-92.6463,17.07],[-92.6636,17.0585],[-92.6668,17.0377],[-92.6811,17.0278],[-92.7083,16.9972],[-92.7112,16.9824],[-92.7099,16.9823],[-92.6808,16.9884],[-92.6579,16.9798],[-92.6576,16.9628],[-92.6121,16.9563],[-92.6007,16.9501],[-92.5619,16.958],[-92.5459,16.9716],[-92.5548,16.9821],[-92.5592,17.0478],[-92.5437,17.0725],[-92.562,17.0984]]]},"properties":{"CVE_ENT":"07","CVE_MUN":"022","CVEGEO":"07022","NOMGEO":"Chalchihuitán"}},
{"type":"Feature","geometry":{"type":"Polygon","coordinates":[[[-92.974,17.2292],[-93.0188,17.2381],[-93.0296,17.235],[-93.0348,17.2015],[-93.0335,17.1768],[-93.0249,17.1568],[-92.999,17.1431],[-92.9905,17.1334],[-92.9803,17.1323],[-92.9794,17.1309],[-92.9783,17.1312],[-92.9775,17.1317],[-92.9754,17.1308],[-92.9737,17.131],[-92.9734,17.1307],[-92.9727,17.1311],[-92.9692,17.1303],[-92.9889,17.1462],[-92.9817,17.1603],[-92.9671,17.1681],[-92.9648,17.1972],[-92.9534,17.2089],[-92.974,17.2292]]]},"properties":{"CVE_ENT":"07","CVE_MUN":"073","CVEGEO":"07073","NOMGEO":"Rayón"}},
{"type":"Feature","geometry":{"type":"Polygon","coordinates":[[[-92.9178,17.316],[-92.9244,17.3384],[-92.9363,17.3484],[-92.9495,17.3412],[-92.9512,17.3194],[-92.9806,17.3223],[-92.9853,17.3293],[-92.9755,17.3473],[-92.9926,17.3477],[-92.9789,17.3053],[-93.0112,17.3205],[-93.0246,17.3308],[-93.0445,17.3356],[-93.0518,17.3251],[-93.0502,17.3215],[-93.0474,17.3194],[-93.0458,17.3198],[-93.0443,17.318],[-93.0446,17.315],[-93.0653,17.2961],[-93.0658,17.2813],[-93.047,17.2693],[-93.0466,17.269],[-93.0465,17.269],[-93.046,17.2686],[-93.043,17.2678],[-93.0399,17.268],[-93.0358,17.2649],[-93.0269,17.2674],[-93.0244,17.2794],[-92.9783,17.2732],[-92.9721,17.282],[-92.9638,17.2876],[-92.9455,17.261],[-92.9217,17.2453],[-92.9167,17.2528],[-92.9224,17.2749],[-92.9078,17.2854],[-92.9178,17.316]]]},"properties":{"CVE_ENT":"07","CVE_MUN":"042","CVEGEO":"07042","NOMGEO":"Ixhuatán"}},
{"type":"Feature","geometry":{"type":"Polygon","coordinates":[[[-92.1858,15.5504],[-92.2162,15.5583],[-92.2507,15.5593],[-92.2407,15.5371],[-92.234,15.505],[-92.243,15.4751],[-92.2509,15.4684],[-92.2065,15.4599],[-92.1938,15.5214],[-92.1858,15.5504]]]},"properties":{"CVE_ENT":"07","CVE_MUN":"036","CVEGEO":"07036","NOMGEO":"La Grandeza"}},
{"type":"Feature","geometry":{"type":"Polygon","coordinates":[[[-92.9167,17.2528],[-92.9217,17.2453],[-92.9455,17.261],[-92.9638,17.2876],[-92.9721,17.282],[-92.9632,17.2573],[-92.9632,17.2352],[-92.974,17.2292],[-92.9534,17.2089],[-92.9648,17.1972],[-92.9671,17.1681],[-92.9431,17.1623],[-92.9338,17.1518],[-92.9106,17.168],[-92.915,17.178],[-92.8928,17.2123],[-92.8858,17.2602],[-92.9092,17.264],[-92.9167,17.2528]]]},"properties":{"CVE_ENT":"07","CVE_MUN":"121","CVEGEO":"07121","NOMGEO":"Rincón Chamula San Pedro"}},
{"type":"Feature","geometry":{"type":"Polygon","coordinates":[[[-92.7128,16.9732],[-92.7238,16.9791],[-92.7375,16.9696],[-92.7264,16.9595],[-92.7421,16.9477],[-92.7216,16.916],[-92.7047,16.936],[-92.7061,16.96],[-92.7128,16.9732]]]},"properties":{"CVE_ENT":"07","CVE_MUN":"119","CVEGEO":"07119","NOMGEO":"Santiago el Pinar"}},
{"type":"Feature","geometry":{"type":"Polygon","coordinates":[[[-93.4383,17.2963],[-93.4591,17.3099],[-93.4572,17.329],[-93.499,17.3338],[-93.4954,17.3722],[-93.5011,17.3862],[-93.5175,17.3927],[-93.5392,17.3829],[-93.5541,17.3882],[-93.6079,17.3149],[-93.6381,17.2909],[-93.6644,17.2862],[-93.6627,17.2563],[-93.6899,17.2553],[-93.6957,17.2472],[-93.7368,17.2475],[-93.7636,17.2394],[-93.7725,17.2458],[-93.8038,17.2249],[-93.8267,17.1893],[-93.8271,17.1725],[-93.8609,17.1637],[-93.8674,17.137],[-93.8399,17.1205],[-93.8127,17.1145],[-93.7741,17.0903],[-93.7607,17.1014],[-93.7531,17.0881],[-93.7361,17.0763],[-93.7293,17.0921],[-93.7139,17.0883],[-93.697,17.0933],[-93.6837,17.1261],[-93.685,17.1442],[-93.6657,17.1542],[-93.6592,17.1435],[-93.61,17.1341],[-93.5642,17.1179],[-93.5468,17.1091],[-93.5105,17.1237],[-93.497,17.1491],[-93.4791,17.1648],[-93.4919,17.1963],[-93.4684,17.2025],[-93.4637,17.2123],[-93.479,17.2271],[-93.5062,17.2758],[-93.4997,17.2926],[-93.462,17.288],[-93.4383,17.2963]]]},"properties":{"CVE_ENT":"07","CVE_MUN":"124","CVEGEO":"07124","NOMGEO":"Mezcalapa"}},
{"type":"Feature","geometry":{"type":"Polygon","coordinates":[[[-92.7776,16.4011],[-92.7912,16.4178],[-92.7851,16.4359],[-92.8173,16.4441],[-92.8302,16.4534],[-92.8341,16.4678],[-92.8576,16.4689],[-92.8517,16.4838],[-92.8759,16.5097],[-92.8736,16.5254],[-92.8585,16.5239],[-92.8649,16.5475],[-92.8413,16.5638],[-92.8597,16.5684],[-92.8882,16.5901],[-92.9031,16.6188],[-92.9214,16.6388],[-92.9506,16.5916],[-92.9569,16.5564],[-92.943,16.5322],[-92.9489,16.5222],[-92.9371,16.5035],[-92.9416,16.4833],[-92.9299,16.4778],[-92.9152,16.4862],[-92.913,16.4673],[-92.9022,16.4542],[-92.9085,16.4458],[-92.8967,16.4322],[-92.8834,16.4023],[-92.8651,16.4092],[-92.8316,16.3816],[-92.8206,16.3916],[-92.805,16.3811],[-92.7776,16.4011]]]},"properties":{"CVE_ENT":"07","CVE_MUN":"123","CVEGEO":"07123","NOMGEO":"Emiliano Zapata"}},
{"type":"Feature","geometry":{"type":"Polygon","coordinates":[[[-92.9652,17.1209],[-92.9686,17.1214],[-92.9671,17.1293],[-92.9727,17.1311],[-92.9754,17.1308],[-92.9775,17.1317],[-92.9794,17.1309],[-92.9803,17.1323],[-92.9905,17.1334],[-92.999,17.1431],[-93.0249,17.1568],[-93.0335,17.1768],[-93.0348,17.2015],[-93.0296,17.235],[-93.0479,17.2423],[-93.0481,17.2502],[-93.0473,17.2569],[-93.0474,17.2626],[-93.0474,17.2628],[-93.047,17.2693],[-93.0466,17.2767],[-93.0465,17.2781],[-93.0658,17.2813],[-93.0687,17.2676],[-93.0951,17.2674],[-93.1135,17.2794],[-93.0935,17.2545],[-93.0834,17.2222],[-93.0714,17.2048],[-93.0806,17.1823],[-93.0998,17.1633],[-93.12,17.1524],[-93.1223,17.1345],[-93.0887,17.1295],[-93.0723,17.1449],[-93.0553,17.1494],[-93.0508,17.1364],[-93.0311,17.1275],[-92.9983,17.1287],[-92.9746,17.1077],[-92.9652,17.1209]]]},"properties":{"CVE_ENT":"07","CVE_MUN":"067","CVEGEO":"07067","NOMGEO":"Pantepec"}},
{"type":"Feature","geometry":{"type":"Polygon","coordinates":[[[-92.974,17.2292],[-92.9632,17.2352],[-92.9632,17.2573],[-92.9721,17.282],[-92.9783,17.2732],[-93.0244,17.2794],[-93.0269,17.2674],[-93.0358,17.2649],[-93.0399,17.268],[-93.043,17.2678],[-93.046,17.2686],[-93.0465,17.269],[-93.0466,17.269],[-93.047,17.2693],[-93.0473,17.2569],[-93.048,17.2518],[-93.0481,17.2502],[-93.0479,17.2423],[-93.0296,17.235],[-93.0188,17.2381],[-92.974,17.2292]]]},"properties":{"CVE_ENT":"07","CVE_MUN":"091","CVEGEO":"07091","NOMGEO":"Tapilula"}},
{"type":"Feature","geometry":{"type":"Polygon","coordinates":[[[-90.6554,16.5922],[-90.6926,16.5895],[-90.7039,16.5721],[-90.6944,16.5635],[-90.677,16.4927],[-90.6953,16.495],[-90.6996,16.4729],[-90.6961,16.4559],[-90.7125,16.4444],[-90.7073,16.4327],[-90.6406,16.4418],[-90.6446,16.3909],[-90.6629,16.3711],[-90.6142,16.3638],[-90.6286,16.3507],[-90.605,16.3474],[-90.6093,16.3078],[-90.5954,16.3163],[-90.5842,16.3016],[-90.5589,16.3028],[-90.5657,16.2617],[-90.5567,16.2541],[-90.6234,16.2429],[-90.625,16.1722],[-90.611,16.1834],[-90.5914,16.1835],[-90.5775,16.12],[-90.6124,16.1206],[-90.6129,16.1416],[-90.6345,16.1417],[-90.6667,16.1542],[-90.6652,16.1207],[-90.7113,16.1212],[-90.702,16.1724],[-90.7144,16.1777],[-90.7714,16.1619],[-90.7869,16.1443],[-90.7915,16.0742],[-90.4408,16.0742],[-90.4567,16.1046],[-90.4514,16.1245],[-90.4286,16.121],[-90.4295,16.14],[-90.4485,16.1438],[-90.4473,16.1541],[-90.4246,16.1623],[-90.4266,16.1732],[-90.4533,16.1874],[-90.4567,16.2095],[-90.4512,16.2249],[-90.4535,16.2421],[-90.4455,16.2615],[-90.4302,16.2541],[-90.4223,16.2617],[-90.4388,16.2771],[-90.4389,16.298],[-90.4156,16.3052],[-90.4121,16.3247],[-90.3975,16.3396],[-90.4011,16.3714],[-90.3913,16.4018],[-90.3979,16.4162],[-90.4117,16.4074],[-90.4236,16.4252],[-90.461,16.4213],[-90.4825,16.4228],[-90.4776,16.4593],[-90.5142,16.4699],[-90.5251,16.4587],[-90.5457,16.4667],[-90.5461,16.4823],[-90.5853,16.4696],[-90.5925,16.4888],[-90.6143,16.4879],[-90.6057,16.5051],[-90.6195,16.522],[-90.6356,16.5135],[-90.6455,16.5195],[-90.6446,16.5791],[-90.6554,16.5922]]]},"properties":{"CVE_ENT":"07","CVE_MUN":"114","CVEGEO":"07114","NOMGEO":"Benemérito de las Américas"}},
{"type":"Feature","geometry":{"type":"Polygon","coordinates":[[[-93.3034,15.8417],[-93.3198,15.8459],[-93.3556,15.8657],[-93.3666,15.8808],[-93.4146,15.8397],[-93.4605,15.7533],[-93.4773,15.7702],[-93.5144,15.7343],[-93.4375,15.675],[-93.3323,15.5911],[-93.2694,15.5382],[-93.19,15.4693],[-93.1237,15.4091],[-93.0611,15.4503],[-93.0876,15.456],[-93.1092,15.4731],[-93.1094,15.4862],[-93.0652,15.5143],[-93.0094,15.4865],[-92.9684,15.5106],[-92.9651,15.5889],[-92.9566,15.6052],[-92.9321,15.595],[-92.9271,15.61],[-92.9285,15.6384],[-92.874,15.6372],[-92.8597,15.6494],[-92.878,15.6717],[-92.8959,15.6805],[-92.8988,15.6982],[-92.9164,15.6936],[-92.9358,15.678],[-92.9634,15.6745],[-92.9852,15.6932],[-92.9936,15.7218],[-93.0224,15.7296],[-93.0446,15.7242],[-93.0587,15.7337],[-93.0617,15.76],[-93.1021,15.7547],[-93.0927,15.7826],[-93.0946,15.8275],[-93.1216,15.8483],[-93.1296,15.8605],[-93.1404,15.8787],[-93.1804,15.8563],[-93.206,15.8513],[-93.225,15.8579],[-93.2563,15.833],[-93.2745,15.8446],[-93.3034,15.8417]]]},"properties":{"CVE_ENT":"07","CVE_MUN":"069","CVEGEO":"07069","NOMGEO":"Pijijiapan"}},
{"type":"Feature","geometry":{"type":"Polygon","coordinates":[[[-92.7869,17.2245],[-92.7923,17.2239],[-92.7971,17.2185],[-92.7826,17.2146],[-92.7785,17.1934],[-92.781,17.1814],[-92.7916,17.1705],[-92.7827,17.1461],[-92.7887,17.1355],[-92.7577,17.1264],[-92.7764,17.1178],[-92.7619,17.1151],[-92.7574,17.1101],[-92.7609,17.0952],[-92.7599,17.0931],[-92.7568,17.0962],[-92.7553,17.0955],[-92.7528,17.0901],[-92.7471,17.089],[-92.7448,17.0947],[-92.731,17.0919],[-92.725,17.0844],[-92.7018,17.0853],[-92.6786,17.0953],[-92.6632,17.0679],[-92.6463,17.07],[-92.6131,17.0802],[-92.5874,17.1053],[-92.562,17.0984],[-92.5641,17.1161],[-92.5472,17.1109],[-92.536,17.1292],[-92.5216,17.1316],[-92.5198,17.1056],[-92.5326,17.093],[-92.5307,17.0803],[-92.5087,17.073],[-92.4867,17.1325],[-92.4454,17.1332],[-92.4346,17.1625],[-92.4403,17.1657],[-92.4739,17.1686],[-92.4848,17.1787],[-92.5306,17.1932],[-92.5898,17.2043],[-92.5999,17.1742],[-92.6223,17.1519],[-92.641,17.1414],[-92.6579,17.1422],[-92.6812,17.1603],[-92.702,17.1555],[-92.7257,17.1656],[-92.7348,17.1949],[-92.7869,17.2245]]]},"properties":{"CVE_ENT":"07","CVE_MUN":"081","CVEGEO":"07081","NOMGEO":"Simojovel"}},
{"type":"Feature","geometry":{"type":"Polygon","coordinates":[[[-92.3219,15.6594],[-92.3309,15.6664],[-92.3562,15.6656],[-92.363,15.6745],[-92.4036,15.6931],[-92.4171,15.6833],[-92.4178,15.6707],[-92.4294,15.6586],[-92.4084,15.6735],[-92.3849,15.6721],[-92.3901,15.6609],[-92.4086,15.6579],[-92.4074,15.6435],[-92.4173,15.6373],[-92.4095,15.5986],[-92.3829,15.546],[-92.3686,15.5338],[-92.3657,15.5165],[-92.3853,15.5045],[-92.3932,15.5098],[-92.4181,15.5061],[-92.4607,15.5052],[-92.4562,15.4897],[-92.4737,15.4897],[-92.5038,15.4711],[-92.487,15.4594],[-92.4846,15.4388],[-92.4308,15.4231],[-92.4254,15.4394],[-92.4029,15.4386],[-92.3873,15.4462],[-92.3413,15.4264],[-92.3159,15.449],[-92.3065,15.4627],[-92.2752,15.4669],[-92.2652,15.4583],[-92.2509,15.4684],[-92.243,15.4751],[-92.234,15.505],[-92.2407,15.5371],[-92.2507,15.5593],[-92.2727,15.5494],[-92.3047,15.5632],[-92.322,15.5889],[-92.3139,15.636],[-92.3219,15.6594]]]},"properties":{"CVE_ENT":"07","CVE_MUN":"080","CVEGEO":"07080","NOMGEO":"Siltepec"}},
{"type":"Feature","geometry":{"type":"Polygon","coordinates":[[[-91.7882,17.8074],[-91.8236,17.7962],[-91.8292,17.8125],[-91.8484,17.8255],[-91.8793,17.8264],[-91.8978,17.8388],[-91.918,17.8354],[-91.9379,17.8043],[-91.9248,17.7871],[-91.9383,17.7701],[-91.931,17.7231],[-91.9524,17.7348],[-91.9514,17.7023],[-91.9587,17.6982],[-91.9407,17.6719],[-91.977,17.6362],[-92.012,17.6683],[-92.0266,17.6556],[-92.0184,17.6308],[-92.0172,17.6125],[-92.037,17.5962],[-92.0623,17.6016],[-92.076,17.6145],[-92.0813,17.635],[-92.0683,17.6611],[-92.0766,17.6867],[-92.0917,17.697],[-92.1321,17.6982],[-92.132,17.7097],[-92.113,17.7094],[-92.1136,17.7412],[-92.1318,17.742],[-92.1412,17.7198],[-92.1833,17.7323],[-92.1833,17.758],[-92.1508,17.7508],[-92.1517,17.7646],[-92.1525,17.7791],[-92.172,17.7866],[-92.1885,17.7681],[-92.1945,17.7766],[-92.2307,17.7441],[-92.2746,17.6923],[-92.2887,17.7027],[-92.3373,17.7121],[-92.3499,17.7028],[-92.3492,17.6564],[-92.321,17.6445],[-92.3062,17.6512],[-92.3069,17.6646],[-92.2466,17.6368],[-92.2403,17.6136],[-92.2225,17.6017],[-92.2161,17.5837],[-92.2185,17.5668],[-92.1982,17.5624],[-92.1786,17.5405],[-92.1654,17.5317],[-92.1525,17.5507],[-92.1204,17.5293],[-92.1487,17.5022],[-92.0611,17.4303],[-92.0204,17.429],[-91.9559,17.455],[-91.9345,17.431],[-91.9367,17.4114],[-91.961,17.3933],[-91.9496,17.3807],[-91.9388,17.3923],[-91.9254,17.3824],[-91.9651,17.347],[-91.9629,17.3276],[-91.9242,17.3206],[-91.9327,17.2968],[-91.951,17.301],[-91.9487,17.2574],[-91.9926,17.2561],[-92.0045,17.2376],[-91.9658,17.2355],[-91.9469,17.2472],[-91.9441,17.2629],[-91.9172,17.2572],[-91.9107,17.2489],[-91.8557,17.2496],[-91.7431,17.2483],[-91.7223,17.2247],[-91.7209,17.2112],[-91.7059,17.2155],[-91.687,17.2384],[-91.6324,17.2061],[-91.6265,17.221],[-91.6011,17.2248],[-91.5569,17.2224],[-91.5575,17.2132],[-91.5261,17.2109],[-91.5245,17.1914],[-91.5516,17.1658],[-91.5618,17.1332],[-91.5409,17.1115],[-91.5239,17.1257],[-91.5187,17.1157],[-91.4961,17.1145],[-91.4949,17.106],[-91.4555,17.0829],[-91.444,17.104],[-91.4995,17.1312],[-91.4786,17.1632],[-91.4601,17.1422],[-91.4404,17.1466],[-91.4063,17.1024],[-91.4035,17.0833],[-91.3859,17.0748],[-91.3748,17.1052],[-91.3609,17.0959],[-91.3538,17.1307],[-91.3213,17.1259],[-91.3233,17.1089],[-91.3049,17.1123],[-91.3022,17.1221],[-91.2785,17.115],[-91.2978,17.0983],[-91.3039,17.0868],[-91.3018,17.067],[-91.2604,17.103],[-91.2685,17.1102],[-91.2724,17.1428],[-91.264,17.1671],[-91.2779,17.1792],[-91.3254,17.1825],[-91.3353,17.1616],[-91.3503,17.1637],[-91.3477,17.1789],[-91.3547,17.1908],[-91.3721,17.2027],[-91.4021,17.2046],[-91.4274,17.2166],[-91.4397,17.251],[-91.4272,17.2792],[-91.4252,17.3023],[-91.4136,17.3075],[-91.3925,17.2995],[-91.385,17.3203],[-91.397,17.3379],[-91.4175,17.3472],[-91.4198,17.3741],[-91.4393,17.3843],[-91.4565,17.3757],[-91.505,17.3995],[-91.5172,17.3982],[-91.5368,17.4074],[-91.5372,17.4197],[-91.5579,17.4222],[-91.5588,17.4005],[-91.6069,17.4169],[-91.6202,17.4317],[-91.6373,17.43],[-91.672,17.4441],[-91.6646,17.4612],[-91.6821,17.4695],[-91.6816,17.4831],[-91.7162,17.4967],[-91.732,17.521],[-91.7599,17.5323],[-91.7865,17.5296],[-91.8289,17.5332],[-91.8487,17.545],[-91.8598,17.59],[-91.8601,17.623],[-91.855,17.6352],[-91.8716,17.6834],[-91.8387,17.7046],[-91.8364,17.7178],[-91.8212,17.7318],[-91.8103,17.7513],[-91.7919,17.7508],[-91.783,17.7776],[-91.7882,17.8074]]]},"properties":{"CVE_ENT":"07","CVE_MUN":"065","CVEGEO":"07065","NOMGEO":"Palenque"}},
{"type":"Feature","geometry":{"type":"Polygon","coordinates":[[[-91.9107,17.2489],[-91.9172,17.2572],[-91.9441,17.2629],[-91.9469,17.2472],[-91.9658,17.2355],[-92.0045,17.2376],[-91.9926,17.2561],[-91.9487,17.2574],[-91.951,17.301],[-91.9327,17.2968],[-91.9242,17.3206],[-91.9629,17.3276],[-91.9651,17.347],[-91.9254,17.3824],[-91.9388,17.3923],[-91.9496,17.3807],[-91.961,17.3933],[-91.9367,17.4114],[-91.9345,17.431],[-91.9559,17.455],[-92.0204,17.429],[-92.0611,17.4303],[-92.1487,17.5022],[-92.1204,17.5293],[-92.1525,17.5507],[-92.1654,17.5317],[-92.1786,17.5405],[-92.1982,17.5624],[-92.2185,17.5668],[-92.2161,17.5837],[-92.2225,17.6017],[-92.2403,17.6136],[-92.2466,17.6368],[-92.3069,17.6646],[-92.3062,17.6512],[-92.321,17.6445],[-92.3492,17.6564],[-92.3581,17.642],[-92.3507,17.6179],[-92.4082,17.5806],[-92.4358,17.5702],[-92.4684,17.577],[-92.4795,17.5749],[-92.4855,17.5319],[-92.4792,17.519],[-92.4218,17.5099],[-92.39,17.5233],[-92.3908,17.506],[-92.3744,17.4901],[-92.3612,17.4899],[-92.3341,17.4706],[-92.3314,17.4584],[-92.3503,17.4413],[-92.3712,17.4598],[-92.3881,17.4561],[-92.3828,17.4339],[-92.4027,17.424],[-92.3959,17.3968],[-92.3739,17.3914],[-92.3389,17.3933],[-92.312,17.3667],[-92.2595,17.3652],[-92.2497,17.3622],[-92.2307,17.3813],[-92.2176,17.3684],[-92.2232,17.3591],[-92.1678,17.3317],[-92.1627,17.3037],[-92.1397,17.2826],[-92.1163,17.3054],[-92.0884,17.2773],[-92.0749,17.2628],[-92.0587,17.2581],[-92.0328,17.2228],[-92.014,17.234],[-91.9967,17.2312],[-91.9955,17.2164],[-91.9721,17.2058],[-91.9616,17.2163],[-91.8888,17.2136],[-91.8946,17.2274],[-91.9132,17.2263],[-91.9107,17.2489]]]},"properties":{"CVE_ENT":"07","CVE_MUN":"077","CVEGEO":"07077","NOMGEO":"Salto de Agua"}},
{"type":"Feature","geometry":{"type":"Polygon","coordinates":[[[-93.0654,16.6747],[-93.0776,16.6719],[-93.0947,16.6575],[-93.1268,16.6693],[-93.15,16.6575],[-93.159,16.6452],[-93.1797,16.6577],[-93.2009,16.6507],[-93.2211,16.6788],[-93.2336,16.6733],[-93.2359,16.6636],[-93.2202,16.6482],[-93.1868,16.6064],[-93.2001,16.5816],[-93.2214,16.572],[-93.2292,16.5562],[-93.2176,16.55],[-93.2348,16.5287],[-93.2217,16.5126],[-93.1712,16.5038],[-93.1688,16.5226],[-93.1054,16.4964],[-93.0754,16.5069],[-93.0532,16.5393],[-93.0615,16.5479],[-93.0575,16.5997],[-93.0419,16.6143],[-93.0737,16.6349],[-93.0654,16.6747]]]},"properties":{"CVE_ENT":"07","CVE_MUN":"086","CVEGEO":"07086","NOMGEO":"Suchiapa"}},
{"type":"Feature","geometry":{"type":"Polygon","coordinates":[[[-92.1512,15.4259],[-92.1471,15.4469],[-92.1351,15.4623],[-92.1185,15.4685],[-92.1215,15.4882],[-92.1164,15.4998],[-92.1155,15.5266],[-92.1462,15.521],[-92.1858,15.5504],[-92.1938,15.5214],[-92.2065,15.4599],[-92.2038,15.4552],[-92.1599,15.4473],[-92.1512,15.4259]]]},"properties":{"CVE_ENT":"07","CVE_MUN":"010","CVEGEO":"07010","NOMGEO":"Bejucal de Ocampo"}},
{"type":"Feature","geometry":{"type":"Polygon","coordinates":[[[-92.2258,15.6959],[-92.2437,15.6954],[-92.2599,15.6786],[-92.2602,15.6623],[-92.2841,15.6839],[-92.3132,15.6735],[-92.3219,15.6594],[-92.3139,15.636],[-92.322,15.5889],[-92.3047,15.5632],[-92.2727,15.5494],[-92.2507,15.5593],[-92.2162,15.5583],[-92.1858,15.5504],[-92.2,15.5681],[-92.1971,15.5877],[-92.1617,15.5865],[-92.1459,15.6157],[-92.1486,15.6266],[-92.1522,15.637],[-92.1711,15.6404],[-92.1848,15.6634],[-92.2258,15.6959]]]},"properties":{"CVE_ENT":"07","CVE_MUN":"011","CVEGEO":"07011","NOMGEO":"Bella Vista"}},
{"type":"Feature","geometry":{"type":"Polygon","coordinates":[[[-92.033,16.674],[-92.0205,16.6876],[-92.0454,16.6939],[-92.0687,16.7048],[-92.0743,16.6994],[-92.1316,16.6938],[-92.1655,16.7003],[-92.1775,16.6961],[-92.2205,16.6971],[-92.2207,16.6893],[-92.2543,16.6884],[-92.2599,16.7034],[-92.2882,16.7084],[-92.3072,16.716],[-92.3032,16.6997],[-92.2717,16.6952],[-92.277,16.6712],[-92.2788,16.629],[-92.3256,16.6348],[-92.3684,16.6346],[-92.3752,16.6172],[-92.3618,16.6005],[-92.3398,16.578],[-92.3298,16.5445],[-92.3197,16.5692],[-92.286,16.5579],[-92.2684,16.5282],[-92.2728,16.5178],[-92.2153,16.4955],[-92.1787,16.4934],[-92.171,16.4975],[-92.1517,16.548],[-92.1534,16.5673],[-92.1476,16.5896],[-92.1532,16.632],[-92.1211,16.6647],[-92.0984,16.6692],[-92.07,16.6589],[-92.0429,16.663],[-92.033,16.674]]]},"properties":{"CVE_ENT":"07","CVE_MUN":"024","CVEGEO":"07024","NOMGEO":"Chanal"}},
{"type":"Feature","geometry":{"type":"Polygon","coordinates":[[[-92.6772,16.5778],[-92.707,16.5868],[-92.7231,16.5817],[-92.7352,16.586],[-92.7441,16.58],[-92.7508,16.5575],[-92.7698,16.5591],[-92.784,16.5416],[-92.764,16.5289],[-92.7446,16.5317],[-92.7193,16.5212],[-92.6958,16.5243],[-92.6983,16.5464],[-92.6923,16.5629],[-92.6772,16.5778]]]},"properties":{"CVE_ENT":"07","CVE_MUN":"028","CVEGEO":"07028","NOMGEO":"Chiapilla"}},
{"type":"Feature","geometry":{"type":"Polygon","coordinates":[[[-92.8661,16.2922],[-92.8827,16.2922],[-92.8951,16.3043],[-92.895,16.3419],[-92.9072,16.3455],[-92.8931,16.3672],[-92.9444,16.4056],[-92.9601,16.4248],[-92.9931,16.4314],[-93.0299,16.4339],[-93.0444,16.4404],[-93.0928,16.3996],[-93.1027,16.3741],[-93.0786,16.3619],[-93.0925,16.3338],[-93.0843,16.3303],[-93.0788,16.2978],[-93.0595,16.2892],[-93.044,16.2821],[-93.0244,16.2585],[-93.0082,16.2562],[-93.0031,16.2705],[-92.9751,16.2411],[-92.9494,16.2333],[-92.9483,16.2555],[-92.9168,16.2525],[-92.8746,16.2584],[-92.8577,16.2597],[-92.8492,16.2744],[-92.8503,16.2901],[-92.8661,16.2922]]]},"properties":{"CVE_ENT":"07","CVE_MUN":"122","CVEGEO":"07122","NOMGEO":"El Parral"}},
{"type":"Feature","geometry":{"type":"Polygon","coordinates":[[[-92.7176,15.3205],[-92.6992,15.3264],[-92.6909,15.3191],[-92.6528,15.3324],[-92.6615,15.3482],[-92.6472,15.3776],[-92.6273,15.3763],[-92.6141,15.4044],[-92.6303,15.4043],[-92.6275,15.4258],[-92.6067,15.4548],[-92.5663,15.4543],[-92.5707,15.4796],[-92.5575,15.4873],[-92.6624,15.4875],[-92.692,15.4827],[-92.7118,15.4754],[-92.7348,15.4598],[-92.7572,15.4579],[-92.7653,15.4452],[-92.7738,15.4117],[-92.7519,15.3979],[-92.7548,15.3686],[-92.7446,15.3377],[-92.7322,15.3235],[-92.7176,15.3205]]]},"properties":{"CVE_ENT":"07","CVE_MUN":"001","CVEGEO":"07001","NOMGEO":"Acacoyagua"}},
{"type":"Feature","geometry":{"type":"Polygon","coordinates":[[[-92.7352,16.586],[-92.7634,16.6008],[-92.7739,16.6337],[-92.7876,16.6461],[-92.7841,16.6549],[-92.8087,16.6617],[-92.8258,16.6726],[-92.8434,16.6591],[-92.8457,16.6515],[-92.9067,16.6483],[-92.9214,16.6388],[-92.9031,16.6188],[-92.8882,16.5901],[-92.8597,16.5684],[-92.8413,16.5638],[-92.8649,16.5475],[-92.8585,16.5239],[-92.8736,16.5254],[-92.8759,16.5097],[-92.8517,16.4838],[-92.8576,16.4689],[-92.8341,16.4678],[-92.8302,16.4534],[-92.8173,16.4441],[-92.7851,16.4359],[-92.7912,16.4178],[-92.7776,16.4011],[-92.7454,16.4258],[-92.7648,16.4512],[-92.7509,16.4619],[-92.7388,16.4912],[-92.7646,16.521],[-92.7446,16.5317],[-92.764,16.5289],[-92.784,16.5416],[-92.7698,16.5591],[-92.7508,16.5575],[-92.7441,16.58],[-92.7352,16.586]]]},"properties":{"CVE_ENT":"07","CVE_MUN":"002","CVEGEO":"07002","NOMGEO":"Acala"}},
{"type":"Feature","geometry":{"type":"Polygon","coordinates":[[[-92.7176,15.3205],[-92.7322,15.3235],[-92.7446,15.3377],[-92.7548,15.3686],[-92.7519,15.3979],[-92.7738,15.4117],[-92.7854,15.3893],[-92.8028,15.3936],[-92.8101,15.3464],[-92.84,15.3222],[-92.8524,15.2821],[-92.8717,15.2616],[-92.9003,15.2487],[-92.9232,15.2468],[-92.931,15.2312],[-92.88,15.183],[-92.8469,15.1455],[-92.7636,15.0632],[-92.7326,15.0308],[-92.7124,15.0237],[-92.7636,15.1115],[-92.7584,15.1331],[-92.7414,15.1514],[-92.7217,15.1279],[-92.7161,15.1446],[-92.6967,15.1656],[-92.6767,15.1766],[-92.6628,15.2026],[-92.6503,15.2005],[-92.6415,15.2151],[-92.6504,15.2248],[-92.639,15.2366],[-92.6269,15.2601],[-92.6719,15.2931],[-92.6812,15.3047],[-92.7066,15.307],[-92.7176,15.3205]]]},"properties":{"CVE_ENT":"07","CVE_MUN":"003","CVEGEO":"07003","NOMGEO":"Acapetahua"}},
{"type":"Feature","geometry":{"type":"Polygon","coordinates":[[[-91.6103,16.5401],[-91.6048,16.5534],[-91.5519,16.5729],[-91.5709,16.6056],[-91.6014,16.5969],[-91.602,16.6198],[-91.6229,16.6139],[-91.6514,16.6153],[-91.6848,16.637],[-91.685,16.648],[-91.7053,16.6519],[-91.7333,16.6759],[-91.7486,16.681],[-91.7791,16.7024],[-91.7679,16.7508],[-91.7993,16.7434],[-91.833,16.7475],[-91.8952,16.7508],[-91.9051,16.7614],[-91.9015,16.7808],[-91.9064,16.7975],[-91.933,16.8101],[-91.9593,16.8159],[-91.9784,16.8153],[-91.9809,16.804],[-92.0034,16.8105],[-92.0119,16.821],[-91.9994,16.8392],[-92.039,16.8512],[-92.0386,16.8258],[-92.0537,16.821],[-92.0504,16.8005],[-92.0598,16.7958],[-92.0605,16.779],[-92.1322,16.748],[-92.1086,16.7259],[-92.0687,16.7048],[-92.0454,16.6939],[-92.0205,16.6876],[-92.033,16.674],[-92.0196,16.6611],[-92.0004,16.5937],[-91.9378,16.5963],[-91.9239,16.6003],[-91.9199,16.5491],[-91.8584,16.5667],[-91.8296,16.5363],[-91.8199,16.5513],[-91.7883,16.5521],[-91.7661,16.5301],[-91.7846,16.513],[-91.7692,16.4952],[-91.7462,16.4993],[-91.7372,16.5095],[-91.71,16.5161],[-91.6876,16.5521],[-91.6963,16.5679],[-91.6741,16.5787],[-91.6668,16.553],[-91.6531,16.5362],[-91.6172,16.5241],[-91.6103,16.5401]]]},"properties":{"CVE_ENT":"07","CVE_MUN":"004","CVEGEO":"07004","NOMGEO":"Altamirano"}},
{"type":"Feature","geometry":{"type":"Polygon","coordinates":[[[-92.8335,17.482],[-92.8508,17.4696],[-92.8598,17.5003],[-92.8874,17.5105],[-92.8968,17.5034],[-92.9206,17.5027],[-92.9346,17.4797],[-92.9383,17.4601],[-92.9502,17.4441],[-92.9349,17.44],[-92.9317,17.4282],[-92.9135,17.4137],[-92.9345,17.4052],[-92.9296,17.3715],[-92.9308,17.3645],[-92.9328,17.3469],[-92.9244,17.3384],[-92.9178,17.316],[-92.8762,17.3159],[-92.8766,17.2996],[-92.8529,17.278],[-92.8338,17.2698],[-92.8259,17.284],[-92.8138,17.2805],[-92.7804,17.2977],[-92.7967,17.3113],[-92.7562,17.3232],[-92.7536,17.3434],[-92.7587,17.3582],[-92.7707,17.3604],[-92.7673,17.3834],[-92.7908,17.405],[-92.7911,17.415],[-92.8294,17.4086],[-92.8543,17.4112],[-92.8562,17.4189],[-92.8258,17.4238],[-92.8196,17.4327],[-92.8335,17.482]]]},"properties":{"CVE_ENT":"07","CVE_MUN":"005","CVEGEO":"07005","NOMGEO":"Amatán"}},
{"type":"Feature","geometry":{"type":"Polygon","coordinates":[[[-91.9901,15.6358],[-92.0092,15.6446],[-92.0306,15.6352],[-92.0415,15.6444],[-92.0881,15.6423],[-92.1039,15.6286],[-92.1486,15.6266],[-92.1459,15.6157],[-92.1617,15.5865],[-92.1971,15.5877],[-92.2,15.5681],[-92.1858,15.5504],[-92.1462,15.521],[-92.1155,15.5266],[-92.1164,15.4998],[-92.1215,15.4882],[-92.1185,15.4685],[-92.1351,15.4623],[-92.1471,15.4469],[-92.1512,15.4259],[-92.1414,15.4038],[-92.1287,15.3999],[-91.9901,15.6358]]]},"properties":{"CVE_ENT":"07","CVE_MUN":"006","CVEGEO":"07006","NOMGEO":"Amatenango de la Frontera"}},
{"type":"Feature","geometry":{"type":"Polygon","coordinates":[[[-92.3729,16.5701],[-92.3954,16.5768],[-92.4162,16.5804],[-92.436,16.5869],[-92.4556,16.5392],[-92.4483,16.5336],[-92.4492,16.5082],[-92.4596,16.4949],[-92.4589,16.4762],[-92.4778,16.4827],[-92.4896,16.4673],[-92.4776,16.4503],[-92.4617,16.449],[-92.4299,16.4795],[-92.4133,16.4888],[-92.3505,16.4775],[-92.3476,16.4481],[-92.321,16.4608],[-92.3081,16.4726],[-92.3197,16.4856],[-92.3158,16.5045],[-92.3298,16.5141],[-92.3298,16.5445],[-92.3398,16.578],[-92.3549,16.5508],[-92.3607,16.5445],[-92.3673,16.5508],[-92.3683,16.5517],[-92.3855,16.5523],[-92.3729,16.5701]]]},"properties":{"CVE_ENT":"07","CVE_MUN":"007","CVEGEO":"07007","NOMGEO":"Amatenango del Valle"}},
{"type":"Feature","geometry":{"type":"Polygon","coordinates":[[[-93.0882,17.0486],[-93.1067,17.0453],[-93.1144,17.0548],[-93.1361,17.0526],[-93.1492,17.0221],[-93.1848,17.0027],[-93.1648,16.9826],[-93.1766,16.9755],[-93.1279,16.9505],[-93.1119,16.948],[-93.104,16.935],[-93.093,16.9555],[-93.0663,16.9418],[-93.0654,16.9496],[-93.0451,16.9607],[-93.0574,16.9814],[-93.0659,17.006],[-93.0678,17.0393],[-93.0882,17.0486]]]},"properties":{"CVE_ENT":"07","CVE_MUN":"029","CVEGEO":"07029","NOMGEO":"Chicoasén"}},
{"type":"Feature","geometry":{"type":"Polygon","coordinates":[[[-93.3062,17.0113],[-93.349,17.0264],[-93.372,17.023],[-93.3728,16.9868],[-93.386,16.9897],[-93.3964,16.9812],[-93.3941,16.9673],[-93.3805,16.9641],[-93.3708,16.9328],[-93.3759,16.9138],[-93.3959,16.9033],[-93.4307,16.9019],[-93.4307,16.892],[-93.3997,16.897],[-93.4054,16.8627],[-93.3983,16.8622],[-93.369,16.8136],[-93.3738,16.7977],[-93.3631,16.7922],[-93.3263,16.7964],[-93.3099,16.7826],[-93.3183,16.7283],[-93.2751,16.7171],[-93.27,16.7309],[-93.2538,16.7309],[-93.2427,16.747],[-93.236,16.7651],[-93.2205,16.7743],[-93.2086,16.8051],[-93.2267,16.818],[-93.2699,16.8378],[-93.2648,16.8485],[-93.2752,16.8883],[-93.2936,16.8956],[-93.3028,16.9172],[-93.2895,16.9343],[-93.2884,16.9726],[-93.3079,16.9936],[-93.3062,17.0113]]]},"properties":{"CVE_ENT":"07","CVE_MUN":"012","CVEGEO":"07012","NOMGEO":"Berriozábal"}},
{"type":"Feature","geometry":{"type":"Polygon","coordinates":[[[-92.9652,17.1209],[-92.9746,17.1077],[-92.9983,17.1287],[-93.0311,17.1275],[-93.0508,17.1364],[-93.0453,17.1171],[-93.0462,17.0912],[-93.0704,17.0811],[-93.0707,17.0688],[-93.0903,17.0578],[-93.0882,17.0486],[-93.0678,17.0393],[-93.0659,17.006],[-93.0574,16.9814],[-93.0309,16.9693],[-93.0088,16.9701],[-92.9753,16.9597],[-92.9441,16.9428],[-92.9475,16.9289],[-92.94,16.908],[-92.9009,16.906],[-92.8675,16.9169],[-92.8513,16.9307],[-92.8378,16.9613],[-92.8454,16.9834],[-92.8189,16.9981],[-92.8192,17.0146],[-92.8296,17.0067],[-92.8348,17.0157],[-92.8528,17.0141],[-92.8623,17.0294],[-92.8559,17.0493],[-92.8642,17.0566],[-92.8803,17.04],[-92.9022,17.0333],[-92.9256,17.0444],[-92.9323,17.0551],[-92.9276,17.0917],[-92.9372,17.0958],[-92.9539,17.0585],[-92.9412,17.0426],[-92.9872,17.0557],[-92.9883,17.079],[-92.9652,17.0857],[-92.9631,17.103],[-92.9412,17.1158],[-92.9592,17.1248],[-92.9618,17.1199],[-92.9652,17.1209]]]},"properties":{"CVE_ENT":"07","CVE_MUN":"013","CVEGEO":"07013","NOMGEO":"Bochil"}},
{"type":"Feature","geometry":{"type":"Polygon","coordinates":[[[-92.6463,17.07],[-92.6632,17.0679],[-92.6786,17.0953],[-92.7018,17.0853],[-92.725,17.0844],[-92.731,17.0919],[-92.7448,17.0947],[-92.7471,17.089],[-92.7528,17.0901],[-92.7553,17.0955],[-92.7568,17.0962],[-92.7599,17.0931],[-92.7609,17.0952],[-92.7638,17.089],[-92.7623,17.0809],[-92.77,17.068],[-92.7847,17.0467],[-92.819,17.0534],[-92.8097,17.0221],[-92.8144,17.0185],[-92.819,17.0151],[-92.8192,17.0146],[-92.8189,16.9981],[-92.7853,16.965],[-92.7784,16.9867],[-92.76,16.9538],[-92.7427,16.9565],[-92.7351,16.9844],[-92.7112,16.9824],[-92.7083,16.9972],[-92.6811,17.0278],[-92.6668,17.0377],[-92.6636,17.0585],[-92.6463,17.07]]]},"properties":{"CVE_ENT":"07","CVE_MUN":"014","CVEGEO":"07014","NOMGEO":"El Bosque"}},
{"type":"Feature","geometry":{"type":"Polygon","coordinates":[[[-92.1079,15.1319],[-92.1629,15.2012],[-92.1788,15.1837],[-92.1848,15.1439],[-92.2039,15.1293],[-92.2023,15.1104],[-92.2269,15.041],[-92.224,15.0325],[-92.186,15.0277],[-92.1881,14.9931],[-92.184,14.9766],[-92.1485,14.9892],[-92.1308,15.0132],[-92.145,15.0514],[-92.1365,15.0683],[-92.1258,15.067],[-92.1131,15.0855],[-92.1079,15.1319]]]},"properties":{"CVE_ENT":"07","CVE_MUN":"015","CVEGEO":"07015","NOMGEO":"Cacahoatán"}},
{"type":"Feature","geometry":{"type":"Polygon","coordinates":[[[-91.8145,17.9005],[-91.8497,17.8829],[-91.8707,17.8908],[-91.8912,17.887],[-91.9125,17.8998],[-91.9255,17.8919],[-91.9281,17.8708],[-91.9526,17.8654],[-91.9568,17.8799],[-91.9394,17.9011],[-91.945,17.9103],[-91.9699,17.9104],[-91.9913,17.9196],[-92.0034,17.8905],[-92.0155,17.8975],[-92.0591,17.8713],[-92.0484,17.858],[-92.0581,17.8467],[-92.0905,17.8566],[-92.1065,17.8381],[-92.1055,17.8129],[-92.1205,17.796],[-92.1399,17.8098],[-92.1271,17.7859],[-92.1308,17.7661],[-92.1517,17.7646],[-92.1508,17.7508],[-92.1833,17.758],[-92.1833,17.7323],[-92.1412,17.7198],[-92.1318,17.742],[-92.1136,17.7412],[-92.113,17.7094],[-92.132,17.7097],[-92.1321,17.6982],[-92.0917,17.697],[-92.0766,17.6867],[-92.0683,17.6611],[-92.0813,17.635],[-92.076,17.6145],[-92.0623,17.6016],[-92.037,17.5962],[-92.0172,17.6125],[-92.0184,17.6308],[-92.0266,17.6556],[-92.012,17.6683],[-91.977,17.6362],[-91.9407,17.6719],[-91.9587,17.6982],[-91.9514,17.7023],[-91.9524,17.7348],[-91.931,17.7231],[-91.9383,17.7701],[-91.9248,17.7871],[-91.9379,17.8043],[-91.918,17.8354],[-91.8978,17.8388],[-91.8793,17.8264],[-91.8484,17.8255],[-91.8292,17.8125],[-91.8236,17.7962],[-91.7882,17.8074],[-91.7924,17.8245],[-91.7819,17.8543],[-91.798,17.8621],[-91.8145,17.9005]]]},"properties":{"CVE_ENT":"07","CVE_MUN":"016","CVEGEO":"07016","NOMGEO":"Catazajá"}},
{"type":"Feature","geometry":{"type":"Polygon","coordinates":[[[-92.1787,16.4934],[-92.2153,16.4955],[-92.2728,16.5178],[-92.2684,16.5282],[-92.286,16.5579],[-92.3197,16.5692],[-92.3298,16.5445],[-92.3298,16.5141],[-92.3158,16.5045],[-92.3197,16.4856],[-92.3081,16.4726],[-92.321,16.4608],[-92.2971,16.4314],[-92.3162,16.4096],[-92.321,16.3774],[-92.3007,16.3771],[-92.3146,16.3593],[-92.3066,16.3517],[-92.2748,16.3049],[-92.3088,16.2997],[-92.3191,16.2815],[-92.301,16.2593],[-92.3112,16.2459],[-92.3072,16.2258],[-92.2885,16.2392],[-92.2883,16.2696],[-92.2267,16.2461],[-92.2036,16.2244],[-92.1892,16.2041],[-92.1752,16.1985],[-92.1619,16.2126],[-92.139,16.1749],[-92.1574,16.1604],[-92.1523,16.1434],[-92.1608,16.1311],[-92.1824,16.114],[-92.1933,16.098],[-92.2294,16.0986],[-92.2143,16.0836],[-92.2299,16.0675],[-92.25,16.0656],[-92.245,16.0156],[-92.2069,16.0144],[-92.1778,16.014],[-92.1776,16.0345],[-92.1424,16.0785],[-92.1089,16.0571],[-92.0859,16.0744],[-92.0986,16.0941],[-92.0873,16.1296],[-92.0771,16.1415],[-92.0828,16.1541],[-92.0506,16.1655],[-92.0259,16.1648],[-92.0225,16.1777],[-91.9967,16.166],[-92.0011,16.1977],[-92.0169,16.207],[-92.0452,16.2374],[-92.0512,16.2501],[-92.0334,16.2624],[-92.024,16.2824],[-92.0287,16.2889],[-92.0611,16.2967],[-92.045,16.3321],[-92.0544,16.3368],[-92.0516,16.3533],[-92.0643,16.3679],[-92.0832,16.3716],[-92.0924,16.3961],[-92.1194,16.3958],[-92.1169,16.4217],[-92.1325,16.4108],[-92.1535,16.4132],[-92.1683,16.402],[-92.1756,16.4123],[-92.159,16.4228],[-92.158,16.4537],[-92.1827,16.4523],[-92.1787,16.4934]]]},"properties":{"CVE_ENT":"07","CVE_MUN":"019","CVEGEO":"07019","NOMGEO":"Comitán de Domínguez"}},
{"type":"Feature","geometry":{"type":"Polygon","coordinates":[[[-92.4815,16.143],[-92.5336,16.1444],[-92.5642,16.1351],[-92.5767,16.123],[-92.5952,16.1453],[-92.6197,16.1594],[-92.6581,16.1736],[-92.6787,16.1889],[-92.7046,16.1975],[-92.7122,16.2118],[-92.7229,16.2116],[-92.7482,16.1907],[-92.7768,16.1968],[-92.7857,16.2293],[-92.8033,16.2429],[-92.8272,16.2407],[-92.8695,16.2495],[-92.872,16.2559],[-92.8854,16.2468],[-92.8579,16.2256],[-92.8754,16.2165],[-92.8984,16.1646],[-92.922,16.1374],[-92.9179,16.1251],[-92.924,16.1087],[-92.9447,16.0737],[-92.9642,16.053],[-92.9631,16.0392],[-92.9854,16.0198],[-92.9823,16.0044],[-92.9888,15.9841],[-93.0088,15.9662],[-93.0156,15.9472],[-93.0353,15.9553],[-93.0523,15.9392],[-93.0738,15.9447],[-93.0778,15.9326],[-93.0942,15.9158],[-93.0923,15.8939],[-93.0785,15.8816],[-93.116,15.855],[-93.1296,15.8605],[-93.1216,15.8483],[-93.0946,15.8275],[-93.0927,15.7826],[-93.1021,15.7547],[-93.0617,15.76],[-93.0587,15.7337],[-93.0446,15.7242],[-93.0224,15.7296],[-92.9936,15.7218],[-92.9852,15.6932],[-92.9634,15.6745],[-92.9358,15.678],[-92.9164,15.6936],[-92.8988,15.6982],[-92.8959,15.6805],[-92.878,15.6717],[-92.8463,15.6657],[-92.8296,15.6668],[-92.8062,15.7146],[-92.8303,15.7147],[-92.8112,15.7393],[-92.8261,15.7631],[-92.818,15.7918],[-92.7842,15.8243],[-92.8091,15.8288],[-92.7994,15.842],[-92.7758,15.8579],[-92.7524,15.8569],[-92.724,15.8854],[-92.6964,15.8923],[-92.6689,15.9158],[-92.6606,15.9159],[-92.6362,15.8825],[-92.6212,15.8878],[-92.6152,15.8591],[-92.5986,15.8717],[-92.5871,15.8889],[-92.5592,15.8867],[-92.5471,15.8903],[-92.5334,15.9213],[-92.5253,15.9289],[-92.4992,15.9035],[-92.4541,15.8803],[-92.3881,15.8348],[-92.3724,15.8673],[-92.3902,15.8761],[-92.3647,15.9252],[-92.3414,15.9455],[-92.3239,15.9657],[-92.3284,15.9877],[-92.3448,15.9968],[-92.4051,16.0116],[-92.4118,16.0094],[-92.4321,16.029],[-92.4487,16.0354],[-92.4661,16.0349],[-92.4858,16.0498],[-92.5236,16.0644],[-92.5378,16.0759],[-92.5585,16.1107],[-92.51,16.1253],[-92.5047,16.1335],[-92.4819,16.1344],[-92.4815,16.143]]]},"properties":{"CVE_ENT":"07","CVE_MUN":"020","CVEGEO":"07020","NOMGEO":"La Concordia"}},
{"type":"Feature","geometry":{"type":"Polygon","coordinates":[[[-93.2226,17.2149],[-93.2462,17.2285],[-93.2773,17.2092],[-93.2861,17.2214],[-93.3,17.2103],[-93.2781,17.1919],[-93.2903,17.1788],[-93.2889,17.1584],[-93.2987,17.1533],[-93.2966,17.1319],[-93.3098,17.124],[-93.3214,17.0954],[-93.3788,17.0771],[-93.3729,17.0517],[-93.372,17.023],[-93.349,17.0264],[-93.3062,17.0113],[-93.289,17.0031],[-93.229,17.0287],[-93.2027,17.0296],[-93.1848,17.0027],[-93.1492,17.0221],[-93.1361,17.0526],[-93.1578,17.0847],[-93.1627,17.0993],[-93.18,17.118],[-93.2093,17.1361],[-93.192,17.1774],[-93.1929,17.1916],[-93.2193,17.1869],[-93.2255,17.1996],[-93.2226,17.2149]]]},"properties":{"CVE_ENT":"07","CVE_MUN":"021","CVEGEO":"07021","NOMGEO":"Copainalá"}},
{"type":"Feature","geometry":{"type":"Polygon","coordinates":[[[-93.2158,17.3316],[-93.242,17.3678],[-93.2489,17.3661],[-93.2716,17.3526],[-93.3225,17.3508],[-93.3323,17.3332],[-93.3842,17.3188],[-93.3829,17.2975],[-93.379,17.2693],[-93.3662,17.2653],[-93.3373,17.2696],[-93.2821,17.263],[-93.2963,17.2318],[-93.2713,17.2274],[-93.2622,17.2406],[-93.2462,17.2285],[-93.2226,17.2149],[-93.2094,17.2318],[-93.1804,17.2469],[-93.1925,17.2606],[-93.1785,17.2665],[-93.1987,17.2938],[-93.2158,17.3316]]]},"properties":{"CVE_ENT":"07","CVE_MUN":"033","CVEGEO":"07033","NOMGEO":"Francisco León"}},
{"type":"Feature","geometry":{"type":"Polygon","coordinates":[[[-92.1512,15.4259],[-92.1599,15.4473],[-92.2038,15.4552],[-92.2145,15.4025],[-92.2213,15.3917],[-92.2129,15.3497],[-92.1914,15.3428],[-92.1854,15.3293],[-92.2075,15.3123],[-92.2232,15.3144],[-92.2358,15.3062],[-92.2288,15.2752],[-92.21,15.2612],[-92.1287,15.3999],[-92.1414,15.4038],[-92.1512,15.4259]]]},"properties":{"CVE_ENT":"07","CVE_MUN":"053","CVEGEO":"07053","NOMGEO":"Mazapa de Madero"}},
{"type":"Feature","geometry":{"type":"Polygon","coordinates":[[[-93.1697,17.3974],[-93.1881,17.3974],[-93.2048,17.4094],[-93.2102,17.3917],[-93.1998,17.3856],[-93.1996,17.3662],[-93.1753,17.3622],[-93.1718,17.3492],[-93.1792,17.3363],[-93.1956,17.3442],[-93.2158,17.3316],[-93.1987,17.2938],[-93.1785,17.2665],[-93.1588,17.262],[-93.1482,17.2709],[-93.1135,17.2794],[-93.0951,17.2674],[-93.0687,17.2676],[-93.0658,17.2813],[-93.0653,17.2961],[-93.0446,17.315],[-93.0443,17.318],[-93.0458,17.3198],[-93.0467,17.3198],[-93.0474,17.3194],[-93.0502,17.3215],[-93.0518,17.3251],[-93.0481,17.3307],[-93.053,17.3347],[-93.0438,17.3704],[-93.0585,17.3751],[-93.0596,17.3705],[-93.0982,17.3665],[-93.0992,17.3582],[-93.1386,17.3646],[-93.1524,17.3752],[-93.1519,17.3926],[-93.1697,17.3974]]]},"properties":{"CVE_ENT":"07","CVE_MUN":"025","CVEGEO":"07025","NOMGEO":"Chapultenango"}},
{"type":"Feature","geometry":{"type":"Polygon","coordinates":[[[-92.4383,16.9852],[-92.4474,16.977],[-92.4854,16.9709],[-92.4928,16.9749],[-92.4983,16.9963],[-92.5079,17.0037],[-92.5024,17.0509],[-92.5437,17.0725],[-92.5592,17.0478],[-92.5548,16.9821],[-92.5459,16.9716],[-92.5619,16.958],[-92.6007,16.9501],[-92.6121,16.9563],[-92.6576,16.9628],[-92.6579,16.9798],[-92.6808,16.9884],[-92.7099,16.9823],[-92.709,16.9805],[-92.6939,16.9729],[-92.6999,16.9592],[-92.6966,16.9355],[-92.6849,16.9267],[-92.6606,16.9202],[-92.6719,16.884],[-92.6357,16.8769],[-92.6245,16.8804],[-92.6024,16.8707],[-92.593,16.8829],[-92.563,16.8944],[-92.5412,16.8923],[-92.5266,16.9005],[-92.517,16.8884],[-92.5164,16.8987],[-92.4986,16.9032],[-92.4916,16.9221],[-92.465,16.9342],[-92.4387,16.9286],[-92.4526,16.9446],[-92.4582,16.9626],[-92.4383,16.9852]]]},"properties":{"CVE_ENT":"07","CVE_MUN":"026","CVEGEO":"07026","NOMGEO":"Chenalhó"}},
{"type":"Feature","geometry":{"type":"Polygon","coordinates":[[[-92.9351,16.8754],[-92.9914,16.9103],[-93.0249,16.8921],[-93.0378,16.9065],[-93.0595,16.9098],[-93.0619,16.8962],[-93.054,16.8749],[-93.0351,16.8635],[-93.0328,16.8494],[-93.081,16.8409],[-93.0643,16.8348],[-93.0697,16.7922],[-93.0375,16.7516],[-93.0582,16.7521],[-93.0353,16.7262],[-93.0474,16.7107],[-93.0379,16.7011],[-93.0339,16.6776],[-93.0455,16.6653],[-93.0654,16.6747],[-93.0737,16.6349],[-93.0419,16.6143],[-93.0575,16.5997],[-93.0615,16.5479],[-93.0532,16.5393],[-93.0754,16.5069],[-93.1054,16.4964],[-93.0799,16.4873],[-93.0584,16.4847],[-93.061,16.4656],[-93.0501,16.4627],[-93.08,16.4372],[-93.0917,16.4226],[-93.0928,16.3996],[-93.0444,16.4404],[-93.0299,16.4339],[-92.9931,16.4314],[-92.9601,16.4248],[-92.9444,16.4056],[-92.8931,16.3672],[-92.9072,16.3455],[-92.895,16.3419],[-92.8951,16.3043],[-92.8827,16.2922],[-92.8661,16.2922],[-92.8661,16.3163],[-92.8491,16.3366],[-92.8256,16.348],[-92.8078,16.3629],[-92.805,16.3811],[-92.8206,16.3916],[-92.8316,16.3816],[-92.8651,16.4092],[-92.8834,16.4023],[-92.8967,16.4322],[-92.9085,16.4458],[-92.9022,16.4542],[-92.913,16.4673],[-92.9152,16.4862],[-92.9299,16.4778],[-92.9416,16.4833],[-92.9371,16.5035],[-92.9489,16.5222],[-92.943,16.5322],[-92.9569,16.5564],[-92.9506,16.5916],[-92.9214,16.6388],[-92.9067,16.6483],[-92.8457,16.6515],[-92.8434,16.6591],[-92.8678,16.6664],[-92.8625,16.6867],[-92.8666,16.7046],[-92.8884,16.7341],[-92.9139,16.7495],[-92.9521,16.7636],[-92.9631,16.7627],[-92.9947,16.7734],[-93.0161,16.7757],[-93.0054,16.7939],[-92.9797,16.8029],[-92.9862,16.8266],[-92.9611,16.8406],[-92.9746,16.8581],[-92.958,16.8651],[-92.9424,16.8794],[-92.9351,16.8754]]]},"properties":{"CVE_ENT":"07","CVE_MUN":"027","CVEGEO":"07027","NOMGEO":"Chiapa de Corzo"}},
{"type":"Feature","geometry":{"type":"Polygon","coordinates":[[[-92.1835,15.9013],[-92.189,15.9217],[-92.2011,15.9206],[-92.2687,15.9329],[-92.2853,15.9216],[-92.3082,15.9358],[-92.3217,15.9495],[-92.3414,15.9455],[-92.3647,15.9252],[-92.3902,15.8761],[-92.3724,15.8673],[-92.3881,15.8348],[-92.4541,15.8803],[-92.4992,15.9035],[-92.5253,15.9289],[-92.5334,15.9213],[-92.5471,15.8903],[-92.5592,15.8867],[-92.5871,15.8889],[-92.5986,15.8717],[-92.6152,15.8591],[-92.6056,15.8314],[-92.6113,15.804],[-92.6105,15.78],[-92.5936,15.7619],[-92.5724,15.7644],[-92.5464,15.7574],[-92.5396,15.7447],[-92.5165,15.7387],[-92.5226,15.7073],[-92.4933,15.7064],[-92.5309,15.6794],[-92.5247,15.6672],[-92.4946,15.6456],[-92.4814,15.6376],[-92.4537,15.6624],[-92.4442,15.654],[-92.4294,15.6586],[-92.4178,15.6707],[-92.4171,15.6833],[-92.4036,15.6931],[-92.363,15.6745],[-92.3562,15.6656],[-92.3309,15.6664],[-92.3219,15.6594],[-92.3132,15.6735],[-92.2841,15.6839],[-92.2602,15.6623],[-92.2599,15.6786],[-92.2437,15.6954],[-92.2258,15.6959],[-92.2331,15.7396],[-92.2394,15.7504],[-92.2305,15.7681],[-92.2484,15.7736],[-92.2391,15.792],[-92.2164,15.8018],[-92.2016,15.8319],[-92.1932,15.8767],[-92.186,15.8787],[-92.1835,15.9013]]]},"properties":{"CVE_ENT":"07","CVE_MUN":"030","CVEGEO":"07030","NOMGEO":"Chicomuselo"}},
{"type":"Feature","geometry":{"type":"Polygon","coordinates":[[[-91.9107,17.2489],[-91.9132,17.2263],[-91.8946,17.2274],[-91.8888,17.2136],[-91.9616,17.2163],[-91.9721,17.2058],[-91.9955,17.2164],[-91.9967,17.2312],[-92.014,17.234],[-92.0328,17.2228],[-92.0587,17.2581],[-92.0749,17.2628],[-92.0884,17.2773],[-92.1551,17.2103],[-92.1913,17.2374],[-92.2035,17.2225],[-92.2287,17.1958],[-92.2077,17.1712],[-92.2168,17.163],[-92.2475,17.1867],[-92.2583,17.1841],[-92.2745,17.1568],[-92.2875,17.1631],[-92.3179,17.133],[-92.339,17.1329],[-92.3602,17.1541],[-92.3705,17.155],[-92.4023,17.1324],[-92.3844,17.1166],[-92.3832,17.1002],[-92.3915,17.0726],[-92.3599,17.0889],[-92.342,17.0754],[-92.3288,17.0788],[-92.3135,17.0676],[-92.29,17.0671],[-92.2803,17.0604],[-92.2932,17.0413],[-92.2817,17.0204],[-92.2924,17.0102],[-92.3123,17.0047],[-92.3137,16.9954],[-92.346,16.9887],[-92.3414,16.9832],[-92.3503,16.9547],[-92.3212,16.9496],[-92.3095,16.9551],[-92.2954,16.946],[-92.2733,16.9433],[-92.2245,16.9474],[-92.2009,16.9959],[-92.174,16.991],[-92.1557,16.9805],[-92.1547,16.9707],[-92.1275,16.9618],[-92.1063,16.9738],[-92.0762,16.9742],[-92.0709,16.9876],[-92.0566,16.9801],[-92.0001,16.9824],[-91.9542,16.9876],[-91.9389,17.0053],[-91.9196,16.9994],[-91.8797,16.9969],[-91.8037,17.0379],[-91.7831,17.0432],[-91.7466,17.105],[-91.7052,17.0937],[-91.7005,17.1042],[-91.7532,17.1243],[-91.7514,17.1382],[-91.7389,17.1483],[-91.717,17.1372],[-91.701,17.1359],[-91.6823,17.1505],[-91.6802,17.1707],[-91.6479,17.1723],[-91.6494,17.2041],[-91.6854,17.1866],[-91.6893,17.1736],[-91.7266,17.1677],[-91.7256,17.1873],[-91.7347,17.201],[-91.7209,17.2112],[-91.7223,17.2247],[-91.7431,17.2483],[-91.8557,17.2496],[-91.9107,17.2489]]]},"properties":{"CVE_ENT":"07","CVE_MUN":"031","CVEGEO":"07031","NOMGEO":"Chilón"}},
{"type":"Feature","geometry":{"type":"Polygon","coordinates":[[[-92.1815,14.8474],[-92.2001,14.8524],[-92.2107,14.8413],[-92.2231,14.8078],[-92.2187,14.7977],[-92.1938,14.7967],[-92.178,14.805],[-92.1848,14.8283],[-92.1815,14.8474]]]},"properties":{"CVE_ENT":"07","CVE_MUN":"055","CVEGEO":"07055","NOMGEO":"Metapa"}},
{"type":"Feature","geometry":{"type":"Polygon","coordinates":[[[-92.6719,16.884],[-92.6915,16.8979],[-92.6962,16.8787],[-92.7401,16.858],[-92.7786,16.8657],[-92.8145,16.8946],[-92.8256,16.8903],[-92.8562,16.8903],[-92.8565,16.8791],[-92.8206,16.8792],[-92.8311,16.8511],[-92.8177,16.8464],[-92.8136,16.8111],[-92.8253,16.7936],[-92.8116,16.7747],[-92.7901,16.7807],[-92.7513,16.7774],[-92.692,16.7628],[-92.6903,16.7632],[-92.684,16.7613],[-92.6805,16.7611],[-92.6784,16.7642],[-92.67,16.7603],[-92.6463,16.7695],[-92.6291,16.7602],[-92.598,16.7898],[-92.587,16.7726],[-92.5802,16.7495],[-92.547,16.7362],[-92.5336,16.7389],[-92.5367,16.7765],[-92.5453,16.7885],[-92.541,16.8088],[-92.5435,16.8374],[-92.5371,16.8518],[-92.5683,16.8542],[-92.6079,16.8658],[-92.622,16.8765],[-92.6357,16.8769],[-92.6719,16.884]]]},"properties":{"CVE_ENT":"07","CVE_MUN":"023","CVEGEO":"07023","NOMGEO":"Chamula"}},
{"type":"Feature","geometry":{"type":"Polygon","coordinates":[[[-91.9219,15.7515],[-91.9357,15.7629],[-91.932,15.7762],[-91.9152,15.7843],[-91.9166,15.8051],[-91.9527,15.8262],[-91.9616,15.8452],[-91.9838,15.8497],[-91.9953,15.8428],[-92.0224,15.8451],[-92.0513,15.852],[-92.051,15.861],[-92.0694,15.8673],[-92.0786,15.8841],[-92.0978,15.8853],[-92.1181,15.9139],[-92.1313,15.925],[-92.1706,15.9338],[-92.1835,15.9013],[-92.186,15.8787],[-92.1932,15.8767],[-92.2016,15.8319],[-92.2164,15.8018],[-92.2391,15.792],[-92.2484,15.7736],[-92.2305,15.7681],[-92.2394,15.7504],[-92.2331,15.7396],[-92.2258,15.6959],[-92.1848,15.6634],[-92.1711,15.6404],[-92.1522,15.637],[-92.1486,15.6266],[-92.1039,15.6286],[-92.0881,15.6423],[-92.0415,15.6444],[-92.0306,15.6352],[-92.0092,15.6446],[-91.9901,15.6358],[-91.9219,15.7515]]]},"properties":{"CVE_ENT":"07","CVE_MUN":"034","CVEGEO":"07034","NOMGEO":"Frontera Comalapa"}},
{"type":"Feature","geometry":{"type":"Polygon","coordinates":[[[-92.3191,16.2815],[-92.3088,16.2997],[-92.2748,16.3049],[-92.3066,16.3517],[-92.3146,16.3593],[-92.3007,16.3771],[-92.321,16.3774],[-92.3162,16.4096],[-92.2971,16.4314],[-92.321,16.4608],[-92.3476,16.4481],[-92.3447,16.4392],[-92.3632,16.4317],[-92.3861,16.4408],[-92.3897,16.4625],[-92.4077,16.4503],[-92.4104,16.4197],[-92.4192,16.418],[-92.433,16.3996],[-92.4486,16.3691],[-92.4386,16.3542],[-92.4548,16.3326],[-92.4309,16.3361],[-92.4138,16.3232],[-92.4027,16.2978],[-92.4004,16.281],[-92.3769,16.275],[-92.3605,16.2956],[-92.3496,16.2812],[-92.3337,16.2772],[-92.3191,16.2815]]]},"properties":{"CVE_ENT":"07","CVE_MUN":"075","CVEGEO":"07075","NOMGEO":"Las Rosas"}},
{"type":"Feature","geometry":{"type":"Polygon","coordinates":[[[-92.6593,17.4446],[-92.6762,17.4116],[-92.6777,17.38],[-92.7356,17.3471],[-92.7241,17.3488],[-92.7097,17.3297],[-92.6876,17.3354],[-92.6694,17.3163],[-92.6534,17.3108],[-92.656,17.299],[-92.6382,17.282],[-92.6261,17.2803],[-92.6192,17.2569],[-92.5931,17.2696],[-92.5792,17.2708],[-92.5939,17.2423],[-92.5898,17.2043],[-92.5306,17.1932],[-92.5149,17.2226],[-92.5143,17.2632],[-92.5245,17.2825],[-92.541,17.2963],[-92.5446,17.311],[-92.5825,17.31],[-92.5871,17.3224],[-92.6107,17.3477],[-92.6007,17.3588],[-92.5869,17.3611],[-92.5928,17.395],[-92.6071,17.4231],[-92.6189,17.4245],[-92.6301,17.4463],[-92.6487,17.4361],[-92.6593,17.4446]]]},"properties":{"CVE_ENT":"07","CVE_MUN":"076","CVEGEO":"07076","NOMGEO":"Sabanilla"}},
{"type":"Feature","geometry":{"type":"Polygon","coordinates":[[[-92.4081,16.7699],[-92.4496,16.7612],[-92.4611,16.777],[-92.4722,16.7795],[-92.5114,16.7686],[-92.5161,16.7636],[-92.5117,16.7307],[-92.5165,16.6949],[-92.5153,16.6782],[-92.4704,16.6746],[-92.4469,16.6784],[-92.4184,16.6609],[-92.4329,16.6518],[-92.4499,16.6439],[-92.472,16.6387],[-92.4741,16.6262],[-92.4384,16.6195],[-92.4242,16.6283],[-92.4101,16.6218],[-92.3753,16.587],[-92.3618,16.6005],[-92.3752,16.6172],[-92.3684,16.6346],[-92.3256,16.6348],[-92.2788,16.629],[-92.277,16.6712],[-92.2717,16.6952],[-92.3032,16.6997],[-92.3072,16.716],[-92.336,16.7457],[-92.3713,16.7521],[-92.3957,16.7483],[-92.4081,16.7699]]]},"properties":{"CVE_ENT":"07","CVE_MUN":"038","CVEGEO":"07038","NOMGEO":"Huixtán"}},
{"type":"Feature","geometry":{"type":"Polygon","coordinates":[[[-92.5898,17.2043],[-92.5939,17.2423],[-92.5792,17.2708],[-92.5931,17.2696],[-92.6192,17.2569],[-92.6261,17.2803],[-92.6382,17.282],[-92.656,17.299],[-92.6534,17.3108],[-92.6694,17.3163],[-92.6876,17.3354],[-92.7097,17.3297],[-92.7241,17.3488],[-92.7356,17.3471],[-92.7536,17.3434],[-92.7562,17.3232],[-92.7967,17.3113],[-92.7804,17.2977],[-92.8138,17.2805],[-92.8107,17.2365],[-92.8036,17.2365],[-92.8023,17.2327],[-92.7973,17.2321],[-92.7887,17.2266],[-92.7869,17.2245],[-92.7348,17.1949],[-92.7257,17.1656],[-92.702,17.1555],[-92.6812,17.1603],[-92.6579,17.1422],[-92.641,17.1414],[-92.6223,17.1519],[-92.5999,17.1742],[-92.5898,17.2043]]]},"properties":{"CVE_ENT":"07","CVE_MUN":"039","CVEGEO":"07039","NOMGEO":"Huitiupán"}},
{"type":"Feature","geometry":{"type":"Polygon","coordinates":[[[-92.4517,15.228],[-92.4551,15.2446],[-92.4504,15.2596],[-92.4253,15.275],[-92.4306,15.2863],[-92.4557,15.29],[-92.4727,15.2863],[-92.4851,15.2757],[-92.4773,15.262],[-92.4983,15.2614],[-92.4991,15.2479],[-92.516,15.2247],[-92.5214,15.1892],[-92.5428,15.1753],[-92.5272,15.1463],[-92.5485,15.1153],[-92.5837,15.1234],[-92.6059,15.1199],[-92.614,15.0906],[-92.6064,15.0865],[-92.6156,15.0527],[-92.6658,15.0449],[-92.6659,15.0202],[-92.679,15.0217],[-92.706,15.0149],[-92.7124,15.0237],[-92.7326,15.0308],[-92.6761,14.9731],[-92.6518,14.9558],[-92.6035,14.9516],[-92.6037,14.9567],[-92.5599,15.0002],[-92.5398,15.0208],[-92.4961,15.0546],[-92.4775,15.0495],[-92.4715,15.0627],[-92.4873,15.0696],[-92.4713,15.1097],[-92.4449,15.1622],[-92.4181,15.1775],[-92.4233,15.195],[-92.4509,15.1963],[-92.4517,15.228]]]},"properties":{"CVE_ENT":"07","CVE_MUN":"040","CVEGEO":"07040","NOMGEO":"Huixtla"}},
{"type":"Feature","geometry":{"type":"Polygon","coordinates":[[[-91.5153,16.1407],[-91.5021,16.15],[-91.5081,16.1644],[-91.5399,16.1828],[-91.5622,16.1866],[-91.5961,16.2116],[-91.6202,16.2172],[-91.6311,16.2379],[-91.6312,16.2529],[-91.6463,16.2594],[-91.6679,16.2522],[-91.694,16.2708],[-91.7304,16.2668],[-91.7415,16.2573],[-91.7456,16.2222],[-91.7656,16.2123],[-91.7893,16.2141],[-91.8167,16.2364],[-91.8304,16.2231],[-91.8416,16.2277],[-91.8714,16.2612],[-91.8869,16.261],[-91.9001,16.2692],[-91.9583,16.262],[-91.9671,16.2947],[-91.9863,16.2846],[-92.0147,16.2771],[-92.024,16.2824],[-92.0334,16.2624],[-92.0512,16.2501],[-92.0452,16.2374],[-92.0169,16.207],[-92.0011,16.1977],[-91.9967,16.166],[-91.9343,16.1598],[-91.8911,16.1694],[-91.8627,16.1697],[-91.8482,16.178],[-91.8323,16.207],[-91.8164,16.1894],[-91.824,16.1614],[-91.8008,16.1745],[-91.7666,16.1544],[-91.7539,16.1399],[-91.7357,16.1319],[-91.7205,16.1436],[-91.682,16.152],[-91.6621,16.1428],[-91.656,16.1235],[-91.6331,16.1414],[-91.624,16.1305],[-91.6033,16.1347],[-91.5813,16.1594],[-91.5537,16.1598],[-91.5153,16.1407]]]},"properties":{"CVE_ENT":"07","CVE_MUN":"041","CVEGEO":"07041","NOMGEO":"La Independencia"}},
{"type":"Feature","geometry":{"type":"Polygon","coordinates":[[[-93.0539,17.4932],[-93.07,17.4958],[-93.0956,17.4864],[-93.1208,17.4643],[-93.1396,17.4285],[-93.1693,17.4154],[-93.1697,17.3974],[-93.1519,17.3926],[-93.1524,17.3752],[-93.1386,17.3646],[-93.0992,17.3582],[-93.0982,17.3665],[-93.0596,17.3705],[-93.0585,17.3751],[-93.0473,17.3939],[-93.0686,17.3956],[-93.0718,17.4063],[-93.055,17.4178],[-93.0504,17.4361],[-93.0518,17.4654],[-93.04,17.4791],[-93.0539,17.4932]]]},"properties":{"CVE_ENT":"07","CVE_MUN":"043","CVEGEO":"07043","NOMGEO":"Ixtacomitán"}},
{"type":"Feature","geometry":{"type":"Polygon","coordinates":[[[-92.8145,16.8946],[-92.8513,16.9307],[-92.8675,16.9169],[-92.9009,16.906],[-92.9074,16.896],[-92.8984,16.883],[-92.9221,16.8696],[-92.9351,16.8754],[-92.9424,16.8794],[-92.958,16.8651],[-92.9746,16.8581],[-92.9611,16.8406],[-92.9862,16.8266],[-92.9797,16.8029],[-93.0054,16.7939],[-93.0161,16.7757],[-92.9947,16.7734],[-92.9631,16.7627],[-92.9521,16.7636],[-92.9139,16.7495],[-92.8884,16.7341],[-92.8666,16.7046],[-92.8625,16.6867],[-92.8507,16.7115],[-92.8611,16.7165],[-92.8713,16.7425],[-92.8488,16.7638],[-92.8476,16.7768],[-92.8165,16.7708],[-92.8116,16.7747],[-92.8253,16.7936],[-92.8136,16.8111],[-92.8177,16.8464],[-92.8311,16.8511],[-92.8206,16.8792],[-92.8565,16.8791],[-92.8562,16.8903],[-92.8256,16.8903],[-92.8145,16.8946]]]},"properties":{"CVE_ENT":"07","CVE_MUN":"044","CVEGEO":"07044","NOMGEO":"Ixtapa"}},
{"type":"Feature","geometry":{"type":"Polygon","coordinates":[[[-92.9206,17.5027],[-92.9379,17.5026],[-92.9557,17.4887],[-92.9661,17.5113],[-92.9788,17.5125],[-92.9888,17.5503],[-93.0043,17.5552],[-93.0047,17.5313],[-93.0188,17.528],[-93.0301,17.5008],[-93.0539,17.4932],[-93.04,17.4791],[-93.0286,17.4866],[-93.0189,17.4566],[-92.9963,17.4519],[-92.9708,17.4176],[-92.9538,17.4017],[-92.9485,17.3869],[-92.9554,17.3759],[-92.9424,17.3679],[-92.9296,17.3715],[-92.9345,17.4052],[-92.9135,17.4137],[-92.9317,17.4282],[-92.9349,17.44],[-92.9502,17.4441],[-92.9383,17.4601],[-92.9346,17.4797],[-92.9206,17.5027]]]},"properties":{"CVE_ENT":"07","CVE_MUN":"045","CVEGEO":"07045","NOMGEO":"Ixtapangajoya"}},
{"type":"Feature","geometry":{"type":"Polygon","coordinates":[[[-93.5109,16.4622],[-93.5259,16.4696],[-93.5206,16.4882],[-93.518,16.5216],[-93.4969,16.5397],[-93.4909,16.5895],[-93.4825,16.6052],[-93.519,16.6337],[-93.5304,16.6686],[-93.5638,16.6866],[-93.5574,16.7034],[-93.5433,16.7156],[-93.5448,16.7283],[-93.5284,16.742],[-93.5264,16.7635],[-93.542,16.7786],[-93.5375,16.8046],[-93.5283,16.8099],[-93.5294,16.8256],[-93.5449,16.8502],[-93.5632,16.851],[-93.5555,16.8465],[-93.5808,16.8232],[-93.5942,16.8009],[-93.6337,16.7978],[-93.6454,16.7931],[-93.6429,16.7508],[-93.6599,16.7396],[-93.6726,16.6961],[-93.687,16.691],[-93.69,16.6602],[-93.701,16.6229],[-93.7148,16.5955],[-93.7172,16.5677],[-93.7414,16.5695],[-93.7532,16.5474],[-93.7456,16.5296],[-93.7581,16.504],[-93.8076,16.4997],[-93.8336,16.4754],[-93.8459,16.4859],[-93.8602,16.4869],[-93.8738,16.4732],[-93.8706,16.4596],[-93.8942,16.4413],[-93.931,16.4423],[-93.9388,16.4185],[-93.9236,16.4065],[-93.9209,16.3774],[-93.9465,16.3687],[-93.8994,16.3484],[-93.8666,16.3443],[-93.8323,16.3268],[-93.8224,16.3458],[-93.7924,16.3446],[-93.7519,16.3271],[-93.7475,16.3145],[-93.7196,16.3074],[-93.7078,16.3128],[-93.6884,16.2974],[-93.6739,16.3244],[-93.6496,16.3069],[-93.6492,16.3426],[-93.6366,16.3667],[-93.6159,16.3721],[-93.6096,16.3978],[-93.5964,16.4045],[-93.5728,16.3981],[-93.5557,16.4011],[-93.5758,16.4348],[-93.5403,16.4355],[-93.5127,16.4474],[-93.5109,16.4622]]]},"properties":{"CVE_ENT":"07","CVE_MUN":"046","CVEGEO":"07046","NOMGEO":"Jiquipilas"}},
{"type":"Feature","geometry":{"type":"Polygon","coordinates":[[[-93.0335,17.7702],[-93.02,17.7807],[-93.0129,17.7989],[-93.0254,17.8254],[-93.0431,17.8426],[-93.0941,17.8412],[-93.1016,17.8458],[-93.1156,17.8222],[-93.1021,17.8132],[-93.1053,17.7918],[-93.1235,17.7966],[-93.1311,17.7906],[-93.1358,17.7522],[-93.1494,17.7626],[-93.1469,17.7775],[-93.1739,17.7842],[-93.1937,17.7714],[-93.2444,17.7866],[-93.2634,17.8063],[-93.2739,17.7721],[-93.3052,17.7818],[-93.3202,17.796],[-93.3143,17.8129],[-93.3334,17.8184],[-93.3431,17.7875],[-93.3528,17.7637],[-93.3754,17.7668],[-93.3823,17.7499],[-93.3543,17.7127],[-93.3605,17.6651],[-93.3484,17.6688],[-93.3287,17.6606],[-93.3173,17.6396],[-93.3225,17.6157],[-93.3072,17.5998],[-93.2874,17.6084],[-93.2815,17.5881],[-93.2613,17.5713],[-93.2553,17.5555],[-93.2341,17.5677],[-93.2245,17.5972],[-93.2112,17.5651],[-93.1786,17.5611],[-93.1591,17.5847],[-93.1495,17.5804],[-93.1237,17.5887],[-93.0994,17.5767],[-93.0943,17.5852],[-93.0756,17.5754],[-93.0798,17.6101],[-93.0902,17.6149],[-93.0744,17.661],[-93.067,17.6717],[-93.0418,17.6873],[-93.0379,17.6986],[-93.0444,17.7134],[-93.0572,17.7237],[-93.0426,17.7684],[-93.0335,17.7702]]]},"properties":{"CVE_ENT":"07","CVE_MUN":"048","CVEGEO":"07048","NOMGEO":"Juárez"}},
{"type":"Feature","geometry":{"type":"Polygon","coordinates":[[[-91.6103,16.5401],[-91.6172,16.5241],[-91.6531,16.5362],[-91.6668,16.553],[-91.6741,16.5787],[-91.6963,16.5679],[-91.6876,16.5521],[-91.71,16.5161],[-91.7372,16.5095],[-91.7462,16.4993],[-91.7692,16.4952],[-91.7846,16.513],[-91.7661,16.5301],[-91.7883,16.5521],[-91.8199,16.5513],[-91.8296,16.5363],[-91.8584,16.5667],[-91.9199,16.5491],[-91.9239,16.6003],[-91.9378,16.5963],[-92.0004,16.5937],[-92.0196,16.6611],[-92.033,16.674],[-92.0429,16.663],[-92.07,16.6589],[-92.0984,16.6692],[-92.1211,16.6647],[-92.1532,16.632],[-92.1476,16.5896],[-92.1534,16.5673],[-92.1517,16.548],[-92.171,16.4975],[-92.1787,16.4934],[-92.1827,16.4523],[-92.158,16.4537],[-92.159,16.4228],[-92.1756,16.4123],[-92.1683,16.402],[-92.1535,16.4132],[-92.1325,16.4108],[-92.1169,16.4217],[-92.1194,16.3958],[-92.0924,16.3961],[-92.0832,16.3716],[-92.0643,16.3679],[-92.0516,16.3533],[-92.0544,16.3368],[-92.045,16.3321],[-92.0611,16.2967],[-92.0287,16.2889],[-92.024,16.2824],[-92.0147,16.2771],[-91.9863,16.2846],[-91.9671,16.2947],[-91.9583,16.262],[-91.9001,16.2692],[-91.8869,16.261],[-91.8714,16.2612],[-91.8416,16.2277],[-91.8304,16.2231],[-91.8167,16.2364],[-91.7893,16.2141],[-91.7656,16.2123],[-91.7456,16.2222],[-91.7415,16.2573],[-91.7304,16.2668],[-91.694,16.2708],[-91.6679,16.2522],[-91.6463,16.2594],[-91.6312,16.2529],[-91.6311,16.2379],[-91.6202,16.2172],[-91.5961,16.2116],[-91.5622,16.1866],[-91.5399,16.1828],[-91.5081,16.1644],[-91.5021,16.15],[-91.5153,16.1407],[-91.5012,16.1371],[-91.4939,16.118],[-91.481,16.1174],[-91.476,16.0959],[-91.4435,16.096],[-91.4471,16.1085],[-91.4234,16.1175],[-91.408,16.1074],[-91.3818,16.0743],[-91.2967,16.0744],[-91.3048,16.1078],[-91.3399,16.1255],[-91.3556,16.1474],[-91.3404,16.1678],[-91.3503,16.1867],[-91.3407,16.2026],[-91.3684,16.2005],[-91.3794,16.2085],[-91.39,16.2596],[-91.3706,16.247],[-91.3573,16.2901],[-91.3119,16.3133],[-91.3024,16.3135],[-91.3275,16.322],[-91.3417,16.3325],[-91.3319,16.3415],[-91.3281,16.3725],[-91.3411,16.3898],[-91.3422,16.4027],[-91.3625,16.4032],[-91.3891,16.3873],[-91.4115,16.4091],[-91.4211,16.4038],[-91.4359,16.4235],[-91.4209,16.4432],[-91.4455,16.4624],[-91.4331,16.4881],[-91.4422,16.5021],[-91.4817,16.5255],[-91.4943,16.5031],[-91.5071,16.4967],[-91.534,16.5123],[-91.578,16.4872],[-91.5849,16.4968],[-91.5855,16.5314],[-91.5921,16.5393],[-91.6103,16.5401]]]},"properties":{"CVE_ENT":"07","CVE_MUN":"052","CVEGEO":"07052","NOMGEO":"Las Margaritas"}},
{"type":"Feature","geometry":{"type":"Polygon","coordinates":[[[-92.517,16.8884],[-92.5266,16.9005],[-92.5412,16.8923],[-92.563,16.8944],[-92.593,16.8829],[-92.6024,16.8707],[-92.6245,16.8804],[-92.6357,16.8769],[-92.622,16.8765],[-92.6079,16.8658],[-92.5683,16.8542],[-92.5371,16.8518],[-92.5196,16.8769],[-92.517,16.8884]]]},"properties":{"CVE_ENT":"07","CVE_MUN":"056","CVEGEO":"07056","NOMGEO":"Mitontic"}},
{"type":"Feature","geometry":{"type":"Polygon","coordinates":[[[-92.4303,14.9534],[-92.4359,14.9595],[-92.4679,14.9323],[-92.4788,14.9514],[-92.4947,14.966],[-92.5123,14.9593],[-92.5292,14.9644],[-92.5393,14.9543],[-92.5635,14.9561],[-92.5567,14.9923],[-92.5599,15.0002],[-92.6037,14.9567],[-92.6035,14.9516],[-92.6518,14.9558],[-92.6761,14.9731],[-92.6307,14.924],[-92.508,14.7972],[-92.4664,14.7575],[-92.4391,14.7608],[-92.435,14.7788],[-92.4103,14.7924],[-92.4169,14.8],[-92.3878,14.8176],[-92.3986,14.8351],[-92.3979,14.8547],[-92.3891,14.8614],[-92.3881,14.9089],[-92.4162,14.9232],[-92.4303,14.9534]]]},"properties":{"CVE_ENT":"07","CVE_MUN":"054","CVEGEO":"07054","NOMGEO":"Mazatán"}},
{"type":"Feature","geometry":{"type":"Polygon","coordinates":[[[-92.8399,17.1462],[-92.8246,17.1624],[-92.8036,17.1935],[-92.8063,17.2056],[-92.793,17.2013],[-92.7844,17.1914],[-92.7785,17.1934],[-92.7826,17.2146],[-92.7971,17.2185],[-92.7923,17.2239],[-92.7897,17.2213],[-92.7869,17.2245],[-92.7887,17.2266],[-92.7973,17.2321],[-92.8023,17.2327],[-92.8036,17.2365],[-92.8107,17.2365],[-92.8138,17.2805],[-92.8259,17.284],[-92.8338,17.2698],[-92.8529,17.278],[-92.8766,17.2996],[-92.8762,17.3159],[-92.9178,17.316],[-92.9078,17.2854],[-92.9224,17.2749],[-92.9167,17.2528],[-92.9092,17.264],[-92.8858,17.2602],[-92.8928,17.2123],[-92.915,17.178],[-92.9106,17.168],[-92.9338,17.1518],[-92.9431,17.1623],[-92.941,17.1468],[-92.9098,17.1346],[-92.8955,17.1468],[-92.8633,17.139],[-92.8399,17.1462]]]},"properties":{"CVE_ENT":"07","CVE_MUN":"072","CVEGEO":"07072","NOMGEO":"Pueblo Nuevo Solistahuacán"}},
{"type":"Feature","geometry":{"type":"Polygon","coordinates":[[[-92.692,16.7628],[-92.7513,16.7774],[-92.7901,16.7807],[-92.8116,16.7747],[-92.8165,16.7708],[-92.8476,16.7768],[-92.8488,16.7638],[-92.8713,16.7425],[-92.8611,16.7165],[-92.8507,16.7115],[-92.8625,16.6867],[-92.8678,16.6664],[-92.8434,16.6591],[-92.8258,16.6726],[-92.8129,16.6846],[-92.7939,16.6707],[-92.7733,16.6778],[-92.7472,16.667],[-92.7216,16.6435],[-92.7126,16.6603],[-92.7159,16.6761],[-92.7081,16.699],[-92.7169,16.7071],[-92.7157,16.727],[-92.6886,16.7446],[-92.6833,16.7537],[-92.6926,16.756],[-92.6939,16.7585],[-92.692,16.7628]]]},"properties":{"CVE_ENT":"07","CVE_MUN":"111","CVEGEO":"07111","NOMGEO":"Zinacantán"}},
{"type":"Feature","geometry":{"type":"Polygon","coordinates":[[[-92.7126,16.6603],[-92.7216,16.6435],[-92.7472,16.667],[-92.7733,16.6778],[-92.7939,16.6707],[-92.8129,16.6846],[-92.8258,16.6726],[-92.8087,16.6617],[-92.7841,16.6549],[-92.7876,16.6461],[-92.7739,16.6337],[-92.7634,16.6008],[-92.7352,16.586],[-92.7231,16.5817],[-92.707,16.5868],[-92.6772,16.5778],[-92.6415,16.5692],[-92.6164,16.5785],[-92.6471,16.5911],[-92.642,16.6007],[-92.6614,16.6091],[-92.6651,16.6242],[-92.706,16.6249],[-92.7119,16.6287],[-92.7126,16.6603]]]},"properties":{"CVE_ENT":"07","CVE_MUN":"110","CVEGEO":"07110","NOMGEO":"San Lucas"}},
{"type":"Feature","geometry":{"type":"Polygon","coordinates":[[[-92.8296,15.6668],[-92.8463,15.6657],[-92.878,15.6717],[-92.8597,15.6494],[-92.874,15.6372],[-92.9285,15.6384],[-92.9271,15.61],[-92.9321,15.595],[-92.9566,15.6052],[-92.9651,15.5889],[-92.9684,15.5106],[-93.0094,15.4865],[-93.0652,15.5143],[-93.1094,15.4862],[-93.1092,15.4731],[-93.0876,15.456],[-93.0611,15.4503],[-93.1237,15.4091],[-92.9564,15.2557],[-92.931,15.2312],[-92.9232,15.2468],[-92.9003,15.2487],[-92.8717,15.2616],[-92.8524,15.2821],[-92.84,15.3222],[-92.8101,15.3464],[-92.8028,15.3936],[-92.7854,15.3893],[-92.7738,15.4117],[-92.7653,15.4452],[-92.7572,15.4579],[-92.7348,15.4598],[-92.7118,15.4754],[-92.692,15.4827],[-92.6998,15.4981],[-92.6967,15.5177],[-92.6726,15.6065],[-92.663,15.609],[-92.6647,15.6125],[-92.6999,15.6019],[-92.7385,15.6164],[-92.7638,15.615],[-92.7628,15.6314],[-92.7671,15.6436],[-92.7823,15.6417],[-92.7941,15.6544],[-92.8174,15.6588],[-92.8296,15.6668]]]},"properties":{"CVE_ENT":"07","CVE_MUN":"051","CVEGEO":"07051","NOMGEO":"Mapastepec"}},
{"type":"Feature","geometry":{"type":"Polygon","coordinates":[[[-91.6821,17.4695],[-91.6521,17.4938],[-91.6485,17.5181],[-91.6347,17.5332],[-91.6405,17.5565],[-91.6386,17.58],[-91.6443,17.5934],[-91.6622,17.6086],[-91.6528,17.6386],[-91.6619,17.6577],[-91.6585,17.6748],[-91.673,17.6835],[-91.6905,17.6833],[-91.7539,17.7053],[-91.7679,17.7031],[-91.784,17.7167],[-91.8212,17.7318],[-91.8364,17.7178],[-91.8387,17.7046],[-91.8716,17.6834],[-91.855,17.6352],[-91.8601,17.623],[-91.8598,17.59],[-91.8487,17.545],[-91.8289,17.5332],[-91.7865,17.5296],[-91.7599,17.5323],[-91.732,17.521],[-91.7162,17.4967],[-91.6816,17.4831],[-91.6821,17.4695]]]},"properties":{"CVE_ENT":"07","CVE_MUN":"050","CVEGEO":"07050","NOMGEO":"La Libertad"}},
{"type":"Feature","geometry":{"type":"Polygon","coordinates":[[[-92.8189,16.9981],[-92.8454,16.9834],[-92.8378,16.9613],[-92.8513,16.9307],[-92.8145,16.8946],[-92.7786,16.8657],[-92.7401,16.858],[-92.6962,16.8787],[-92.6915,16.8979],[-92.7149,16.9052],[-92.7216,16.916],[-92.7421,16.9477],[-92.7264,16.9595],[-92.7375,16.9696],[-92.7238,16.9791],[-92.7128,16.9732],[-92.709,16.9805],[-92.7099,16.9823],[-92.7112,16.9824],[-92.7351,16.9844],[-92.7427,16.9565],[-92.76,16.9538],[-92.7784,16.9867],[-92.7853,16.965],[-92.8189,16.9981]]]},"properties":{"CVE_ENT":"07","CVE_MUN":"049","CVEGEO":"07049","NOMGEO":"Larráinzar"}},
{"type":"Feature","geometry":{"type":"Polygon","coordinates":[[[-92.3959,17.3968],[-92.4027,17.424],[-92.3828,17.4339],[-92.3881,17.4561],[-92.3712,17.4598],[-92.3503,17.4413],[-92.3314,17.4584],[-92.3341,17.4706],[-92.3612,17.4899],[-92.3744,17.4901],[-92.3908,17.506],[-92.39,17.5233],[-92.4218,17.5099],[-92.4792,17.519],[-92.4855,17.5319],[-92.4795,17.5749],[-92.5201,17.5719],[-92.5301,17.55],[-92.5539,17.5427],[-92.5631,17.5457],[-92.5714,17.5496],[-92.597,17.5204],[-92.5942,17.4924],[-92.6058,17.4774],[-92.6243,17.4659],[-92.6422,17.4633],[-92.6593,17.4446],[-92.6487,17.4361],[-92.6301,17.4463],[-92.6189,17.4245],[-92.6071,17.4231],[-92.5928,17.395],[-92.5869,17.3611],[-92.6007,17.3588],[-92.6107,17.3477],[-92.5871,17.3224],[-92.5825,17.31],[-92.5446,17.311],[-92.541,17.2963],[-92.5245,17.2825],[-92.5143,17.2632],[-92.5149,17.2226],[-92.5306,17.1932],[-92.4848,17.1787],[-92.4739,17.1686],[-92.4403,17.1657],[-92.4432,17.1782],[-92.3921,17.2008],[-92.3778,17.2019],[-92.3633,17.2191],[-92.3791,17.2538],[-92.3763,17.2981],[-92.4019,17.3007],[-92.3989,17.362],[-92.4026,17.381],[-92.3959,17.3968]]]},"properties":{"CVE_ENT":"07","CVE_MUN":"096","CVEGEO":"07096","NOMGEO":"Tila"}},
{"type":"Feature","geometry":{"type":"Polygon","coordinates":[[[-93.6138,16.2023],[-93.6533,16.2079],[-93.7067,16.2046],[-93.7416,16.2246],[-93.771,16.2303],[-93.7679,16.2085],[-93.782,16.1942],[-93.8017,16.1954],[-93.8043,16.2123],[-93.8328,16.1975],[-93.8384,16.2038],[-93.858,16.1951],[-93.8936,16.1717],[-93.9021,16.1365],[-93.9135,16.1255],[-93.9191,16.096],[-93.96,16.0921],[-93.9822,16.0937],[-94.0083,16.1085],[-94.0343,16.1068],[-94.0581,16.1199],[-94.0734,16.118],[-94.1008,16.139],[-94.0394,16.0301],[-94.036,16.0221],[-94.0002,16.0031],[-93.9572,15.9846],[-93.916,15.9827],[-93.8408,15.9487],[-93.7869,15.9192],[-93.7258,15.8823],[-93.6315,15.8189],[-93.5641,15.7712],[-93.5144,15.7343],[-93.4773,15.7702],[-93.4605,15.7533],[-93.4146,15.8397],[-93.3666,15.8808],[-93.3556,15.8657],[-93.3198,15.8459],[-93.3034,15.8417],[-93.3221,15.8645],[-93.3334,15.8953],[-93.3488,15.9065],[-93.3844,15.9119],[-93.4126,15.9532],[-93.4412,15.9727],[-93.4779,15.9667],[-93.4809,15.9889],[-93.5329,15.9998],[-93.5407,16.0198],[-93.555,16.0111],[-93.5517,15.9965],[-93.5655,15.9907],[-93.5914,16.0385],[-93.572,16.0545],[-93.6006,16.11],[-93.5966,16.1203],[-93.6076,16.1576],[-93.6138,16.2023]]]},"properties":{"CVE_ENT":"07","CVE_MUN":"097","CVEGEO":"07097","NOMGEO":"Tonalá"}},
{"type":"Feature","geometry":{"type":"Polygon","coordinates":[[[-91.5153,16.1407],[-91.5537,16.1598],[-91.5813,16.1594],[-91.6033,16.1347],[-91.624,16.1305],[-91.6331,16.1414],[-91.656,16.1235],[-91.6621,16.1428],[-91.682,16.152],[-91.7205,16.1436],[-91.7357,16.1319],[-91.7539,16.1399],[-91.7666,16.1544],[-91.8008,16.1745],[-91.824,16.1614],[-91.8164,16.1894],[-91.8323,16.207],[-91.8482,16.178],[-91.8627,16.1697],[-91.8911,16.1694],[-91.9343,16.1598],[-91.9967,16.166],[-92.0225,16.1777],[-92.0259,16.1648],[-92.0506,16.1655],[-92.0828,16.1541],[-92.0771,16.1415],[-92.0873,16.1296],[-92.0986,16.0941],[-92.0859,16.0744],[-92.1089,16.0571],[-92.1424,16.0785],[-92.1776,16.0345],[-92.1778,16.014],[-92.2069,16.0144],[-92.2056,15.9924],[-92.1818,15.97],[-92.1772,15.9533],[-92.1892,15.9477],[-92.1706,15.9338],[-92.1313,15.925],[-92.1181,15.9139],[-92.0978,15.8853],[-92.0786,15.8841],[-92.0694,15.8673],[-92.051,15.861],[-92.0513,15.852],[-92.0224,15.8451],[-91.9953,15.8428],[-91.9838,15.8497],[-91.9616,15.8452],[-91.9527,15.8262],[-91.9166,15.8051],[-91.9152,15.7843],[-91.932,15.7762],[-91.9357,15.7629],[-91.9219,15.7515],[-91.7314,16.074],[-91.3818,16.0743],[-91.408,16.1074],[-91.4234,16.1175],[-91.4471,16.1085],[-91.4435,16.096],[-91.476,16.0959],[-91.481,16.1174],[-91.4939,16.118],[-91.5012,16.1371],[-91.5153,16.1407]]]},"properties":{"CVE_ENT":"07","CVE_MUN":"099","CVEGEO":"07099","NOMGEO":"La Trinitaria"}},
{"type":"Feature","geometry":{"type":"Polygon","coordinates":[[[-92.6248,16.4733],[-92.6251,16.4645],[-92.6089,16.4402],[-92.6485,16.4157],[-92.6521,16.4],[-92.6219,16.407],[-92.607,16.4222],[-92.5758,16.4361],[-92.5954,16.4739],[-92.6248,16.4733]]]},"properties":{"CVE_ENT":"07","CVE_MUN":"058","CVEGEO":"07058","NOMGEO":"Nicolás Ruíz"}},
{"type":"Feature","geometry":{"type":"Polygon","coordinates":[[[-93.1588,17.262],[-93.1785,17.2665],[-93.1925,17.2606],[-93.1804,17.2469],[-93.2094,17.2318],[-93.2226,17.2149],[-93.2255,17.1996],[-93.2193,17.1869],[-93.1929,17.1916],[-93.1575,17.1903],[-93.1447,17.1975],[-93.1271,17.1958],[-93.1235,17.2118],[-93.1364,17.2387],[-93.1588,17.262]]]},"properties":{"CVE_ENT":"07","CVE_MUN":"060","CVEGEO":"07060","NOMGEO":"Ocotepec"}},
{"type":"Feature","geometry":{"type":"Polygon","coordinates":[[[-92.2065,15.4599],[-92.2509,15.4684],[-92.2652,15.4583],[-92.2752,15.4669],[-92.3065,15.4627],[-92.3159,15.449],[-92.3413,15.4264],[-92.3138,15.4117],[-92.2863,15.41],[-92.2381,15.3896],[-92.2145,15.4025],[-92.2038,15.4552],[-92.2065,15.4599]]]},"properties":{"CVE_ENT":"07","CVE_MUN":"070","CVEGEO":"07070","NOMGEO":"El Porvenir"}},
{"type":"Feature","geometry":{"type":"Polygon","coordinates":[[[-93.0663,16.9418],[-93.093,16.9555],[-93.104,16.935],[-93.12,16.9411],[-93.1498,16.944],[-93.1349,16.9181],[-93.1345,16.9005],[-93.1234,16.8971],[-93.1074,16.8784],[-93.1089,16.8449],[-93.081,16.8409],[-93.0328,16.8494],[-93.0351,16.8635],[-93.054,16.8749],[-93.0619,16.8962],[-93.0595,16.9098],[-93.0378,16.9065],[-93.0249,16.8921],[-93.0472,16.9211],[-93.0454,16.9315],[-93.0663,16.9418]]]},"properties":{"CVE_ENT":"07","CVE_MUN":"063","CVEGEO":"07063","NOMGEO":"Osumacinta"}},
{"type":"Feature","geometry":{"type":"Polygon","coordinates":[[[-92.3413,15.4264],[-92.3873,15.4462],[-92.4029,15.4386],[-92.4254,15.4394],[-92.4308,15.4231],[-92.4338,15.3869],[-92.4633,15.3484],[-92.4594,15.3287],[-92.4623,15.3015],[-92.4557,15.29],[-92.4306,15.2863],[-92.4253,15.275],[-92.4504,15.2596],[-92.4551,15.2446],[-92.4517,15.228],[-92.4258,15.2259],[-92.4081,15.2349],[-92.3926,15.2202],[-92.3827,15.2204],[-92.3665,15.1994],[-92.3537,15.208],[-92.3339,15.2018],[-92.327,15.2355],[-92.3049,15.2337],[-92.2762,15.2189],[-92.2672,15.1948],[-92.2928,15.1976],[-92.2859,15.1661],[-92.2678,15.1838],[-92.2434,15.1891],[-92.2344,15.1989],[-92.2051,15.2123],[-92.184,15.2276],[-92.21,15.2612],[-92.2288,15.2752],[-92.2358,15.3062],[-92.2232,15.3144],[-92.2075,15.3123],[-92.1854,15.3293],[-92.1914,15.3428],[-92.2129,15.3497],[-92.2213,15.3917],[-92.2145,15.4025],[-92.2381,15.3896],[-92.2863,15.41],[-92.3138,15.4117],[-92.3413,15.4264]]]},"properties":{"CVE_ENT":"07","CVE_MUN":"057","CVEGEO":"07057","NOMGEO":"Motozintla"}},
{"type":"Feature","geometry":{"type":"Polygon","coordinates":[[[-93.081,16.8409],[-93.1089,16.8449],[-93.1372,16.8443],[-93.1402,16.8059],[-93.1639,16.8092],[-93.1796,16.7957],[-93.1916,16.8042],[-93.2086,16.8051],[-93.2205,16.7743],[-93.236,16.7651],[-93.2427,16.747],[-93.2379,16.7303],[-93.2443,16.6987],[-93.2309,16.6882],[-93.2336,16.6733],[-93.2211,16.6788],[-93.2009,16.6507],[-93.1797,16.6577],[-93.159,16.6452],[-93.15,16.6575],[-93.1268,16.6693],[-93.0947,16.6575],[-93.0776,16.6719],[-93.0654,16.6747],[-93.0455,16.6653],[-93.0339,16.6776],[-93.0379,16.7011],[-93.0474,16.7107],[-93.0353,16.7262],[-93.0582,16.7521],[-93.0375,16.7516],[-93.0697,16.7922],[-93.0643,16.8348],[-93.081,16.8409]]]},"properties":{"CVE_ENT":"07","CVE_MUN":"101","CVEGEO":"07101","NOMGEO":"Tuxtla Gutiérrez"}},
{"type":"Feature","geometry":{"type":"Polygon","coordinates":[[[-92.1485,14.9892],[-92.184,14.9766],[-92.1881,14.9931],[-92.2061,14.9928],[-92.2008,14.9736],[-92.2217,14.9496],[-92.234,14.9005],[-92.2485,14.8763],[-92.2514,14.8427],[-92.2598,14.8299],[-92.2536,14.7886],[-92.262,14.7783],[-92.2489,14.7775],[-92.2405,14.7587],[-92.2297,14.7988],[-92.2231,14.8078],[-92.2107,14.8413],[-92.2001,14.8524],[-92.1815,14.8474],[-92.1704,14.8609],[-92.1466,14.8702],[-92.1362,14.8932],[-92.1448,14.9109],[-92.143,14.9387],[-92.1483,14.9485],[-92.1448,14.9749],[-92.1485,14.9892]]]},"properties":{"CVE_ENT":"07","CVE_MUN":"102","CVEGEO":"07102","NOMGEO":"Tuxtla Chico"}},
{"type":"Feature","geometry":{"type":"Polygon","coordinates":[[[-92.3339,15.2018],[-92.3537,15.208],[-92.3665,15.1994],[-92.3827,15.2204],[-92.3926,15.2202],[-92.4081,15.2349],[-92.4258,15.2259],[-92.4517,15.228],[-92.4509,15.1963],[-92.4233,15.195],[-92.4181,15.1775],[-92.4449,15.1622],[-92.4713,15.1097],[-92.4873,15.0696],[-92.4715,15.0627],[-92.4429,15.0543],[-92.4385,15.047],[-92.4144,15.0764],[-92.382,15.0738],[-92.3661,15.0818],[-92.3681,15.1103],[-92.3701,15.1311],[-92.3577,15.1426],[-92.3807,15.1475],[-92.3507,15.163],[-92.3341,15.1893],[-92.3339,15.2018]]]},"properties":{"CVE_ENT":"07","CVE_MUN":"103","CVEGEO":"07103","NOMGEO":"Tuzantán"}},
{"type":"Feature","geometry":{"type":"Polygon","coordinates":[[[-92.2069,16.0144],[-92.245,16.0156],[-92.25,16.0656],[-92.2299,16.0675],[-92.2143,16.0836],[-92.2294,16.0986],[-92.1933,16.098],[-92.1824,16.114],[-92.1608,16.1311],[-92.1523,16.1434],[-92.1574,16.1604],[-92.139,16.1749],[-92.1619,16.2126],[-92.1752,16.1985],[-92.1892,16.2041],[-92.2036,16.2244],[-92.2267,16.2461],[-92.2883,16.2696],[-92.2885,16.2392],[-92.3072,16.2258],[-92.2782,16.2021],[-92.2866,16.1849],[-92.3162,16.1833],[-92.327,16.1735],[-92.3301,16.1479],[-92.3103,16.1479],[-92.2755,16.1265],[-92.2911,16.1103],[-92.3123,16.0988],[-92.3291,16.0807],[-92.3324,16.0621],[-92.3222,16.0531],[-92.3276,16.0332],[-92.3146,16.0185],[-92.2658,15.9841],[-92.2426,15.9738],[-92.237,15.9991],[-92.2241,15.9861],[-92.2263,15.9651],[-92.1892,15.9477],[-92.1772,15.9533],[-92.1818,15.97],[-92.2056,15.9924],[-92.2069,16.0144]]]},"properties":{"CVE_ENT":"07","CVE_MUN":"104","CVEGEO":"07104","NOMGEO":"Tzimol"}},
{"type":"Feature","geometry":{"type":"Polygon","coordinates":[[[-93.1848,17.0027],[-93.2027,17.0296],[-93.229,17.0287],[-93.289,17.0031],[-93.3062,17.0113],[-93.3079,16.9936],[-93.2884,16.9726],[-93.2895,16.9343],[-93.3028,16.9172],[-93.2936,16.8956],[-93.2752,16.8883],[-93.2648,16.8485],[-93.2699,16.8378],[-93.2267,16.818],[-93.2086,16.8051],[-93.1916,16.8042],[-93.1796,16.7957],[-93.1639,16.8092],[-93.1402,16.8059],[-93.1372,16.8443],[-93.1089,16.8449],[-93.1074,16.8784],[-93.1234,16.8971],[-93.1345,16.9005],[-93.1349,16.9181],[-93.1498,16.944],[-93.12,16.9411],[-93.104,16.935],[-93.1119,16.948],[-93.1279,16.9505],[-93.1766,16.9755],[-93.1648,16.9826],[-93.1848,17.0027]]]},"properties":{"CVE_ENT":"07","CVE_MUN":"079","CVEGEO":"07079","NOMGEO":"San Fernando"}},
{"type":"Feature","geometry":{"type":"Polygon","coordinates":[[[-92.5419,15.6012],[-92.563,15.6185],[-92.6252,15.6296],[-92.6436,15.621],[-92.6518,15.6074],[-92.663,15.609],[-92.6726,15.6065],[-92.6967,15.5177],[-92.6998,15.4981],[-92.692,15.4827],[-92.6624,15.4875],[-92.5575,15.4873],[-92.5332,15.4872],[-92.5109,15.482],[-92.53,15.4965],[-92.5392,15.5106],[-92.5341,15.5291],[-92.5509,15.5423],[-92.5518,15.5737],[-92.5419,15.6012]]]},"properties":{"CVE_ENT":"07","CVE_MUN":"120","CVEGEO":"07120","NOMGEO":"Capitán Luis Ángel Vidal"}},
{"type":"Feature","geometry":{"type":"Polygon","coordinates":[[[-92.8746,16.2584],[-92.9168,16.2525],[-92.9483,16.2555],[-92.9494,16.2333],[-92.9751,16.2411],[-93.0031,16.2705],[-93.0082,16.2562],[-93.0244,16.2585],[-93.044,16.2821],[-93.0595,16.2892],[-93.0753,16.2683],[-93.1021,16.2593],[-93.1233,16.2764],[-93.1653,16.2779],[-93.1987,16.2679],[-93.2081,16.2706],[-93.2188,16.2529],[-93.2258,16.2245],[-93.2504,16.2087],[-93.2582,16.2157],[-93.2841,16.2156],[-93.3063,16.2048],[-93.319,16.214],[-93.3313,16.1958],[-93.341,16.2025],[-93.3578,16.1954],[-93.3934,16.2097],[-93.4081,16.228],[-93.4208,16.2127],[-93.4136,16.2015],[-93.4045,16.1697],[-93.4144,16.1642],[-93.4639,16.1745],[-93.4942,16.1888],[-93.5023,16.1797],[-93.5361,16.1976],[-93.5405,16.1856],[-93.5846,16.1991],[-93.6138,16.2023],[-93.6076,16.1576],[-93.5966,16.1203],[-93.6006,16.11],[-93.572,16.0545],[-93.5914,16.0385],[-93.5655,15.9907],[-93.5517,15.9965],[-93.555,16.0111],[-93.5407,16.0198],[-93.5329,15.9998],[-93.4809,15.9889],[-93.4779,15.9667],[-93.4412,15.9727],[-93.4126,15.9532],[-93.3844,15.9119],[-93.3488,15.9065],[-93.3334,15.8953],[-93.3221,15.8645],[-93.3034,15.8417],[-93.2745,15.8446],[-93.2563,15.833],[-93.225,15.8579],[-93.206,15.8513],[-93.1804,15.8563],[-93.1404,15.8787],[-93.1296,15.8605],[-93.116,15.855],[-93.0785,15.8816],[-93.0923,15.8939],[-93.0942,15.9158],[-93.0778,15.9326],[-93.0738,15.9447],[-93.0523,15.9392],[-93.0353,15.9553],[-93.0156,15.9472],[-93.0088,15.9662],[-92.9888,15.9841],[-92.9823,16.0044],[-92.9854,16.0198],[-92.9631,16.0392],[-92.9642,16.053],[-92.9447,16.0737],[-92.924,16.1087],[-92.9179,16.1251],[-92.922,16.1374],[-92.8984,16.1646],[-92.8754,16.2165],[-92.8579,16.2256],[-92.8854,16.2468],[-92.872,16.2559],[-92.8746,16.2584]]]},"properties":{"CVE_ENT":"07","CVE_MUN":"107","CVEGEO":"07107","NOMGEO":"Villa Corzo"}},
{"type":"Feature","geometry":{"type":"Polygon","coordinates":[[[-93.2292,16.5562],[-93.2417,16.5668],[-93.2556,16.5674],[-93.253,16.5846],[-93.2721,16.5847],[-93.2974,16.575],[-93.2804,16.5243],[-93.2805,16.5115],[-93.2922,16.5027],[-93.3237,16.4936],[-93.3943,16.5008],[-93.4253,16.4959],[-93.4328,16.4889],[-93.4687,16.4742],[-93.473,16.4511],[-93.4892,16.4599],[-93.5109,16.4622],[-93.5127,16.4474],[-93.5403,16.4355],[-93.5758,16.4348],[-93.5557,16.4011],[-93.5728,16.3981],[-93.5964,16.4045],[-93.6096,16.3978],[-93.6159,16.3721],[-93.6366,16.3667],[-93.6492,16.3426],[-93.6496,16.3069],[-93.6739,16.3244],[-93.6884,16.2974],[-93.7078,16.3128],[-93.7196,16.3074],[-93.7475,16.3145],[-93.7407,16.298],[-93.7218,16.2886],[-93.7482,16.2508],[-93.771,16.2303],[-93.7416,16.2246],[-93.7067,16.2046],[-93.6533,16.2079],[-93.6138,16.2023],[-93.5846,16.1991],[-93.5405,16.1856],[-93.5361,16.1976],[-93.5023,16.1797],[-93.4942,16.1888],[-93.4639,16.1745],[-93.4144,16.1642],[-93.4045,16.1697],[-93.4136,16.2015],[-93.4208,16.2127],[-93.4081,16.228],[-93.3934,16.2097],[-93.3578,16.1954],[-93.341,16.2025],[-93.3313,16.1958],[-93.319,16.214],[-93.3063,16.2048],[-93.2841,16.2156],[-93.2582,16.2157],[-93.2504,16.2087],[-93.2258,16.2245],[-93.2188,16.2529],[-93.2081,16.2706],[-93.1987,16.2679],[-93.1653,16.2779],[-93.1233,16.2764],[-93.1021,16.2593],[-93.0753,16.2683],[-93.0595,16.2892],[-93.0788,16.2978],[-93.0843,16.3303],[-93.0925,16.3338],[-93.0786,16.3619],[-93.1027,16.3741],[-93.0928,16.3996],[-93.0917,16.4226],[-93.08,16.4372],[-93.0501,16.4627],[-93.061,16.4656],[-93.0584,16.4847],[-93.0799,16.4873],[-93.1054,16.4964],[-93.1688,16.5226],[-93.1712,16.5038],[-93.2217,16.5126],[-93.2348,16.5287],[-93.2176,16.55],[-93.2292,16.5562]]]},"properties":{"CVE_ENT":"07","CVE_MUN":"108","CVEGEO":"07108","NOMGEO":"Villaflores"}},
{"type":"Feature","geometry":{"type":"Polygon","coordinates":[[[-92.2035,17.2225],[-92.2135,17.2388],[-92.2318,17.2553],[-92.2604,17.2282],[-92.2851,17.2542],[-92.3009,17.2473],[-92.3227,17.2549],[-92.3284,17.2398],[-92.3234,17.2292],[-92.3515,17.2096],[-92.3633,17.2191],[-92.3778,17.2019],[-92.3921,17.2008],[-92.4432,17.1782],[-92.4403,17.1657],[-92.4346,17.1625],[-92.4454,17.1332],[-92.403,17.1061],[-92.3832,17.1002],[-92.3844,17.1166],[-92.4023,17.1324],[-92.3705,17.155],[-92.3602,17.1541],[-92.339,17.1329],[-92.3179,17.133],[-92.2875,17.1631],[-92.2745,17.1568],[-92.2583,17.1841],[-92.2475,17.1867],[-92.2168,17.163],[-92.2077,17.1712],[-92.2287,17.1958],[-92.2035,17.2225]]]},"properties":{"CVE_ENT":"07","CVE_MUN":"109","CVEGEO":"07109","NOMGEO":"Yajalón"}},
{"type":"Feature","geometry":{"type":"Polygon","coordinates":[[[-92.9009,16.906],[-92.94,16.908],[-92.9475,16.9289],[-92.9441,16.9428],[-92.9753,16.9597],[-93.0088,16.9701],[-93.0309,16.9693],[-93.0574,16.9814],[-93.0451,16.9607],[-93.0654,16.9496],[-93.0663,16.9418],[-93.0454,16.9315],[-93.0472,16.9211],[-93.0249,16.8921],[-92.9914,16.9103],[-92.9351,16.8754],[-92.9221,16.8696],[-92.8984,16.883],[-92.9074,16.896],[-92.9009,16.906]]]},"properties":{"CVE_ENT":"07","CVE_MUN":"085","CVEGEO":"07085","NOMGEO":"Soyaló"}},
{"type":"Feature","geometry":{"type":"Polygon","coordinates":[[[-93.2546,17.4237],[-93.2426,17.4425],[-93.224,17.4542],[-93.2122,17.4688],[-93.195,17.4797],[-93.2192,17.5061],[-93.2304,17.5082],[-93.2341,17.5332],[-93.2469,17.5435],[-93.2707,17.5378],[-93.2756,17.528],[-93.3146,17.5068],[-93.29,17.4955],[-93.2864,17.4641],[-93.2608,17.4524],[-93.2641,17.4257],[-93.2546,17.4237]]]},"properties":{"CVE_ENT":"07","CVE_MUN":"088","CVEGEO":"07088","NOMGEO":"Sunuapa"}},
{"type":"Feature","geometry":{"type":"Polygon","coordinates":[[[-92.4387,16.9286],[-92.465,16.9342],[-92.4916,16.9221],[-92.4986,16.9032],[-92.5164,16.8987],[-92.517,16.8884],[-92.5196,16.8769],[-92.5371,16.8518],[-92.5435,16.8374],[-92.541,16.8088],[-92.5453,16.7885],[-92.5367,16.7765],[-92.5362,16.7758],[-92.5247,16.7748],[-92.5166,16.7733],[-92.5114,16.7686],[-92.4722,16.7795],[-92.4611,16.777],[-92.4496,16.7612],[-92.4081,16.7699],[-92.378,16.7795],[-92.3676,16.8103],[-92.4457,16.8234],[-92.4565,16.8566],[-92.4456,16.8691],[-92.4325,16.8851],[-92.4436,16.8985],[-92.4387,16.9286]]]},"properties":{"CVE_ENT":"07","CVE_MUN":"093","CVEGEO":"07093","NOMGEO":"Tenejapa"}},
{"type":"Feature","geometry":{"type":"Polygon","coordinates":[[[-92.5766,16.4861],[-92.5754,16.5138],[-92.5844,16.5254],[-92.5777,16.5438],[-92.5971,16.5555],[-92.6032,16.5766],[-92.611,16.5813],[-92.6164,16.5785],[-92.6415,16.5692],[-92.6772,16.5778],[-92.6923,16.5629],[-92.6983,16.5464],[-92.6958,16.5243],[-92.7193,16.5212],[-92.7446,16.5317],[-92.7646,16.521],[-92.7388,16.4912],[-92.7509,16.4619],[-92.7331,16.4491],[-92.7233,16.4638],[-92.7231,16.483],[-92.7083,16.4848],[-92.6891,16.469],[-92.6868,16.4529],[-92.6714,16.4583],[-92.6298,16.4831],[-92.6248,16.4733],[-92.5954,16.4739],[-92.5946,16.4878],[-92.5766,16.4861]]]},"properties":{"CVE_ENT":"07","CVE_MUN":"098","CVEGEO":"07098","NOMGEO":"Totolapa"}},
{"type":"Feature","geometry":{"type":"Polygon","coordinates":[[[-92.0884,17.2773],[-92.1163,17.3054],[-92.1397,17.2826],[-92.1627,17.3037],[-92.1678,17.3317],[-92.2232,17.3591],[-92.2176,17.3684],[-92.2307,17.3813],[-92.2497,17.3622],[-92.2595,17.3652],[-92.312,17.3667],[-92.3389,17.3933],[-92.3739,17.3914],[-92.3959,17.3968],[-92.4026,17.381],[-92.3989,17.362],[-92.4019,17.3007],[-92.3763,17.2981],[-92.3791,17.2538],[-92.3633,17.2191],[-92.3515,17.2096],[-92.3234,17.2292],[-92.3284,17.2398],[-92.3227,17.2549],[-92.3009,17.2473],[-92.2851,17.2542],[-92.2604,17.2282],[-92.2318,17.2553],[-92.2135,17.2388],[-92.2035,17.2225],[-92.1913,17.2374],[-92.1551,17.2103],[-92.0884,17.2773]]]},"properties":{"CVE_ENT":"07","CVE_MUN":"100","CVEGEO":"07100","NOMGEO":"Tumbalá"}},
{"type":"Feature","geometry":{"type":"Polygon","coordinates":[[[-92.1308,15.0132],[-92.0994,15.0096],[-92.0857,15.0207],[-92.0619,15.074],[-92.1079,15.1319],[-92.1131,15.0855],[-92.1258,15.067],[-92.1365,15.0683],[-92.145,15.0514],[-92.1308,15.0132]]]},"properties":{"CVE_ENT":"07","CVE_MUN":"105","CVEGEO":"07105","NOMGEO":"Unión Juárez"}},
{"type":"Feature","geometry":{"type":"Polygon","coordinates":[[[-92.346,16.9887],[-92.3597,17.0029],[-92.3809,16.9999],[-92.408,17.01],[-92.4383,16.9852],[-92.4582,16.9626],[-92.4526,16.9446],[-92.4387,16.9286],[-92.4436,16.8985],[-92.4325,16.8851],[-92.4456,16.8691],[-92.4174,16.8568],[-92.387,16.8513],[-92.3627,16.8545],[-92.3387,16.8859],[-92.3521,16.9006],[-92.3345,16.9344],[-92.3212,16.9496],[-92.3503,16.9547],[-92.3414,16.9832],[-92.346,16.9887]]]},"properties":{"CVE_ENT":"07","CVE_MUN":"112","CVEGEO":"07112","NOMGEO":"San Juan Cancuc"}},
{"type":"Feature","geometry":{"type":"Polygon","coordinates":[[[-92.1555,14.7309],[-92.1695,14.7323],[-92.1809,14.7107],[-92.2023,14.7131],[-92.2229,14.6966],[-92.2485,14.6992],[-92.2558,14.7167],[-92.2681,14.7208],[-92.2948,14.6565],[-92.3196,14.6183],[-92.2268,14.5321],[-92.2161,14.5556],[-92.1825,14.5783],[-92.1778,14.6014],[-92.1806,14.6138],[-92.1676,14.6411],[-92.1468,14.6608],[-92.1431,14.6924],[-92.1478,14.7202],[-92.1555,14.7309]]]},"properties":{"CVE_ENT":"07","CVE_MUN":"087","CVEGEO":"07087","NOMGEO":"Suchiate"}},
{"type":"Feature","geometry":{"type":"Polygon","coordinates":[[[-92.6719,16.884],[-92.6606,16.9202],[-92.6849,16.9267],[-92.6966,16.9355],[-92.6999,16.9592],[-92.6939,16.9729],[-92.709,16.9805],[-92.7128,16.9732],[-92.7061,16.96],[-92.7047,16.936],[-92.7216,16.916],[-92.7149,16.9052],[-92.6915,16.8979],[-92.6719,16.884]]]},"properties":{"CVE_ENT":"07","CVE_MUN":"113","CVEGEO":"07113","NOMGEO":"Aldama"}},
{"type":"Feature","geometry":{"type":"Polygon","coordinates":[[[-91.1658,16.0743],[-91.1626,16.127],[-91.116,16.1725],[-91.1646,16.2204],[-91.1497,16.2625],[-91.1807,16.2667],[-91.1731,16.2989],[-91.172,16.3191],[-91.1521,16.303],[-91.1308,16.3391],[-91.1645,16.3529],[-91.1803,16.3273],[-91.1977,16.3206],[-91.2056,16.3301],[-91.2251,16.3357],[-91.2343,16.3281],[-91.2305,16.3067],[-91.2389,16.2958],[-91.2401,16.259],[-91.2749,16.2711],[-91.3021,16.2886],[-91.3024,16.3135],[-91.3119,16.3133],[-91.3573,16.2901],[-91.3706,16.247],[-91.39,16.2596],[-91.3794,16.2085],[-91.3684,16.2005],[-91.3407,16.2026],[-91.3503,16.1867],[-91.3404,16.1678],[-91.3556,16.1474],[-91.3399,16.1255],[-91.3048,16.1078],[-91.2967,16.0744],[-91.1658,16.0743]]]},"properties":{"CVE_ENT":"07","CVE_MUN":"115","CVEGEO":"07115","NOMGEO":"Maravilla Tenejapa"}},
{"type":"Feature","geometry":{"type":"Polygon","coordinates":[[[-92.6647,15.6125],[-92.6131,15.6448],[-92.5892,15.6573],[-92.5944,15.6712],[-92.5777,15.6888],[-92.5813,15.7529],[-92.6273,15.7357],[-92.6593,15.7305],[-92.6912,15.7102],[-92.7086,15.7104],[-92.7138,15.6851],[-92.7465,15.6703],[-92.7598,15.6692],[-92.7628,15.6314],[-92.7638,15.615],[-92.7385,15.6164],[-92.6999,15.6019],[-92.6647,15.6125]]]},"properties":{"CVE_ENT":"07","CVE_MUN":"117","CVEGEO":"07117","NOMGEO":"Montecristo de Guerrero"}},
{"type":"Feature","geometry":{"type":"Polygon","coordinates":[[[-92.781,17.1814],[-92.793,17.2013],[-92.8036,17.1935],[-92.8246,17.1624],[-92.8399,17.1462],[-92.8284,17.1226],[-92.8144,17.1231],[-92.8116,17.1285],[-92.8095,17.1281],[-92.8057,17.1274],[-92.8049,17.1222],[-92.7946,17.1212],[-92.7875,17.1201],[-92.781,17.1188],[-92.7764,17.1178],[-92.7577,17.1264],[-92.7887,17.1355],[-92.7827,17.1461],[-92.7916,17.1705],[-92.781,17.1814]]]},"properties":{"CVE_ENT":"07","CVE_MUN":"118","CVEGEO":"07118","NOMGEO":"San Andrés Duraznal"}},
{"type":"Feature","geometry":{"type":"Polygon","coordinates":[[[-92.9431,17.1623],[-92.9671,17.1681],[-92.9817,17.1603],[-92.9889,17.1462],[-92.9692,17.1303],[-92.9671,17.1293],[-92.9686,17.1214],[-92.9666,17.1211],[-92.9646,17.1209],[-92.9618,17.1199],[-92.9592,17.1248],[-92.9412,17.1158],[-92.9631,17.103],[-92.9652,17.0857],[-92.9883,17.079],[-92.9872,17.0557],[-92.9412,17.0426],[-92.9539,17.0585],[-92.9372,17.0958],[-92.9276,17.0917],[-92.9323,17.0551],[-92.9256,17.0444],[-92.9022,17.0333],[-92.8803,17.04],[-92.8642,17.0566],[-92.8559,17.0493],[-92.8623,17.0294],[-92.8528,17.0141],[-92.8348,17.0157],[-92.8296,17.0067],[-92.819,17.0151],[-92.8144,17.0185],[-92.8097,17.0221],[-92.819,17.0534],[-92.7847,17.0467],[-92.77,17.068],[-92.7623,17.0809],[-92.7638,17.089],[-92.7603,17.0922],[-92.7609,17.0952],[-92.7598,17.0959],[-92.7581,17.1047],[-92.7571,17.1062],[-92.7574,17.1101],[-92.7619,17.1151],[-92.7786,17.1182],[-92.7875,17.1201],[-92.7946,17.1212],[-92.8049,17.1222],[-92.8116,17.1285],[-92.8144,17.1231],[-92.8238,17.1269],[-92.8284,17.1226],[-92.8399,17.1462],[-92.8633,17.139],[-92.8955,17.1468],[-92.9098,17.1346],[-92.941,17.1468],[-92.9431,17.1623]]]},"properties":{"CVE_ENT":"07","CVE_MUN":"047","CVEGEO":"07047","NOMGEO":"Jitotol"}},
{"type":"Feature","geometry":{"type":"Polygon","coordinates":[[[-93.3829,17.2975],[-93.4048,17.304],[-93.4069,17.3121],[-93.4283,17.3269],[-93.4383,17.2963],[-93.462,17.288],[-93.4997,17.2926],[-93.5062,17.2758],[-93.479,17.2271],[-93.4637,17.2123],[-93.4684,17.2025],[-93.4919,17.1963],[-93.4791,17.1648],[-93.497,17.1491],[-93.5105,17.1237],[-93.4899,17.1006],[-93.4749,17.093],[-93.4537,17.0628],[-93.4237,17.0452],[-93.4308,17.0325],[-93.3987,17.0281],[-93.4157,17.0141],[-93.4045,16.993],[-93.386,16.9897],[-93.3728,16.9868],[-93.372,17.023],[-93.3729,17.0517],[-93.3788,17.0771],[-93.3214,17.0954],[-93.3098,17.124],[-93.2966,17.1319],[-93.2987,17.1533],[-93.2889,17.1584],[-93.2903,17.1788],[-93.2781,17.1919],[-93.3,17.2103],[-93.2861,17.2214],[-93.2773,17.2092],[-93.2462,17.2285],[-93.2622,17.2406],[-93.2713,17.2274],[-93.2963,17.2318],[-93.2821,17.263],[-93.3373,17.2696],[-93.3662,17.2653],[-93.379,17.2693],[-93.3829,17.2975]]]},"properties":{"CVE_ENT":"07","CVE_MUN":"092","CVEGEO":"07092","NOMGEO":"Tecpatán"}},
{"type":"Feature","geometry":{"type":"Polygon","coordinates":[[[-93.12,17.1524],[-93.1268,17.183],[-93.1433,17.1829],[-93.1575,17.1903],[-93.1929,17.1916],[-93.192,17.1774],[-93.2093,17.1361],[-93.18,17.118],[-93.1627,17.0993],[-93.1578,17.0847],[-93.1361,17.0526],[-93.1144,17.0548],[-93.1067,17.0453],[-93.0882,17.0486],[-93.0903,17.0578],[-93.0707,17.0688],[-93.0704,17.0811],[-93.0462,17.0912],[-93.0453,17.1171],[-93.0508,17.1364],[-93.0553,17.1494],[-93.0723,17.1449],[-93.0887,17.1295],[-93.1223,17.1345],[-93.12,17.1524]]]},"properties":{"CVE_ENT":"07","CVE_MUN":"018","CVEGEO":"07018","NOMGEO":"Coapilla"}},
{"type":"Feature","geometry":{"type":"Polygon","coordinates":[[[-91.2604,17.103],[-91.3018,17.067],[-91.3039,17.0868],[-91.2978,17.0983],[-91.2785,17.115],[-91.3022,17.1221],[-91.3049,17.1123],[-91.3233,17.1089],[-91.3213,17.1259],[-91.3538,17.1307],[-91.3609,17.0959],[-91.3748,17.1052],[-91.3859,17.0748],[-91.4035,17.0833],[-91.4063,17.1024],[-91.4404,17.1466],[-91.4601,17.1422],[-91.4786,17.1632],[-91.4995,17.1312],[-91.444,17.104],[-91.4555,17.0829],[-91.4949,17.106],[-91.4961,17.1145],[-91.5187,17.1157],[-91.5239,17.1257],[-91.5409,17.1115],[-91.5618,17.1332],[-91.5516,17.1658],[-91.5245,17.1914],[-91.5261,17.2109],[-91.5575,17.2132],[-91.5569,17.2224],[-91.6011,17.2248],[-91.6265,17.221],[-91.6324,17.2061],[-91.687,17.2384],[-91.7059,17.2155],[-91.7209,17.2112],[-91.7347,17.201],[-91.7256,17.1873],[-91.7266,17.1677],[-91.6893,17.1736],[-91.6854,17.1866],[-91.6494,17.2041],[-91.6479,17.1723],[-91.6802,17.1707],[-91.6823,17.1505],[-91.701,17.1359],[-91.717,17.1372],[-91.7389,17.1483],[-91.7514,17.1382],[-91.7532,17.1243],[-91.7005,17.1042],[-91.7052,17.0937],[-91.7466,17.105],[-91.7831,17.0432],[-91.8037,17.0379],[-91.8797,16.9969],[-91.9196,16.9994],[-91.9389,17.0053],[-91.9542,16.9876],[-92.0001,16.9824],[-92.0566,16.9801],[-92.0709,16.9876],[-92.0762,16.9742],[-92.1063,16.9738],[-92.1275,16.9618],[-92.1547,16.9707],[-92.1557,16.9805],[-92.174,16.991],[-92.2009,16.9959],[-92.2245,16.9474],[-92.2733,16.9433],[-92.2954,16.946],[-92.3095,16.9551],[-92.3212,16.9496],[-92.3345,16.9344],[-92.3521,16.9006],[-92.3154,16.9057],[-92.2971,16.9009],[-92.3034,16.8849],[-92.2763,16.8666],[-92.2514,16.8299],[-92.2373,16.8234],[-92.2348,16.8054],[-92.2427,16.7948],[-92.2003,16.7887],[-92.1862,16.796],[-92.1719,16.7861],[-92.1557,16.7849],[-92.1334,16.768],[-92.1322,16.748],[-92.0605,16.779],[-92.0598,16.7958],[-92.0504,16.8005],[-92.0537,16.821],[-92.0386,16.8258],[-92.039,16.8512],[-91.9994,16.8392],[-92.0119,16.821],[-92.0034,16.8105],[-91.9809,16.804],[-91.9784,16.8153],[-91.9593,16.8159],[-91.933,16.8101],[-91.9064,16.7975],[-91.9015,16.7808],[-91.9051,16.7614],[-91.8952,16.7508],[-91.833,16.7475],[-91.7993,16.7434],[-91.7679,16.7508],[-91.7791,16.7024],[-91.7486,16.681],[-91.7333,16.6759],[-91.7053,16.6519],[-91.685,16.648],[-91.6848,16.637],[-91.6514,16.6153],[-91.6229,16.6139],[-91.602,16.6198],[-91.6014,16.5969],[-91.5709,16.6056],[-91.5519,16.5729],[-91.6048,16.5534],[-91.6103,16.5401],[-91.5921,16.5393],[-91.5855,16.5314],[-91.5849,16.4968],[-91.578,16.4872],[-91.534,16.5123],[-91.5071,16.4967],[-91.4943,16.5031],[-91.4817,16.5255],[-91.4422,16.5021],[-91.4331,16.4881],[-91.4455,16.4624],[-91.4209,16.4432],[-91.4359,16.4235],[-91.4211,16.4038],[-91.4115,16.4091],[-91.3891,16.3873],[-91.3625,16.4032],[-91.3422,16.4027],[-91.3411,16.3898],[-91.3281,16.3725],[-91.3319,16.3415],[-91.3417,16.3325],[-91.3275,16.322],[-91.3024,16.3135],[-91.3021,16.2886],[-91.2749,16.2711],[-91.2401,16.259],[-91.2389,16.2958],[-91.2305,16.3067],[-91.2343,16.3281],[-91.2251,16.3357],[-91.2056,16.3301],[-91.1977,16.3206],[-91.1803,16.3273],[-91.1645,16.3529],[-91.1308,16.3391],[-91.1521,16.303],[-91.172,16.3191],[-91.1731,16.2989],[-91.1807,16.2667],[-91.1497,16.2625],[-91.1646,16.2204],[-91.116,16.1725],[-91.1626,16.127],[-91.1658,16.0743],[-90.9612,16.074],[-90.9501,16.0803],[-90.9582,16.1008],[-90.9275,16.1176],[-90.9183,16.134],[-90.905,16.1429],[-90.8829,16.1783],[-90.8901,16.1978],[-90.8773,16.1997],[-90.8686,16.2118],[-90.8459,16.2191],[-90.8457,16.2298],[-90.867,16.2338],[-90.8607,16.2527],[-90.8703,16.2729],[-90.873,16.3088],[-90.8612,16.3133],[-90.8568,16.3366],[-90.8299,16.3323],[-90.8066,16.3426],[-90.7923,16.3374],[-90.7627,16.3553],[-90.7537,16.3749],[-90.7731,16.3836],[-90.7564,16.3983],[-90.7726,16.4079],[-90.7739,16.4187],[-90.7578,16.4242],[-90.7309,16.4669],[-90.7142,16.4637],[-90.7125,16.4444],[-90.6961,16.4559],[-90.6996,16.4729],[-90.6953,16.495],[-90.677,16.4927],[-90.6944,16.5635],[-90.7039,16.5721],[-90.6926,16.5895],[-90.6554,16.5922],[-90.6621,16.6289],[-90.659,16.6419],[-90.6739,16.6576],[-90.6832,16.6897],[-90.7095,16.7048],[-90.7094,16.7219],[-90.7568,16.7511],[-90.766,16.7642],[-90.8032,16.7767],[-90.8029,16.798],[-90.8421,16.7958],[-90.885,16.8252],[-90.9201,16.8209],[-90.9339,16.8423],[-90.9324,16.8572],[-90.9721,16.871],[-90.9577,16.8786],[-90.9574,16.8968],[-90.979,16.9022],[-90.9865,16.8945],[-90.9817,16.8667],[-91.0091,16.8868],[-91.06,16.8998],[-91.0739,16.9118],[-91.0645,16.9251],[-91.0954,16.9546],[-91.1054,16.9709],[-91.122,16.9809],[-91.12,16.9976],[-91.127,17.006],[-91.1544,17.0049],[-91.1757,17.0161],[-91.2034,17.0449],[-91.2172,17.0656],[-91.2171,17.076],[-91.2327,17.0999],[-91.2604,17.103]]]},"properties":{"CVE_ENT":"07","CVE_MUN":"059","CVEGEO":"07059","NOMGEO":"Ocosingo"}},
{"type":"Feature","geometry":{"type":"Polygon","coordinates":[[[-93.5105,17.1237],[-93.5468,17.1091],[-93.5642,17.1179],[-93.61,17.1341],[-93.6592,17.1435],[-93.6657,17.1542],[-93.685,17.1442],[-93.6837,17.1261],[-93.697,17.0933],[-93.7139,17.0883],[-93.7293,17.0921],[-93.7361,17.0763],[-93.7531,17.0881],[-93.7607,17.1014],[-93.7741,17.0903],[-93.8127,17.1145],[-93.8399,17.1205],[-93.8618,17.1085],[-93.8661,17.062],[-93.8372,17.0531],[-93.8088,17.0273],[-93.7866,17.021],[-93.7444,16.9662],[-93.7429,16.9553],[-93.7047,16.9453],[-93.6955,16.9292],[-93.6767,16.9367],[-93.6618,16.9283],[-93.6466,16.911],[-93.6204,16.9034],[-93.5699,16.8616],[-93.5632,16.851],[-93.5449,16.8502],[-93.5294,16.8256],[-93.5283,16.8099],[-93.5375,16.8046],[-93.542,16.7786],[-93.5264,16.7635],[-93.5284,16.742],[-93.5448,16.7283],[-93.5433,16.7156],[-93.5574,16.7034],[-93.5638,16.6866],[-93.5304,16.6686],[-93.519,16.6337],[-93.4825,16.6052],[-93.4909,16.5895],[-93.4969,16.5397],[-93.518,16.5216],[-93.5206,16.4882],[-93.5259,16.4696],[-93.5109,16.4622],[-93.4892,16.4599],[-93.473,16.4511],[-93.4687,16.4742],[-93.4328,16.4889],[-93.4253,16.4959],[-93.3943,16.5008],[-93.3237,16.4936],[-93.2922,16.5027],[-93.2805,16.5115],[-93.2804,16.5243],[-93.2974,16.575],[-93.2721,16.5847],[-93.253,16.5846],[-93.2556,16.5674],[-93.2417,16.5668],[-93.2292,16.5562],[-93.2214,16.572],[-93.2001,16.5816],[-93.1868,16.6064],[-93.2202,16.6482],[-93.2359,16.6636],[-93.2336,16.6733],[-93.2309,16.6882],[-93.2443,16.6987],[-93.2379,16.7303],[-93.2427,16.747],[-93.2538,16.7309],[-93.27,16.7309],[-93.2751,16.7171],[-93.3183,16.7283],[-93.3099,16.7826],[-93.3263,16.7964],[-93.3631,16.7922],[-93.3738,16.7977],[-93.369,16.8136],[-93.3983,16.8622],[-93.4054,16.8627],[-93.3997,16.897],[-93.4307,16.892],[-93.4307,16.9019],[-93.3959,16.9033],[-93.3759,16.9138],[-93.3708,16.9328],[-93.3805,16.9641],[-93.3941,16.9673],[-93.3964,16.9812],[-93.386,16.9897],[-93.4045,16.993],[-93.4157,17.0141],[-93.3987,17.0281],[-93.4308,17.0325],[-93.4237,17.0452],[-93.4537,17.0628],[-93.4749,17.093],[-93.4899,17.1006],[-93.5105,17.1237]]]},"properties":{"CVE_ENT":"07","CVE_MUN":"061","CVEGEO":"07061","NOMGEO":"Ocozocoautla de Espinosa"}},
{"type":"Feature","geometry":{"type":"Polygon","coordinates":[[[-92.1322,16.748],[-92.1334,16.768],[-92.1557,16.7849],[-92.1719,16.7861],[-92.1862,16.796],[-92.2003,16.7887],[-92.2427,16.7948],[-92.2348,16.8054],[-92.2373,16.8234],[-92.2514,16.8299],[-92.2763,16.8666],[-92.3034,16.8849],[-92.2971,16.9009],[-92.3154,16.9057],[-92.3521,16.9006],[-92.3387,16.8859],[-92.3627,16.8545],[-92.387,16.8513],[-92.4174,16.8568],[-92.4456,16.8691],[-92.4565,16.8566],[-92.4457,16.8234],[-92.3676,16.8103],[-92.378,16.7795],[-92.4081,16.7699],[-92.3957,16.7483],[-92.3713,16.7521],[-92.336,16.7457],[-92.3072,16.716],[-92.2882,16.7084],[-92.2599,16.7034],[-92.2543,16.6884],[-92.2207,16.6893],[-92.2205,16.6971],[-92.1775,16.6961],[-92.1655,16.7003],[-92.1316,16.6938],[-92.0743,16.6994],[-92.0687,16.7048],[-92.1086,16.7259],[-92.1322,16.748]]]},"properties":{"CVE_ENT":"07","CVE_MUN":"064","CVEGEO":"07064","NOMGEO":"Oxchuc"}},
{"type":"Feature","geometry":{"type":"Polygon","coordinates":[[[-92.3832,17.1002],[-92.403,17.1061],[-92.4454,17.1332],[-92.4867,17.1325],[-92.5087,17.073],[-92.5307,17.0803],[-92.5326,17.093],[-92.5198,17.1056],[-92.5216,17.1316],[-92.536,17.1292],[-92.5472,17.1109],[-92.5641,17.1161],[-92.562,17.0984],[-92.5437,17.0725],[-92.5024,17.0509],[-92.5079,17.0037],[-92.4983,16.9963],[-92.4928,16.9749],[-92.4854,16.9709],[-92.4474,16.977],[-92.4383,16.9852],[-92.408,17.01],[-92.4159,17.0254],[-92.3998,17.0343],[-92.4097,17.0544],[-92.3915,17.0726],[-92.3832,17.1002]]]},"properties":{"CVE_ENT":"07","CVE_MUN":"066","CVEGEO":"07066","NOMGEO":"Pantelhó"}},
{"type":"Feature","geometry":{"type":"Polygon","coordinates":[[[-92.4773,15.262],[-92.5,15.2853],[-92.5283,15.2865],[-92.5257,15.303],[-92.5104,15.3071],[-92.5087,15.3213],[-92.5591,15.3264],[-92.5673,15.3407],[-92.5829,15.3357],[-92.5997,15.3092],[-92.5872,15.3008],[-92.5927,15.2505],[-92.6139,15.2418],[-92.6094,15.2327],[-92.6175,15.2148],[-92.6349,15.2234],[-92.6415,15.2151],[-92.6503,15.2005],[-92.6628,15.2026],[-92.6767,15.1766],[-92.6967,15.1656],[-92.7161,15.1446],[-92.7217,15.1279],[-92.7414,15.1514],[-92.7584,15.1331],[-92.7636,15.1115],[-92.7124,15.0237],[-92.706,15.0149],[-92.679,15.0217],[-92.6659,15.0202],[-92.6658,15.0449],[-92.6156,15.0527],[-92.6064,15.0865],[-92.614,15.0906],[-92.6059,15.1199],[-92.5837,15.1234],[-92.5485,15.1153],[-92.5272,15.1463],[-92.5428,15.1753],[-92.5214,15.1892],[-92.516,15.2247],[-92.4991,15.2479],[-92.4983,15.2614],[-92.4773,15.262]]]},"properties":{"CVE_ENT":"07","CVE_MUN":"071","CVEGEO":"07071","NOMGEO":"Villa Comaltitlán"}},
{"type":"Feature","geometry":{"type":"MultiPolygon","coordinates":[[[[-92.3443,16.57],[-92.3398,16.578],[-92.3618,16.6005],[-92.3753,16.587],[-92.3729,16.5701],[-92.3761,16.5707],[-92.3855,16.5523],[-92.3607,16.5445],[-92.3443,16.57]]],[[[-92.5814,16.7584],[-92.587,16.7726],[-92.598,16.7898],[-92.6291,16.7602],[-92.6463,16.7695],[-92.666,16.7661],[-92.67,16.7603],[-92.6784,16.7642],[-92.6805,16.7611],[-92.6903,16.7632],[-92.6939,16.7585],[-92.6926,16.756],[-92.6833,16.7537],[-92.6886,16.7446],[-92.7157,16.727],[-92.7169,16.7071],[-92.7081,16.699],[-92.7159,16.6761],[-92.7126,16.6603],[-92.7041,16.65],[-92.7109,16.6443],[-92.7119,16.6287],[-92.706,16.6249],[-92.6651,16.6242],[-92.6614,16.6091],[-92.642,16.6007],[-92.6471,16.5911],[-92.6164,16.5785],[-92.583,16.5962],[-92.6029,16.6056],[-92.595,16.6209],[-92.5829,16.6238],[-92.5967,16.6436],[-92.54,16.6168],[-92.5239,16.6382],[-92.497,16.6325],[-92.4633,16.6416],[-92.4499,16.6439],[-92.4427,16.6417],[-92.4184,16.6609],[-92.4469,16.6784],[-92.4704,16.6746],[-92.5153,16.6782],[-92.5165,16.6949],[-92.5117,16.7307],[-92.5168,16.7537],[-92.5166,16.7733],[-92.5247,16.7748],[-92.5362,16.7758],[-92.5336,16.7389],[-92.547,16.7362],[-92.5802,16.7495],[-92.5814,16.7584]]]]},"properties":{"CVE_ENT":"07","CVE_MUN":"078","CVEGEO":"07078","NOMGEO":"San Cristóbal de las Casas"}},
{"type":"Feature","geometry":{"type":"Polygon","coordinates":[[[-92.5109,15.482],[-92.5332,15.4872],[-92.5575,15.4873],[-92.5707,15.4796],[-92.5663,15.4543],[-92.6067,15.4548],[-92.6275,15.4258],[-92.6303,15.4043],[-92.6141,15.4044],[-92.6273,15.3763],[-92.6472,15.3776],[-92.6615,15.3482],[-92.6528,15.3324],[-92.6909,15.3191],[-92.6992,15.3264],[-92.7176,15.3205],[-92.7066,15.307],[-92.6812,15.3047],[-92.6719,15.2931],[-92.6269,15.2601],[-92.639,15.2366],[-92.6504,15.2248],[-92.6415,15.2151],[-92.6349,15.2234],[-92.6175,15.2148],[-92.6094,15.2327],[-92.6139,15.2418],[-92.5927,15.2505],[-92.5872,15.3008],[-92.5997,15.3092],[-92.5829,15.3357],[-92.5673,15.3407],[-92.5591,15.3264],[-92.5087,15.3213],[-92.5104,15.3071],[-92.5257,15.303],[-92.5283,15.2865],[-92.5,15.2853],[-92.4773,15.262],[-92.4851,15.2757],[-92.4727,15.2863],[-92.4557,15.29],[-92.4623,15.3015],[-92.4594,15.3287],[-92.4633,15.3484],[-92.4338,15.3869],[-92.4308,15.4231],[-92.4846,15.4388],[-92.487,15.4594],[-92.5038,15.4711],[-92.5109,15.482]]]},"properties":{"CVE_ENT":"07","CVE_MUN":"032","CVEGEO":"07032","NOMGEO":"Escuintla"}},
{"type":"Feature","geometry":{"type":"Polygon","coordinates":[[[-92.5038,15.4711],[-92.4737,15.4897],[-92.4562,15.4897],[-92.4607,15.5052],[-92.4181,15.5061],[-92.3932,15.5098],[-92.3853,15.5045],[-92.3657,15.5165],[-92.3686,15.5338],[-92.3829,15.546],[-92.4095,15.5986],[-92.4173,15.6373],[-92.4074,15.6435],[-92.4086,15.6579],[-92.3901,15.6609],[-92.3849,15.6721],[-92.4084,15.6735],[-92.4294,15.6586],[-92.4442,15.654],[-92.4537,15.6624],[-92.4814,15.6376],[-92.4946,15.6456],[-92.5419,15.6012],[-92.5518,15.5737],[-92.5509,15.5423],[-92.5341,15.5291],[-92.5392,15.5106],[-92.53,15.4965],[-92.5109,15.482],[-92.5038,15.4711]]]},"properties":{"CVE_ENT":"07","CVE_MUN":"125","CVEGEO":"07125","NOMGEO":"Honduras de la Sierra"}},
{"type":"Feature","geometry":{"type":"Polygon","coordinates":[[[-92.178,14.805],[-92.1938,14.7967],[-92.2187,14.7977],[-92.2231,14.8078],[-92.2297,14.7988],[-92.2405,14.7587],[-92.2489,14.7775],[-92.262,14.7783],[-92.2609,14.7474],[-92.2681,14.7208],[-92.2558,14.7167],[-92.2485,14.6992],[-92.2229,14.6966],[-92.2023,14.7131],[-92.1809,14.7107],[-92.1695,14.7323],[-92.1555,14.7309],[-92.1699,14.7437],[-92.1705,14.758],[-92.1607,14.7735],[-92.178,14.805]]]},"properties":{"CVE_ENT":"07","CVE_MUN":"035","CVEGEO":"07035","NOMGEO":"Frontera Hidalgo"}},
{"type":"Feature","geometry":{"type":"Polygon","coordinates":[[[-93.3146,17.5068],[-93.3223,17.5016],[-93.3719,17.5012],[-93.3662,17.5379],[-93.408,17.5763],[-93.4163,17.598],[-93.4222,17.589],[-93.444,17.5871],[-93.4512,17.5476],[-93.4816,17.552],[-93.4997,17.5193],[-93.5025,17.5004],[-93.514,17.4863],[-93.5072,17.4664],[-93.5154,17.4403],[-93.5541,17.3882],[-93.5392,17.3829],[-93.5175,17.3927],[-93.5011,17.3862],[-93.4954,17.3722],[-93.499,17.3338],[-93.4572,17.329],[-93.4591,17.3099],[-93.4383,17.2963],[-93.4283,17.3269],[-93.4069,17.3121],[-93.4048,17.304],[-93.3829,17.2975],[-93.3842,17.3188],[-93.3323,17.3332],[-93.3225,17.3508],[-93.2716,17.3526],[-93.2489,17.3661],[-93.2499,17.4067],[-93.2546,17.4237],[-93.2641,17.4257],[-93.2608,17.4524],[-93.2864,17.4641],[-93.29,17.4955],[-93.3146,17.5068]]]},"properties":{"CVE_ENT":"07","CVE_MUN":"062","CVEGEO":"07062","NOMGEO":"Ostuacán"}},
{"type":"Feature","geometry":{"type":"Polygon","coordinates":[[[-92.4303,14.9534],[-92.4157,14.9616],[-92.4051,14.9442],[-92.3716,14.9442],[-92.3631,14.9577],[-92.3467,14.9636],[-92.33,14.9606],[-92.3018,14.983],[-92.3015,14.991],[-92.32,15.0059],[-92.3153,15.0148],[-92.3325,15.0359],[-92.3488,15.0394],[-92.3382,15.0555],[-92.3275,15.0593],[-92.318,15.0774],[-92.3331,15.088],[-92.3329,15.1046],[-92.3681,15.1103],[-92.3661,15.0818],[-92.382,15.0738],[-92.4144,15.0764],[-92.4385,15.047],[-92.4429,15.0543],[-92.4715,15.0627],[-92.4775,15.0495],[-92.4961,15.0546],[-92.5398,15.0208],[-92.5599,15.0002],[-92.5567,14.9923],[-92.5635,14.9561],[-92.5393,14.9543],[-92.5292,14.9644],[-92.5123,14.9593],[-92.4947,14.966],[-92.4788,14.9514],[-92.4679,14.9323],[-92.4359,14.9595],[-92.4303,14.9534]]]},"properties":{"CVE_ENT":"07","CVE_MUN":"037","CVEGEO":"07037","NOMGEO":"Huehuetán"}},
{"type":"Feature","geometry":{"type":"Polygon","coordinates":[[[-93.0043,17.5552],[-93.0043,17.5761],[-93.015,17.5915],[-93.0405,17.6098],[-93.0452,17.6416],[-93.0418,17.6873],[-93.067,17.6717],[-93.0744,17.661],[-93.0902,17.6149],[-93.0798,17.6101],[-93.0756,17.5754],[-93.0943,17.5852],[-93.0994,17.5767],[-93.1237,17.5887],[-93.1495,17.5804],[-93.1591,17.5847],[-93.1786,17.5611],[-93.2112,17.5651],[-93.2245,17.5972],[-93.2341,17.5677],[-93.2553,17.5555],[-93.2613,17.5713],[-93.2815,17.5881],[-93.2874,17.6084],[-93.3072,17.5998],[-93.3225,17.6157],[-93.3173,17.6396],[-93.3287,17.6606],[-93.3484,17.6688],[-93.3605,17.6651],[-93.3563,17.648],[-93.3848,17.6444],[-93.385,17.6342],[-93.4096,17.6193],[-93.4163,17.598],[-93.408,17.5763],[-93.3662,17.5379],[-93.3719,17.5012],[-93.3223,17.5016],[-93.3146,17.5068],[-93.2756,17.528],[-93.2707,17.5378],[-93.2469,17.5435],[-93.2341,17.5332],[-93.2304,17.5082],[-93.2192,17.5061],[-93.195,17.4797],[-93.2122,17.4688],[-93.224,17.4542],[-93.2426,17.4425],[-93.2546,17.4237],[-93.2499,17.4067],[-93.2489,17.3661],[-93.242,17.3678],[-93.2158,17.3316],[-93.1956,17.3442],[-93.1792,17.3363],[-93.1718,17.3492],[-93.1753,17.3622],[-93.1996,17.3662],[-93.1998,17.3856],[-93.2102,17.3917],[-93.2048,17.4094],[-93.1881,17.3974],[-93.1697,17.3974],[-93.1693,17.4154],[-93.1396,17.4285],[-93.1208,17.4643],[-93.0956,17.4864],[-93.07,17.4958],[-93.0539,17.4932],[-93.0301,17.5008],[-93.0188,17.528],[-93.0047,17.5313],[-93.0043,17.5552]]]},"properties":{"CVE_ENT":"07","CVE_MUN":"068","CVEGEO":"07068","NOMGEO":"Pichucalco"}},
{"type":"Feature","geometry":{"type":"Polygon","coordinates":[[[-93.2185,17.956],[-93.2413,17.9505],[-93.2727,17.9813],[-93.2813,17.9815],[-93.283,17.9675],[-93.2982,17.9474],[-93.3017,17.9363],[-93.3408,17.9236],[-93.336,17.905],[-93.35,17.8826],[-93.3497,17.868],[-93.3366,17.8564],[-93.3362,17.8452],[-93.3493,17.8149],[-93.3776,17.7932],[-93.3431,17.7875],[-93.3334,17.8184],[-93.3143,17.8129],[-93.3202,17.796],[-93.3052,17.7818],[-93.2739,17.7721],[-93.2634,17.8063],[-93.2444,17.7866],[-93.1937,17.7714],[-93.1739,17.7842],[-93.1469,17.7775],[-93.1494,17.7626],[-93.1358,17.7522],[-93.1311,17.7906],[-93.1235,17.7966],[-93.1053,17.7918],[-93.1021,17.8132],[-93.1156,17.8222],[-93.1318,17.8523],[-93.1236,17.8745],[-93.0914,17.8871],[-93.0914,17.8976],[-93.105,17.9074],[-93.1224,17.9068],[-93.146,17.9199],[-93.1489,17.9345],[-93.1831,17.9403],[-93.1885,17.9536],[-93.2074,17.9606],[-93.2185,17.956]]]},"properties":{"CVE_ENT":"07","CVE_MUN":"074","CVEGEO":"07074","NOMGEO":"Reforma"}},
{"type":"Feature","geometry":{"type":"Polygon","coordinates":[[[-92.346,16.9887],[-92.3137,16.9954],[-92.3123,17.0047],[-92.2924,17.0102],[-92.2817,17.0204],[-92.2932,17.0413],[-92.2803,17.0604],[-92.29,17.0671],[-92.3135,17.0676],[-92.3288,17.0788],[-92.342,17.0754],[-92.3599,17.0889],[-92.3915,17.0726],[-92.4097,17.0544],[-92.3998,17.0343],[-92.4159,17.0254],[-92.408,17.01],[-92.3809,16.9999],[-92.3597,17.0029],[-92.346,16.9887]]]},"properties":{"CVE_ENT":"07","CVE_MUN":"082","CVEGEO":"07082","NOMGEO":"Sitalá"}},
{"type":"Feature","geometry":{"type":"Polygon","coordinates":[[[-92.3191,16.2815],[-92.3337,16.2772],[-92.3496,16.2812],[-92.3605,16.2956],[-92.3769,16.275],[-92.4014,16.2596],[-92.4129,16.2638],[-92.45,16.2125],[-92.4709,16.2111],[-92.4685,16.1786],[-92.4806,16.1728],[-92.4815,16.143],[-92.4819,16.1344],[-92.5047,16.1335],[-92.51,16.1253],[-92.5585,16.1107],[-92.5378,16.0759],[-92.5236,16.0644],[-92.4858,16.0498],[-92.4661,16.0349],[-92.4487,16.0354],[-92.4321,16.029],[-92.4118,16.0094],[-92.4051,16.0116],[-92.3448,15.9968],[-92.3284,15.9877],[-92.3239,15.9657],[-92.3414,15.9455],[-92.3217,15.9495],[-92.3082,15.9358],[-92.2853,15.9216],[-92.2687,15.9329],[-92.2011,15.9206],[-92.189,15.9217],[-92.1835,15.9013],[-92.1706,15.9338],[-92.1892,15.9477],[-92.2263,15.9651],[-92.2241,15.9861],[-92.237,15.9991],[-92.2426,15.9738],[-92.2658,15.9841],[-92.3146,16.0185],[-92.3276,16.0332],[-92.3222,16.0531],[-92.3324,16.0621],[-92.3291,16.0807],[-92.3123,16.0988],[-92.2911,16.1103],[-92.2755,16.1265],[-92.3103,16.1479],[-92.3301,16.1479],[-92.327,16.1735],[-92.3162,16.1833],[-92.2866,16.1849],[-92.2782,16.2021],[-92.3072,16.2258],[-92.3112,16.2459],[-92.301,16.2593],[-92.3191,16.2815]]]},"properties":{"CVE_ENT":"07","CVE_MUN":"083","CVEGEO":"07083","NOMGEO":"Socoltenango"}},
{"type":"Feature","geometry":{"type":"Polygon","coordinates":[[[-92.9296,17.3715],[-92.9424,17.3679],[-92.9554,17.3759],[-92.9485,17.3869],[-92.9538,17.4017],[-92.9708,17.4176],[-92.9963,17.4519],[-93.0189,17.4566],[-93.0286,17.4866],[-93.04,17.4791],[-93.0518,17.4654],[-93.0504,17.4361],[-93.055,17.4178],[-93.0718,17.4063],[-93.0686,17.3956],[-93.0473,17.3939],[-93.0585,17.3751],[-93.0438,17.3704],[-93.053,17.3347],[-93.0481,17.3307],[-93.0445,17.3356],[-93.0413,17.3333],[-93.0425,17.3301],[-93.0374,17.3292],[-93.0334,17.3267],[-93.0246,17.3308],[-93.0112,17.3205],[-92.9789,17.3053],[-92.9926,17.3477],[-92.9755,17.3473],[-92.9853,17.3293],[-92.9806,17.3223],[-92.9512,17.3194],[-92.9495,17.3412],[-92.9363,17.3484],[-92.9308,17.3645],[-92.9296,17.3715]]]},"properties":{"CVE_ENT":"07","CVE_MUN":"084","CVEGEO":"07084","NOMGEO":"Solosuchiapa"}},
{"type":"Feature","geometry":{"type":"Polygon","coordinates":[[[-92.1629,15.2012],[-92.184,15.2276],[-92.2051,15.2123],[-92.2344,15.1989],[-92.2434,15.1891],[-92.2678,15.1838],[-92.2859,15.1661],[-92.2928,15.1976],[-92.2672,15.1948],[-92.2762,15.2189],[-92.3049,15.2337],[-92.327,15.2355],[-92.3339,15.2018],[-92.3341,15.1893],[-92.3507,15.163],[-92.3807,15.1475],[-92.3577,15.1426],[-92.3701,15.1311],[-92.3681,15.1103],[-92.3329,15.1046],[-92.3331,15.088],[-92.318,15.0774],[-92.3275,15.0593],[-92.3382,15.0555],[-92.3488,15.0394],[-92.3325,15.0359],[-92.3153,15.0148],[-92.32,15.0059],[-92.3015,14.991],[-92.3018,14.983],[-92.33,14.9606],[-92.3467,14.9636],[-92.3631,14.9577],[-92.3716,14.9442],[-92.4051,14.9442],[-92.4157,14.9616],[-92.4303,14.9534],[-92.4162,14.9232],[-92.3881,14.9089],[-92.3891,14.8614],[-92.3979,14.8547],[-92.3986,14.8351],[-92.3878,14.8176],[-92.4169,14.8],[-92.4103,14.7924],[-92.435,14.7788],[-92.4391,14.7608],[-92.4664,14.7575],[-92.4329,14.7288],[-92.409,14.703],[-92.4115,14.6948],[-92.3737,14.6666],[-92.3196,14.6183],[-92.2948,14.6565],[-92.2681,14.7208],[-92.2609,14.7474],[-92.262,14.7783],[-92.2536,14.7886],[-92.2598,14.8299],[-92.2514,14.8427],[-92.2485,14.8763],[-92.234,14.9005],[-92.2217,14.9496],[-92.2008,14.9736],[-92.2061,14.9928],[-92.1881,14.9931],[-92.186,15.0277],[-92.224,15.0325],[-92.2269,15.041],[-92.2023,15.1104],[-92.2039,15.1293],[-92.1848,15.1439],[-92.1788,15.1837],[-92.1629,15.2012]]]},"properties":{"CVE_ENT":"07","CVE_MUN":"089","CVEGEO":"07089","NOMGEO":"Tapachula"}},
{"type":"Feature","geometry":{"type":"Polygon","coordinates":[[[-92.6152,15.8591],[-92.6212,15.8878],[-92.6362,15.8825],[-92.6606,15.9159],[-92.6689,15.9158],[-92.6964,15.8923],[-92.724,15.8854],[-92.7524,15.8569],[-92.7758,15.8579],[-92.7994,15.842],[-92.8091,15.8288],[-92.7842,15.8243],[-92.818,15.7918],[-92.8261,15.7631],[-92.8112,15.7393],[-92.8303,15.7147],[-92.8062,15.7146],[-92.8296,15.6668],[-92.8174,15.6588],[-92.7941,15.6544],[-92.7823,15.6417],[-92.7671,15.6436],[-92.7628,15.6314],[-92.7598,15.6692],[-92.7465,15.6703],[-92.7138,15.6851],[-92.7086,15.7104],[-92.6912,15.7102],[-92.6593,15.7305],[-92.6273,15.7357],[-92.5813,15.7529],[-92.5777,15.6888],[-92.5944,15.6712],[-92.5892,15.6573],[-92.6131,15.6448],[-92.6647,15.6125],[-92.663,15.609],[-92.6518,15.6074],[-92.6436,15.621],[-92.6252,15.6296],[-92.563,15.6185],[-92.5419,15.6012],[-92.4946,15.6456],[-92.5247,15.6672],[-92.5309,15.6794],[-92.4933,15.7064],[-92.5226,15.7073],[-92.5165,15.7387],[-92.5396,15.7447],[-92.5464,15.7574],[-92.5724,15.7644],[-92.5936,15.7619],[-92.6105,15.78],[-92.6113,15.804],[-92.6056,15.8314],[-92.6152,15.8591]]]},"properties":{"CVE_ENT":"07","CVE_MUN":"008","CVEGEO":"07008","NOMGEO":"Ángel Albino Corzo"}},
{"type":"Feature","geometry":{"type":"Polygon","coordinates":[[[-93.9465,16.3687],[-93.9855,16.3661],[-94.0139,16.3813],[-94.0066,16.3931],[-94.0342,16.4055],[-94.0542,16.4006],[-94.0587,16.4193],[-94.0707,16.4252],[-94.1025,16.4075],[-94.0507,16.3297],[-94.033,16.2759],[-94.0435,16.2557],[-94.0351,16.2483],[-94.0385,16.2302],[-94.0485,16.2162],[-94.0954,16.1855],[-94.1096,16.1791],[-94.1028,16.1425],[-94.1008,16.139],[-94.0734,16.118],[-94.0581,16.1199],[-94.0343,16.1068],[-94.0083,16.1085],[-93.9822,16.0937],[-93.96,16.0921],[-93.9191,16.096],[-93.9135,16.1255],[-93.9021,16.1365],[-93.8936,16.1717],[-93.858,16.1951],[-93.8384,16.2038],[-93.8328,16.1975],[-93.8043,16.2123],[-93.8017,16.1954],[-93.782,16.1942],[-93.7679,16.2085],[-93.771,16.2303],[-93.7482,16.2508],[-93.7218,16.2886],[-93.7407,16.298],[-93.7475,16.3145],[-93.7519,16.3271],[-93.7924,16.3446],[-93.8224,16.3458],[-93.8323,16.3268],[-93.8666,16.3443],[-93.8994,16.3484],[-93.9465,16.3687]]]},"properties":{"CVE_ENT":"07","CVE_MUN":"009","CVEGEO":"07009","NOMGEO":"Arriaga"}},
{"type":"Feature","geometry":{"type":"Polygon","coordinates":[[[-93.8399,17.1205],[-93.8674,17.137],[-93.9454,16.9438],[-94.0456,16.695],[-94.1335,16.476],[-94.1391,16.4618],[-94.1025,16.4075],[-94.0707,16.4252],[-94.0587,16.4193],[-94.0542,16.4006],[-94.0342,16.4055],[-94.0066,16.3931],[-94.0139,16.3813],[-93.9855,16.3661],[-93.9465,16.3687],[-93.9209,16.3774],[-93.9236,16.4065],[-93.9388,16.4185],[-93.931,16.4423],[-93.8942,16.4413],[-93.8706,16.4596],[-93.8738,16.4732],[-93.8602,16.4869],[-93.8459,16.4859],[-93.8336,16.4754],[-93.8076,16.4997],[-93.7581,16.504],[-93.7456,16.5296],[-93.7532,16.5474],[-93.7414,16.5695],[-93.7172,16.5677],[-93.7148,16.5955],[-93.701,16.6229],[-93.69,16.6602],[-93.687,16.691],[-93.6726,16.6961],[-93.6599,16.7396],[-93.6429,16.7508],[-93.6454,16.7931],[-93.6337,16.7978],[-93.5942,16.8009],[-93.5808,16.8232],[-93.5555,16.8465],[-93.5632,16.851],[-93.5699,16.8616],[-93.6204,16.9034],[-93.6466,16.911],[-93.6618,16.9283],[-93.6767,16.9367],[-93.6955,16.9292],[-93.7047,16.9453],[-93.7429,16.9553],[-93.7444,16.9662],[-93.7866,17.021],[-93.8088,17.0273],[-93.8372,17.0531],[-93.8661,17.062],[-93.8618,17.1085],[-93.8399,17.1205]]]},"properties":{"CVE_ENT":"07","CVE_MUN":"017","CVEGEO":"07017","NOMGEO":"Cintalapa de Figueroa"}},
{"type":"Feature","geometry":{"type":"Polygon","coordinates":[[[-90.7125,16.4444],[-90.7142,16.4637],[-90.7309,16.4669],[-90.7578,16.4242],[-90.7739,16.4187],[-90.7726,16.4079],[-90.7564,16.3983],[-90.7731,16.3836],[-90.7537,16.3749],[-90.7627,16.3553],[-90.7923,16.3374],[-90.8066,16.3426],[-90.8299,16.3323],[-90.8568,16.3366],[-90.8612,16.3133],[-90.873,16.3088],[-90.8703,16.2729],[-90.8607,16.2527],[-90.867,16.2338],[-90.8457,16.2298],[-90.8459,16.2191],[-90.8686,16.2118],[-90.8773,16.1997],[-90.8901,16.1978],[-90.8829,16.1783],[-90.905,16.1429],[-90.9183,16.134],[-90.9275,16.1176],[-90.9582,16.1008],[-90.9501,16.0803],[-90.9612,16.074],[-90.7915,16.0742],[-90.7869,16.1443],[-90.7714,16.1619],[-90.7144,16.1777],[-90.702,16.1724],[-90.7113,16.1212],[-90.6652,16.1207],[-90.6667,16.1542],[-90.6345,16.1417],[-90.6129,16.1416],[-90.6124,16.1206],[-90.5775,16.12],[-90.5914,16.1835],[-90.611,16.1834],[-90.625,16.1722],[-90.6234,16.2429],[-90.5567,16.2541],[-90.5657,16.2617],[-90.5589,16.3028],[-90.5842,16.3016],[-90.5954,16.3163],[-90.6093,16.3078],[-90.605,16.3474],[-90.6286,16.3507],[-90.6142,16.3638],[-90.6629,16.3711],[-90.6446,16.3909],[-90.6406,16.4418],[-90.7073,16.4327],[-90.7125,16.4444]]]},"properties":{"CVE_ENT":"07","CVE_MUN":"116","CVEGEO":"07116","NOMGEO":"Marqués de Comillas"}},
{"type":"Feature","geometry":{"type":"Polygon","coordinates":[[[-92.472,16.6387],[-92.497,16.6325],[-92.5239,16.6382],[-92.54,16.6168],[-92.5967,16.6436],[-92.5829,16.6238],[-92.595,16.6209],[-92.6029,16.6056],[-92.583,16.5962],[-92.611,16.5813],[-92.6032,16.5766],[-92.5971,16.5555],[-92.5777,16.5438],[-92.5844,16.5254],[-92.5754,16.5138],[-92.5766,16.4861],[-92.5421,16.4656],[-92.5366,16.4547],[-92.5047,16.4807],[-92.4778,16.4827],[-92.4589,16.4762],[-92.4596,16.4949],[-92.4492,16.5082],[-92.4483,16.5336],[-92.4556,16.5392],[-92.436,16.5869],[-92.4162,16.5804],[-92.3954,16.5768],[-92.3729,16.5701],[-92.3753,16.587],[-92.4101,16.6218],[-92.4242,16.6283],[-92.4384,16.6195],[-92.4741,16.6262],[-92.472,16.6387]]]},"properties":{"CVE_ENT":"07","CVE_MUN":"094","CVEGEO":"07094","NOMGEO":"Teopisca"}}
]}